mtllib gripper_mount_visuals_Mesh.mtl
v -0.01856253109872341 -0.011109475046396255 -0.007000000216066837
v -0.017983438447117805 -0.011000091210007668 -0.007000000216066837
v -0.01855235919356346 -0.011118981055915356 -0.007000000216066837
v -0.01903337799012661 -0.011445211246609688 -0.007000000216066837
v -0.01905478909611702 -0.011433500796556473 -0.007000000216066837
v -0.01856253109872341 -0.013890525326132774 -0.007000000216066837
v -0.01855235919356346 -0.0138810183852911 -0.007000000216066837
v -0.017983438447117805 -0.013999908231198788 -0.007000000216066837
v -0.01905478909611702 -0.013566499575972557 -0.007000000216066837
v -0.01903337799012661 -0.013554789125919342 -0.007000000216066837
v -0.01938422955572605 -0.011922151781618595 -0.007000000216066837
v -0.01935427635908127 -0.011929802596569061 -0.007000000216066837
v -0.019466878846287727 -0.012500000186264515 -0.007000000216066837
v -0.019500000402331352 -0.012500000186264515 -0.007000000216066837
v -0.01938422955572605 -0.01307784765958786 -0.007000000216066837
v -0.01935427635908127 -0.013070197775959969 -0.007000000216066837
v -0.01903337799012661 -0.013554789125919342 -0.007000000216066837
v -0.017983438447117805 -0.013999908231198788 -0.008999999612569809
v -0.01855235919356346 -0.0138810183852911 -0.007000000216066837
v -0.017983438447117805 -0.013999908231198788 -0.007000000216066837
v -0.01935427635908127 -0.013070197775959969 -0.007000000216066837
v -0.019466878846287727 -0.012500000186264515 -0.007000000216066837
v -0.019466878846287727 -0.012500000186264515 -0.012500000186264515
v -0.01935269683599472 -0.011925974860787392 -0.012500000186264515
v -0.01935427635908127 -0.011929802596569061 -0.007000000216066837
v -0.01903337799012661 -0.011445211246609688 -0.007000000216066837
v -0.01935269683599472 -0.013074025511741638 -0.012500000186264515
v -0.017983438447117805 -0.011000091210007668 -0.008999999612569809
v -0.01902753859758377 -0.011439340189099312 -0.012500000186264515
v -0.017966877669095993 -0.014000000432133675 -0.012500000186264515
v -0.01854090392589569 -0.013885819353163242 -0.012500000186264515
v -0.017966877669095993 -0.014000000432133675 -0.008999999612569809
v -0.01902753859758377 -0.013560660183429718 -0.012500000186264515
v -0.01854090392589569 -0.011114181019365788 -0.012500000186264515
v -0.01855235919356346 -0.011118981055915356 -0.007000000216066837
v -0.017406268045306206 -0.013891300186514854 -0.008999999612569809
v -0.017392853274941444 -0.011114181019365788 -0.012500000186264515
v -0.017966877669095993 -0.010999999940395355 -0.008999999612569809
v -0.017390940338373184 -0.011114975437521935 -0.008999999612569809
v -0.017966877669095993 -0.010999999940395355 -0.012500000186264515
v -0.017983438447117805 -0.011000091210007668 -0.007000000216066837
v -0.016581058502197266 -0.013074025511741638 -0.012500000186264515
v -0.0164669007062912 -0.012508280575275421 -0.008999999612569809
v -0.016585053876042366 -0.01308357436209917 -0.008999999612569809
v -0.016906218603253365 -0.013560660183429718 -0.012500000186264515
v -0.016915038228034973 -0.013569406233727932 -0.008999999612569809
v -0.016466878354549408 -0.012500000186264515 -0.012500000186264515
v -0.01657869480550289 -0.011931716464459896 -0.008999999612569809
v -0.017392853274941444 -0.013885819353163242 -0.012500000186264515
v -0.016903294250369072 -0.011442271061241627 -0.008999999612569809
v -0.016906218603253365 -0.011439340189099312 -0.012500000186264515
v -0.016581058502197266 -0.011925974860787392 -0.012500000186264515
v -0.01903337799012661 0.011445211246609688 -0.007000000216066837
v -0.017983438447117805 0.011000091210007668 -0.008999999612569809
v -0.01855235919356346 0.011118981055915356 -0.007000000216066837
v -0.017983438447117805 0.011000091210007668 -0.007000000216066837
v -0.01935269683599472 0.011925974860787392 -0.012500000186264515
v -0.01935427635908127 0.011929802596569061 -0.007000000216066837
v -0.019466878846287727 0.012500000186264515 -0.012500000186264515
v -0.019466878846287727 0.012500000186264515 -0.007000000216066837
v -0.01935427635908127 0.013070197775959969 -0.007000000216066837
v -0.01935269683599472 0.013074025511741638 -0.012500000186264515
v -0.01903337799012661 0.013554789125919342 -0.007000000216066837
v -0.017983438447117805 0.013999908231198788 -0.008999999612569809
v -0.01902753859758377 0.013560660183429718 -0.012500000186264515
v -0.017966877669095993 0.010999999940395355 -0.012500000186264515
v -0.01854090392589569 0.011114181019365788 -0.012500000186264515
v -0.017966877669095993 0.010999999940395355 -0.008999999612569809
v -0.01902753859758377 0.011439340189099312 -0.012500000186264515
v -0.01854090392589569 0.013885819353163242 -0.012500000186264515
v -0.01855235919356346 0.0138810183852911 -0.007000000216066837
v -0.017406268045306206 0.011108700186014175 -0.008999999612569809
v -0.017392853274941444 0.013885819353163242 -0.012500000186264515
v -0.017966877669095993 0.014000000432133675 -0.008999999612569809
v -0.017390940338373184 0.01388502586632967 -0.008999999612569809
v -0.017966877669095993 0.014000000432133675 -0.012500000186264515
v -0.017983438447117805 0.013999908231198788 -0.007000000216066837
v -0.016903294250369072 0.013557728379964828 -0.008999999612569809
v -0.01657869480550289 0.01306828297674656 -0.008999999612569809
v -0.016581058502197266 0.013074025511741638 -0.012500000186264515
v -0.0164669007062912 0.012491719797253609 -0.008999999612569809
v -0.016466878354549408 0.012500000186264515 -0.012500000186264515
v -0.016915038228034973 0.011430593207478523 -0.008999999612569809
v -0.017392853274941444 0.011114181019365788 -0.012500000186264515
v -0.016906218603253365 0.013560660183429718 -0.012500000186264515
v -0.016585053876042366 0.01191642601042986 -0.008999999612569809
v -0.016906218603253365 0.011439340189099312 -0.012500000186264515
v -0.016581058502197266 0.011925974860787392 -0.012500000186264515
v -0.023852067068219185 0.010515503585338593 -0.008999999612569809
v -0.02312096394598484 0.010254885070025921 -0.008999999612569809
v -0.02199677750468254 0.012479986064136028 -0.008999999612569809
v -0.022357473149895668 0.010394581593573093 -0.008999999612569809
v -0.021766018122434616 0.010897188447415829 -0.008999999612569809
v -0.02150495909154415 0.011628135107457638 -0.008999999612569809
v 0.0008574732346460223 0.010394581593573093 -0.008999999612569809
v 0.001620964496396482 0.010254885070025921 -0.008999999612569809
v 0.0004967751447111368 0.012479986064136028 -0.008999999612569809
v 0.0023520677350461483 0.010515503585338593 -0.008999999612569809
v 0.0002660175086930394 0.010897188447415829 -0.008999999612569809
v 4.958580120728584e-06 0.011628135107457638 -0.008999999612569809
v -0.02199677750468254 -0.012479986064136028 -0.008999999612569809
v -0.02150495909154415 -0.011628135107457638 -0.008999999612569809
v -0.021766018122434616 -0.010897188447415829 -0.008999999612569809
v -0.022357473149895668 -0.010394581593573093 -0.008999999612569809
v -0.02312096394598484 -0.010254885070025921 -0.008999999612569809
v -0.023852067068219185 -0.010515503585338593 -0.008999999612569809
v -0.004710768349468708 -0.012919104658067226 -0.00980162899941206
v -0.004952738061547279 -0.012239189818501472 -0.011500000022351742
v -0.004952738061547279 -0.012239189818501472 -0.0096082529053092
v -0.004468798171728849 -0.013599017634987831 -0.0096082529053092
v -0.004468798171728849 -0.013599017634987831 -0.011500000022351742
v -0.0030491817742586136 -0.013859828934073448 -0.011500000022351742
v -0.004468798171728849 -0.013599017634987831 -0.011500000022351742
v -0.0037589899729937315 -0.013729424215853214 -0.00980162899941206
v -0.004468798171728849 -0.013599017634987831 -0.0096082529053092
v -0.0030491817742586136 -0.013859828934073448 -0.0096082529053092
v -0.0025813435204327106 -0.013310319744050503 -0.00980162899941206
v -0.002113505033776164 -0.012760810554027557 -0.011500000022351742
v -0.0030491817742586136 -0.013859828934073448 -0.011500000022351742
v -0.002113505033776164 -0.012760810554027557 -0.0096082529053092
v -0.0030491817742586136 -0.013859828934073448 -0.0096082529053092
v -0.002355474978685379 -0.012080895714461803 -0.00980162899941206
v -0.002597444923594594 -0.01140098087489605 -0.011500000022351742
v -0.002113505033776164 -0.012760810554027557 -0.011500000022351742
v -0.002597444923594594 -0.01140098087489605 -0.0096082529053092
v -0.002113505033776164 -0.012760810554027557 -0.0096082529053092
v -0.003307253122329712 -0.011270576156675816 -0.00980162899941206
v -0.0040170615538954735 -0.011140170507133007 -0.0096082529053092
v -0.0040170615538954735 -0.011140170507133007 -0.011500000022351742
v -0.002597444923594594 -0.01140098087489605 -0.011500000022351742
v -0.002597444923594594 -0.01140098087489605 -0.0096082529053092
v -0.004952738061547279 -0.012239189818501472 -0.011500000022351742
v -0.0040170615538954735 -0.011140170507133007 -0.011500000022351742
v -0.004484899807721376 -0.011689680628478527 -0.00980162899941206
v -0.0040170615538954735 -0.011140170507133007 -0.0096082529053092
v -0.004952738061547279 -0.012239189818501472 -0.0096082529053092
v -0.004952738061547279 -0.012239189818501472 -0.011500000022351742
v -0.004468798171728849 -0.013599017634987831 -0.011500000022351742
v -0.0030491817742586136 -0.013859828934073448 -0.011500000022351742
v -0.0040170615538954735 -0.011140170507133007 -0.011500000022351742
v -0.002113505033776164 -0.012760810554027557 -0.011500000022351742
v -0.002597444923594594 -0.01140098087489605 -0.011500000022351742
v -0.0017903569387272 -0.014429448172450066 -0.009499999694526196
v -0.0011846490669995546 -0.013615651056170464 -0.009499999694526196
v -0.002493073930963874 -0.01365145668387413 -0.009499999694526196
v -0.0026613848749548197 -0.014949505217373371 -0.009499999694526196
v -0.003012886270880699 -0.01396181620657444 -0.009499999694526196
v -0.0021315994672477245 -0.013165798038244247 -0.009499999694526196
v -0.001983493799343705 -0.012578777968883514 -0.009499999694526196
v -0.0009364748257212341 -0.012632004916667938 -0.009499999694526196
v -0.002071305178105831 -0.011979764327406883 -0.009499999694526196
v -0.0036118996795266867 -0.01404962781816721 -0.009499999694526196
v -0.003665126860141754 -0.01509664673358202 -0.009499999694526196
v -0.004648772068321705 -0.01484847255051136 -0.009499999694526196
v -0.004198919981718063 -0.013901522383093834 -0.009499999694526196
v -0.004684578627347946 -0.013540048152208328 -0.009499999694526196
v -0.0054625701159238815 -0.014242764562368393 -0.009499999694526196
v -0.0059826266951859 -0.013371736742556095 -0.009499999694526196
v -0.004994938150048256 -0.013020235113799572 -0.009499999694526196
v -0.0010836166329681873 -0.011628263629972935 -0.009499999694526196
v -0.0016036732122302055 -0.010757234878838062 -0.009499999694526196
v -0.002381664700806141 -0.011459952220320702 -0.009499999694526196
v -0.0024174710270017385 -0.01015152782201767 -0.009499999694526196
v -0.0028673233464360237 -0.011098477989435196 -0.009499999694526196
v -0.003401116468012333 -0.00990335363894701 -0.009499999694526196
v -0.0034543434157967567 -0.01095037255436182 -0.009499999694526196
v -0.004053357057273388 -0.011038183234632015 -0.009499999694526196
v -0.004404858220368624 -0.010050495155155659 -0.009499999694526196
v -0.005082749295979738 -0.01242122147232294 -0.009499999694526196
v -0.0049346438609063625 -0.011834201402962208 -0.009499999694526196
v -0.006129768211394548 -0.012367994524538517 -0.009499999694526196
v -0.005881594028323889 -0.011384349316358566 -0.009499999694526196
v -0.0045731691643595695 -0.011348542757332325 -0.009499999694526196
v -0.005275886505842209 -0.01057055126875639 -0.009499999694526196
v -0.006279575172811747 -0.012360379099845886 -0.012350000441074371
v -0.006009458098560572 -0.011707688681781292 -0.012500000186264515
v -0.006128327921032906 -0.012657810002565384 -0.012500000186264515
v -0.006017082836478949 -0.011319984681904316 -0.012350000441074371
v -0.005554722156375647 -0.010865028947591782 -0.012500000186264515
v -0.005341720301657915 -0.014367877505719662 -0.012500000186264515
v -0.004542930517345667 -0.014895889908075333 -0.012500000186264515
v -0.004713136702775955 -0.01498396135866642 -0.012350000441074371
v -0.0061239441856741905 -0.013422029092907906 -0.012350000441074371
v -0.00589520949870348 -0.013586527667939663 -0.012500000186264515
v -0.00557388411834836 -0.014343309216201305 -0.012350000441074371
v -0.003607179969549179 -0.01509894523769617 -0.012500000186264515
v -0.0036727425176650286 -0.015246453694999218 -0.012350000441074371
v -0.0044551510363817215 -0.00990917719900608 -0.012350000441074371
v -0.004825796000659466 -0.01024411991238594 -0.012500000186264515
v -0.005376430694013834 -0.010459237731993198 -0.012350000441074371
v -0.004404858220368624 -0.010050495155155659 -0.012500000186264515
v -0.0026110922917723656 -0.015090822242200375 -0.012350000441074371
v -0.003921544179320335 -0.009929177351295948 -0.012500000186264515
v -0.0010491602588444948 -0.01368001475930214 -0.012350000441074371
v -0.001253418973647058 -0.013750182464718819 -0.012500000186264515
v -0.0009554731659591198 -0.01284018810838461 -0.012500000186264515
v -0.001689812750555575 -0.014540762640535831 -0.012350000441074371
v -0.0018605615478008986 -0.014490613713860512 -0.012500000186264515
v -0.0009422989678569138 -0.01157797034829855 -0.012350000441074371
v -0.0010071343276649714 -0.011884055100381374 -0.012500000186264515
v -0.0014013958862051368 -0.011011460795998573 -0.012500000186264515
v -0.002964610233902931 -0.009962916374206543 -0.012500000186264515
v -0.003393500577658415 -0.009753546677529812 -0.012350000441074371
v -0.0020847839768975973 -0.01034075953066349 -0.012500000186264515
v -0.0014923589769750834 -0.010656691156327724 -0.012350000441074371
v -0.0007866682717576623 -0.012639621272683144 -0.012350000441074371
v -0.002353106392547488 -0.01001603901386261 -0.012350000441074371
v -0.0026454797480255365 -0.014943785965442657 -0.012500000186264515
v -0.0026613848749548197 -0.014949505217373371 -0.012500000186264515
v -0.0036727425176650286 -0.015246453694999218 -0.009650000371038914
v -0.004713136702775955 -0.01498396135866642 -0.009650000371038914
v -0.004713136702775955 -0.01498396135866642 -0.012350000441074371
v -0.0026110922917723656 -0.015090822242200375 -0.009650000371038914
v -0.0026110922917723656 -0.015090822242200375 -0.012350000441074371
v -0.00557388411834836 -0.014343309216201305 -0.012350000441074371
v -0.00557388411834836 -0.014343309216201305 -0.009650000371038914
v -0.006279575172811747 -0.012360379099845886 -0.012350000441074371
v -0.0061239441856741905 -0.013422029092907906 -0.009650000371038914
v -0.006279575172811747 -0.012360379099845886 -0.009650000371038914
v -0.006017082836478949 -0.011319984681904316 -0.009650000371038914
v -0.005376430694013834 -0.010459237731993198 -0.009650000371038914
v -0.005376430694013834 -0.010459237731993198 -0.012350000441074371
v -0.0061239441856741905 -0.013422029092907906 -0.012350000441074371
v -0.0036727425176650286 -0.015246453694999218 -0.012350000441074371
v -0.006017082836478949 -0.011319984681904316 -0.012350000441074371
v -0.0044551510363817215 -0.00990917719900608 -0.012350000441074371
v -0.001689812750555575 -0.014540762640535831 -0.012350000441074371
v -0.0044551510363817215 -0.00990917719900608 -0.009650000371038914
v -0.003393500577658415 -0.009753546677529812 -0.009650000371038914
v -0.002353106392547488 -0.01001603901386261 -0.009650000371038914
v -0.0014923589769750834 -0.010656691156327724 -0.009650000371038914
v -0.002353106392547488 -0.01001603901386261 -0.012350000441074371
v -0.003393500577658415 -0.009753546677529812 -0.012350000441074371
v -0.0009422989678569138 -0.01157797034829855 -0.012350000441074371
v -0.0009422989678569138 -0.01157797034829855 -0.009650000371038914
v -0.0007866682717576623 -0.012639621272683144 -0.009650000371038914
v -0.0010491602588444948 -0.01368001475930214 -0.009650000371038914
v -0.0007866682717576623 -0.012639621272683144 -0.012350000441074371
v -0.001689812750555575 -0.014540762640535831 -0.009650000371038914
v -0.0010491602588444948 -0.01368001475930214 -0.012350000441074371
v -0.0014923589769750834 -0.010656691156327724 -0.012350000441074371
v -0.0054625701159238815 -0.014242764562368393 -0.009499999694526196
v -0.00557388411834836 -0.014343309216201305 -0.009650000371038914
v -0.004648772068321705 -0.01484847255051136 -0.009499999694526196
v -0.0036727425176650286 -0.015246453694999218 -0.009650000371038914
v -0.003665126860141754 -0.01509664673358202 -0.009499999694526196
v -0.0026613848749548197 -0.014949505217373371 -0.009499999694526196
v -0.0026110922917723656 -0.015090822242200375 -0.009650000371038914
v -0.0061239441856741905 -0.013422029092907906 -0.009650000371038914
v -0.0059826266951859 -0.013371736742556095 -0.009499999694526196
v -0.006129768211394548 -0.012367994524538517 -0.009499999694526196
v -0.005881594028323889 -0.011384349316358566 -0.009499999694526196
v -0.005275886505842209 -0.01057055126875639 -0.009499999694526196
v -0.005376430694013834 -0.010459237731993198 -0.009650000371038914
v -0.006279575172811747 -0.012360379099845886 -0.009650000371038914
v -0.004713136702775955 -0.01498396135866642 -0.009650000371038914
v -0.006017082836478949 -0.011319984681904316 -0.009650000371038914
v -0.0044551510363817215 -0.00990917719900608 -0.009650000371038914
v -0.0017903569387272 -0.014429448172450066 -0.009499999694526196
v -0.004404858220368624 -0.010050495155155659 -0.009499999694526196
v -0.003401116468012333 -0.00990335363894701 -0.009499999694526196
v -0.002353106392547488 -0.01001603901386261 -0.009650000371038914
v -0.0024174710270017385 -0.01015152782201767 -0.009499999694526196
v -0.0016036732122302055 -0.010757234878838062 -0.009499999694526196
v -0.003393500577658415 -0.009753546677529812 -0.009650000371038914
v -0.0010836166329681873 -0.011628263629972935 -0.009499999694526196
v -0.0009364748257212341 -0.012632004916667938 -0.009499999694526196
v -0.0007866682717576623 -0.012639621272683144 -0.009650000371038914
v -0.0009422989678569138 -0.01157797034829855 -0.009650000371038914
v -0.0011846490669995546 -0.013615651056170464 -0.009499999694526196
v -0.0010491602588444948 -0.01368001475930214 -0.009650000371038914
v -0.001689812750555575 -0.014540762640535831 -0.009650000371038914
v -0.0014923589769750834 -0.010656691156327724 -0.009650000371038914
v -0.0037589899729937315 -0.013729424215853214 -0.00980162899941206
v -0.004468798171728849 -0.013599017634987831 -0.0096082529053092
v -0.004198919981718063 -0.013901522383093834 -0.009499999694526196
v -0.004684578627347946 -0.013540048152208328 -0.009499999694526196
v -0.004710768349468708 -0.012919104658067226 -0.00980162899941206
v -0.0025813435204327106 -0.013310319744050503 -0.00980162899941206
v -0.0030491817742586136 -0.013859828934073448 -0.0096082529053092
v -0.002493073930963874 -0.01365145668387413 -0.009499999694526196
v -0.0036118996795266867 -0.01404962781816721 -0.009499999694526196
v -0.0021315994672477245 -0.013165798038244247 -0.009499999694526196
v -0.002113505033776164 -0.012760810554027557 -0.0096082529053092
v -0.003012886270880699 -0.01396181620657444 -0.009499999694526196
v -0.004994938150048256 -0.013020235113799572 -0.009499999694526196
v -0.001983493799343705 -0.012578777968883514 -0.009499999694526196
v -0.002355474978685379 -0.012080895714461803 -0.00980162899941206
v -0.005082749295979738 -0.01242122147232294 -0.009499999694526196
v -0.002381664700806141 -0.011459952220320702 -0.009499999694526196
v -0.002071305178105831 -0.011979764327406883 -0.009499999694526196
v -0.002597444923594594 -0.01140098087489605 -0.0096082529053092
v -0.003307253122329712 -0.011270576156675816 -0.00980162899941206
v -0.0034543434157967567 -0.01095037255436182 -0.009499999694526196
v -0.0040170615538954735 -0.011140170507133007 -0.0096082529053092
v -0.0045731691643595695 -0.011348542757332325 -0.009499999694526196
v -0.004484899807721376 -0.011689680628478527 -0.00980162899941206
v -0.0028673233464360237 -0.011098477989435196 -0.009499999694526196
v -0.0049346438609063625 -0.011834201402962208 -0.009499999694526196
v -0.004952738061547279 -0.012239189818501472 -0.0096082529053092
v -0.004053357057273388 -0.011038183234632015 -0.009499999694526196
v -0.00403604656457901 -0.011086824350059032 -0.028175240382552147
v -0.004107146989554167 -0.011114181019365788 -0.028999999165534973
v -0.0035331216640770435 -0.010999999940395355 -0.028999999165534973
v -0.004888009745627642 -0.01185635570436716 -0.028175240382552147
v -0.004918940830975771 -0.011925974860787392 -0.028999999165534973
v -0.004593781661242247 -0.011439340189099312 -0.028999999165534973
v -0.00453856261447072 -0.011386856436729431 -0.028175240382552147
v -0.004946297500282526 -0.013002924621105194 -0.028175240382552147
v -0.004918940830975771 -0.013074025511741638 -0.028999999165534973
v -0.005033121444284916 -0.012500000186264515 -0.028999999165534973
v -0.004176766145974398 -0.013854888267815113 -0.028175240382552147
v -0.004107146989554167 -0.013885819353163242 -0.028999999165534973
v -0.004593781661242247 -0.013560660183429718 -0.028999999165534973
v -0.00464626494795084 -0.013505441136658192 -0.028175240382552147
v -0.00503118708729744 -0.012423843145370483 -0.028175240382552147
v -0.0035331216640770435 -0.010999999940395355 -0.028175240382552147
v -0.0036092784721404314 -0.013998065143823624 -0.028175240382552147
v -0.0034569648560136557 -0.011001934297382832 -0.028175240382552147
v -0.0030301965307444334 -0.013913176022469997 -0.028175240382552147
v -0.002959096571430564 -0.013885819353163242 -0.028999999165534973
v -0.0035331216640770435 -0.014000000432133675 -0.028999999165534973
v -0.0021782335825264454 -0.013143644668161869 -0.028175240382552147
v -0.0021473022643476725 -0.013074025511741638 -0.028999999165534973
v -0.002472461434081197 -0.013560660183429718 -0.028999999165534973
v -0.002527680480852723 -0.013613143004477024 -0.028175240382552147
v -0.0021199455950409174 -0.011997074820101261 -0.028175240382552147
v -0.0021473022643476725 -0.011925974860787392 -0.028999999165534973
v -0.0020331216510385275 -0.012500000186264515 -0.028999999165534973
v -0.0028894769493490458 -0.011145112104713917 -0.028175240382552147
v -0.002959096571430564 -0.011114181019365788 -0.028999999165534973
v -0.002472461434081197 -0.011439340189099312 -0.028999999165534973
v -0.002419978380203247 -0.011494559235870838 -0.028175240382552147
v -0.0020350562408566475 -0.012576157227158546 -0.028175240382552147
v -0.0026613848749548197 -0.014949505217373371 -0.012500000186264515
v -0.003607179969549179 -0.01509894523769617 -0.012500000186264515
v -0.003989106975495815 -0.015597767196595669 -0.012500000186264515
v -0.0026454797480255365 -0.014943785965442657 -0.012500000186264515
v -0.0009554731659591198 -0.01284018810838461 -0.012500000186264515
v -0.0006223841337487102 -0.013653988018631935 -0.012500000186264515
v -3.532352275215089e-05 -0.012558364309370518 -0.012500000186264515
v -0.001253418973647058 -0.013750182464718819 -0.012500000186264515
v -0.0018605615478008986 -0.014490613713860512 -0.012500000186264515
v -0.004542930517345667 -0.014895889908075333 -0.012500000186264515
v -0.0052314759232103825 -0.015558363869786263 -0.012500000186264515
v -0.005384974181652069 -0.01613122783601284 -0.012500000186264515
v -0.005341720301657915 -0.014367877505719662 -0.012500000186264515
v -0.00589520949870348 -0.013586527667939663 -0.012500000186264515
v -0.006131197791546583 -0.014000000432133675 -0.012500000186264515
v -0.006507456302642822 -0.012891578488051891 -0.012500000186264515
v -0.006128327921032906 -0.012657810002565384 -0.012500000186264515
v -0.006430899258702993 -0.011723542585968971 -0.012500000186264515
v 0.0005375398905016482 -0.012711862102150917 -0.012500000186264515
v -0.0009350454201921821 -0.010999999940395355 -0.012500000186264515
v -0.0010071343276649714 -0.011884055100381374 -0.012500000186264515
v -0.0014013958862051368 -0.011011460795998573 -0.012500000186264515
v -0.0017068373272195458 -0.010119940154254436 -0.012500000186264515
v -0.0020847839768975973 -0.01034075953066349 -0.012500000186264515
v -0.002756664529442787 -0.009602222591638565 -0.012500000186264515
v -0.002964610233902931 -0.009962916374206543 -0.012500000186264515
v -0.003924700431525707 -0.009525665082037449 -0.012500000186264515
v -0.005554722156375647 -0.010865028947591782 -0.012500000186264515
v -0.005913181696087122 -0.010673715732991695 -0.012500000186264515
v -0.006009458098560572 -0.011707688681781292 -0.012500000186264515
v -0.005033121444284916 -0.009901924058794975 -0.012500000186264515
v -0.003921544179320335 -0.009929177351295948 -0.012500000186264515
v -0.004404858220368624 -0.010050495155155659 -0.012500000186264515
v -0.004825796000659466 -0.01024411991238594 -0.012500000186264515
v -0.004753855988383293 0.012768900021910667 -0.00980162899941206
v -0.004598606377840042 0.013473691418766975 -0.011500000022351742
v -0.004598606377840042 0.013473691418766975 -0.0096082529053092
v -0.004909105598926544 0.01206410862505436 -0.0096082529053092
v -0.004909105598926544 0.01206410862505436 -0.011500000022351742
v -0.0038436208851635456 0.011090418323874474 -0.011500000022351742
v -0.004909105598926544 0.01206410862505436 -0.011500000022351742
v -0.0043763634748756886 0.011577263474464417 -0.00980162899941206
v -0.004909105598926544 0.01206410862505436 -0.0096082529053092
v -0.0038436208851635456 0.011090418323874474 -0.0096082529053092
v -0.0031556289177387953 0.01130836270749569 -0.00980162899941206
v -0.0024676367174834013 0.01152630802243948 -0.011500000022351742
v -0.0038436208851635456 0.011090418323874474 -0.011500000022351742
v -0.0024676367174834013 0.01152630802243948 -0.0096082529053092
v -0.0038436208851635456 0.011090418323874474 -0.0096082529053092
v -0.0023123868741095066 0.012231099419295788 -0.00980162899941206
v -0.0021571374963968992 0.012935890816152096 -0.011500000022351742
v -0.0024676367174834013 0.01152630802243948 -0.011500000022351742
v -0.0021571374963968992 0.012935890816152096 -0.0096082529053092
v -0.0024676367174834013 0.01152630802243948 -0.0096082529053092
v -0.0026898798532783985 0.013422736898064613 -0.00980162899941206
v -0.0032226224429905415 0.013909582979977131 -0.0096082529053092
v -0.0032226224429905415 0.013909582979977131 -0.011500000022351742
v -0.0021571374963968992 0.012935890816152096 -0.011500000022351742
v -0.0021571374963968992 0.012935890816152096 -0.0096082529053092
v -0.004598606377840042 0.013473691418766975 -0.011500000022351742
v -0.0032226224429905415 0.013909582979977131 -0.011500000022351742
v -0.0039106146432459354 0.013691636733710766 -0.00980162899941206
v -0.0032226224429905415 0.013909582979977131 -0.0096082529053092
v -0.004598606377840042 0.013473691418766975 -0.0096082529053092
v -0.004598606377840042 0.013473691418766975 -0.011500000022351742
v -0.004909105598926544 0.01206410862505436 -0.011500000022351742
v -0.0038436208851635456 0.011090418323874474 -0.011500000022351742
v -0.0032226224429905415 0.013909582979977131 -0.011500000022351742
v -0.0024676367174834013 0.01152630802243948 -0.011500000022351742
v -0.0021571374963968992 0.012935890816152096 -0.011500000022351742
v -0.0021331808529794216 0.010309072211384773 -0.009499999694526196
v -0.0026976645458489656 0.011192496865987778 -0.009499999694526196
v -0.003078176872804761 0.009940112009644508 -0.009499999694526196
v -0.0022609003353863955 0.011611740104854107 -0.009499999694526196
v -0.0032616194803267717 0.010972308926284313 -0.009499999694526196
v -0.0040924339555203915 0.009960872121155262 -0.009499999694526196
v -0.0014013131149113178 0.011011580005288124 -0.009499999694526196
v -0.000993993948213756 0.011940687894821167 -0.009499999694526196
v -0.002017820253968239 0.012166213244199753 -0.009499999694526196
v -0.0009732338949106634 0.012954944744706154 -0.009499999694526196
v -0.00502154091373086 0.01036819163709879 -0.009499999694526196
v -0.004421381279826164 0.01122777909040451 -0.009499999694526196
v -0.003866908373311162 0.010984698310494423 -0.009499999694526196
v -0.005724049638956785 0.011100059375166893 -0.009499999694526196
v -0.0048406245186924934 0.01166454330086708 -0.009499999694526196
v -0.006093009375035763 0.012045055627822876 -0.009499999694526196
v -0.005060812458395958 0.012228498235344887 -0.009499999694526196
v -0.006072249263525009 0.013059312477707863 -0.009499999694526196
v -0.0022256188094615936 0.01333545707166195 -0.009499999694526196
v -0.0020054311025887728 0.012771502137184143 -0.009499999694526196
v -0.00134219357278198 0.013899940997362137 -0.009499999694526196
v -0.0026448622811585665 0.01377222128212452 -0.009499999694526196
v -0.002973809139803052 0.015039127320051193 -0.009499999694526196
v -0.0020447021815925837 0.01463180873543024 -0.009499999694526196
v -0.003199334954842925 0.014015301130712032 -0.009499999694526196
v -0.0038046236149966717 0.014027690514922142 -0.009499999694526196
v -0.005048423074185848 0.012833787128329277 -0.009499999694526196
v -0.004805343225598335 0.013388259336352348 -0.009499999694526196
v -0.005664930213242769 0.013988419435918331 -0.009499999694526196
v -0.0049330624751746655 0.014690928161144257 -0.009499999694526196
v -0.0039880662225186825 0.015059887431561947 -0.009499999694526196
v -0.004368578549474478 0.013807502575218678 -0.009499999694526196
v -0.004710369743406773 0.014818207360804081 -0.012500000186264515
v -0.005535447038710117 0.014158520847558975 -0.012500000186264515
v -0.005013828165829182 0.014817328192293644 -0.012350000441074371
v -0.005787919275462627 0.014074290171265602 -0.012350000441074371
v -0.006029981188476086 0.01322504598647356 -0.012500000186264515
v -0.0057689109817147255 0.011172880418598652 -0.012500000186264515
v -0.005056404042989016 0.010392962023615837 -0.012500000186264515
v -0.005850449204444885 0.01101929321885109 -0.012350000441074371
v -0.006112334318459034 0.012171880342066288 -0.012500000186264515
v -0.006218737456947565 0.01309158094227314 -0.012350000441074371
v -0.0040924339555203915 0.009960872121155262 -0.012500000186264515
v -0.005107411649078131 0.010245202109217644 -0.012350000441074371
v -0.006240695249289274 0.012018808163702488 -0.012350000441074371
v -0.004014313220977783 0.015207573771476746 -0.012350000441074371
v -0.003690951969474554 0.015095205046236515 -0.012500000186264515
v -0.002941541140899062 0.015185615979135036 -0.012350000441074371
v -0.002973809139803052 0.015039127320051193 -0.012500000186264515
v -0.004124701954424381 0.009814384393393993 -0.012350000441074371
v -0.0026454797480255365 0.014943785965442657 -0.012500000186264515
v -0.003051930107176304 0.009792426601052284 -0.012350000441074371
v -0.00323313451372087 0.009917364455759525 -0.012500000186264515
v -0.002406686544418335 0.010156680829823017 -0.012500000186264515
v -0.0012783241691067815 0.010925711132586002 -0.012350000441074371
v -0.0017035946948453784 0.010652614757418633 -0.012500000186264515
v -0.001200854661874473 0.01135085616260767 -0.012500000186264515
v -0.0020524151623249054 0.010182672180235386 -0.012350000441074371
v -0.0008255480788648129 0.012981191277503967 -0.012350000441074371
v -0.000953521637711674 0.012174940668046474 -0.012500000186264515
v -0.0009886808693408966 0.013034622184932232 -0.012500000186264515
v -0.0008475058129988611 0.01190841943025589 -0.012350000441074371
v -0.0013024823274463415 0.013835757970809937 -0.012500000186264515
v -0.0012157938908785582 0.013980706222355366 -0.012350000441074371
v -0.0018605615478008986 0.014490613713860512 -0.012500000186264515
v -0.0019588319119066 0.014754797331988811 -0.012350000441074371
v -0.004124701954424381 0.009814384393393993 -0.009650000371038914
v -0.005107411649078131 0.010245202109217644 -0.009650000371038914
v -0.004124701954424381 0.009814384393393993 -0.012350000441074371
v -0.005850449204444885 0.01101929321885109 -0.009650000371038914
v -0.006240695249289274 0.012018808163702488 -0.009650000371038914
v -0.006240695249289274 0.012018808163702488 -0.012350000441074371
v -0.005850449204444885 0.01101929321885109 -0.012350000441074371
v -0.005787919275462627 0.014074290171265602 -0.009650000371038914
v -0.005013828165829182 0.014817328192293644 -0.009650000371038914
v -0.005013828165829182 0.014817328192293644 -0.012350000441074371
v -0.006218737456947565 0.01309158094227314 -0.009650000371038914
v -0.005787919275462627 0.014074290171265602 -0.012350000441074371
v -0.004014313220977783 0.015207573771476746 -0.009650000371038914
v -0.004014313220977783 0.015207573771476746 -0.012350000441074371
v -0.006218737456947565 0.01309158094227314 -0.012350000441074371
v -0.005107411649078131 0.010245202109217644 -0.012350000441074371
v -0.002941541140899062 0.015185615979135036 -0.009650000371038914
v -0.003051930107176304 0.009792426601052284 -0.009650000371038914
v -0.0019588319119066 0.014754797331988811 -0.012350000441074371
v -0.0019588319119066 0.014754797331988811 -0.009650000371038914
v -0.0012157938908785582 0.013980706222355366 -0.009650000371038914
v -0.0008255480788648129 0.012981191277503967 -0.009650000371038914
v -0.0012157938908785582 0.013980706222355366 -0.012350000441074371
v -0.0012783241691067815 0.010925711132586002 -0.012350000441074371
v -0.0008475058129988611 0.01190841943025589 -0.009650000371038914
v -0.0012783241691067815 0.010925711132586002 -0.009650000371038914
v -0.0020524151623249054 0.010182672180235386 -0.009650000371038914
v -0.003051930107176304 0.009792426601052284 -0.012350000441074371
v -0.0008255480788648129 0.012981191277503967 -0.012350000441074371
v -0.002941541140899062 0.015185615979135036 -0.012350000441074371
v -0.0008475058129988611 0.01190841943025589 -0.012350000441074371
v -0.0020524151623249054 0.010182672180235386 -0.012350000441074371
v -0.0040924339555203915 0.009960872121155262 -0.009499999694526196
v -0.00502154091373086 0.01036819163709879 -0.009499999694526196
v -0.005107411649078131 0.010245202109217644 -0.009650000371038914
v -0.005724049638956785 0.011100059375166893 -0.009499999694526196
v -0.005850449204444885 0.01101929321885109 -0.009650000371038914
v -0.006093009375035763 0.012045055627822876 -0.009499999694526196
v -0.006240695249289274 0.012018808163702488 -0.009650000371038914
v -0.005664930213242769 0.013988419435918331 -0.009499999694526196
v -0.0049330624751746655 0.014690928161144257 -0.009499999694526196
v -0.005013828165829182 0.014817328192293644 -0.009650000371038914
v -0.0039880662225186825 0.015059887431561947 -0.009499999694526196
v -0.004014313220977783 0.015207573771476746 -0.009650000371038914
v -0.006072249263525009 0.013059312477707863 -0.009499999694526196
v -0.005787919275462627 0.014074290171265602 -0.009650000371038914
v -0.004124701954424381 0.009814384393393993 -0.009650000371038914
v -0.006218737456947565 0.01309158094227314 -0.009650000371038914
v -0.002941541140899062 0.015185615979135036 -0.009650000371038914
v -0.003051930107176304 0.009792426601052284 -0.009650000371038914
v -0.0020447021815925837 0.01463180873543024 -0.009499999694526196
v -0.00134219357278198 0.013899940997362137 -0.009499999694526196
v -0.0019588319119066 0.014754797331988811 -0.009650000371038914
v -0.0009732338949106634 0.012954944744706154 -0.009499999694526196
v -0.0012157938908785582 0.013980706222355366 -0.009650000371038914
v -0.002973809139803052 0.015039127320051193 -0.009499999694526196
v -0.000993993948213756 0.011940687894821167 -0.009499999694526196
v -0.0014013131149113178 0.011011580005288124 -0.009499999694526196
v -0.0008475058129988611 0.01190841943025589 -0.009650000371038914
v -0.0008255480788648129 0.012981191277503967 -0.009650000371038914
v -0.0021331808529794216 0.010309072211384773 -0.009499999694526196
v -0.0012783241691067815 0.010925711132586002 -0.009650000371038914
v -0.003078176872804761 0.009940112009644508 -0.009499999694526196
v -0.0020524151623249054 0.010182672180235386 -0.009650000371038914
v -0.0043763634748756886 0.011577263474464417 -0.00980162899941206
v -0.004909105598926544 0.01206410862505436 -0.0096082529053092
v -0.0048406245186924934 0.01166454330086708 -0.009499999694526196
v -0.005060812458395958 0.012228498235344887 -0.009499999694526196
v -0.004753855988383293 0.012768900021910667 -0.00980162899941206
v -0.0032616194803267717 0.010972308926284313 -0.009499999694526196
v -0.0038436208851635456 0.011090418323874474 -0.0096082529053092
v -0.003866908373311162 0.010984698310494423 -0.009499999694526196
v -0.0024676367174834013 0.01152630802243948 -0.0096082529053092
v -0.0031556289177387953 0.01130836270749569 -0.00980162899941206
v -0.0026976645458489656 0.011192496865987778 -0.009499999694526196
v -0.004421381279826164 0.01122777909040451 -0.009499999694526196
v -0.005048423074185848 0.012833787128329277 -0.009499999694526196
v -0.0022609003353863955 0.011611740104854107 -0.009499999694526196
v -0.0023123868741095066 0.012231099419295788 -0.00980162899941206
v -0.004805343225598335 0.013388259336352348 -0.009499999694526196
v -0.0026898798532783985 0.013422736898064613 -0.00980162899941206
v -0.0021571374963968992 0.012935890816152096 -0.0096082529053092
v -0.0022256188094615936 0.01333545707166195 -0.009499999694526196
v -0.0020054311025887728 0.012771502137184143 -0.009499999694526196
v -0.0038046236149966717 0.014027690514922142 -0.009499999694526196
v -0.0032226224429905415 0.013909582979977131 -0.0096082529053092
v -0.003199334954842925 0.014015301130712032 -0.009499999694526196
v -0.004598606377840042 0.013473691418766975 -0.0096082529053092
v -0.0039106146432459354 0.013691636733710766 -0.00980162899941206
v -0.004368578549474478 0.013807502575218678 -0.009499999694526196
v -0.0026448622811585665 0.01377222128212452 -0.009499999694526196
v -0.002017820253968239 0.012166213244199753 -0.009499999694526196
v -0.0037955897860229015 0.013976857997477055 -0.028175240382552147
v -0.004107146989554167 0.013885819353163242 -0.028999999165534973
v -0.0035331216640770435 0.014000000432133675 -0.028999999165534973
v -0.004763011354953051 0.013358703814446926 -0.028175240382552147
v -0.004918940830975771 0.013074025511741638 -0.028999999165534973
v -0.004593781661242247 0.013560660183429718 -0.028999999165534973
v -0.004340779967606068 0.01376399677246809 -0.028175240382552147
v -0.0050099799409508705 0.012237532064318657 -0.028175240382552147
v -0.004918940830975771 0.011925974860787392 -0.028999999165534973
v -0.005033121444284916 0.012500000186264515 -0.028999999165534973
v -0.004391825292259455 0.011270110495388508 -0.028175240382552147
v -0.004107146989554167 0.011114181019365788 -0.028999999165534973
v -0.004593781661242247 0.011439340189099312 -0.028999999165534973
v -0.004797118715941906 0.011692341417074203 -0.028175240382552147
v -0.0049980031326413155 0.012822680175304413 -0.028175240382552147
v -0.0035331216640770435 0.014000000432133675 -0.028175240382552147
v -0.003855801885947585 0.011035118252038956 -0.028175240382552147
v -0.003210441442206502 0.0139648811891675 -0.028175240382552147
v -0.0032706535421311855 0.0110231414437294 -0.028175240382552147
v -0.002959096571430564 0.011114181019365788 -0.028999999165534973
v -0.0035331216640770435 0.010999999940395355 -0.028999999165534973
v -0.00230323220603168 0.011641296558082104 -0.028175240382552147
v -0.0021473022643476725 0.011925974860787392 -0.028999999165534973
v -0.002472461434081197 0.011439340189099312 -0.028999999165534973
v -0.002725463593378663 0.011236002668738365 -0.028175240382552147
v -0.0020562633872032166 0.012762468308210373 -0.028175240382552147
v -0.0021473022643476725 0.013074025511741638 -0.028999999165534973
v -0.0020331216510385275 0.012500000186264515 -0.028999999165534973
v -0.0026744180358946323 0.013729889877140522 -0.028175240382552147
v -0.002959096571430564 0.013885819353163242 -0.028999999165534973
v -0.002472461434081197 0.013560660183429718 -0.028999999165534973
v -0.002269124612212181 0.013307658024132252 -0.028175240382552147
v -0.0020682401955127716 0.012177319265902042 -0.028175240382552147
v -0.0017068373272195458 0.010119940154254436 -0.012500000186264515
v -0.002406686544418335 0.010156680829823017 -0.012500000186264515
v -0.002756664529442787 0.009602222591638565 -0.012500000186264515
v -0.0017035946948453784 0.010652614757418633 -0.012500000186264515
v -0.00323313451372087 0.009917364455759525 -0.012500000186264515
v -0.003924700431525707 0.009525665082037449 -0.012500000186264515
v -0.0009350454201921821 0.010999999940395355 -0.012500000186264515
v -0.000953521637711674 0.012174940668046474 -0.012500000186264515
v -0.001200854661874473 0.01135085616260767 -0.012500000186264515
v -3.532352275215089e-05 0.012558364309370518 -0.012500000186264515
v -0.0040924339555203915 0.009960872121155262 -0.012500000186264515
v -0.005033121444284916 0.009901924058794975 -0.012500000186264515
v -0.005056404042989016 0.010392962023615837 -0.012500000186264515
v -0.005913181696087122 0.010673715732991695 -0.012500000186264515
v -0.0057689109817147255 0.011172880418598652 -0.012500000186264515
v -0.006430899258702993 0.011723542585968971 -0.012500000186264515
v -0.006112334318459034 0.012171880342066288 -0.012500000186264515
v -0.006507456302642822 0.012891578488051891 -0.012500000186264515
v 0.0005375398905016482 0.012711862102150917 -0.012500000186264515
v -0.0006223841337487102 0.013653988018631935 -0.012500000186264515
v -0.0009886808693408966 0.013034622184932232 -0.012500000186264515
v -0.0013024823274463415 0.013835757970809937 -0.012500000186264515
v -0.0018605615478008986 0.014490613713860512 -0.012500000186264515
v -0.002973809139803052 0.015039127320051193 -0.012500000186264515
v -0.0026454797480255365 0.014943785965442657 -0.012500000186264515
v -0.003989106975495815 0.015597767196595669 -0.012500000186264515
v -0.006029981188476086 0.01322504598647356 -0.012500000186264515
v -0.005535447038710117 0.014158520847558975 -0.012500000186264515
v -0.006131197791546583 0.014000000432133675 -0.012500000186264515
v -0.0052314759232103825 0.015558363869786263 -0.012500000186264515
v -0.003690951969474554 0.015095205046236515 -0.012500000186264515
v -0.004710369743406773 0.014818207360804081 -0.012500000186264515
v -0.005384974181652069 0.01613122783601284 -0.012500000186264515
v -0.026427991688251495 -0.00011991517385467887 -0.00980162899941206
v -0.02649722434580326 0.0005984441377222538 -0.011500000022351742
v -0.02649722434580326 0.0005984441377222538 -0.0096082529053092
v -0.02635875903069973 -0.0008382744854316115 -0.0096082529053092
v -0.02635875903069973 -0.0008382744854316115 -0.011500000022351742
v -0.02504529058933258 -0.0014367186231538653 -0.011500000022351742
v -0.02635875903069973 -0.0008382744854316115 -0.011500000022351742
v -0.02570202387869358 -0.0011374965542927384 -0.00980162899941206
v -0.02635875903069973 -0.0008382744854316115 -0.0096082529053092
v -0.02504529058933258 -0.0014367186231538653 -0.0096082529053092
v -0.024457789957523346 -0.0010175814386457205 -0.00980162899941206
v -0.02387028932571411 -0.0005984441377222538 -0.011500000022351742
v -0.02504529058933258 -0.0014367186231538653 -0.011500000022351742
v -0.02387028932571411 -0.0005984441377222538 -0.0096082529053092
v -0.02504529058933258 -0.0014367186231538653 -0.0096082529053092
v -0.023939521983265877 0.00011991517385467887 -0.00980162899941206
v -0.024008754640817642 0.0008382744854316115 -0.011500000022351742
v -0.02387028932571411 -0.0005984441377222538 -0.011500000022351742
v -0.024008754640817642 0.0008382744854316115 -0.0096082529053092
v -0.02387028932571411 -0.0005984441377222538 -0.0096082529053092
v -0.02466548979282379 0.0011374965542927384 -0.00980162899941206
v -0.02532222308218479 0.0014367186231538653 -0.0096082529053092
v -0.02532222308218479 0.0014367186231538653 -0.011500000022351742
v -0.024008754640817642 0.0008382744854316115 -0.011500000022351742
v -0.024008754640817642 0.0008382744854316115 -0.0096082529053092
v -0.02649722434580326 0.0005984441377222538 -0.011500000022351742
v -0.02532222308218479 0.0014367186231538653 -0.011500000022351742
v -0.025909723713994026 0.0010175814386457205 -0.00980162899941206
v -0.02532222308218479 0.0014367186231538653 -0.0096082529053092
v -0.02649722434580326 0.0005984441377222538 -0.0096082529053092
v -0.02504529058933258 -0.0014367186231538653 -0.011500000022351742
v -0.02649722434580326 0.0005984441377222538 -0.011500000022351742
v -0.02635875903069973 -0.0008382744854316115 -0.011500000022351742
v -0.02532222308218479 0.0014367186231538653 -0.011500000022351742
v -0.02387028932571411 -0.0005984441377222538 -0.011500000022351742
v -0.024008754640817642 0.0008382744854316115 -0.011500000022351742
v -0.02445519156754017 -0.0013699437258765101 -0.009499999694526196
v -0.02396293170750141 -0.002295557875186205 -0.009499999694526196
v -0.023986395448446274 -0.0009868533816188574 -0.009499999694526196
v -0.025034906342625618 -0.0015444725286215544 -0.009499999694526196
v -0.023177389055490494 -0.001653629238717258 -0.009499999694526196
v -0.024934332817792892 -0.0025880085304379463 -0.009499999694526196
v -0.022697297856211662 -0.0007599506643600762 -0.009499999694526196
v -0.02259574830532074 0.0002494235523045063 -0.009499999694526196
v -0.023699887096881866 -0.0004535235930234194 -0.009499999694526196
v -0.025637280195951462 -0.0014838693896308541 -0.009499999694526196
v -0.025943707674741745 -0.002486458281055093 -0.009499999694526196
v -0.026837386190891266 -0.0020063675474375486 -0.009499999694526196
v -0.026170609518885612 -0.0011973605724051595 -0.009499999694526196
v -0.026553699746727943 -0.0007285645115189254 -0.009499999694526196
v -0.02747931517660618 -0.0012208252446725965 -0.009499999694526196
v -0.027771765366196632 -0.0002494235523045063 -0.009499999694526196
v -0.026728229597210884 -0.00014885107520967722 -0.009499999694526196
v -0.023639284074306488 0.00014885107520967722 -0.009499999694526196
v -0.02381381392478943 0.0007285645115189254 -0.009499999694526196
v -0.022888198494911194 0.0012208252446725965 -0.009499999694526196
v -0.023530127480626106 0.0020063675474375486 -0.009499999694526196
v -0.02419690415263176 0.0011973605724051595 -0.009499999694526196
v -0.024423805996775627 0.002486458281055093 -0.009499999694526196
v -0.02473023347556591 0.0014838693896308541 -0.009499999694526196
v -0.025332607328891754 0.0015444725286215544 -0.009499999694526196
v -0.02543318085372448 0.0025880085304379463 -0.009499999694526196
v -0.02767021581530571 0.0007599506643600762 -0.009499999694526196
v -0.026667626574635506 0.0004535235930234194 -0.009499999694526196
v -0.02719012461602688 0.001653629238717258 -0.009499999694526196
v -0.0263811182230711 0.0009868533816188574 -0.009499999694526196
v -0.025912322103977203 0.0013699437258765101 -0.009499999694526196
v -0.02640458196401596 0.002295557875186205 -0.009499999694526196
v -0.02591557800769806 0.002494882559403777 -0.012500000186264515
v -0.026571212336421013 0.0021988560911267996 -0.012500000186264515
v -0.02647501416504383 0.002427993807941675 -0.012350000441074371
v -0.02712063491344452 0.0017345035448670387 -0.012500000186264515
v -0.027305876836180687 0.0017490308964625 -0.012350000441074371
v -0.02543318085372448 0.0025880085304379463 -0.012500000186264515
v -0.02544756978750229 0.002737316768616438 -0.012350000441074371
v -0.027402881532907486 -0.0013548018177971244 -0.012500000186264515
v -0.02675674855709076 -0.002070192014798522 -0.012500000186264515
v -0.026932787150144577 -0.00212211930193007 -0.012350000441074371
v -0.027521787211298943 0.0011373719898983836 -0.012500000186264515
v -0.02589438483119011 -0.002501001348719001 -0.012500000186264515
v -0.025987550616264343 -0.002629907801747322 -0.012350000441074371
v -0.02761175110936165 -0.0012912575621157885 -0.012350000441074371
v -0.027743957936763763 -0.00045317274634726346 -0.012500000186264515
v -0.027813663706183434 0.0008037939551286399 -0.012350000441074371
v -0.027743957936763763 0.00045317274634726346 -0.012500000186264515
v -0.027921073138713837 -0.0002638133883010596 -0.012350000441074371
v -0.024919943884015083 -0.002737316768616438 -0.012350000441074371
v -0.024934332817792892 -0.0025880085304379463 -0.012500000186264515
v -0.025203920900821686 0.002599921775981784 -0.012500000186264515
v -0.023061636835336685 -0.0017490308964625 -0.012350000441074371
v -0.023607749491930008 -0.002067897468805313 -0.012500000186264515
v -0.023101428523659706 -0.0015568904345855117 -0.012500000186264515
v -0.02389249950647354 -0.002427993807941675 -0.012350000441074371
v -0.024234715849161148 -0.0024206035304814577 -0.012500000186264515
v -0.02263088896870613 0.0004928265698254108 -0.012500000186264515
v -0.02286364883184433 0.0011734976433217525 -0.012500000186264515
v -0.022755762562155724 0.0012912575621157885 -0.012350000441074371
v -0.023434726521372795 0.00212211930193007 -0.012350000441074371
v -0.02327401377260685 0.0017643355531618 -0.012500000186264515
v -0.02383057214319706 0.002220110734924674 -0.012500000186264515
v -0.02437996305525303 0.002629907801747322 -0.012350000441074371
v -0.0244907196611166 0.0025059329345822334 -0.012500000186264515
v -0.02275451272726059 -0.0009267010609619319 -0.012500000186264515
v -0.02255384810268879 -0.0008037939551286399 -0.012350000441074371
v -0.022593559697270393 -0.00022557115880772471 -0.012500000186264515
v -0.022446440532803535 0.0002638133883010596 -0.012350000441074371
v -0.025987550616264343 -0.002629907801747322 -0.009650000371038914
v -0.026932787150144577 -0.00212211930193007 -0.009650000371038914
v -0.026932787150144577 -0.00212211930193007 -0.012350000441074371
v -0.024919943884015083 -0.002737316768616438 -0.009650000371038914
v -0.024919943884015083 -0.002737316768616438 -0.012350000441074371
v -0.02761175110936165 -0.0012912575621157885 -0.012350000441074371
v -0.02761175110936165 -0.0012912575621157885 -0.009650000371038914
v -0.027813663706183434 0.0008037939551286399 -0.012350000441074371
v -0.027921073138713837 -0.0002638133883010596 -0.009650000371038914
v -0.027813663706183434 0.0008037939551286399 -0.009650000371038914
v -0.027305876836180687 0.0017490308964625 -0.009650000371038914
v -0.02647501416504383 0.002427993807941675 -0.009650000371038914
v -0.02647501416504383 0.002427993807941675 -0.012350000441074371
v -0.027921073138713837 -0.0002638133883010596 -0.012350000441074371
v -0.025987550616264343 -0.002629907801747322 -0.012350000441074371
v -0.027305876836180687 0.0017490308964625 -0.012350000441074371
v -0.02544756978750229 0.002737316768616438 -0.009650000371038914
v -0.02389249950647354 -0.002427993807941675 -0.009650000371038914
v -0.02437996305525303 0.002629907801747322 -0.012350000441074371
v -0.02437996305525303 0.002629907801747322 -0.009650000371038914
v -0.022755762562155724 0.0012912575621157885 -0.012350000441074371
v -0.023434726521372795 0.00212211930193007 -0.009650000371038914
v -0.022755762562155724 0.0012912575621157885 -0.009650000371038914
v -0.022446440532803535 0.0002638133883010596 -0.012350000441074371
v -0.022446440532803535 0.0002638133883010596 -0.009650000371038914
v -0.02255384810268879 -0.0008037939551286399 -0.009650000371038914
v -0.023061636835336685 -0.0017490308964625 -0.009650000371038914
v -0.02255384810268879 -0.0008037939551286399 -0.012350000441074371
v -0.023061636835336685 -0.0017490308964625 -0.012350000441074371
v -0.02544756978750229 0.002737316768616438 -0.012350000441074371
v -0.023434726521372795 0.00212211930193007 -0.012350000441074371
v -0.02389249950647354 -0.002427993807941675 -0.012350000441074371
v -0.024934332817792892 -0.0025880085304379463 -0.009499999694526196
v -0.025943707674741745 -0.002486458281055093 -0.009499999694526196
v -0.025987550616264343 -0.002629907801747322 -0.009650000371038914
v -0.02747931517660618 -0.0012208252446725965 -0.009499999694526196
v -0.026932787150144577 -0.00212211930193007 -0.009650000371038914
v -0.026837386190891266 -0.0020063675474375486 -0.009499999694526196
v -0.02767021581530571 0.0007599506643600762 -0.009499999694526196
v -0.02719012461602688 0.001653629238717258 -0.009499999694526196
v -0.027813663706183434 0.0008037939551286399 -0.009650000371038914
v -0.02640458196401596 0.002295557875186205 -0.009499999694526196
v -0.027305876836180687 0.0017490308964625 -0.009650000371038914
v -0.027771765366196632 -0.0002494235523045063 -0.009499999694526196
v -0.02761175110936165 -0.0012912575621157885 -0.009650000371038914
v -0.027921073138713837 -0.0002638133883010596 -0.009650000371038914
v -0.024919943884015083 -0.002737316768616438 -0.009650000371038914
v -0.02647501416504383 0.002427993807941675 -0.009650000371038914
v -0.02543318085372448 0.0025880085304379463 -0.009499999694526196
v -0.02396293170750141 -0.002295557875186205 -0.009499999694526196
v -0.02437996305525303 0.002629907801747322 -0.009650000371038914
v -0.024423805996775627 0.002486458281055093 -0.009499999694526196
v -0.023530127480626106 0.0020063675474375486 -0.009499999694526196
v -0.023434726521372795 0.00212211930193007 -0.009650000371038914
v -0.022888198494911194 0.0012208252446725965 -0.009499999694526196
v -0.022755762562155724 0.0012912575621157885 -0.009650000371038914
v -0.022697297856211662 -0.0007599506643600762 -0.009499999694526196
v -0.023177389055490494 -0.001653629238717258 -0.009499999694526196
v -0.023061636835336685 -0.0017490308964625 -0.009650000371038914
v -0.02259574830532074 0.0002494235523045063 -0.009499999694526196
v -0.022446440532803535 0.0002638133883010596 -0.009650000371038914
v -0.02389249950647354 -0.002427993807941675 -0.009650000371038914
v -0.02255384810268879 -0.0008037939551286399 -0.009650000371038914
v -0.02544756978750229 0.002737316768616438 -0.009650000371038914
v -0.02570202387869358 -0.0011374965542927384 -0.00980162899941206
v -0.02635875903069973 -0.0008382744854316115 -0.0096082529053092
v -0.026170609518885612 -0.0011973605724051595 -0.009499999694526196
v -0.026553699746727943 -0.0007285645115189254 -0.009499999694526196
v -0.026427991688251495 -0.00011991517385467887 -0.00980162899941206
v -0.024457789957523346 -0.0010175814386457205 -0.00980162899941206
v -0.02504529058933258 -0.0014367186231538653 -0.0096082529053092
v -0.02445519156754017 -0.0013699437258765101 -0.009499999694526196
v -0.023699887096881866 -0.0004535235930234194 -0.009499999694526196
v -0.02387028932571411 -0.0005984441377222538 -0.0096082529053092
v -0.023986395448446274 -0.0009868533816188574 -0.009499999694526196
v -0.025637280195951462 -0.0014838693896308541 -0.009499999694526196
v -0.026728229597210884 -0.00014885107520967722 -0.009499999694526196
v -0.025034906342625618 -0.0015444725286215544 -0.009499999694526196
v -0.023939521983265877 0.00011991517385467887 -0.00980162899941206
v -0.026667626574635506 0.0004535235930234194 -0.009499999694526196
v -0.02381381392478943 0.0007285645115189254 -0.009499999694526196
v -0.023639284074306488 0.00014885107520967722 -0.009499999694526196
v -0.024008754640817642 0.0008382744854316115 -0.0096082529053092
v -0.02466548979282379 0.0011374965542927384 -0.00980162899941206
v -0.02473023347556591 0.0014838693896308541 -0.009499999694526196
v -0.02532222308218479 0.0014367186231538653 -0.0096082529053092
v -0.025912322103977203 0.0013699437258765101 -0.009499999694526196
v -0.025909723713994026 0.0010175814386457205 -0.00980162899941206
v -0.02419690415263176 0.0011973605724051595 -0.009499999694526196
v -0.0263811182230711 0.0009868533816188574 -0.009499999694526196
v -0.02649722434580326 0.0005984441377222538 -0.0096082529053092
v -0.025332607328891754 0.0015444725286215544 -0.009499999694526196
v -0.02532765455543995 0.0014930817997083068 -0.028175240382552147
v -0.02575778216123581 0.0013858192833140492 -0.028999999165534973
v -0.02518375590443611 0.001500000013038516 -0.028999999165534973
v -0.026341276243329048 0.0009540168684907258 -0.028175240382552147
v -0.026569576933979988 0.0005740251508541405 -0.028999999165534973
v -0.02624441683292389 0.001060660113580525 -0.028999999165534973
v -0.025888079777359962 0.0013243602588772774 -0.028175240382552147
v -0.026676839217543602 -0.0001438981998944655 -0.028175240382552147
v -0.026569576933979988 -0.0005740251508541405 -0.028999999165534973
v -0.026683757081627846 5.3466221790683834e-17 -0.028999999165534973
v -0.02613777294754982 -0.0011575196404010057 -0.028175240382552147
v -0.02575778216123581 -0.0013858192833140492 -0.028999999165534973
v -0.02624441683292389 -0.001060660113580525 -0.028999999165534973
v -0.026508117094635963 -0.0007043223013170063 -0.028175240382552147
v -0.02661825157701969 0.00043843305320478976 -0.028175240382552147
v -0.02518375590443611 0.001500000013038516 -0.028175240382552147
v -0.025622189044952393 -0.0014344952069222927 -0.028175240382552147
v -0.02474532276391983 0.0014344952069222927 -0.028175240382552147
v -0.025039859116077423 -0.0014930817997083068 -0.028175240382552147
v -0.024609731510281563 -0.0013858192833140492 -0.028999999165534973
v -0.02518375590443611 -0.001500000013038516 -0.028999999165534973
v -0.024026237428188324 -0.0009540168684907258 -0.028175240382552147
v -0.023797936737537384 -0.0005740251508541405 -0.028999999165534973
v -0.024123096838593483 -0.001060660113580525 -0.028999999165534973
v -0.02447943389415741 -0.0013243602588772774 -0.028175240382552147
v -0.02369067445397377 0.0001438981998944655 -0.028175240382552147
v -0.023797936737537384 0.0005740251508541405 -0.028999999165534973
v -0.023683756589889526 5.3831749594648566e-17 -0.028999999165534973
v -0.024229740723967552 0.0011575196404010057 -0.028175240382552147
v -0.024609731510281563 0.0013858192833140492 -0.028999999165534973
v -0.024123096838593483 0.001060660113580525 -0.028999999165534973
v -0.02385939657688141 0.0007043223013170063 -0.028175240382552147
v -0.02374926209449768 -0.00043843305320478976 -0.028175240382552147
v -0.023062435910105705 -0.00212132022716105 -0.012500000186264515
v -0.023607749491930008 -0.002067897468805313 -0.012500000186264515
v -0.024035707116127014 -0.0027716385666280985 -0.012500000186264515
v -0.023101428523659706 -0.0015568904345855117 -0.012500000186264515
v -0.024234715849161148 -0.0024206035304814577 -0.012500000186264515
v -0.024934332817792892 -0.0025880085304379463 -0.012500000186264515
v -0.022412117570638657 -0.001148050301708281 -0.012500000186264515
v -0.02218375727534294 4.225422533889097e-17 -0.012500000186264515
v -0.022593559697270393 -0.00022557115880772471 -0.012500000186264515
v -0.02275451272726059 -0.0009267010609619319 -0.012500000186264515
v -0.026983199641108513 -0.003000000026077032 -0.012500000186264515
v -0.02518375590443611 -0.003000000026077032 -0.012500000186264515
v -0.02589438483119011 -0.002501001348719001 -0.012500000186264515
v -0.027402564883232117 -0.0034193650353699923 -0.012500000186264515
v -0.02763850800693035 -0.0019437784794718027 -0.012500000186264515
v -0.02675674855709076 -0.002070192014798522 -0.012500000186264515
v -0.027402881532907486 -0.0013548018177971244 -0.012500000186264515
v -0.027743957936763763 -0.00045317274634726346 -0.012500000186264515
v -0.02263088896870613 0.0004928265698254108 -0.012500000186264515
v -0.022412117570638657 0.001148050301708281 -0.012500000186264515
v -0.02286364883184433 0.0011734976433217525 -0.012500000186264515
v -0.023062435910105705 0.00212132022716105 -0.012500000186264515
v -0.02327401377260685 0.0017643355531618 -0.012500000186264515
v -0.02383057214319706 0.002220110734924674 -0.012500000186264515
v -0.024035707116127014 0.0027716385666280985 -0.012500000186264515
v -0.0244907196611166 0.0025059329345822334 -0.012500000186264515
v -0.02518375590443611 0.003000000026077032 -0.012500000186264515
v -0.025203920900821686 0.002599921775981784 -0.012500000186264515
v -0.02763850800693035 0.0019437784794718027 -0.012500000186264515
v -0.02712063491344452 0.0017345035448670387 -0.012500000186264515
v -0.026983199641108513 0.003000000026077032 -0.012500000186264515
v -0.027743957936763763 0.00045317274634726346 -0.012500000186264515
v -0.027521787211298943 0.0011373719898983836 -0.012500000186264515
v -0.026571212336421013 0.0021988560911267996 -0.012500000186264515
v -0.02543318085372448 0.0025880085304379463 -0.012500000186264515
v -0.02591557800769806 0.002494882559403777 -0.012500000186264515
v -0.027402564883232117 0.0034193650353699923 -0.012500000186264515
v 0.0035918783396482468 -0.0014971834607422352 -0.008999999612569809
v 0.0035918783396482468 -0.0014971834607422352 -0.008700000122189522
v 0.0030466571915894747 -0.0013579779770225286 -0.008700000122189522
v 0.0026230965740978718 -0.001060660113580525 -0.012500000186264515
v 0.0025910953991115093 -0.001027663005515933 -0.008700000122189522
v 0.0022979374043643475 -0.0005740251508541405 -0.012500000186264515
v 0.0022893049754202366 -0.000552724173758179 -0.008700000122189522
v 0.0021837567910552025 4.296010487769677e-17 -0.012500000186264515
v 0.0021837567910552025 -1.5993603318161794e-16 -0.008700000122189522
v 0.0022893049754202366 0.000552724173758179 -0.008700000122189522
v 0.0022979374043643475 0.0005740251508541405 -0.012500000186264515
v 0.0025910953991115093 0.001027663005515933 -0.008700000122189522
v 0.0026230965740978718 0.001060660113580525 -0.012500000186264515
v 0.0030466571915894747 0.0013579779770225286 -0.008700000122189522
v 0.0036837568040937185 -0.001500000013038516 -0.012500000186264515
v 0.0031097314786165953 -0.0013858192833140492 -0.012500000186264515
v 0.0036837568040937185 -0.001500000013038516 -0.008999999612569809
v 0.0031097314786165953 0.0013858192833140492 -0.012500000186264515
v 0.0035918783396482468 0.0014971834607422352 -0.008999999612569809
v 0.004182671662420034 -0.0014145966852083802 -0.008999999612569809
v 0.0035918783396482468 0.0014971834607422352 -0.008700000122189522
v 0.0036837568040937185 0.001500000013038516 -0.008999999612569809
v 0.0042683822102844715 0.0013813808327540755 -0.008999999612569809
v 0.004257781896740198 0.0013858192833140492 -0.012500000186264515
v 0.0036837568040937185 0.001500000013038516 -0.012500000186264515
v 0.004760543815791607 0.0010442842030897737 -0.008999999612569809
v 0.005082402378320694 0.000542024674359709 -0.008999999612569809
v 0.00506957620382309 0.0005740251508541405 -0.012500000186264515
v 0.005183052271604538 -4.596076178131625e-05 -0.008999999612569809
v 0.0050465757958590984 -0.0006266771233640611 -0.008999999612569809
v 0.00506957620382309 -0.0005740251508541405 -0.012500000186264515
v 0.004694557283073664 -0.0011082789860665798 -0.008999999612569809
v 0.004744417034089565 -0.001060660113580525 -0.012500000186264515
v 0.005183756817132235 4.25908448348082e-17 -0.012500000186264515
v 0.004744417034089565 0.001060660113580525 -0.012500000186264515
v 0.004257781896740198 -0.0013858192833140492 -0.012500000186264515
v 0.0035918783396482468 0.0014971834607422352 -0.008700000122189522
v 0.0030466571915894747 0.0013579779770225286 -0.008700000122189522
v 0.0029912327881902456 0.0014110832707956433 -0.008628139272332191
v 0.0025910953991115093 0.001027663005515933 -0.008700000122189522
v 0.002474230481311679 0.0010944391833618283 -0.008568819612264633
v 0.0022893049754202366 0.000552724173758179 -0.008700000122189522
v 0.0021241114009171724 0.0005974364466965199 -0.0085298428311944
v 0.0021837567910552025 -1.5993603318161794e-16 -0.008700000122189522
v 0.0020000000949949026 5.494957235896436e-07 -0.008516243658959866
v 0.0022893049754202366 -0.000552724173758179 -0.008700000122189522
v 0.0021238571498543024 -0.0005968506447970867 -0.008529814891517162
v 0.0025910953991115093 -0.001027663005515933 -0.008700000122189522
v 0.0024739864747971296 -0.0010942104272544384 -0.008568791672587395
v 0.0029910083394497633 -0.0014110022457316518 -0.008628113195300102
v 0.0030466571915894747 -0.0013579779770225286 -0.008700000122189522
v 0.0035918783396482468 -0.0014971834607422352 -0.008700000122189522
v -0.01856253109872341 0.013890525326132774 -0.007000000216066837
v -0.017983438447117805 0.013999908231198788 -0.007000000216066837
v -0.01855235919356346 0.0138810183852911 -0.007000000216066837
v -0.01903337799012661 0.013554789125919342 -0.007000000216066837
v -0.01905478909611702 0.013566499575972557 -0.007000000216066837
v -0.01856253109872341 0.011109475046396255 -0.007000000216066837
v -0.01855235919356346 0.011118981055915356 -0.007000000216066837
v -0.017983438447117805 0.011000091210007668 -0.007000000216066837
v -0.01905478909611702 0.011433500796556473 -0.007000000216066837
v -0.01903337799012661 0.011445211246609688 -0.007000000216066837
v -0.01938422955572605 0.01307784765958786 -0.007000000216066837
v -0.01935427635908127 0.013070197775959969 -0.007000000216066837
v -0.019466878846287727 0.012500000186264515 -0.007000000216066837
v -0.019500000402331352 0.012500000186264515 -0.007000000216066837
v -0.01938422955572605 0.011922151781618595 -0.007000000216066837
v -0.01935427635908127 0.011929802596569061 -0.007000000216066837
v -0.008840811438858509 0.001909188344143331 -0.032999999821186066
v -0.009716754779219627 0.0024944746401160955 -0.032999999821186066
v -0.007527692709118128 0.004822523798793554 -0.032999999821186066
v -0.006648780778050423 0.004101219121366739 -0.032999999821186066
v -0.009618476033210754 0.005688554607331753 -0.032999999821186066
v -0.00853043608367443 0.005358501337468624 -0.032999999821186066
v -0.01075000036507845 0.0027000000700354576 -0.032999999821186066
v -0.005927476100623608 0.0032223074231296778 -0.032999999821186066
v -0.00825552549213171 0.0010332452366128564 -0.032999999821186066
v -0.005391498561948538 0.002219563815742731 -0.032999999821186066
v -0.005061445292085409 0.0011315238662064075 -0.032999999821186066
v -0.008050000295042992 5.717900542651585e-17 -0.032999999821186066
v -0.00494999997317791 5.774653735351093e-17 -0.032999999821186066
v -0.005061445292085409 -0.0011315238662064075 -0.032999999821186066
v -0.01188152376562357 0.005688554607331753 -0.032999999821186066
v -0.011783245019614697 0.0024944746401160955 -0.032999999821186066
v -0.012969563715159893 0.005358501337468624 -0.032999999821186066
v -0.013972307555377483 0.004822523798793554 -0.032999999821186066
v -0.012659188359975815 0.001909188344143331 -0.032999999821186066
v -0.014851219020783901 0.004101219121366739 -0.032999999821186066
v -0.015572523698210716 0.0032223074231296778 -0.032999999821186066
v -0.01075000036507845 0.005799999926239252 -0.032999999821186066
v -0.013244474306702614 0.0010332452366128564 -0.032999999821186066
v -0.016108501702547073 0.002219563815742731 -0.032999999821186066
v -0.016438554972410202 0.0011315238662064075 -0.032999999821186066
v -0.013450000435113907 5.652105934984627e-17 -0.032999999821186066
v -0.00825552549213171 -0.0010332452366128564 -0.032999999821186066
v -0.005391498561948538 -0.002219563815742731 -0.032999999821186066
v -0.008840811438858509 -0.001909188344143331 -0.032999999821186066
v -0.005927476100623608 -0.0032223074231296778 -0.032999999821186066
v -0.007527692709118128 -0.004822523798793554 -0.032999999821186066
v -0.009716754779219627 -0.0024944746401160955 -0.032999999821186066
v -0.009618476033210754 -0.005688554607331753 -0.032999999821186066
v -0.01075000036507845 -0.0027000000700354576 -0.032999999821186066
v -0.006648780778050423 -0.004101219121366739 -0.032999999821186066
v -0.00853043608367443 -0.005358501337468624 -0.032999999821186066
v -0.01075000036507845 -0.005799999926239252 -0.032999999821186066
v -0.01188152376562357 -0.005688554607331753 -0.032999999821186066
v -0.016108501702547073 -0.002219563815742731 -0.032999999821186066
v -0.013244474306702614 -0.0010332452366128564 -0.032999999821186066
v -0.015572523698210716 -0.0032223074231296778 -0.032999999821186066
v -0.016438554972410202 -0.0011315238662064075 -0.032999999821186066
v -0.01655000075697899 5.633316361934362e-17 -0.032999999821186066
v -0.012659188359975815 -0.001909188344143331 -0.032999999821186066
v -0.011783245019614697 -0.0024944746401160955 -0.032999999821186066
v -0.012969563715159893 -0.005358501337468624 -0.032999999821186066
v -0.013972307555377483 -0.004822523798793554 -0.032999999821186066
v -0.014851219020783901 -0.004101219121366739 -0.032999999821186066
v -0.01075000036507845 0.006000000052154064 -0.029200000688433647
v -0.01075000036507845 0.006000000052154064 -0.03280000016093254
v -0.011920541524887085 0.005884711630642414 -0.03280000016093254
v -0.013046100735664368 0.005543277133256197 -0.029200000688433647
v -0.013046100735664368 0.005543277133256197 -0.03280000016093254
v -0.014083421789109707 0.004988817498087883 -0.03280000016093254
v -0.011920541524887085 0.005884711630642414 -0.029200000688433647
v -0.015738816931843758 0.0033334214240312576 -0.029200000688433647
v -0.014992640353739262 0.0042426404543221 -0.03280000016093254
v -0.015738816931843758 0.0033334214240312576 -0.03280000016093254
v -0.016293277963995934 0.002296100603416562 -0.029200000688433647
v -0.016293277963995934 0.002296100603416562 -0.03280000016093254
v -0.016634711995720863 0.0011705419747158885 -0.03280000016093254
v -0.014083421789109707 0.004988817498087883 -0.029200000688433647
v -0.016634711995720863 -0.0011705419747158885 -0.029200000688433647
v -0.016750000417232513 5.618594532264389e-17 -0.03280000016093254
v -0.016634711995720863 -0.0011705419747158885 -0.03280000016093254
v -0.015738816931843758 -0.0033334214240312576 -0.029200000688433647
v -0.016293277963995934 -0.002296100603416562 -0.03280000016093254
v -0.015738816931843758 -0.0033334214240312576 -0.03280000016093254
v -0.016293277963995934 -0.002296100603416562 -0.029200000688433647
v -0.014992640353739262 -0.0042426404543221 -0.03280000016093254
v -0.014083421789109707 -0.004988817498087883 -0.03280000016093254
v -0.014083421789109707 -0.004988817498087883 -0.029200000688433647
v -0.013046100735664368 -0.005543277133256197 -0.03280000016093254
v -0.011920541524887085 -0.005884711630642414 -0.03280000016093254
v -0.013046100735664368 -0.005543277133256197 -0.029200000688433647
v -0.016634711995720863 0.0011705419747158885 -0.029200000688433647
v -0.014992640353739262 0.0042426404543221 -0.029200000688433647
v -0.016750000417232513 5.3754199757860495e-17 -0.029200000688433647
v -0.014992640353739262 -0.0042426404543221 -0.029200000688433647
v -0.011920541524887085 -0.005884711630642414 -0.029200000688433647
v -0.01075000036507845 -0.006000000052154064 -0.03280000016093254
v -0.009579458273947239 0.005884711630642414 -0.029200000688433647
v -0.005761182401329279 -0.0033334214240312576 -0.029200000688433647
v -0.006507359445095062 -0.0042426404543221 -0.03280000016093254
v -0.005761182401329279 -0.0033334214240312576 -0.03280000016093254
v -0.005206722766160965 -0.002296100603416562 -0.03280000016093254
v -0.005206722766160965 -0.002296100603416562 -0.029200000688433647
v -0.009579458273947239 -0.005884711630642414 -0.03280000016093254
v -0.008453899063169956 -0.005543277133256197 -0.03280000016093254
v -0.008453899063169956 -0.005543277133256197 -0.029200000688433647
v -0.007416578475385904 -0.004988817498087883 -0.03280000016093254
v -0.006507359445095062 -0.0042426404543221 -0.029200000688433647
v -0.007416578475385904 -0.004988817498087883 -0.029200000688433647
v -0.004865288268774748 -0.0011705419747158885 -0.029200000688433647
v -0.004865288268774748 -0.0011705419747158885 -0.03280000016093254
v -0.009579458273947239 -0.005884711630642414 -0.029200000688433647
v -0.004749999847263098 5.5216310973719426e-17 -0.029200000688433647
v -0.004749999847263098 5.764805653850282e-17 -0.03280000016093254
v -0.005206722766160965 0.002296100603416562 -0.029200000688433647
v -0.004865288268774748 0.0011705419747158885 -0.03280000016093254
v -0.005206722766160965 0.002296100603416562 -0.03280000016093254
v -0.004865288268774748 0.0011705419747158885 -0.029200000688433647
v -0.006507359445095062 0.0042426404543221 -0.029200000688433647
v -0.005761182401329279 0.0033334214240312576 -0.03280000016093254
v -0.006507359445095062 0.0042426404543221 -0.03280000016093254
v -0.007416578475385904 0.004988817498087883 -0.029200000688433647
v -0.007416578475385904 0.004988817498087883 -0.03280000016093254
v -0.008453899063169956 0.005543277133256197 -0.03280000016093254
v -0.005761182401329279 0.0033334214240312576 -0.029200000688433647
v -0.008453899063169956 0.005543277133256197 -0.029200000688433647
v -0.009579458273947239 0.005884711630642414 -0.03280000016093254
v -0.01075000036507845 -0.006000000052154064 -0.029200000688433647
v -0.0014164200983941555 0.013968689367175102 -0.028999999165534973
v -0.0021473022643476725 0.013074025511741638 -0.028999999165534973
v -0.002472461434081197 0.013560660183429718 -0.028999999165534973
v -9.219282947015017e-05 0.01298657525330782 -0.028999999165534973
v -0.0028305347077548504 0.014816277660429478 -0.028999999165534973
v -0.002959096571430564 0.013885819353163242 -0.028999999165534973
v -0.0035331216640770435 0.014000000432133675 -0.028999999165534973
v -0.004320918116718531 0.015521176159381866 -0.028999999165534973
v -0.0020331216510385275 0.012500000186264515 -0.028999999165534973
v -0.0021473022643476725 0.011925974860787392 -0.028999999165534973
v 0.001129393931478262 0.011879393830895424 -0.028999999165534973
v -0.002472461434081197 0.011439340189099312 -0.028999999165534973
v 0.002236575586721301 0.010657807812094688 -0.028999999165534973
v -0.002959096571430564 0.011114181019365788 -0.028999999165534973
v -0.005594888236373663 0.0034445354249328375 -0.028999999165534973
v -0.0035331216640770435 0.010999999940395355 -0.028999999165534973
v -0.004107146989554167 0.013885819353163242 -0.028999999165534973
v -0.004593781661242247 0.013560660183429718 -0.028999999165534973
v -0.00587321724742651 0.016076598316431046 -0.028999999165534973
v -0.004918940830975771 0.013074025511741638 -0.028999999165534973
v -0.00747248250991106 0.0164771918207407 -0.028999999165534973
v -0.009103312157094479 0.01671910285949707 -0.028999999165534973
v -0.005033121444284916 0.012500000186264515 -0.028999999165534973
v -0.004107146989554167 0.011114181019365788 -0.028999999165534973
v -0.006365938112139702 0.004384062252938747 -0.028999999165534973
v -0.004593781661242247 0.011439340189099312 -0.028999999165534973
v -0.008377362973988056 0.00572805292904377 -0.028999999165534973
v -0.01075000036507845 0.01679999940097332 -0.028999999165534973
v -0.01075000036507845 0.006200000178068876 -0.028999999165534973
v -0.004918940830975771 0.011925974860787392 -0.028999999165534973
v -0.009540439583361149 0.006080868653953075 -0.028999999165534973
v 0.005326597485691309 0.004876782186329365 -0.028999999165534973
v 0.0031097314786165953 0.0013858192833140492 -0.028999999165534973
v 0.0047711762599647045 0.006429081782698631 -0.028999999165534973
v 0.0057271928526461124 0.0032775173895061016 -0.028999999165534973
v 0.0036837568040937185 0.001500000013038516 -0.028999999165534973
v 0.0040662772953510284 0.007919465191662312 -0.028999999165534973
v 0.0032186894677579403 0.009333579801023006 -0.028999999165534973
v 0.0026230965740978718 0.001060660113580525 -0.028999999165534973
v 0.005969103425741196 0.001646687975153327 -0.028999999165534973
v 0.004257781896740198 0.0013858192833140492 -0.028999999165534973
v 0.00506957620382309 0.0005740251508541405 -0.028999999165534973
v 0.006049999967217445 5.705842234554032e-17 -0.028999999165534973
v 0.005183756817132235 5.428744670282648e-17 -0.028999999165534973
v 0.004744417034089565 0.001060660113580525 -0.028999999165534973
v 0.00506957620382309 -0.0005740251508541405 -0.028999999165534973
v -0.005021946970373392 0.0023726371582597494 -0.028999999165534973
v -0.007305464707314968 0.005155111663043499 -0.028999999165534973
v 0.0022979374043643475 0.0005740251508541405 -0.028999999165534973
v -0.0046691312454640865 0.0012095599668100476 -0.028999999165534973
v 0.0021837567910552025 5.3921918898861747e-17 -0.028999999165534973
v -0.004550000187009573 5.511782684998886e-17 -0.028999999165534973
v -0.0046691312454640865 -0.0012095599668100476 -0.028999999165534973
v -0.015626782551407814 0.016076598316431046 -0.028999999165534973
v -0.014027517288923264 0.0164771918207407 -0.028999999165534973
v -0.016581058502197266 0.013074025511741638 -0.028999999165534973
v -0.012396687641739845 0.01671910285949707 -0.028999999165534973
v -0.016466878354549408 0.012500000186264515 -0.028999999165534973
v -0.017179081216454506 0.015521176159381866 -0.028999999165534973
v -0.016906218603253365 0.013560660183429718 -0.028999999165534973
v -0.017392853274941444 0.013885819353163242 -0.028999999165534973
v -0.017966877669095993 0.014000000432133675 -0.028999999165534973
v -0.016581058502197266 0.011925974860787392 -0.028999999165534973
v -0.017392853274941444 0.011114181019365788 -0.028999999165534973
v -0.016906218603253365 0.011439340189099312 -0.028999999165534973
v -0.013122636824846268 0.00572805292904377 -0.028999999165534973
v -0.011959560215473175 0.006080868653953075 -0.028999999165534973
v -0.01866946555674076 0.014816277660429478 -0.028999999165534973
v -0.01854090392589569 0.013885819353163242 -0.028999999165534973
v -0.01902753859758377 0.013560660183429718 -0.028999999165534973
v -0.020083580166101456 0.013968689367175102 -0.028999999165534973
v -0.01935269683599472 0.013074025511741638 -0.028999999165534973
v -0.021407807245850563 0.01298657525330782 -0.028999999165534973
v -0.0226293932646513 0.011879393830895424 -0.028999999165534973
v -0.01902753859758377 0.011439340189099312 -0.028999999165534973
v -0.02373657561838627 0.010657807812094688 -0.028999999165534973
v -0.01935269683599472 0.011925974860787392 -0.028999999165534973
v -0.019466878846287727 0.012500000186264515 -0.028999999165534973
v -0.01854090392589569 0.011114181019365788 -0.028999999165534973
v -0.024718688800930977 0.009333579801023006 -0.028999999165534973
v -0.014194535091519356 0.005155111663043499 -0.028999999165534973
v -0.015134061686694622 0.004384062252938747 -0.028999999165534973
v -0.017966877669095993 0.010999999940395355 -0.028999999165534973
v -0.015905112028121948 0.0034445354249328375 -0.028999999165534973
v -0.016478052362799644 0.0023726371582597494 -0.028999999165534973
v -0.016830869019031525 0.0012095599668100476 -0.028999999165534973
v -0.023797936737537384 0.0005740251508541405 -0.028999999165534973
v -0.023683756589889526 5.3831749594648566e-17 -0.028999999165534973
v -0.025566278025507927 0.007919465191662312 -0.028999999165534973
v -0.024123096838593483 0.001060660113580525 -0.028999999165534973
v -0.02627117559313774 0.006429081782698631 -0.028999999165534973
v -0.02682659775018692 0.004876782186329365 -0.028999999165534973
v -0.024609731510281563 0.0013858192833140492 -0.028999999165534973
v -0.027227193117141724 0.0032775173895061016 -0.028999999165534973
v -0.02575778216123581 0.0013858192833140492 -0.028999999165534973
v -0.027469104155898094 0.001646687975153327 -0.028999999165534973
v -0.02518375590443611 0.001500000013038516 -0.028999999165534973
v -0.02624441683292389 0.001060660113580525 -0.028999999165534973
v -0.026569576933979988 0.0005740251508541405 -0.028999999165534973
v -0.027550000697374344 5.296451027939082e-17 -0.028999999165534973
v 0.004744417034089565 -0.001060660113580525 -0.028999999165534973
v 0.005969103425741196 -0.001646687975153327 -0.028999999165534973
v 0.004257781896740198 -0.0013858192833140492 -0.028999999165534973
v 0.0031097314786165953 -0.0013858192833140492 -0.028999999165534973
v 0.0036837568040937185 -0.001500000013038516 -0.028999999165534973
v 0.005326597485691309 -0.004876782186329365 -0.028999999165534973
v 0.0026230965740978718 -0.001060660113580525 -0.028999999165534973
v 0.0047711762599647045 -0.006429081782698631 -0.028999999165534973
v 0.0057271928526461124 -0.0032775173895061016 -0.028999999165534973
v 0.0040662772953510284 -0.007919465191662312 -0.028999999165534973
v -0.005021946970373392 -0.0023726371582597494 -0.028999999165534973
v -0.005594888236373663 -0.0034445354249328375 -0.028999999165534973
v 0.0032186894677579403 -0.009333579801023006 -0.028999999165534973
v 0.0022979374043643475 -0.0005740251508541405 -0.028999999165534973
v -0.0035331216640770435 -0.010999999940395355 -0.028999999165534973
v -0.006365938112139702 -0.004384062252938747 -0.028999999165534973
v -0.004107146989554167 -0.011114181019365788 -0.028999999165534973
v -0.007305464707314968 -0.005155111663043499 -0.028999999165534973
v -0.008377362973988056 -0.00572805292904377 -0.028999999165534973
v -0.002959096571430564 -0.011114181019365788 -0.028999999165534973
v 0.002236575586721301 -0.010657807812094688 -0.028999999165534973
v -0.009540439583361149 -0.006080868653953075 -0.028999999165534973
v -0.004593781661242247 -0.011439340189099312 -0.028999999165534973
v -0.004918940830975771 -0.011925974860787392 -0.028999999165534973
v -0.01075000036507845 -0.006200000178068876 -0.028999999165534973
v -0.016581058502197266 -0.011925974860787392 -0.028999999165534973
v -0.011959560215473175 -0.006080868653953075 -0.028999999165534973
v -0.0021473022643476725 -0.011925974860787392 -0.028999999165534973
v 0.001129393931478262 -0.011879393830895424 -0.028999999165534973
v -9.219282947015017e-05 -0.01298657525330782 -0.028999999165534973
v -0.0020331216510385275 -0.012500000186264515 -0.028999999165534973
v -0.0021473022643476725 -0.013074025511741638 -0.028999999165534973
v -0.002472461434081197 -0.011439340189099312 -0.028999999165534973
v -0.0014164200983941555 -0.013968689367175102 -0.028999999165534973
v -0.002472461434081197 -0.013560660183429718 -0.028999999165534973
v -0.0028305347077548504 -0.014816277660429478 -0.028999999165534973
v -0.002959096571430564 -0.013885819353163242 -0.028999999165534973
v -0.0035331216640770435 -0.014000000432133675 -0.028999999165534973
v -0.004320918116718531 -0.015521176159381866 -0.028999999165534973
v -0.005033121444284916 -0.012500000186264515 -0.028999999165534973
v -0.004918940830975771 -0.013074025511741638 -0.028999999165534973
v -0.00747248250991106 -0.0164771918207407 -0.028999999165534973
v -0.01075000036507845 -0.01679999940097332 -0.028999999165534973
v -0.004593781661242247 -0.013560660183429718 -0.028999999165534973
v -0.00587321724742651 -0.016076598316431046 -0.028999999165534973
v -0.004107146989554167 -0.013885819353163242 -0.028999999165534973
v -0.009103312157094479 -0.01671910285949707 -0.028999999165534973
v -0.016466878354549408 -0.012500000186264515 -0.028999999165534973
v -0.016950000077486038 5.360697815243831e-17 -0.028999999165534973
v -0.016830869019031525 -0.0012095599668100476 -0.028999999165534973
v -0.023797936737537384 -0.0005740251508541405 -0.028999999165534973
v -0.016478052362799644 -0.0023726371582597494 -0.028999999165534973
v -0.024123096838593483 -0.001060660113580525 -0.028999999165534973
v -0.02627117559313774 -0.006429081782698631 -0.028999999165534973
v -0.024609731510281563 -0.0013858192833140492 -0.028999999165534973
v -0.017392853274941444 -0.011114181019365788 -0.028999999165534973
v -0.015134061686694622 -0.004384062252938747 -0.028999999165534973
v -0.014194535091519356 -0.005155111663043499 -0.028999999165534973
v -0.017966877669095993 -0.010999999940395355 -0.028999999165534973
v -0.015905112028121948 -0.0034445354249328375 -0.028999999165534973
v -0.025566278025507927 -0.007919465191662312 -0.028999999165534973
v -0.01854090392589569 -0.011114181019365788 -0.028999999165534973
v -0.024718688800930977 -0.009333579801023006 -0.028999999165534973
v -0.013122636824846268 -0.00572805292904377 -0.028999999165534973
v -0.02373657561838627 -0.010657807812094688 -0.028999999165534973
v -0.02575778216123581 -0.0013858192833140492 -0.028999999165534973
v -0.02518375590443611 -0.001500000013038516 -0.028999999165534973
v -0.027227193117141724 -0.0032775173895061016 -0.028999999165534973
v -0.02624441683292389 -0.001060660113580525 -0.028999999165534973
v -0.027469104155898094 -0.001646687975153327 -0.028999999165534973
v -0.026683757081627846 5.3466221790683834e-17 -0.028999999165534973
v -0.026569576933979988 -0.0005740251508541405 -0.028999999165534973
v -0.02682659775018692 -0.004876782186329365 -0.028999999165534973
v -0.016906218603253365 -0.011439340189099312 -0.028999999165534973
v -0.016581058502197266 -0.013074025511741638 -0.028999999165534973
v -0.014027517288923264 -0.0164771918207407 -0.028999999165534973
v -0.015626782551407814 -0.016076598316431046 -0.028999999165534973
v -0.016906218603253365 -0.013560660183429718 -0.028999999165534973
v -0.017179081216454506 -0.015521176159381866 -0.028999999165534973
v -0.017392853274941444 -0.013885819353163242 -0.028999999165534973
v -0.012396687641739845 -0.01671910285949707 -0.028999999165534973
v -0.017966877669095993 -0.014000000432133675 -0.028999999165534973
v -0.01902753859758377 -0.011439340189099312 -0.028999999165534973
v -0.01935269683599472 -0.011925974860787392 -0.028999999165534973
v -0.0226293932646513 -0.011879393830895424 -0.028999999165534973
v -0.021407807245850563 -0.01298657525330782 -0.028999999165534973
v -0.019466878846287727 -0.012500000186264515 -0.028999999165534973
v -0.01935269683599472 -0.013074025511741638 -0.028999999165534973
v -0.01854090392589569 -0.013885819353163242 -0.028999999165534973
v -0.01866946555674076 -0.014816277660429478 -0.028999999165534973
v -0.01902753859758377 -0.013560660183429718 -0.028999999165534973
v -0.020083580166101456 -0.013968689367175102 -0.028999999165534973
v -0.01075000036507845 0.017000000923871994 -0.02879999950528145
v -0.012416291050612926 0.016918139532208443 -0.02879999950528145
v -0.01075000036507845 0.017000000923871994 -0.019200000911951065
v -0.014066535048186779 0.01667334884405136 -0.02879999950528145
v -0.015684839338064194 0.016267985105514526 -0.02879999950528145
v -0.014066535048186779 0.01667334884405136 -0.019200000911951065
v -0.012416291050612926 0.016918139532208443 -0.019200000911951065
v -0.017255619168281555 0.015705952420830727 -0.02879999950528145
v -0.018763745203614235 0.014992661774158478 -0.02879999950528145
v -0.017255619168281555 0.015705952420830727 -0.019200000911951065
v -0.02019469439983368 0.014134982600808144 -0.02879999950528145
v -0.021534685045480728 0.013141177594661713 -0.02879999950528145
v -0.02019469439983368 0.014134982600808144 -0.019200000911951065
v -0.015684839338064194 0.016267985105514526 -0.019200000911951065
v -0.02277081459760666 0.012020815163850784 -0.02879999950528145
v -0.023891177028417587 0.010784684680402279 -0.02879999950528145
v -0.023891177028417587 0.010784684680402279 -0.019200000911951065
v -0.024884983897209167 0.009444693103432655 -0.02879999950528145
v -0.025742661207914352 0.00801374576985836 -0.02879999950528145
v -0.025742661207914352 0.00801374576985836 -0.019200000911951065
v -0.024884983897209167 0.009444693103432655 -0.019200000911951065
v -0.0264559518545866 0.006505618803203106 -0.02879999950528145
v -0.02701798640191555 0.004934839438647032 -0.02879999950528145
v -0.0264559518545866 0.006505618803203106 -0.019200000911951065
v -0.027423350140452385 0.0033165353816002607 -0.02879999950528145
v -0.027668140828609467 0.0016662913840264082 -0.02879999950528145
v -0.027423350140452385 0.0033165353816002607 -0.019200000911951065
v -0.02701798640191555 0.004934839438647032 -0.019200000911951065
v -0.021534685045480728 0.013141177594661713 -0.019200000911951065
v -0.02775000035762787 5.281728867396863e-17 -0.02879999950528145
v -0.027668140828609467 -0.0016662913840264082 -0.02879999950528145
v -0.02775000035762787 4.841453052814899e-17 -0.019200000911951065
v -0.027423350140452385 -0.0033165353816002607 -0.02879999950528145
v -0.02701798640191555 -0.004934839438647032 -0.02879999950528145
v -0.027423350140452385 -0.0033165353816002607 -0.019200000911951065
v -0.027668140828609467 -0.0016662913840264082 -0.019200000911951065
v -0.0264559518545866 -0.006505618803203106 -0.02879999950528145
v -0.025742661207914352 -0.00801374576985836 -0.02879999950528145
v -0.025742661207914352 -0.00801374576985836 -0.019200000911951065
v -0.024884983897209167 -0.009444693103432655 -0.02879999950528145
v -0.023891177028417587 -0.010784684680402279 -0.02879999950528145
v -0.023891177028417587 -0.010784684680402279 -0.019200000911951065
v -0.024884983897209167 -0.009444693103432655 -0.019200000911951065
v -0.02701798640191555 -0.004934839438647032 -0.019200000911951065
v -0.02277081459760666 -0.012020815163850784 -0.02879999950528145
v -0.021534685045480728 -0.013141177594661713 -0.02879999950528145
v -0.02277081459760666 -0.012020815163850784 -0.019200000911951065
v -0.02019469439983368 -0.014134982600808144 -0.02879999950528145
v -0.018763745203614235 -0.014992661774158478 -0.02879999950528145
v -0.018763745203614235 -0.014992661774158478 -0.019200000911951065
v -0.021534685045480728 -0.013141177594661713 -0.019200000911951065
v -0.017255619168281555 -0.015705952420830727 -0.02879999950528145
v -0.015684839338064194 -0.016267985105514526 -0.02879999950528145
v -0.017255619168281555 -0.015705952420830727 -0.019200000911951065
v -0.014066535048186779 -0.01667334884405136 -0.02879999950528145
v -0.012416291050612926 -0.016918139532208443 -0.02879999950528145
v -0.014066535048186779 -0.01667334884405136 -0.019200000911951065
v -0.015684839338064194 -0.016267985105514526 -0.019200000911951065
v -0.027668140828609467 0.0016662913840264082 -0.019200000911951065
v -0.02277081459760666 0.012020815163850784 -0.019200000911951065
v -0.018763745203614235 0.014992661774158478 -0.019200000911951065
v -0.0264559518545866 -0.006505618803203106 -0.019200000911951065
v -0.02019469439983368 -0.014134982600808144 -0.019200000911951065
v -0.012416291050612926 -0.016918139532208443 -0.019200000911951065
v -0.01075000036507845 -0.017000000923871994 -0.02879999950528145
v -0.009083708748221397 0.016918139532208443 -0.019200000911951065
v -0.009083708748221397 -0.016918139532208443 -0.019200000911951065
v -0.009083708748221397 -0.016918139532208443 -0.02879999950528145
v -0.00581516046077013 -0.016267985105514526 -0.019200000911951065
v -0.007433464750647545 -0.01667334884405136 -0.02879999950528145
v -0.00581516046077013 -0.016267985105514526 -0.02879999950528145
v -0.007433464750647545 -0.01667334884405136 -0.019200000911951065
v -0.0027362557593733072 -0.014992661774158478 -0.019200000911951065
v -0.004244381561875343 -0.015705952420830727 -0.02879999950528145
v -0.0027362557593733072 -0.014992661774158478 -0.02879999950528145
v 3.468583236099221e-05 -0.013141177594661713 -0.019200000911951065
v -0.0013053059810772538 -0.014134982600808144 -0.02879999950528145
v 3.468583236099221e-05 -0.013141177594661713 -0.02879999950528145
v -0.0013053059810772538 -0.014134982600808144 -0.019200000911951065
v -0.004244381561875343 -0.015705952420830727 -0.019200000911951065
v 0.0042426614090800285 -0.00801374576985836 -0.02879999950528145
v 0.0042426614090800285 -0.00801374576985836 -0.019200000911951065
v 0.0033849833998829126 -0.009444693103432655 -0.02879999950528145
v 0.0023911776952445507 -0.010784684680402279 -0.019200000911951065
v 0.0023911776952445507 -0.010784684680402279 -0.02879999950528145
v 0.0012708152644336224 -0.012020815163850784 -0.02879999950528145
v 0.0012708152644336224 -0.012020815163850784 -0.019200000911951065
v 0.004955952055752277 -0.006505618803203106 -0.019200000911951065
v 0.004955952055752277 -0.006505618803203106 -0.02879999950528145
v 0.005517985671758652 -0.004934839438647032 -0.019200000911951065
v 0.005517985671758652 -0.004934839438647032 -0.02879999950528145
v 0.005923349875956774 -0.0033165353816002607 -0.02879999950528145
v 0.006168140564113855 -0.0016662913840264082 -0.02879999950528145
v 0.006168140564113855 -0.0016662913840264082 -0.019200000911951065
v 0.006168140564113855 0.0016662913840264082 -0.019200000911951065
v 0.0062500000931322575 5.69599415305322e-17 -0.02879999950528145
v 0.006168140564113855 0.0016662913840264082 -0.02879999950528145
v 0.005923349875956774 0.0033165353816002607 -0.019200000911951065
v 0.005923349875956774 0.0033165353816002607 -0.02879999950528145
v 0.005517985671758652 0.004934839438647032 -0.02879999950528145
v 0.0042426614090800285 0.00801374576985836 -0.019200000911951065
v 0.004955952055752277 0.006505618803203106 -0.02879999950528145
v 0.0042426614090800285 0.00801374576985836 -0.02879999950528145
v 0.0033849833998829126 0.009444693103432655 -0.019200000911951065
v 0.0033849833998829126 0.009444693103432655 -0.02879999950528145
v 0.004955952055752277 0.006505618803203106 -0.019200000911951065
v 3.468583236099221e-05 0.013141177594661713 -0.019200000911951065
v 0.0012708152644336224 0.012020815163850784 -0.02879999950528145
v 3.468583236099221e-05 0.013141177594661713 -0.02879999950528145
v -0.0027362557593733072 0.014992661774158478 -0.02879999950528145
v -0.0027362557593733072 0.014992661774158478 -0.019200000911951065
v -0.0013053059810772538 0.014134982600808144 -0.02879999950528145
v -0.0013053059810772538 0.014134982600808144 -0.019200000911951065
v 0.0012708152644336224 0.012020815163850784 -0.019200000911951065
v 0.0023911776952445507 0.010784684680402279 -0.02879999950528145
v -0.004244381561875343 0.015705952420830727 -0.019200000911951065
v -0.004244381561875343 0.015705952420830727 -0.02879999950528145
v -0.007433464750647545 0.01667334884405136 -0.019200000911951065
v -0.00581516046077013 0.016267985105514526 -0.02879999950528145
v -0.007433464750647545 0.01667334884405136 -0.02879999950528145
v -0.00581516046077013 0.016267985105514526 -0.019200000911951065
v -0.009083708748221397 0.016918139532208443 -0.02879999950528145
v 0.0062500000931322575 4.4229578963781905e-17 -0.019200000911951065
v -0.01075000036507845 -0.017000000923871994 -0.019200000911951065
v 0.0033849833998829126 -0.009444693103432655 -0.019200000911951065
v 0.005923349875956774 -0.0033165353816002607 -0.019200000911951065
v 0.005517985671758652 0.004934839438647032 -0.019200000911951065
v 0.0023911776952445507 0.010784684680402279 -0.019200000911951065
v -0.014066535048186779 -0.01667334884405136 -0.019200000911951065
v -0.014027517288923264 -0.0164771918207407 -0.01899999938905239
v -0.015626782551407814 -0.016076598316431046 -0.01899999938905239
v -0.017179081216454506 -0.015521176159381866 -0.01899999938905239
v -0.015684839338064194 -0.016267985105514526 -0.019200000911951065
v -0.012396687641739845 -0.01671910285949707 -0.01899999938905239
v -0.023891177028417587 -0.010784684680402279 -0.019200000911951065
v -0.0226293932646513 -0.011879393830895424 -0.01899999938905239
v -0.02373657561838627 -0.010657807812094688 -0.01899999938905239
v -0.01866946555674076 -0.014816277660429478 -0.01899999938905239
v -0.017255619168281555 -0.015705952420830727 -0.019200000911951065
v -0.020083580166101456 -0.013968689367175102 -0.01899999938905239
v -0.018763745203614235 -0.014992661774158478 -0.019200000911951065
v -0.012416291050612926 -0.016918139532208443 -0.019200000911951065
v -0.01075000036507845 -0.01679999940097332 -0.01899999938905239
v -0.021407807245850563 -0.01298657525330782 -0.01899999938905239
v -0.021534685045480728 -0.013141177594661713 -0.019200000911951065
v -0.02277081459760666 -0.012020815163850784 -0.019200000911951065
v -0.024884983897209167 -0.009444693103432655 -0.019200000911951065
v -0.024718688800930977 -0.009333579801023006 -0.01899999938905239
v -0.027227193117141724 -0.0032775173895061016 -0.01899999938905239
v -0.027423350140452385 -0.0033165353816002607 -0.019200000911951065
v -0.02682659775018692 -0.004876782186329365 -0.01899999938905239
v -0.025566278025507927 -0.007919465191662312 -0.01899999938905239
v -0.02627117559313774 -0.006429081782698631 -0.01899999938905239
v -0.0264559518545866 -0.006505618803203106 -0.019200000911951065
v -0.027668140828609467 -0.0016662913840264082 -0.019200000911951065
v -0.027469104155898094 -0.001646687975153327 -0.01899999938905239
v -0.02701798640191555 -0.004934839438647032 -0.019200000911951065
v -0.025742661207914352 -0.00801374576985836 -0.019200000911951065
v -0.02701798640191555 0.004934839438647032 -0.019200000911951065
v -0.02682659775018692 0.004876782186329365 -0.01899999938905239
v -0.02627117559313774 0.006429081782698631 -0.01899999938905239
v -0.018763745203614235 0.014992661774158478 -0.019200000911951065
v -0.020083580166101456 0.013968689367175102 -0.01899999938905239
v -0.01866946555674076 0.014816277660429478 -0.01899999938905239
v -0.015684839338064194 0.016267985105514526 -0.019200000911951065
v -0.017179081216454506 0.015521176159381866 -0.01899999938905239
v -0.015626782551407814 0.016076598316431046 -0.01899999938905239
v -0.017255619168281555 0.015705952420830727 -0.019200000911951065
v -0.021407807245850563 0.01298657525330782 -0.01899999938905239
v -0.02019469439983368 0.014134982600808144 -0.019200000911951065
v -0.027668140828609467 0.0016662913840264082 -0.019200000911951065
v -0.027550000697374344 4.8267060768543034e-17 -0.01899999938905239
v -0.027469104155898094 0.001646687975153327 -0.01899999938905239
v -0.027227193117141724 0.0032775173895061016 -0.01899999938905239
v -0.027423350140452385 0.0033165353816002607 -0.019200000911951065
v -0.02775000035762787 4.841453052814899e-17 -0.019200000911951065
v -0.021534685045480728 0.013141177594661713 -0.019200000911951065
v -0.0226293932646513 0.011879393830895424 -0.01899999938905239
v -0.025742661207914352 0.00801374576985836 -0.019200000911951065
v -0.025566278025507927 0.007919465191662312 -0.01899999938905239
v -0.024718688800930977 0.009333579801023006 -0.01899999938905239
v -0.024884983897209167 0.009444693103432655 -0.019200000911951065
v -0.02373657561838627 0.010657807812094688 -0.01899999938905239
v -0.014027517288923264 0.0164771918207407 -0.01899999938905239
v -0.012396687641739845 0.01671910285949707 -0.01899999938905239
v -0.012416291050612926 0.016918139532208443 -0.019200000911951065
v -0.014066535048186779 0.01667334884405136 -0.019200000911951065
v -0.0264559518545866 0.006505618803203106 -0.019200000911951065
v -0.023891177028417587 0.010784684680402279 -0.019200000911951065
v -0.02019469439983368 -0.014134982600808144 -0.019200000911951065
v -0.01075000036507845 -0.017000000923871994 -0.019200000911951065
v -0.02277081459760666 0.012020815163850784 -0.019200000911951065
v -0.01075000036507845 0.017000000923871994 -0.019200000911951065
v -0.009103312157094479 -0.01671910285949707 -0.01899999938905239
v -0.0013053059810772538 0.014134982600808144 -0.019200000911951065
v -0.0014164200983941555 0.013968689367175102 -0.01899999938905239
v -9.219282947015017e-05 0.01298657525330782 -0.01899999938905239
v 0.001129393931478262 0.011879393830895424 -0.01899999938905239
v 0.002236575586721301 0.010657807812094688 -0.01899999938905239
v 0.0023911776952445507 0.010784684680402279 -0.019200000911951065
v -0.0028305347077548504 0.014816277660429478 -0.01899999938905239
v 0.004955952055752277 0.006505618803203106 -0.019200000911951065
v 0.0040662772953510284 0.007919465191662312 -0.01899999938905239
v 0.0047711762599647045 0.006429081782698631 -0.01899999938905239
v 0.0033849833998829126 0.009444693103432655 -0.019200000911951065
v 0.0032186894677579403 0.009333579801023006 -0.01899999938905239
v 0.0012708152644336224 0.012020815163850784 -0.019200000911951065
v -0.009083708748221397 0.016918139532208443 -0.019200000911951065
v -0.01075000036507845 0.01679999940097332 -0.01899999938905239
v -0.009103312157094479 0.01671910285949707 -0.01899999938905239
v -0.00581516046077013 0.016267985105514526 -0.019200000911951065
v -0.00747248250991106 0.0164771918207407 -0.01899999938905239
v -0.00587321724742651 0.016076598316431046 -0.01899999938905239
v -0.007433464750647545 0.01667334884405136 -0.019200000911951065
v -0.0027362557593733072 0.014992661774158478 -0.019200000911951065
v -0.004320918116718531 0.015521176159381866 -0.01899999938905239
v 0.005923349875956774 0.0033165353816002607 -0.019200000911951065
v 0.005326597485691309 0.004876782186329365 -0.01899999938905239
v 0.0057271928526461124 0.0032775173895061016 -0.01899999938905239
v -0.004244381561875343 0.015705952420830727 -0.019200000911951065
v 0.005969103425741196 0.001646687975153327 -0.01899999938905239
v 0.006168140564113855 0.0016662913840264082 -0.019200000911951065
v 0.006168140564113855 -0.0016662913840264082 -0.019200000911951065
v 0.006049999967217445 4.413134630295756e-17 -0.01899999938905239
v 0.005969103425741196 -0.001646687975153327 -0.01899999938905239
v 0.005517985671758652 -0.004934839438647032 -0.019200000911951065
v 0.0057271928526461124 -0.0032775173895061016 -0.01899999938905239
v 0.005326597485691309 -0.004876782186329365 -0.01899999938905239
v 0.005923349875956774 -0.0033165353816002607 -0.019200000911951065
v -9.219282947015017e-05 -0.01298657525330782 -0.01899999938905239
v 3.468583236099221e-05 -0.013141177594661713 -0.019200000911951065
v 0.001129393931478262 -0.011879393830895424 -0.01899999938905239
v 0.004955952055752277 -0.006505618803203106 -0.019200000911951065
v 0.0047711762599647045 -0.006429081782698631 -0.01899999938905239
v 0.002236575586721301 -0.010657807812094688 -0.01899999938905239
v 0.0023911776952445507 -0.010784684680402279 -0.019200000911951065
v 0.0032186894677579403 -0.009333579801023006 -0.01899999938905239
v 0.0033849833998829126 -0.009444693103432655 -0.019200000911951065
v 0.0040662772953510284 -0.007919465191662312 -0.01899999938905239
v -0.0014164200983941555 -0.013968689367175102 -0.01899999938905239
v -0.0028305347077548504 -0.014816277660429478 -0.01899999938905239
v -0.0013053059810772538 -0.014134982600808144 -0.019200000911951065
v 0.0012708152644336224 -0.012020815163850784 -0.019200000911951065
v 0.0042426614090800285 -0.00801374576985836 -0.019200000911951065
v -0.004244381561875343 -0.015705952420830727 -0.019200000911951065
v -0.004320918116718531 -0.015521176159381866 -0.01899999938905239
v -0.00587321724742651 -0.016076598316431046 -0.01899999938905239
v -0.00747248250991106 -0.0164771918207407 -0.01899999938905239
v -0.007433464750647545 -0.01667334884405136 -0.019200000911951065
v -0.0027362557593733072 -0.014992661774158478 -0.019200000911951065
v 3.468583236099221e-05 0.013141177594661713 -0.019200000911951065
v 0.005517985671758652 0.004934839438647032 -0.019200000911951065
v 0.0042426614090800285 0.00801374576985836 -0.019200000911951065
v 0.0062500000931322575 4.4229578963781905e-17 -0.019200000911951065
v -0.00581516046077013 -0.016267985105514526 -0.019200000911951065
v -0.009083708748221397 -0.016918139532208443 -0.019200000911951065
v -0.021534685045480728 0.013141177594661713 -0.02879999950528145
v -0.020083580166101456 0.013968689367175102 -0.028999999165534973
v -0.021407807245850563 0.01298657525330782 -0.028999999165534973
v -0.02277081459760666 0.012020815163850784 -0.02879999950528145
v -0.0226293932646513 0.011879393830895424 -0.028999999165534973
v -0.02682659775018692 0.004876782186329365 -0.028999999165534973
v -0.02701798640191555 0.004934839438647032 -0.02879999950528145
v -0.02627117559313774 0.006429081782698631 -0.028999999165534973
v -0.027227193117141724 0.0032775173895061016 -0.028999999165534973
v -0.027423350140452385 0.0033165353816002607 -0.02879999950528145
v -0.015626782551407814 0.016076598316431046 -0.028999999165534973
v -0.014066535048186779 0.01667334884405136 -0.02879999950528145
v -0.014027517288923264 0.0164771918207407 -0.028999999165534973
v -0.01075000036507845 0.01679999940097332 -0.028999999165534973
v -0.012396687641739845 0.01671910285949707 -0.028999999165534973
v -0.012416291050612926 0.016918139532208443 -0.02879999950528145
v -0.015684839338064194 0.016267985105514526 -0.02879999950528145
v -0.017179081216454506 0.015521176159381866 -0.028999999165534973
v -0.024884983897209167 0.009444693103432655 -0.02879999950528145
v -0.02373657561838627 0.010657807812094688 -0.028999999165534973
v -0.024718688800930977 0.009333579801023006 -0.028999999165534973
v -0.025566278025507927 0.007919465191662312 -0.028999999165534973
v -0.025742661207914352 0.00801374576985836 -0.02879999950528145
v -0.01866946555674076 0.014816277660429478 -0.028999999165534973
v -0.018763745203614235 0.014992661774158478 -0.02879999950528145
v -0.0264559518545866 0.006505618803203106 -0.02879999950528145
v -0.023891177028417587 0.010784684680402279 -0.02879999950528145
v -0.017255619168281555 0.015705952420830727 -0.02879999950528145
v -0.027668140828609467 0.0016662913840264082 -0.02879999950528145
v -0.027469104155898094 0.001646687975153327 -0.028999999165534973
v -0.027423350140452385 -0.0033165353816002607 -0.02879999950528145
v -0.027227193117141724 -0.0032775173895061016 -0.028999999165534973
v -0.02682659775018692 -0.004876782186329365 -0.028999999165534973
v -0.02627117559313774 -0.006429081782698631 -0.028999999165534973
v -0.02701798640191555 -0.004934839438647032 -0.02879999950528145
v -0.027550000697374344 5.296451027939082e-17 -0.028999999165534973
v -0.02775000035762787 5.281728867396863e-17 -0.02879999950528145
v -0.027469104155898094 -0.001646687975153327 -0.028999999165534973
v -0.027668140828609467 -0.0016662913840264082 -0.02879999950528145
v -0.024718688800930977 -0.009333579801023006 -0.028999999165534973
v -0.025742661207914352 -0.00801374576985836 -0.02879999950528145
v -0.025566278025507927 -0.007919465191662312 -0.028999999165534973
v -0.02373657561838627 -0.010657807812094688 -0.028999999165534973
v -0.024884983897209167 -0.009444693103432655 -0.02879999950528145
v -0.0264559518545866 -0.006505618803203106 -0.02879999950528145
v -0.020083580166101456 -0.013968689367175102 -0.028999999165534973
v -0.02019469439983368 -0.014134982600808144 -0.02879999950528145
v -0.021407807245850563 -0.01298657525330782 -0.028999999165534973
v -0.01866946555674076 -0.014816277660429478 -0.028999999165534973
v -0.018763745203614235 -0.014992661774158478 -0.02879999950528145
v -0.014027517288923264 -0.0164771918207407 -0.028999999165534973
v -0.014066535048186779 -0.01667334884405136 -0.02879999950528145
v -0.015626782551407814 -0.016076598316431046 -0.028999999165534973
v -0.015684839338064194 -0.016267985105514526 -0.02879999950528145
v -0.017179081216454506 -0.015521176159381866 -0.028999999165534973
v -0.017255619168281555 -0.015705952420830727 -0.02879999950528145
v -0.021534685045480728 -0.013141177594661713 -0.02879999950528145
v -0.0226293932646513 -0.011879393830895424 -0.028999999165534973
v -0.023891177028417587 -0.010784684680402279 -0.02879999950528145
v -0.012416291050612926 -0.016918139532208443 -0.02879999950528145
v -0.012396687641739845 -0.01671910285949707 -0.028999999165534973
v -0.02019469439983368 0.014134982600808144 -0.02879999950528145
v -0.01075000036507845 0.017000000923871994 -0.02879999950528145
v -0.02277081459760666 -0.012020815163850784 -0.02879999950528145
v -0.01075000036507845 -0.017000000923871994 -0.02879999950528145
v -0.009083708748221397 0.016918139532208443 -0.02879999950528145
v -0.01075000036507845 -0.01679999940097332 -0.028999999165534973
v -0.009103312157094479 -0.01671910285949707 -0.028999999165534973
v -0.009083708748221397 -0.016918139532208443 -0.02879999950528145
v -0.00587321724742651 -0.016076598316431046 -0.028999999165534973
v -0.00581516046077013 -0.016267985105514526 -0.02879999950528145
v -0.00747248250991106 -0.0164771918207407 -0.028999999165534973
v -0.007433464750647545 -0.01667334884405136 -0.02879999950528145
v -9.219282947015017e-05 -0.01298657525330782 -0.028999999165534973
v -0.0013053059810772538 -0.014134982600808144 -0.02879999950528145
v -0.0014164200983941555 -0.013968689367175102 -0.028999999165534973
v -0.0028305347077548504 -0.014816277660429478 -0.028999999165534973
v -0.004320918116718531 -0.015521176159381866 -0.028999999165534973
v -0.004244381561875343 -0.015705952420830727 -0.02879999950528145
v 0.0023911776952445507 -0.010784684680402279 -0.02879999950528145
v 0.001129393931478262 -0.011879393830895424 -0.028999999165534973
v 0.002236575586721301 -0.010657807812094688 -0.028999999165534973
v 0.0033849833998829126 -0.009444693103432655 -0.02879999950528145
v 0.0032186894677579403 -0.009333579801023006 -0.028999999165534973
v 0.0040662772953510284 -0.007919465191662312 -0.028999999165534973
v 0.005517985671758652 -0.004934839438647032 -0.02879999950528145
v 0.0047711762599647045 -0.006429081782698631 -0.028999999165534973
v 0.005326597485691309 -0.004876782186329365 -0.028999999165534973
v 0.006168140564113855 -0.0016662913840264082 -0.02879999950528145
v 0.0057271928526461124 -0.0032775173895061016 -0.028999999165534973
v 0.005969103425741196 -0.001646687975153327 -0.028999999165534973
v 0.004955952055752277 -0.006505618803203106 -0.02879999950528145
v 0.0012708152644336224 -0.012020815163850784 -0.02879999950528145
v 0.005923349875956774 -0.0033165353816002607 -0.02879999950528145
v 0.0057271928526461124 0.0032775173895061016 -0.028999999165534973
v 0.005326597485691309 0.004876782186329365 -0.028999999165534973
v 0.005517985671758652 0.004934839438647032 -0.02879999950528145
v 0.006049999967217445 5.705842234554032e-17 -0.028999999165534973
v 0.005969103425741196 0.001646687975153327 -0.028999999165534973
v 0.006168140564113855 0.0016662913840264082 -0.02879999950528145
v 0.0042426614090800285 0.00801374576985836 -0.02879999950528145
v 0.0047711762599647045 0.006429081782698631 -0.028999999165534973
v 0.0040662772953510284 0.007919465191662312 -0.028999999165534973
v -0.00587321724742651 0.016076598316431046 -0.028999999165534973
v -0.00581516046077013 0.016267985105514526 -0.02879999950528145
v -0.004320918116718531 0.015521176159381866 -0.028999999165534973
v 0.0023911776952445507 0.010784684680402279 -0.02879999950528145
v 0.0032186894677579403 0.009333579801023006 -0.028999999165534973
v 0.002236575586721301 0.010657807812094688 -0.028999999165534973
v 0.004955952055752277 0.006505618803203106 -0.02879999950528145
v 0.005923349875956774 0.0033165353816002607 -0.02879999950528145
v 0.0012708152644336224 0.012020815163850784 -0.02879999950528145
v 0.001129393931478262 0.011879393830895424 -0.028999999165534973
v 0.0033849833998829126 0.009444693103432655 -0.02879999950528145
v -0.0014164200983941555 0.013968689367175102 -0.028999999165534973
v 3.468583236099221e-05 0.013141177594661713 -0.02879999950528145
v -9.219282947015017e-05 0.01298657525330782 -0.028999999165534973
v -0.00747248250991106 0.0164771918207407 -0.028999999165534973
v -0.0027362557593733072 0.014992661774158478 -0.02879999950528145
v -0.0028305347077548504 0.014816277660429478 -0.028999999165534973
v -0.0013053059810772538 0.014134982600808144 -0.02879999950528145
v -0.009103312157094479 0.01671910285949707 -0.028999999165534973
v 3.468583236099221e-05 -0.013141177594661713 -0.02879999950528145
v -0.0027362557593733072 -0.014992661774158478 -0.02879999950528145
v 0.0042426614090800285 -0.00801374576985836 -0.02879999950528145
v 0.0062500000931322575 5.69599415305322e-17 -0.02879999950528145
v -0.004244381561875343 0.015705952420830727 -0.02879999950528145
v -0.007433464750647545 0.01667334884405136 -0.02879999950528145
v -0.011920541524887085 0.005884711630642414 -0.029200000688433647
v -0.013046100735664368 0.005543277133256197 -0.029200000688433647
v -0.011959560215473175 0.006080868653953075 -0.028999999165534973
v -0.01075000036507845 0.006200000178068876 -0.028999999165534973
v -0.01075000036507845 0.006000000052154064 -0.029200000688433647
v -0.016293277963995934 0.002296100603416562 -0.029200000688433647
v -0.016478052362799644 0.0023726371582597494 -0.028999999165534973
v -0.015738816931843758 0.0033334214240312576 -0.029200000688433647
v -0.014083421789109707 0.004988817498087883 -0.029200000688433647
v -0.013122636824846268 0.00572805292904377 -0.028999999165534973
v -0.015134061686694622 0.004384062252938747 -0.028999999165534973
v -0.014992640353739262 0.0042426404543221 -0.029200000688433647
v -0.014194535091519356 0.005155111663043499 -0.028999999165534973
v -0.016634711995720863 0.0011705419747158885 -0.029200000688433647
v -0.016830869019031525 0.0012095599668100476 -0.028999999165534973
v -0.015905112028121948 -0.0034445354249328375 -0.028999999165534973
v -0.015738816931843758 -0.0033334214240312576 -0.029200000688433647
v -0.014992640353739262 -0.0042426404543221 -0.029200000688433647
v -0.014083421789109707 -0.004988817498087883 -0.029200000688433647
v -0.014194535091519356 -0.005155111663043499 -0.028999999165534973
v -0.016830869019031525 -0.0012095599668100476 -0.028999999165534973
v -0.016634711995720863 -0.0011705419747158885 -0.029200000688433647
v -0.016293277963995934 -0.002296100603416562 -0.029200000688433647
v -0.011959560215473175 -0.006080868653953075 -0.028999999165534973
v -0.013046100735664368 -0.005543277133256197 -0.029200000688433647
v -0.011920541524887085 -0.005884711630642414 -0.029200000688433647
v -0.013122636824846268 -0.00572805292904377 -0.028999999165534973
v -0.016950000077486038 5.360697815243831e-17 -0.028999999165534973
v -0.016750000417232513 5.3754199757860495e-17 -0.029200000688433647
v -0.016478052362799644 -0.0023726371582597494 -0.028999999165534973
v -0.015905112028121948 0.0034445354249328375 -0.028999999165534973
v -0.015134061686694622 -0.004384062252938747 -0.028999999165534973
v -0.01075000036507845 -0.006000000052154064 -0.029200000688433647
v -0.009540439583361149 0.006080868653953075 -0.028999999165534973
v -0.009579458273947239 -0.005884711630642414 -0.029200000688433647
v -0.009540439583361149 -0.006080868653953075 -0.028999999165534973
v -0.007305464707314968 -0.005155111663043499 -0.028999999165534973
v -0.008453899063169956 -0.005543277133256197 -0.029200000688433647
v -0.007416578475385904 -0.004988817498087883 -0.029200000688433647
v -0.006507359445095062 -0.0042426404543221 -0.029200000688433647
v -0.006365938112139702 -0.004384062252938747 -0.028999999165534973
v -0.005761182401329279 -0.0033334214240312576 -0.029200000688433647
v -0.005206722766160965 -0.002296100603416562 -0.029200000688433647
v -0.005594888236373663 -0.0034445354249328375 -0.028999999165534973
v -0.004865288268774748 -0.0011705419747158885 -0.029200000688433647
v -0.005021946970373392 -0.0023726371582597494 -0.028999999165534973
v -0.0046691312454640865 0.0012095599668100476 -0.028999999165534973
v -0.004749999847263098 5.5216310973719426e-17 -0.029200000688433647
v -0.004865288268774748 0.0011705419747158885 -0.029200000688433647
v -0.005594888236373663 0.0034445354249328375 -0.028999999165534973
v -0.005206722766160965 0.002296100603416562 -0.029200000688433647
v -0.005761182401329279 0.0033334214240312576 -0.029200000688433647
v -0.005021946970373392 0.0023726371582597494 -0.028999999165534973
v -0.006507359445095062 0.0042426404543221 -0.029200000688433647
v -0.007416578475385904 0.004988817498087883 -0.029200000688433647
v -0.007305464707314968 0.005155111663043499 -0.028999999165534973
v -0.008453899063169956 0.005543277133256197 -0.029200000688433647
v -0.008377362973988056 0.00572805292904377 -0.028999999165534973
v -0.009579458273947239 0.005884711630642414 -0.029200000688433647
v -0.004550000187009573 5.511782684998886e-17 -0.028999999165534973
v -0.008377362973988056 -0.00572805292904377 -0.028999999165534973
v -0.0046691312454640865 -0.0012095599668100476 -0.028999999165534973
v -0.01075000036507845 -0.006200000178068876 -0.028999999165534973
v -0.006365938112139702 0.004384062252938747 -0.028999999165534973
v -0.01075000036507845 0.005799999926239252 -0.032999999821186066
v -0.01188152376562357 0.005688554607331753 -0.032999999821186066
v -0.01075000036507845 0.006000000052154064 -0.03280000016093254
v -0.014083421789109707 0.004988817498087883 -0.03280000016093254
v -0.012969563715159893 0.005358501337468624 -0.032999999821186066
v -0.013972307555377483 0.004822523798793554 -0.032999999821186066
v -0.013046100735664368 0.005543277133256197 -0.03280000016093254
v -0.015572523698210716 0.0032223074231296778 -0.032999999821186066
v -0.014992640353739262 0.0042426404543221 -0.03280000016093254
v -0.014851219020783901 0.004101219121366739 -0.032999999821186066
v -0.016108501702547073 0.002219563815742731 -0.032999999821186066
v -0.016293277963995934 0.002296100603416562 -0.03280000016093254
v -0.016438554972410202 0.0011315238662064075 -0.032999999821186066
v -0.016634711995720863 0.0011705419747158885 -0.03280000016093254
v -0.01655000075697899 5.633316361934362e-17 -0.032999999821186066
v -0.016750000417232513 5.618594532264389e-17 -0.03280000016093254
v -0.016634711995720863 -0.0011705419747158885 -0.03280000016093254
v -0.016438554972410202 -0.0011315238662064075 -0.032999999821186066
v -0.016108501702547073 -0.002219563815742731 -0.032999999821186066
v -0.014992640353739262 -0.0042426404543221 -0.03280000016093254
v -0.014851219020783901 -0.004101219121366739 -0.032999999821186066
v -0.013972307555377483 -0.004822523798793554 -0.032999999821186066
v -0.015738816931843758 -0.0033334214240312576 -0.03280000016093254
v -0.015572523698210716 -0.0032223074231296778 -0.032999999821186066
v -0.012969563715159893 -0.005358501337468624 -0.032999999821186066
v -0.01188152376562357 -0.005688554607331753 -0.032999999821186066
v -0.011920541524887085 -0.005884711630642414 -0.03280000016093254
v -0.013046100735664368 -0.005543277133256197 -0.03280000016093254
v -0.016293277963995934 -0.002296100603416562 -0.03280000016093254
v -0.011920541524887085 0.005884711630642414 -0.03280000016093254
v -0.015738816931843758 0.0033334214240312576 -0.03280000016093254
v -0.014083421789109707 -0.004988817498087883 -0.03280000016093254
v -0.01075000036507845 -0.006000000052154064 -0.03280000016093254
v -0.009618476033210754 0.005688554607331753 -0.032999999821186066
v -0.009579458273947239 -0.005884711630642414 -0.03280000016093254
v -0.01075000036507845 -0.005799999926239252 -0.032999999821186066
v -0.009618476033210754 -0.005688554607331753 -0.032999999821186066
v -0.007416578475385904 -0.004988817498087883 -0.03280000016093254
v -0.007527692709118128 -0.004822523798793554 -0.032999999821186066
v -0.006648780778050423 -0.004101219121366739 -0.032999999821186066
v -0.00853043608367443 -0.005358501337468624 -0.032999999821186066
v -0.005761182401329279 -0.0033334214240312576 -0.03280000016093254
v -0.005927476100623608 -0.0032223074231296778 -0.032999999821186066
v -0.005391498561948538 -0.002219563815742731 -0.032999999821186066
v -0.006507359445095062 -0.0042426404543221 -0.03280000016093254
v -0.005061445292085409 -0.0011315238662064075 -0.032999999821186066
v -0.004865288268774748 -0.0011705419747158885 -0.03280000016093254
v -0.00494999997317791 5.774653735351093e-17 -0.032999999821186066
v -0.005061445292085409 0.0011315238662064075 -0.032999999821186066
v -0.004865288268774748 0.0011705419747158885 -0.03280000016093254
v -0.005761182401329279 0.0033334214240312576 -0.03280000016093254
v -0.005391498561948538 0.002219563815742731 -0.032999999821186066
v -0.005927476100623608 0.0032223074231296778 -0.032999999821186066
v -0.006648780778050423 0.004101219121366739 -0.032999999821186066
v -0.005206722766160965 0.002296100603416562 -0.03280000016093254
v -0.007416578475385904 0.004988817498087883 -0.03280000016093254
v -0.007527692709118128 0.004822523798793554 -0.032999999821186066
v -0.00853043608367443 0.005358501337468624 -0.032999999821186066
v -0.008453899063169956 0.005543277133256197 -0.03280000016093254
v -0.004749999847263098 5.764805653850282e-17 -0.03280000016093254
v -0.009579458273947239 0.005884711630642414 -0.03280000016093254
v -0.008453899063169956 -0.005543277133256197 -0.03280000016093254
v -0.005206722766160965 -0.002296100603416562 -0.03280000016093254
v -0.006507359445095062 0.0042426404543221 -0.03280000016093254
v -0.011706708930432796 -0.0023096988443285227 -0.03280000016093254
v -0.01075000036507845 -0.0024999999441206455 -0.03280000016093254
v -0.01075000036507845 -0.0027000000700354576 -0.032999999821186066
v -0.013059698976576328 -0.0009567085653543472 -0.03280000016093254
v -0.012517767027020454 -0.0017677668947726488 -0.03280000016093254
v -0.013244474306702614 -0.0010332452366128564 -0.032999999821186066
v -0.011783245019614697 -0.0024944746401160955 -0.032999999821186066
v -0.013059698976576328 0.0009567085653543472 -0.03280000016093254
v -0.013249999843537807 5.639808075381678e-17 -0.03280000016093254
v -0.013450000435113907 5.652105934984627e-17 -0.032999999821186066
v -0.011783245019614697 0.0024944746401160955 -0.032999999821186066
v -0.011706708930432796 0.0023096988443285227 -0.03280000016093254
v -0.012517767027020454 0.0017677668947726488 -0.03280000016093254
v -0.013244474306702614 0.0010332452366128564 -0.032999999821186066
v -0.012659188359975815 -0.001909188344143331 -0.032999999821186066
v -0.012659188359975815 0.001909188344143331 -0.032999999821186066
v -0.01075000036507845 0.0027000000700354576 -0.032999999821186066
v -0.009716754779219627 -0.0024944746401160955 -0.032999999821186066
v -0.009793291799724102 0.0023096988443285227 -0.03280000016093254
v -0.01075000036507845 0.0024999999441206455 -0.03280000016093254
v -0.00898223277181387 0.0017677668947726488 -0.03280000016093254
v -0.00825552549213171 0.0010332452366128564 -0.032999999821186066
v -0.008440300822257996 0.0009567085653543472 -0.03280000016093254
v -0.009716754779219627 0.0024944746401160955 -0.032999999821186066
v -0.009793291799724102 -0.0023096988443285227 -0.03280000016093254
v -0.00898223277181387 -0.0017677668947726488 -0.03280000016093254
v -0.008840811438858509 -0.001909188344143331 -0.032999999821186066
v -0.008440300822257996 -0.0009567085653543472 -0.03280000016093254
v -0.008050000295042992 5.717900542651585e-17 -0.032999999821186066
v -0.008249999955296516 5.700729596623964e-17 -0.03280000016093254
v -0.00825552549213171 -0.0010332452366128564 -0.032999999821186066
v -0.008840811438858509 0.001909188344143331 -0.032999999821186066
v -0.01854090392589569 0.013885819353163242 -0.028999999165534973
v -0.017966877669095993 0.014000000432133675 -0.028999999165534973
v -0.017966877669095993 0.014000000432133675 -0.0286250002682209
v -0.01935269683599472 0.013074025511741638 -0.028999999165534973
v -0.01902753859758377 0.013560660183429718 -0.028999999165534973
v -0.01935269683599472 0.013074025511741638 -0.0286250002682209
v -0.01854090392589569 0.013885819353163242 -0.0286250002682209
v -0.01935269683599472 0.011925974860787392 -0.028999999165534973
v -0.019466878846287727 0.012500000186264515 -0.028999999165534973
v -0.01935269683599472 0.011925974860787392 -0.0286250002682209
v -0.01854090392589569 0.011114181019365788 -0.0286250002682209
v -0.01854090392589569 0.011114181019365788 -0.028999999165534973
v -0.01902753859758377 0.011439340189099312 -0.028999999165534973
v -0.019466878846287727 0.012500000186264515 -0.0286250002682209
v -0.01902753859758377 0.011439340189099312 -0.0286250002682209
v -0.01902753859758377 0.013560660183429718 -0.0286250002682209
v -0.017966877669095993 0.010999999940395355 -0.0286250002682209
v -0.017392853274941444 0.013885819353163242 -0.0286250002682209
v -0.016906218603253365 0.011439340189099312 -0.0286250002682209
v -0.016906218603253365 0.011439340189099312 -0.028999999165534973
v -0.017392853274941444 0.011114181019365788 -0.028999999165534973
v -0.016581058502197266 0.011925974860787392 -0.0286250002682209
v -0.016581058502197266 0.011925974860787392 -0.028999999165534973
v -0.017392853274941444 0.011114181019365788 -0.0286250002682209
v -0.017966877669095993 0.010999999940395355 -0.028999999165534973
v -0.016466878354549408 0.012500000186264515 -0.028999999165534973
v -0.016466878354549408 0.012500000186264515 -0.0286250002682209
v -0.016906218603253365 0.013560660183429718 -0.028999999165534973
v -0.016581058502197266 0.013074025511741638 -0.028999999165534973
v -0.016581058502197266 0.013074025511741638 -0.0286250002682209
v -0.017392853274941444 0.013885819353163242 -0.028999999165534973
v -0.016906218603253365 0.013560660183429718 -0.0286250002682209
v -0.01854090392589569 -0.011114181019365788 -0.028999999165534973
v -0.017966877669095993 -0.010999999940395355 -0.028999999165534973
v -0.017966877669095993 -0.010999999940395355 -0.0286250002682209
v -0.01854090392589569 -0.011114181019365788 -0.0286250002682209
v -0.01902753859758377 -0.011439340189099312 -0.028999999165534973
v -0.01902753859758377 -0.011439340189099312 -0.0286250002682209
v -0.01935269683599472 -0.011925974860787392 -0.028999999165534973
v -0.01935269683599472 -0.013074025511741638 -0.0286250002682209
v -0.01935269683599472 -0.013074025511741638 -0.028999999165534973
v -0.019466878846287727 -0.012500000186264515 -0.028999999165534973
v -0.01854090392589569 -0.013885819353163242 -0.0286250002682209
v -0.01854090392589569 -0.013885819353163242 -0.028999999165534973
v -0.01902753859758377 -0.013560660183429718 -0.028999999165534973
v -0.01902753859758377 -0.013560660183429718 -0.0286250002682209
v -0.019466878846287727 -0.012500000186264515 -0.0286250002682209
v -0.01935269683599472 -0.011925974860787392 -0.0286250002682209
v -0.017966877669095993 -0.014000000432133675 -0.0286250002682209
v -0.017392853274941444 -0.011114181019365788 -0.0286250002682209
v -0.017392853274941444 -0.013885819353163242 -0.0286250002682209
v -0.017392853274941444 -0.013885819353163242 -0.028999999165534973
v -0.017966877669095993 -0.014000000432133675 -0.028999999165534973
v -0.016581058502197266 -0.013074025511741638 -0.0286250002682209
v -0.016581058502197266 -0.013074025511741638 -0.028999999165534973
v -0.016906218603253365 -0.013560660183429718 -0.028999999165534973
v -0.016906218603253365 -0.013560660183429718 -0.0286250002682209
v -0.016906218603253365 -0.011439340189099312 -0.0286250002682209
v -0.016906218603253365 -0.011439340189099312 -0.028999999165534973
v -0.016581058502197266 -0.011925974860787392 -0.028999999165534973
v -0.016581058502197266 -0.011925974860787392 -0.0286250002682209
v -0.016466878354549408 -0.012500000186264515 -0.028999999165534973
v -0.017392853274941444 -0.011114181019365788 -0.028999999165534973
v -0.016466878354549408 -0.012500000186264515 -0.0286250002682209
v 0.0031097314786165953 0.0013858192833140492 -0.028550000861287117
v 0.0031097314786165953 0.0013858192833140492 -0.028999999165534973
v 0.0036837568040937185 0.001500000013038516 -0.028999999165534973
v 0.0022979374043643475 0.0005740251508541405 -0.028550000861287117
v 0.0022979374043643475 0.0005740251508541405 -0.028999999165534973
v 0.0026230965740978718 0.001060660113580525 -0.028999999165534973
v 0.0026230965740978718 0.001060660113580525 -0.028550000861287117
v 0.0021837567910552025 7.462877087757109e-17 -0.028550000861287117
v 0.0022979374043643475 -0.0005740251508541405 -0.028999999165534973
v 0.0021837567910552025 5.3921918898861747e-17 -0.028999999165534973
v 0.0026230965740978718 -0.001060660113580525 -0.028550000861287117
v 0.0031097314786165953 -0.0013858192833140492 -0.028999999165534973
v 0.0026230965740978718 -0.001060660113580525 -0.028999999165534973
v 0.0022979374043643475 -0.0005740251508541405 -0.028550000861287117
v 0.0036837568040937185 0.001500000013038516 -0.028550000861287117
v 0.0031097314786165953 -0.0013858192833140492 -0.028550000861287117
v 0.0036837568040937185 -0.001500000013038516 -0.028999999165534973
v 0.004257781896740198 0.0013858192833140492 -0.028999999165534973
v 0.0036837568040937185 -0.001500000013038516 -0.028550000861287117
v 0.004257781896740198 -0.0013858192833140492 -0.028999999165534973
v 0.004744417034089565 -0.001060660113580525 -0.028550000861287117
v 0.00506957620382309 -0.0005740251508541405 -0.028999999165534973
v 0.004744417034089565 -0.001060660113580525 -0.028999999165534973
v 0.004257781896740198 -0.0013858192833140492 -0.028550000861287117
v 0.00506957620382309 0.0005740251508541405 -0.028550000861287117
v 0.00506957620382309 0.0005740251508541405 -0.028999999165534973
v 0.005183756817132235 5.428744670282648e-17 -0.028999999165534973
v 0.004257781896740198 0.0013858192833140492 -0.028550000861287117
v 0.004744417034089565 0.001060660113580525 -0.028999999165534973
v 0.004744417034089565 0.001060660113580525 -0.028550000861287117
v 0.00506957620382309 -0.0005740251508541405 -0.028550000861287117
v 0.005183756817132235 3.303795100739255e-17 -0.028550000861287117
v -0.009221150539815426 -0.0019780341535806656 -0.04699999839067459
v -0.009883974678814411 0.0023452078457921743 -0.04699999839067459
v -0.009221150539815426 0.0019780341535806656 -0.04699999839067459
v -0.008698773570358753 0.0014291495317593217 -0.04699999839067459
v -0.010626355186104774 0.0024969405494630337 -0.04699999839067459
v -0.010626355186104774 -0.0024969405494630337 -0.04699999839067459
v -0.011380095034837723 0.0024192933924496174 -0.04699999839067459
v -0.01207595132291317 -0.0021193991415202618 -0.04699999839067459
v -0.012649999931454659 0.0016248077154159546 -0.04699999839067459
v -0.01207595132291317 0.0021193991415202618 -0.04699999839067459
v -0.008698773570358753 -0.0014291495317593217 -0.04699999839067459
v -0.008364830166101456 0.000748976890463382 -0.04699999839067459
v -0.008364830166101456 -0.000748976890463382 -0.04699999839067459
v -0.009883974678814411 -0.0023452078457921743 -0.04699999839067459
v -0.012649999931454659 -0.0016248077154159546 -0.04699999839067459
v -0.011380095034837723 -0.0024192933924496174 -0.04699999839067459
v -0.008249999955296516 6.568070158788686e-17 -0.04699999839067459
v -0.012649999931454659 -0.0016248077154159546 -0.04699999839067459
v -0.012649999931454659 -0.0016248077154159546 -0.03700000047683716
v -0.012649999931454659 0.0016248077154159546 -0.04699999839067459
v -0.012649999931454659 0.0016248077154159546 -0.03700000047683716
v -0.013095207512378693 0.0008660253952257335 -0.03700000047683716
v -0.012649999931454659 0.0016248077154159546 -0.03700000047683716
v -0.013095207512378693 -0.0008660253952257335 -0.03700000047683716
v -0.013249999843537807 5.923512496641646e-17 -0.03700000047683716
v -0.012649999931454659 -0.0016248077154159546 -0.03700000047683716
v -0.011380095034837723 0.0024192933924496174 -0.04699999839067459
v -0.01075000036507845 0.0024999999441206455 -0.03280000016093254
v -0.01075000036507845 0.0024999999441206455 -0.04699999839067459
v -0.011706708930432796 0.0023096988443285227 -0.03280000016093254
v -0.01207595132291317 0.0021193991415202618 -0.04699999839067459
v -0.012649999931454659 0.0016248077154159546 -0.04699999839067459
v -0.012649999931454659 0.0016248077154159546 -0.03700000047683716
v -0.013095207512378693 0.0008660253952257335 -0.03700000047683716
v -0.013059698976576328 0.0009567085653543472 -0.03280000016093254
v -0.013249999843537807 5.923512496641646e-17 -0.03700000047683716
v -0.013249999843537807 5.639808075381678e-17 -0.03280000016093254
v -0.012649999931454659 -0.0016248077154159546 -0.04699999839067459
v -0.01207595132291317 -0.0021193991415202618 -0.04699999839067459
v -0.012649999931454659 -0.0016248077154159546 -0.03700000047683716
v -0.012517767027020454 0.0017677668947726488 -0.03280000016093254
v -0.013095207512378693 -0.0008660253952257335 -0.03700000047683716
v -0.013059698976576328 -0.0009567085653543472 -0.03280000016093254
v -0.012517767027020454 -0.0017677668947726488 -0.03280000016093254
v -0.011706708930432796 -0.0023096988443285227 -0.03280000016093254
v -0.011380095034837723 -0.0024192933924496174 -0.04699999839067459
v -0.010626355186104774 0.0024969405494630337 -0.04699999839067459
v -0.010626355186104774 -0.0024969405494630337 -0.04699999839067459
v -0.01075000036507845 -0.0024999999441206455 -0.03280000016093254
v -0.009883974678814411 -0.0023452078457921743 -0.04699999839067459
v -0.009221150539815426 -0.0019780341535806656 -0.04699999839067459
v -0.009793291799724102 -0.0023096988443285227 -0.03280000016093254
v -0.008698773570358753 -0.0014291495317593217 -0.04699999839067459
v -0.00898223277181387 -0.0017677668947726488 -0.03280000016093254
v -0.008364830166101456 -0.000748976890463382 -0.04699999839067459
v -0.008249999955296516 6.568070158788686e-17 -0.04699999839067459
v -0.008249999955296516 5.700729596623964e-17 -0.03280000016093254
v -0.008364830166101456 0.000748976890463382 -0.04699999839067459
v -0.008698773570358753 0.0014291495317593217 -0.04699999839067459
v -0.008440300822257996 0.0009567085653543472 -0.03280000016093254
v -0.009221150539815426 0.0019780341535806656 -0.04699999839067459
v -0.00898223277181387 0.0017677668947726488 -0.03280000016093254
v -0.008440300822257996 -0.0009567085653543472 -0.03280000016093254
v -0.009883974678814411 0.0023452078457921743 -0.04699999839067459
v -0.009793291799724102 0.0023096988443285227 -0.03280000016093254
v -0.01075000036507845 0.017000000923871994 -0.009200000204145908
v -0.01075000036507845 0.017000000923871994 -0.018799999728798866
v -0.012416291050612926 0.016918139532208443 -0.018799999728798866
v -0.013467456214129925 0.01678140088915825 -0.009200000204145908
v -0.014066535048186779 0.01667334884405136 -0.018799999728798866
v -0.01611502654850483 0.01613122783601284 -0.012500000186264515
v -0.015684839338064194 0.016267985105514526 -0.018799999728798866
v -0.017255619168281555 0.015705952420830727 -0.018799999728798866
v -0.02203753963112831 0.012711862102150917 -0.012500000186264515
v -0.021534685045480728 0.013141177594661713 -0.018799999728798866
v -0.02277081459760666 0.012020815163850784 -0.018799999728798866
v -0.020694710314273834 0.013787774369120598 -0.012500000186264515
v -0.02019469439983368 0.014134982600808144 -0.018799999728798866
v -0.018763745203614235 0.014992661774158478 -0.018799999728798866
v -0.01924999989569187 0.014722432009875774 -0.012500000186264515
v -0.025472432374954224 0.008500000461935997 -0.009200000204145908
v -0.024884983897209167 0.009444693103432655 -0.018799999728798866
v -0.025742661207914352 0.00801374576985836 -0.018799999728798866
v -0.0264559518545866 0.006505618803203106 -0.018799999728798866
v -0.02664184756577015 0.006037314888089895 -0.009200000204145908
v -0.023924391716718674 0.010744086466729641 -0.009200000204145908
v -0.023891177028417587 0.010784684680402279 -0.018799999728798866
v -0.02701798640191555 0.004934839438647032 -0.018799999728798866
v -0.027423350140452385 0.0033165353816002607 -0.018799999728798866
v -0.027402564883232117 0.0034193650353699923 -0.012500000186264515
v -0.017718207091093063 0.015506260097026825 -0.012500000186264515
v -0.027743957936763763 -0.00045317274634726346 -0.012500000186264515
v -0.02775000035762787 4.6062439147632e-17 -0.018799999728798866
v -0.027668140828609467 -0.0016662913840264082 -0.018799999728798866
v -0.027743957936763763 0.00045317274634726346 -0.012500000186264515
v -0.027668140828609467 0.0016662913840264082 -0.018799999728798866
v -0.02203753963112831 -0.012711862102150917 -0.012500000186264515
v -0.02277081459760666 -0.012020815163850784 -0.018799999728798866
v -0.021534685045480728 -0.013141177594661713 -0.018799999728798866
v -0.02664184756577015 -0.006037314888089895 -0.009200000204145908
v -0.02701798640191555 -0.004934839438647032 -0.018799999728798866
v -0.0264559518545866 -0.006505618803203106 -0.018799999728798866
v -0.027402564883232117 -0.0034193650353699923 -0.012500000186264515
v -0.027423350140452385 -0.0033165353816002607 -0.018799999728798866
v -0.025742661207914352 -0.00801374576985836 -0.018799999728798866
v -0.024884983897209167 -0.009444693103432655 -0.018799999728798866
v -0.025472432374954224 -0.008500000461935997 -0.009200000204145908
v -0.02019469439983368 -0.014134982600808144 -0.018799999728798866
v -0.020694710314273834 -0.013787774369120598 -0.012500000186264515
v -0.023924391716718674 -0.010744086466729641 -0.009200000204145908
v -0.023891177028417587 -0.010784684680402279 -0.018799999728798866
v -0.01611502654850483 -0.01613122783601284 -0.012500000186264515
v -0.015684839338064194 -0.016267985105514526 -0.018799999728798866
v -0.014066535048186779 -0.01667334884405136 -0.018799999728798866
v -0.017255619168281555 -0.015705952420830727 -0.018799999728798866
v -0.013467456214129925 -0.01678140088915825 -0.009200000204145908
v -0.012416291050612926 -0.016918139532208443 -0.018799999728798866
v -0.02763850800693035 0.0019437784794718027 -0.012500000186264515
v -0.02763850800693035 -0.0019437784794718027 -0.012500000186264515
v -0.01611502654850483 0.01613122783601284 -0.009200000204145908
v -0.02203753963112831 0.012711862102150917 -0.009200000204145908
v -0.027402564883232117 0.0034193650353699923 -0.009200000204145908
v -0.01924999989569187 -0.014722432009875774 -0.012500000186264515
v -0.017718207091093063 -0.015506260097026825 -0.012500000186264515
v -0.018763745203614235 -0.014992661774158478 -0.018799999728798866
v -0.027402564883232117 -0.0034193650353699923 -0.009200000204145908
v -0.02203753963112831 -0.012711862102150917 -0.009200000204145908
v -0.01611502654850483 -0.01613122783601284 -0.009200000204145908
v -0.01075000036507845 -0.017000000923871994 -0.009200000204145908
v -0.009083708748221397 0.016918139532208443 -0.018799999728798866
v -0.01075000036507845 -0.017000000923871994 -0.018799999728798866
v -0.009083708748221397 -0.016918139532208443 -0.018799999728798866
v -0.005384974181652069 -0.01613122783601284 -0.012500000186264515
v -0.007433464750647545 -0.01667334884405136 -0.018799999728798866
v -0.00581516046077013 -0.016267985105514526 -0.018799999728798866
v -0.008032544516026974 -0.01678140088915825 -0.009200000204145908
v -0.0018605615478008986 -0.014490613713860512 -0.012500000186264515
v -0.0027362557593733072 -0.014992661774158478 -0.018799999728798866
v -0.0013053059810772538 -0.014134982600808144 -0.018799999728798866
v -0.003989106975495815 -0.015597767196595669 -0.012500000186264515
v -0.004244381561875343 -0.015705952420830727 -0.018799999728798866
v 0.0005375398905016482 -0.012711862102150917 -0.012500000186264515
v 3.468583236099221e-05 -0.013141177594661713 -0.018799999728798866
v 0.0012708152644336224 -0.012020815163850784 -0.018799999728798866
v 0.00242439191788435 -0.010744086466729641 -0.009200000204145908
v 0.0023911776952445507 -0.010784684680402279 -0.018799999728798866
v 0.0033849833998829126 -0.009444693103432655 -0.018799999728798866
v -0.0006223841337487102 -0.013653988018631935 -0.012500000186264515
v 0.005141847766935825 -0.006037314888089895 -0.009200000204145908
v 0.0042426614090800285 -0.00801374576985836 -0.018799999728798866
v 0.004955952055752277 -0.006505618803203106 -0.018799999728798866
v 0.006162918172776699 -0.0017184853786602616 -0.012500000186264515
v 0.005923349875956774 -0.0033165353816002607 -0.018799999728798866
v 0.006168140564113855 -0.0016662913840264082 -0.018799999728798866
v 0.005517985671758652 -0.004934839438647032 -0.018799999728798866
v 0.003972431644797325 -0.008500000461935997 -0.009200000204145908
v 0.00590256555005908 -0.0034193650353699923 -0.012500000186264515
v 0.006168140564113855 0.0016662913840264082 -0.018799999728798866
v 0.005923349875956774 0.0033165353816002607 -0.018799999728798866
v 0.006162918172776699 0.0017184853786602616 -0.012500000186264515
v 0.0062500000931322575 3.9703828987042975e-17 -0.012500000186264515
v 0.0062500000931322575 5.0205085386750674e-17 -0.018799999728798866
v 0.00242439191788435 0.010744086466729641 -0.009200000204145908
v 0.0033849833998829126 0.009444693103432655 -0.018799999728798866
v 0.0023911776952445507 0.010784684680402279 -0.018799999728798866
v 0.003972431644797325 0.008500000461935997 -0.009200000204145908
v 0.0042426614090800285 0.00801374576985836 -0.018799999728798866
v 0.005517985671758652 0.004934839438647032 -0.018799999728798866
v 0.004955952055752277 0.006505618803203106 -0.018799999728798866
v 0.005141847766935825 0.006037314888089895 -0.009200000204145908
v 3.468583236099221e-05 0.013141177594661713 -0.018799999728798866
v -0.0013053059810772538 0.014134982600808144 -0.018799999728798866
v -0.0006223841337487102 0.013653988018631935 -0.012500000186264515
v 0.0012708152644336224 0.012020815163850784 -0.018799999728798866
v 0.0005375398905016482 0.012711862102150917 -0.012500000186264515
v -0.0018605615478008986 0.014490613713860512 -0.012500000186264515
v -0.0027362557593733072 0.014992661774158478 -0.018799999728798866
v 0.00590256555005908 0.0034193650353699923 -0.012500000186264515
v -0.003989106975495815 0.015597767196595669 -0.012500000186264515
v -0.004244381561875343 0.015705952420830727 -0.018799999728798866
v -0.005384974181652069 0.01613122783601284 -0.012500000186264515
v -0.00581516046077013 0.016267985105514526 -0.018799999728798866
v -0.007433464750647545 0.01667334884405136 -0.018799999728798866
v -0.008032544516026974 0.01678140088915825 -0.009200000204145908
v -0.0026454797480255365 -0.014943785965442657 -0.012500000186264515
v -0.005384974181652069 -0.01613122783601284 -0.009200000204145908
v 0.0005375398905016482 -0.012711862102150917 -0.009200000204145908
v 0.00590256555005908 -0.0034193650353699923 -0.009200000204145908
v -0.0026454797480255365 0.014943785965442657 -0.012500000186264515
v 0.00590256555005908 0.0034193650353699923 -0.009200000204145908
v 0.0005375398905016482 0.012711862102150917 -0.009200000204145908
v -0.005384974181652069 0.01613122783601284 -0.009200000204145908
v 0.0004967751447111368 -0.012479986064136028 -0.008999999612569809
v 0.0002660175086930394 -0.010897188447415829 -0.008999999612569809
v 4.958580120728584e-06 -0.011628135107457638 -0.008999999612569809
v 0.0008574732346460223 -0.010394581593573093 -0.008999999612569809
v 0.001620964496396482 -0.010254885070025921 -0.008999999612569809
v 0.0023520677350461483 -0.010515503585338593 -0.008999999612569809
v -0.01337452232837677 -0.016593730077147484 -0.008999999612569809
v -0.015934597700834274 -0.015979986637830734 -0.008999999612569809
v -0.013467456214129925 -0.01678140088915825 -0.009200000204145908
v -0.01075000036507845 -0.01679999940097332 -0.008999999612569809
v -0.01075000036507845 -0.017000000923871994 -0.009200000204145908
v -0.01611502654850483 -0.01613122783601284 -0.009200000204145908
v -0.016135070472955704 -0.016056422144174576 -0.009135396219789982
v -0.008125477470457554 -0.016593730077147484 -0.008999999612569809
v -0.008032544516026974 -0.01678140088915825 -0.009200000204145908
v -0.005565402563661337 -0.015979986637830734 -0.008999999612569809
v -0.005384974181652069 -0.01613122783601284 -0.009200000204145908
v -0.005364930257201195 -0.016056422144174576 -0.009135396219789982
v 0.005162567365914583 -0.005387968383729458 -0.008999999612569809
v 0.004427626263350248 -0.007202753331512213 -0.008999999612569809
v 0.005141847766935825 -0.006037314888089895 -0.009200000204145908
v 0.005681372247636318 -0.0035000001080334187 -0.008999999612569809
v 0.00590256555005908 -0.0034193650353699923 -0.009200000204145908
v 0.005847804248332977 -0.0033646035008132458 -0.009135396219789982
v 0.003972431644797325 -0.008500000461935997 -0.009200000204145908
v 0.0023520677350461483 -0.010515503585338593 -0.008999999612569809
v 0.0004967751447111368 -0.012479986064136028 -0.008999999612569809
v 0.00242439191788435 -0.010744086466729641 -0.009200000204145908
v 0.003486532485112548 -0.008919705636799335 -0.008999999612569809
v 0.0005375398905016482 -0.012711862102150917 -0.009200000204145908
v 0.00046273411135189235 -0.012691818177700043 -0.009135396219789982
v -0.02199677750468254 -0.012479986064136028 -0.008999999612569809
v -0.023852067068219185 -0.010515503585338593 -0.008999999612569809
v -0.023924391716718674 -0.010744086466729641 -0.009200000204145908
v -0.02498653158545494 -0.008919705636799335 -0.008999999612569809
v -0.02203753963112831 -0.012711862102150917 -0.009200000204145908
v -0.021962733939290047 -0.012691818177700043 -0.009135396219789982
v -0.025472432374954224 -0.008500000461935997 -0.009200000204145908
v -0.02664184756577015 -0.006037314888089895 -0.009200000204145908
v -0.025927625596523285 -0.007202753331512213 -0.008999999612569809
v -0.026662567630410194 -0.005387968383729458 -0.008999999612569809
v -0.027402564883232117 -0.0034193650353699923 -0.009200000204145908
v -0.027181372046470642 -0.0035000001080334187 -0.008999999612569809
v -0.027347803115844727 -0.0033646035008132458 -0.009135396219789982
v -0.027181372046470642 0.0035000001080334187 -0.008999999612569809
v -0.026662567630410194 0.005387968383729458 -0.008999999612569809
v -0.027402564883232117 0.0034193650353699923 -0.009200000204145908
v -0.025927625596523285 0.007202753331512213 -0.008999999612569809
v -0.02664184756577015 0.006037314888089895 -0.009200000204145908
v -0.027347803115844727 0.0033646035008132458 -0.009135396219789982
v -0.025472432374954224 0.008500000461935997 -0.009200000204145908
v -0.023924391716718674 0.010744086466729641 -0.009200000204145908
v -0.02498653158545494 0.008919705636799335 -0.008999999612569809
v -0.023852067068219185 0.010515503585338593 -0.008999999612569809
v -0.02199677750468254 0.012479986064136028 -0.008999999612569809
v -0.02203753963112831 0.012711862102150917 -0.009200000204145908
v -0.021962733939290047 0.012691818177700043 -0.009135396219789982
v -0.015934597700834274 0.015979986637830734 -0.008999999612569809
v -0.01337452232837677 0.016593730077147484 -0.008999999612569809
v -0.013467456214129925 0.01678140088915825 -0.009200000204145908
v -0.01075000036507845 0.017000000923871994 -0.009200000204145908
v -0.01611502654850483 0.01613122783601284 -0.009200000204145908
v -0.016135070472955704 0.016056422144174576 -0.009135396219789982
v -0.01075000036507845 0.01679999940097332 -0.008999999612569809
v -0.008032544516026974 0.01678140088915825 -0.009200000204145908
v -0.008125477470457554 0.016593730077147484 -0.008999999612569809
v -0.005565402563661337 0.015979986637830734 -0.008999999612569809
v -0.005384974181652069 0.01613122783601284 -0.009200000204145908
v -0.005364930257201195 0.016056422144174576 -0.009135396219789982
v 0.0004967751447111368 0.012479986064136028 -0.008999999612569809
v 0.0023520677350461483 0.010515503585338593 -0.008999999612569809
v 0.00242439191788435 0.010744086466729641 -0.009200000204145908
v 0.003486532485112548 0.008919705636799335 -0.008999999612569809
v 0.0005375398905016482 0.012711862102150917 -0.009200000204145908
v 0.00046273411135189235 0.012691818177700043 -0.009135396219789982
v 0.003972431644797325 0.008500000461935997 -0.009200000204145908
v 0.005162567365914583 0.005387968383729458 -0.008999999612569809
v 0.005681372247636318 0.0035000001080334187 -0.008999999612569809
v 0.00590256555005908 0.0034193650353699923 -0.009200000204145908
v 0.004427626263350248 0.007202753331512213 -0.008999999612569809
v 0.005141847766935825 0.006037314888089895 -0.009200000204145908
v 0.005847804248332977 0.0033646035008132458 -0.009135396219789982
v -0.012416291050612926 0.016918139532208443 -0.018799999728798866
v -0.012396687641739845 0.01671910285949707 -0.01899999938905239
v -0.014027517288923264 0.0164771918207407 -0.01899999938905239
v -0.01075000036507845 0.01679999940097332 -0.01899999938905239
v -0.01075000036507845 0.017000000923871994 -0.018799999728798866
v -0.02373657561838627 0.010657807812094688 -0.01899999938905239
v -0.023891177028417587 0.010784684680402279 -0.018799999728798866
v -0.0226293932646513 0.011879393830895424 -0.01899999938905239
v -0.015684839338064194 0.016267985105514526 -0.018799999728798866
v -0.015626782551407814 0.016076598316431046 -0.01899999938905239
v -0.017179081216454506 0.015521176159381866 -0.01899999938905239
v -0.021534685045480728 0.013141177594661713 -0.018799999728798866
v -0.020083580166101456 0.013968689367175102 -0.01899999938905239
v -0.021407807245850563 0.01298657525330782 -0.01899999938905239
v -0.017255619168281555 0.015705952420830727 -0.018799999728798866
v -0.01866946555674076 0.014816277660429478 -0.01899999938905239
v -0.018763745203614235 0.014992661774158478 -0.018799999728798866
v -0.02627117559313774 0.006429081782698631 -0.01899999938905239
v -0.0264559518545866 0.006505618803203106 -0.018799999728798866
v -0.025566278025507927 0.007919465191662312 -0.01899999938905239
v -0.024884983897209167 0.009444693103432655 -0.018799999728798866
v -0.024718688800930977 0.009333579801023006 -0.01899999938905239
v -0.027423350140452385 0.0033165353816002607 -0.018799999728798866
v -0.02682659775018692 0.004876782186329365 -0.01899999938905239
v -0.027227193117141724 0.0032775173895061016 -0.01899999938905239
v -0.02277081459760666 0.012020815163850784 -0.018799999728798866
v -0.014066535048186779 0.01667334884405136 -0.018799999728798866
v -0.027469104155898094 0.001646687975153327 -0.01899999938905239
v -0.027668140828609467 0.0016662913840264082 -0.018799999728798866
v -0.02701798640191555 0.004934839438647032 -0.018799999728798866
v -0.02775000035762787 4.6062439147632e-17 -0.018799999728798866
v -0.027550000697374344 4.8267060768543034e-17 -0.01899999938905239
v -0.027423350140452385 -0.0033165353816002607 -0.018799999728798866
v -0.027227193117141724 -0.0032775173895061016 -0.01899999938905239
v -0.02682659775018692 -0.004876782186329365 -0.01899999938905239
v -0.027668140828609467 -0.0016662913840264082 -0.018799999728798866
v -0.027469104155898094 -0.001646687975153327 -0.01899999938905239
v -0.02701798640191555 -0.004934839438647032 -0.018799999728798866
v -0.02627117559313774 -0.006429081782698631 -0.01899999938905239
v -0.024884983897209167 -0.009444693103432655 -0.018799999728798866
v -0.024718688800930977 -0.009333579801023006 -0.01899999938905239
v -0.02373657561838627 -0.010657807812094688 -0.01899999938905239
v -0.025566278025507927 -0.007919465191662312 -0.01899999938905239
v -0.025742661207914352 -0.00801374576985836 -0.018799999728798866
v -0.0226293932646513 -0.011879393830895424 -0.01899999938905239
v -0.023891177028417587 -0.010784684680402279 -0.018799999728798866
v -0.020083580166101456 -0.013968689367175102 -0.01899999938905239
v -0.021534685045480728 -0.013141177594661713 -0.018799999728798866
v -0.021407807245850563 -0.01298657525330782 -0.01899999938905239
v -0.017255619168281555 -0.015705952420830727 -0.018799999728798866
v -0.01866946555674076 -0.014816277660429478 -0.01899999938905239
v -0.017179081216454506 -0.015521176159381866 -0.01899999938905239
v -0.015626782551407814 -0.016076598316431046 -0.01899999938905239
v -0.015684839338064194 -0.016267985105514526 -0.018799999728798866
v -0.02019469439983368 -0.014134982600808144 -0.018799999728798866
v -0.014027517288923264 -0.0164771918207407 -0.01899999938905239
v -0.014066535048186779 -0.01667334884405136 -0.018799999728798866
v -0.012396687641739845 -0.01671910285949707 -0.01899999938905239
v -0.012416291050612926 -0.016918139532208443 -0.018799999728798866
v -0.0264559518545866 -0.006505618803203106 -0.018799999728798866
v -0.02019469439983368 0.014134982600808144 -0.018799999728798866
v -0.025742661207914352 0.00801374576985836 -0.018799999728798866
v -0.02277081459760666 -0.012020815163850784 -0.018799999728798866
v -0.018763745203614235 -0.014992661774158478 -0.018799999728798866
v -0.01075000036507845 -0.017000000923871994 -0.018799999728798866
v -0.009083708748221397 0.016918139532208443 -0.018799999728798866
v -0.004320918116718531 -0.015521176159381866 -0.01899999938905239
v -0.00581516046077013 -0.016267985105514526 -0.018799999728798866
v -0.00587321724742651 -0.016076598316431046 -0.01899999938905239
v -0.01075000036507845 -0.01679999940097332 -0.01899999938905239
v -0.009103312157094479 -0.01671910285949707 -0.01899999938905239
v -0.009083708748221397 -0.016918139532208443 -0.018799999728798866
v -0.0028305347077548504 -0.014816277660429478 -0.01899999938905239
v -0.004244381561875343 -0.015705952420830727 -0.018799999728798866
v -9.219282947015017e-05 -0.01298657525330782 -0.01899999938905239
v -0.0013053059810772538 -0.014134982600808144 -0.018799999728798866
v -0.0014164200983941555 -0.013968689367175102 -0.01899999938905239
v -0.007433464750647545 -0.01667334884405136 -0.018799999728798866
v -0.00747248250991106 -0.0164771918207407 -0.01899999938905239
v 0.0012708152644336224 -0.012020815163850784 -0.018799999728798866
v 0.001129393931478262 -0.011879393830895424 -0.01899999938905239
v 0.002236575586721301 -0.010657807812094688 -0.01899999938905239
v -0.0027362557593733072 -0.014992661774158478 -0.018799999728798866
v 3.468583236099221e-05 -0.013141177594661713 -0.018799999728798866
v 0.0047711762599647045 -0.006429081782698631 -0.01899999938905239
v 0.0042426614090800285 -0.00801374576985836 -0.018799999728798866
v 0.0040662772953510284 -0.007919465191662312 -0.01899999938905239
v 0.0032186894677579403 -0.009333579801023006 -0.01899999938905239
v 0.005326597485691309 -0.004876782186329365 -0.01899999938905239
v 0.004955952055752277 -0.006505618803203106 -0.018799999728798866
v 0.0023911776952445507 -0.010784684680402279 -0.018799999728798866
v 0.0057271928526461124 -0.0032775173895061016 -0.01899999938905239
v 0.005969103425741196 -0.001646687975153327 -0.01899999938905239
v 0.005923349875956774 -0.0033165353816002607 -0.018799999728798866
v 0.005517985671758652 -0.004934839438647032 -0.018799999728798866
v 0.006168140564113855 0.0016662913840264082 -0.018799999728798866
v 0.006049999967217445 4.413134630295756e-17 -0.01899999938905239
v 0.005969103425741196 0.001646687975153327 -0.01899999938905239
v 0.006168140564113855 -0.0016662913840264082 -0.018799999728798866
v 0.004955952055752277 0.006505618803203106 -0.018799999728798866
v 0.005326597485691309 0.004876782186329365 -0.01899999938905239
v 0.0047711762599647045 0.006429081782698631 -0.01899999938905239
v 0.0032186894677579403 0.009333579801023006 -0.01899999938905239
v 0.0033849833998829126 0.009444693103432655 -0.018799999728798866
v 0.0040662772953510284 0.007919465191662312 -0.01899999938905239
v 0.005517985671758652 0.004934839438647032 -0.018799999728798866
v 0.0057271928526461124 0.0032775173895061016 -0.01899999938905239
v 0.0042426614090800285 0.00801374576985836 -0.018799999728798866
v 0.0012708152644336224 0.012020815163850784 -0.018799999728798866
v 0.002236575586721301 0.010657807812094688 -0.01899999938905239
v 0.001129393931478262 0.011879393830895424 -0.01899999938905239
v 0.0023911776952445507 0.010784684680402279 -0.018799999728798866
v 3.468583236099221e-05 0.013141177594661713 -0.018799999728798866
v -9.219282947015017e-05 0.01298657525330782 -0.01899999938905239
v -0.0014164200983941555 0.013968689367175102 -0.01899999938905239
v -0.00587321724742651 0.016076598316431046 -0.01899999938905239
v -0.004244381561875343 0.015705952420830727 -0.018799999728798866
v -0.004320918116718531 0.015521176159381866 -0.01899999938905239
v -0.0027362557593733072 0.014992661774158478 -0.018799999728798866
v -0.0028305347077548504 0.014816277660429478 -0.01899999938905239
v -0.0013053059810772538 0.014134982600808144 -0.018799999728798866
v -0.009103312157094479 0.01671910285949707 -0.01899999938905239
v -0.007433464750647545 0.01667334884405136 -0.018799999728798866
v -0.00747248250991106 0.0164771918207407 -0.01899999938905239
v -0.00581516046077013 0.016267985105514526 -0.018799999728798866
v 0.0033849833998829126 -0.009444693103432655 -0.018799999728798866
v 0.005923349875956774 0.0033165353816002607 -0.018799999728798866
v 0.0062500000931322575 5.0205085386750674e-17 -0.018799999728798866
v 0.0036837568040937185 -0.003000000026077032 -0.012500000186264515
v 0.0036837568040937185 -0.003000000026077032 -0.009499999694526196
v 0.005483199842274189 -0.003000000026077032 -0.012500000186264515
v 0.005483199842274189 -0.003000000026077032 -0.009499999694526196
v 0.0025357063859701157 0.0027716385666280985 -0.009499999694526196
v 0.0025357063859701157 0.0027716385666280985 -0.012500000186264515
v 0.0036837568040937185 0.003000000026077032 -0.012500000186264515
v 0.0006837567198090255 4.305288807264562e-17 -0.012500000186264515
v 0.0009121181210502982 0.001148050301708281 -0.012500000186264515
v 0.0009121181210502982 0.001148050301708281 -0.009499999694526196
v 0.0036837568040937185 0.003000000026077032 -0.009499999694526196
v 0.001562436344102025 0.00212132022716105 -0.012500000186264515
v 0.001562436344102025 0.00212132022716105 -0.009499999694526196
v 0.0006837567198090255 4.102642792078871e-17 -0.009499999694526196
v 0.001562436344102025 -0.00212132022716105 -0.012500000186264515
v 0.0009121181210502982 -0.001148050301708281 -0.012500000186264515
v 0.001562436344102025 -0.00212132022716105 -0.009499999694526196
v 0.0025357063859701157 -0.0027716385666280985 -0.012500000186264515
v 0.0036837568040937185 -0.003000000026077032 -0.012500000186264515
v 0.0025357063859701157 -0.0027716385666280985 -0.009499999694526196
v 0.0009121181210502982 -0.001148050301708281 -0.009499999694526196
v 0.0036837568040937185 -0.003000000026077032 -0.009499999694526196
v 0.005483199842274189 0.003000000026077032 -0.012500000186264515
v 0.005483199842274189 0.003000000026077032 -0.009499999694526196
v 0.0036837568040937185 0.003000000026077032 -0.009499999694526196
v 0.0036837568040937185 0.003000000026077032 -0.012500000186264515
v 0.00590256555005908 -0.0034193650353699923 -0.012500000186264515
v 0.006162918172776699 -0.0017184853786602616 -0.012500000186264515
v 0.005483199842274189 -0.003000000026077032 -0.012500000186264515
v 0.004257781896740198 -0.0013858192833140492 -0.012500000186264515
v 0.0036837568040937185 -0.003000000026077032 -0.012500000186264515
v 0.004744417034089565 -0.001060660113580525 -0.012500000186264515
v 0.0062500000931322575 3.9703828987042975e-17 -0.012500000186264515
v 0.005183756817132235 4.25908448348082e-17 -0.012500000186264515
v 0.00506957620382309 -0.0005740251508541405 -0.012500000186264515
v 0.00506957620382309 0.0005740251508541405 -0.012500000186264515
v 0.0025357063859701157 -0.0027716385666280985 -0.012500000186264515
v 0.0031097314786165953 -0.0013858192833140492 -0.012500000186264515
v 0.0036837568040937185 -0.001500000013038516 -0.012500000186264515
v 0.0026230965740978718 -0.001060660113580525 -0.012500000186264515
v 0.001562436344102025 -0.00212132022716105 -0.012500000186264515
v 0.0022979374043643475 -0.0005740251508541405 -0.012500000186264515
v 0.0009121181210502982 -0.001148050301708281 -0.012500000186264515
v 0.0021837567910552025 4.296010487769677e-17 -0.012500000186264515
v 0.004744417034089565 0.001060660113580525 -0.012500000186264515
v 0.006162918172776699 0.0017184853786602616 -0.012500000186264515
v 0.0036837568040937185 0.001500000013038516 -0.012500000186264515
v 0.004257781896740198 0.0013858192833140492 -0.012500000186264515
v 0.0036837568040937185 0.003000000026077032 -0.012500000186264515
v 0.005483199842274189 0.003000000026077032 -0.012500000186264515
v 0.00590256555005908 0.0034193650353699923 -0.012500000186264515
v 0.0031097314786165953 0.0013858192833140492 -0.012500000186264515
v 0.0009121181210502982 0.001148050301708281 -0.012500000186264515
v 0.0022979374043643475 0.0005740251508541405 -0.012500000186264515
v 0.0006837567198090255 4.305288807264562e-17 -0.012500000186264515
v 0.0026230965740978718 0.001060660113580525 -0.012500000186264515
v 0.001562436344102025 0.00212132022716105 -0.012500000186264515
v 0.0025357063859701157 0.0027716385666280985 -0.012500000186264515
v 0.005483199842274189 0.003000000026077032 -0.012500000186264515
v 0.00590256555005908 0.0034193650353699923 -0.012500000186264515
v 0.005847804248332977 0.0033646035008132458 -0.009135396219789982
v 0.005483199842274189 0.003000000026077032 -0.009499999694526196
v 0.00590256555005908 0.0034193650353699923 -0.009200000204145908
v 0.005847804248332977 0.0033646035008132458 -0.009135396219789982
v 0.0036837568040937185 0.0035000001080334187 -0.008999999612569809
v 0.0036837568040937185 0.003000000026077032 -0.009499999694526196
v 0.005483199842274189 0.003000000026077032 -0.009499999694526196
v 0.005681372247636318 0.0035000001080334187 -0.008999999612569809
v 0.0030009406618773937 0.0034327483735978603 -0.008999999612569809
v 0.0036837568040937185 0.003000000026077032 -0.009499999694526196
v 0.0036837568040937185 0.0035000001080334187 -0.008999999612569809
v 0.0025357063859701157 0.0027716385666280985 -0.009499999694526196
v 0.0009121181210502982 0.001148050301708281 -0.009499999694526196
v 0.001562436344102025 0.00212132022716105 -0.009499999694526196
v 0.0007736131083220243 0.0019444958306849003 -0.008999999612569809
v 0.0017392608569934964 0.002910143695771694 -0.008999999612569809
v 0.0006837567198090255 4.102642792078871e-17 -0.009499999694526196
v 0.00025100825587287545 0.0006828161422163248 -0.008999999612569809
v 0.0023443647660315037 0.0032335782889276743 -0.008999999612569809
v 0.0004501783405430615 0.0013393920380622149 -0.008999999612569809
v 0.001208883011713624 0.0024748737923800945 -0.008999999612569809
v 0.00018375672516413033 4.0719616705425443e-17 -0.008999999612569809
v 0.0007736131083220243 -0.0019444958306849003 -0.008999999612569809
v 0.001562436344102025 -0.00212132022716105 -0.009499999694526196
v 0.0009121181210502982 -0.001148050301708281 -0.009499999694526196
v 0.001208883011713624 -0.0024748737923800945 -0.008999999612569809
v 0.0004501783405430615 -0.0013393920380622149 -0.008999999612569809
v 0.0036837568040937185 -0.003000000026077032 -0.009499999694526196
v 0.0025357063859701157 -0.0027716385666280985 -0.009499999694526196
v 0.0030009406618773937 -0.0034327483735978603 -0.008999999612569809
v 0.0017392608569934964 -0.002910143695771694 -0.008999999612569809
v 0.0036837568040937185 -0.0035000001080334187 -0.008999999612569809
v 0.00025100825587287545 -0.0006828161422163248 -0.008999999612569809
v 0.0023443647660315037 -0.0032335782889276743 -0.008999999612569809
v 0.0036837568040937185 -0.0035000001080334187 -0.008999999612569809
v 0.005681372247636318 -0.0035000001080334187 -0.008999999612569809
v 0.005847804248332977 -0.0033646035008132458 -0.009135396219789982
v 0.005483199842274189 -0.003000000026077032 -0.009499999694526196
v 0.0036837568040937185 -0.003000000026077032 -0.009499999694526196
v 0.005847804248332977 -0.0033646035008132458 -0.009135396219789982
v 0.00590256555005908 -0.0034193650353699923 -0.012500000186264515
v 0.005483199842274189 -0.003000000026077032 -0.012500000186264515
v 0.005483199842274189 -0.003000000026077032 -0.009499999694526196
v 0.00590256555005908 -0.0034193650353699923 -0.009200000204145908
v -0.0009350454201921821 0.010999999940395355 -0.012500000186264515
v -0.0009350454201921821 0.010999999940395355 -0.009499999694526196
v -3.532352275215089e-05 0.012558364309370518 -0.012500000186264515
v -3.532352275215089e-05 0.012558364309370518 -0.009499999694526196
v -0.006507456302642822 0.012891578488051891 -0.012500000186264515
v -0.006131197791546583 0.014000000432133675 -0.012500000186264515
v -0.006507456302642822 0.012891578488051891 -0.009499999694526196
v -0.006430899258702993 0.011723542585968971 -0.012500000186264515
v -0.006430899258702993 0.011723542585968971 -0.009499999694526196
v -0.006131197791546583 0.014000000432133675 -0.009499999694526196
v -0.005913181696087122 0.010673715732991695 -0.009499999694526196
v -0.005913181696087122 0.010673715732991695 -0.012500000186264515
v -0.005033121444284916 0.009901924058794975 -0.009499999694526196
v -0.005033121444284916 0.009901924058794975 -0.012500000186264515
v -0.002756664529442787 0.009602222591638565 -0.012500000186264515
v -0.003924700431525707 0.009525665082037449 -0.012500000186264515
v -0.002756664529442787 0.009602222591638565 -0.009499999694526196
v -0.0017068373272195458 0.010119940154254436 -0.009499999694526196
v -0.0017068373272195458 0.010119940154254436 -0.012500000186264515
v -0.003924700431525707 0.009525665082037449 -0.009499999694526196
v -0.0052314759232103825 0.015558363869786263 -0.012500000186264515
v -0.0052314759232103825 0.015558363869786263 -0.009499999694526196
v -0.006131197791546583 -0.014000000432133675 -0.012500000186264515
v -0.006131197791546583 -0.014000000432133675 -0.009499999694526196
v -0.0052314759232103825 -0.015558363869786263 -0.012500000186264515
v -0.0052314759232103825 -0.015558363869786263 -0.009499999694526196
v -0.003924700431525707 -0.009525665082037449 -0.012500000186264515
v -0.0035331216640770435 -0.009499999694526196 -0.012500000186264515
v -0.0035331216640770435 -0.009499999694526196 -0.009499999694526196
v -0.005913181696087122 -0.010673715732991695 -0.012500000186264515
v -0.005033121444284916 -0.009901924058794975 -0.012500000186264515
v -0.005913181696087122 -0.010673715732991695 -0.009499999694526196
v -0.006430899258702993 -0.011723542585968971 -0.012500000186264515
v -0.006430899258702993 -0.011723542585968971 -0.009499999694526196
v -0.003924700431525707 -0.009525665082037449 -0.009499999694526196
v -0.005033121444284916 -0.009901924058794975 -0.009499999694526196
v -0.006507456302642822 -0.012891578488051891 -0.009499999694526196
v -0.002756664529442787 -0.009602222591638565 -0.012500000186264515
v -0.006507456302642822 -0.012891578488051891 -0.012500000186264515
v -0.002756664529442787 -0.009602222591638565 -0.009499999694526196
v -0.0017068373272195458 -0.010119940154254436 -0.012500000186264515
v -0.0009350454201921821 -0.010999999940395355 -0.012500000186264515
v -0.0009350454201921821 -0.010999999940395355 -0.009499999694526196
v -0.0017068373272195458 -0.010119940154254436 -0.009499999694526196
v -3.532352275215089e-05 -0.012558364309370518 -0.012500000186264515
v -3.532352275215089e-05 -0.012558364309370518 -0.009499999694526196
v -0.020564954727888107 -0.010999999940395355 -0.012500000186264515
v -0.020564954727888107 -0.010999999940395355 -0.009499999694526196
v -0.021464675664901733 -0.012558364309370518 -0.012500000186264515
v -0.021464675664901733 -0.012558364309370518 -0.009499999694526196
v -0.01874333620071411 -0.009602222591638565 -0.012500000186264515
v -0.017966877669095993 -0.009499999694526196 -0.012500000186264515
v -0.01874333620071411 -0.009602222591638565 -0.009499999694526196
v -0.019793162122368813 -0.010119940154254436 -0.012500000186264515
v -0.019793162122368813 -0.010119940154254436 -0.009499999694526196
v -0.017966877669095993 -0.009499999694526196 -0.009499999694526196
v -0.015368802472949028 -0.014000000432133675 -0.009499999694526196
v -0.014992543496191502 -0.012891578488051891 -0.009499999694526196
v -0.015368802472949028 -0.014000000432133675 -0.012500000186264515
v -0.017575299367308617 -0.009525665082037449 -0.009499999694526196
v -0.015069101005792618 -0.011723542585968971 -0.012500000186264515
v -0.014992543496191502 -0.012891578488051891 -0.012500000186264515
v -0.017575299367308617 -0.009525665082037449 -0.012500000186264515
v -0.016466878354549408 -0.009901924058794975 -0.012500000186264515
v -0.015069101005792618 -0.011723542585968971 -0.009499999694526196
v -0.01558681856840849 -0.010673715732991695 -0.012500000186264515
v -0.01558681856840849 -0.010673715732991695 -0.009499999694526196
v -0.016466878354549408 -0.009901924058794975 -0.009499999694526196
v -0.016268523409962654 -0.015558363869786263 -0.012500000186264515
v -0.016268523409962654 -0.015558363869786263 -0.009499999694526196
v -0.016268523409962654 -0.015558363869786263 -0.012500000186264515
v -0.017718207091093063 -0.015506260097026825 -0.012500000186264515
v -0.01611502654850483 -0.01613122783601284 -0.012500000186264515
v -0.017392853274941444 -0.013885819353163242 -0.012500000186264515
v -0.015368802472949028 -0.014000000432133675 -0.012500000186264515
v -0.016906218603253365 -0.013560660183429718 -0.012500000186264515
v -0.016581058502197266 -0.013074025511741638 -0.012500000186264515
v -0.014992543496191502 -0.012891578488051891 -0.012500000186264515
v -0.017966877669095993 -0.014000000432133675 -0.012500000186264515
v -0.01854090392589569 -0.013885819353163242 -0.012500000186264515
v -0.01924999989569187 -0.014722432009875774 -0.012500000186264515
v -0.01902753859758377 -0.013560660183429718 -0.012500000186264515
v -0.020694710314273834 -0.013787774369120598 -0.012500000186264515
v -0.019466878846287727 -0.012500000186264515 -0.012500000186264515
v -0.021464675664901733 -0.012558364309370518 -0.012500000186264515
v -0.02203753963112831 -0.012711862102150917 -0.012500000186264515
v -0.01935269683599472 -0.013074025511741638 -0.012500000186264515
v -0.016466878354549408 -0.012500000186264515 -0.012500000186264515
v -0.015069101005792618 -0.011723542585968971 -0.012500000186264515
v -0.016581058502197266 -0.011925974860787392 -0.012500000186264515
v -0.01558681856840849 -0.010673715732991695 -0.012500000186264515
v -0.016906218603253365 -0.011439340189099312 -0.012500000186264515
v -0.016466878354549408 -0.009901924058794975 -0.012500000186264515
v -0.017392853274941444 -0.011114181019365788 -0.012500000186264515
v -0.017575299367308617 -0.009525665082037449 -0.012500000186264515
v -0.017966877669095993 -0.010999999940395355 -0.012500000186264515
v -0.01902753859758377 -0.011439340189099312 -0.012500000186264515
v -0.01854090392589569 -0.011114181019365788 -0.012500000186264515
v -0.019793162122368813 -0.010119940154254436 -0.012500000186264515
v -0.01935269683599472 -0.011925974860787392 -0.012500000186264515
v -0.020564954727888107 -0.010999999940395355 -0.012500000186264515
v -0.017966877669095993 -0.009499999694526196 -0.012500000186264515
v -0.01874333620071411 -0.009602222591638565 -0.012500000186264515
v -0.02518375590443611 0.003000000026077032 -0.012500000186264515
v -0.02518375590443611 0.003000000026077032 -0.009499999694526196
v -0.026983199641108513 0.003000000026077032 -0.009499999694526196
v -0.026983199641108513 0.003000000026077032 -0.012500000186264515
v -0.024035707116127014 -0.0027716385666280985 -0.009499999694526196
v -0.024035707116127014 -0.0027716385666280985 -0.012500000186264515
v -0.02518375590443611 -0.003000000026077032 -0.012500000186264515
v -0.023062435910105705 -0.00212132022716105 -0.012500000186264515
v -0.023062435910105705 -0.00212132022716105 -0.009499999694526196
v -0.02518375590443611 -0.003000000026077032 -0.009499999694526196
v -0.022412117570638657 -0.001148050301708281 -0.009499999694526196
v -0.022412117570638657 -0.001148050301708281 -0.012500000186264515
v -0.024035707116127014 0.0027716385666280985 -0.009499999694526196
v -0.02518375590443611 0.003000000026077032 -0.009499999694526196
v -0.02518375590443611 0.003000000026077032 -0.012500000186264515
v -0.02218375727534294 4.225422533889097e-17 -0.012500000186264515
v -0.02218375727534294 4.022776849575651e-17 -0.009499999694526196
v -0.022412117570638657 0.001148050301708281 -0.012500000186264515
v -0.022412117570638657 0.001148050301708281 -0.009499999694526196
v -0.023062435910105705 0.00212132022716105 -0.009499999694526196
v -0.023062435910105705 0.00212132022716105 -0.012500000186264515
v -0.024035707116127014 0.0027716385666280985 -0.012500000186264515
v -0.026983199641108513 -0.003000000026077032 -0.012500000186264515
v -0.026983199641108513 -0.003000000026077032 -0.009499999694526196
v -0.02518375590443611 -0.003000000026077032 -0.009499999694526196
v -0.02518375590443611 -0.003000000026077032 -0.012500000186264515
v -0.015368802472949028 0.014000000432133675 -0.012500000186264515
v -0.015368802472949028 0.014000000432133675 -0.009499999694526196
v -0.016268523409962654 0.015558363869786263 -0.012500000186264515
v -0.016268523409962654 0.015558363869786263 -0.009499999694526196
v -0.019793162122368813 0.010119940154254436 -0.009499999694526196
v -0.019793162122368813 0.010119940154254436 -0.012500000186264515
v -0.020564954727888107 0.010999999940395355 -0.012500000186264515
v -0.017575299367308617 0.009525665082037449 -0.009499999694526196
v -0.017575299367308617 0.009525665082037449 -0.012500000186264515
v -0.01874333620071411 0.009602222591638565 -0.012500000186264515
v -0.01874333620071411 0.009602222591638565 -0.009499999694526196
v -0.020564954727888107 0.010999999940395355 -0.009499999694526196
v -0.016466878354549408 0.009901924058794975 -0.009499999694526196
v -0.016466878354549408 0.009901924058794975 -0.012500000186264515
v -0.014992543496191502 0.012891578488051891 -0.009499999694526196
v -0.014992543496191502 0.012891578488051891 -0.012500000186264515
v -0.015069101005792618 0.011723542585968971 -0.012500000186264515
v -0.01558681856840849 0.010673715732991695 -0.012500000186264515
v -0.01558681856840849 0.010673715732991695 -0.009499999694526196
v -0.015069101005792618 0.011723542585968971 -0.009499999694526196
v -0.021464675664901733 0.012558364309370518 -0.012500000186264515
v -0.021464675664901733 0.012558364309370518 -0.009499999694526196
v -0.017392853274941444 0.011114181019365788 -0.012500000186264515
v -0.016466878354549408 0.009901924058794975 -0.012500000186264515
v -0.016906218603253365 0.011439340189099312 -0.012500000186264515
v -0.017575299367308617 0.009525665082037449 -0.012500000186264515
v -0.017966877669095993 0.010999999940395355 -0.012500000186264515
v -0.01558681856840849 0.010673715732991695 -0.012500000186264515
v -0.015069101005792618 0.011723542585968971 -0.012500000186264515
v -0.016466878354549408 0.012500000186264515 -0.012500000186264515
v -0.016581058502197266 0.011925974860787392 -0.012500000186264515
v -0.014992543496191502 0.012891578488051891 -0.012500000186264515
v -0.019793162122368813 0.010119940154254436 -0.012500000186264515
v -0.01874333620071411 0.009602222591638565 -0.012500000186264515
v -0.01854090392589569 0.011114181019365788 -0.012500000186264515
v -0.01902753859758377 0.011439340189099312 -0.012500000186264515
v -0.020564954727888107 0.010999999940395355 -0.012500000186264515
v -0.01935269683599472 0.011925974860787392 -0.012500000186264515
v -0.019466878846287727 0.012500000186264515 -0.012500000186264515
v -0.021464675664901733 0.012558364309370518 -0.012500000186264515
v -0.016906218603253365 0.013560660183429718 -0.012500000186264515
v -0.016581058502197266 0.013074025511741638 -0.012500000186264515
v -0.015368802472949028 0.014000000432133675 -0.012500000186264515
v -0.016268523409962654 0.015558363869786263 -0.012500000186264515
v -0.017392853274941444 0.013885819353163242 -0.012500000186264515
v -0.017718207091093063 0.015506260097026825 -0.012500000186264515
v -0.01611502654850483 0.01613122783601284 -0.012500000186264515
v -0.017966877669095993 0.014000000432133675 -0.012500000186264515
v -0.020694710314273834 0.013787774369120598 -0.012500000186264515
v -0.02203753963112831 0.012711862102150917 -0.012500000186264515
v -0.01935269683599472 0.013074025511741638 -0.012500000186264515
v -0.01902753859758377 0.013560660183429718 -0.012500000186264515
v -0.01854090392589569 0.013885819353163242 -0.012500000186264515
v -0.01924999989569187 0.014722432009875774 -0.012500000186264515
v -0.0052314759232103825 0.015558363869786263 -0.012500000186264515
v -0.005384974181652069 0.01613122783601284 -0.012500000186264515
v -0.005364930257201195 0.016056422144174576 -0.009135396219789982
v -0.0052314759232103825 0.015558363869786263 -0.009499999694526196
v -0.005384974181652069 0.01613122783601284 -0.009200000204145908
v -0.005364930257201195 0.016056422144174576 -0.009135396219789982
v -0.006564210634678602 0.01425000000745058 -0.008999999612569809
v -0.006131197791546583 0.014000000432133675 -0.009499999694526196
v -0.0052314759232103825 0.015558363869786263 -0.009499999694526196
v -0.005565402563661337 0.015979986637830734 -0.008999999612569809
v -0.006847376935184002 0.013625037856400013 -0.008999999612569809
v -0.006507456302642822 0.012891578488051891 -0.009499999694526196
v -0.006430899258702993 0.011723542585968971 -0.009499999694526196
v -0.007025627885013819 0.012271089479327202 -0.008999999612569809
v -0.005913181696087122 0.010673715732991695 -0.009499999694526196
v -0.006672176066786051 0.010951989330351353 -0.008999999612569809
v -0.005033121444284916 0.009901924058794975 -0.009499999694526196
v -0.0058408319018781185 0.00986856035888195 -0.008999999612569809
v -0.007003178820014 0.012956841848790646 -0.008999999612569809
v -0.006913862191140652 0.011594133451581001 -0.008999999612569809
v -0.006309858523309231 0.010369335301220417 -0.008999999612569809
v -0.005283121485263109 0.009468911215662956 -0.008999999612569809
v -0.003924700431525707 0.009525665082037449 -0.009499999694526196
v -0.003304210724309087 0.00900749396532774 -0.008999999612569809
v -0.002756664529442787 0.009602222591638565 -0.009499999694526196
v -0.0019851112738251686 0.009360945783555508 -0.008999999612569809
v -0.0017068373272195458 0.010119940154254436 -0.009499999694526196
v -0.0005020326934754848 0.01075000036507845 -0.008999999612569809
v -0.0009350454201921821 0.010999999940395355 -0.009499999694526196
v -0.0009016823023557663 0.01019228994846344 -0.008999999612569809
v -0.0014024566626176238 0.00972326286137104 -0.008999999612569809
v -0.004658159799873829 0.00918574444949627 -0.008999999612569809
v -0.003989963326603174 0.009029942564666271 -0.008999999612569809
v -0.00262725492939353 0.00911925919353962 -0.008999999612569809
v 4.958580120728584e-06 0.011628135107457638 -0.008999999612569809
v 0.00046273411135189235 0.012691818177700043 -0.009135396219789982
v -3.532352275215089e-05 0.012558364309370518 -0.009499999694526196
v 0.0004967751447111368 0.012479986064136028 -0.008999999612569809
v 0.00046273411135189235 0.012691818177700043 -0.009135396219789982
v 0.0005375398905016482 0.012711862102150917 -0.012500000186264515
v -3.532352275215089e-05 0.012558364309370518 -0.012500000186264515
v -3.532352275215089e-05 0.012558364309370518 -0.009499999694526196
v 0.0005375398905016482 0.012711862102150917 -0.009200000204145908
v -0.021464675664901733 0.012558364309370518 -0.012500000186264515
v -0.02203753963112831 0.012711862102150917 -0.012500000186264515
v -0.021962733939290047 0.012691818177700043 -0.009135396219789982
v -0.021464675664901733 0.012558364309370518 -0.009499999694526196
v -0.02203753963112831 0.012711862102150917 -0.009200000204145908
v -0.020564954727888107 0.010999999940395355 -0.009499999694526196
v -0.02150495909154415 0.011628135107457638 -0.008999999612569809
v -0.020997967571020126 0.01075000036507845 -0.008999999612569809
v -0.021464675664901733 0.012558364309370518 -0.009499999694526196
v -0.021962733939290047 0.012691818177700043 -0.009135396219789982
v -0.02199677750468254 0.012479986064136028 -0.008999999612569809
v -0.020598318427801132 0.01019228994846344 -0.008999999612569809
v -0.019793162122368813 0.010119940154254436 -0.009499999694526196
v -0.019514888525009155 0.009360945783555508 -0.008999999612569809
v -0.01874333620071411 0.009602222591638565 -0.009499999694526196
v -0.016841839998960495 0.00918574444949627 -0.008999999612569809
v -0.016466878354549408 0.009901924058794975 -0.009499999694526196
v -0.017575299367308617 0.009525665082037449 -0.009499999694526196
v -0.016216877847909927 0.009468911215662956 -0.008999999612569809
v -0.01819578930735588 0.00900749396532774 -0.008999999612569809
v -0.017510036006569862 0.009029942564666271 -0.008999999612569809
v -0.02009754255414009 0.00972326286137104 -0.008999999612569809
v -0.01887274533510208 0.00911925919353962 -0.008999999612569809
v -0.015069101005792618 0.011723542585968971 -0.009499999694526196
v -0.01558681856840849 0.010673715732991695 -0.009499999694526196
v -0.01482782419770956 0.010951989330351353 -0.008999999612569809
v -0.014992543496191502 0.012891578488051891 -0.009499999694526196
v -0.014474371448159218 0.012271089479327202 -0.008999999612569809
v -0.014586137607693672 0.011594133451581001 -0.008999999612569809
v -0.014652622863650322 0.013625037856400013 -0.008999999612569809
v -0.015368802472949028 0.014000000432133675 -0.009499999694526196
v -0.014935789629817009 0.01425000000745058 -0.008999999612569809
v -0.014496820978820324 0.012956841848790646 -0.008999999612569809
v -0.015659168362617493 0.00986856035888195 -0.008999999612569809
v -0.015190141275525093 0.010369335301220417 -0.008999999612569809
v -0.015934597700834274 0.015979986637830734 -0.008999999612569809
v -0.016135070472955704 0.016056422144174576 -0.009135396219789982
v -0.016268523409962654 0.015558363869786263 -0.009499999694526196
v -0.016135070472955704 0.016056422144174576 -0.009135396219789982
v -0.01611502654850483 0.01613122783601284 -0.012500000186264515
v -0.016268523409962654 0.015558363869786263 -0.012500000186264515
v -0.016268523409962654 0.015558363869786263 -0.009499999694526196
v -0.01611502654850483 0.01613122783601284 -0.009200000204145908
v -0.026983199641108513 -0.003000000026077032 -0.012500000186264515
v -0.027402564883232117 -0.0034193650353699923 -0.012500000186264515
v -0.027347803115844727 -0.0033646035008132458 -0.009135396219789982
v -0.026983199641108513 -0.003000000026077032 -0.009499999694526196
v -0.027402564883232117 -0.0034193650353699923 -0.009200000204145908
v -0.027347803115844727 -0.0033646035008132458 -0.009135396219789982
v -0.02518375590443611 -0.0035000001080334187 -0.008999999612569809
v -0.02518375590443611 -0.003000000026077032 -0.009499999694526196
v -0.026983199641108513 -0.003000000026077032 -0.009499999694526196
v -0.027181372046470642 -0.0035000001080334187 -0.008999999612569809
v -0.024035707116127014 -0.0027716385666280985 -0.009499999694526196
v -0.02518375590443611 -0.003000000026077032 -0.009499999694526196
v -0.02450093999505043 -0.0034327483735978603 -0.008999999612569809
v -0.022273613139986992 -0.0019444958306849003 -0.008999999612569809
v -0.022412117570638657 -0.001148050301708281 -0.009499999694526196
v -0.023062435910105705 -0.00212132022716105 -0.009499999694526196
v -0.02195017784833908 -0.0013393920380622149 -0.008999999612569809
v -0.0232392605394125 -0.002910143695771694 -0.008999999612569809
v -0.02270888350903988 -0.0024748737923800945 -0.008999999612569809
v -0.02518375590443611 -0.0035000001080334187 -0.008999999612569809
v -0.023844365030527115 -0.0032335782889276743 -0.008999999612569809
v -0.021751008927822113 -0.0006828161422163248 -0.008999999612569809
v -0.02450093999505043 0.0034327483735978603 -0.008999999612569809
v -0.02518375590443611 0.0035000001080334187 -0.008999999612569809
v -0.02518375590443611 0.003000000026077032 -0.009499999694526196
v -0.02168375626206398 3.979786618780045e-17 -0.008999999612569809
v -0.02218375727534294 4.022776849575651e-17 -0.009499999694526196
v -0.021751008927822113 0.0006828161422163248 -0.008999999612569809
v -0.023062435910105705 0.00212132022716105 -0.009499999694526196
v -0.022412117570638657 0.001148050301708281 -0.009499999694526196
v -0.022273613139986992 0.0019444958306849003 -0.008999999612569809
v -0.024035707116127014 0.0027716385666280985 -0.009499999694526196
v -0.0232392605394125 0.002910143695771694 -0.008999999612569809
v -0.02195017784833908 0.0013393920380622149 -0.008999999612569809
v -0.02270888350903988 0.0024748737923800945 -0.008999999612569809
v -0.023844365030527115 0.0032335782889276743 -0.008999999612569809
v -0.02518375590443611 0.0035000001080334187 -0.008999999612569809
v -0.027181372046470642 0.0035000001080334187 -0.008999999612569809
v -0.027347803115844727 0.0033646035008132458 -0.009135396219789982
v -0.026983199641108513 0.003000000026077032 -0.009499999694526196
v -0.02518375590443611 0.003000000026077032 -0.009499999694526196
v -0.027347803115844727 0.0033646035008132458 -0.009135396219789982
v -0.027402564883232117 0.0034193650353699923 -0.012500000186264515
v -0.026983199641108513 0.003000000026077032 -0.012500000186264515
v -0.026983199641108513 0.003000000026077032 -0.009499999694526196
v -0.027402564883232117 0.0034193650353699923 -0.009200000204145908
v -0.016268523409962654 -0.015558363869786263 -0.012500000186264515
v -0.01611502654850483 -0.01613122783601284 -0.012500000186264515
v -0.016135070472955704 -0.016056422144174576 -0.009135396219789982
v -0.016268523409962654 -0.015558363869786263 -0.009499999694526196
v -0.01611502654850483 -0.01613122783601284 -0.009200000204145908
v -0.016135070472955704 -0.016056422144174576 -0.009135396219789982
v -0.014935789629817009 -0.01425000000745058 -0.008999999612569809
v -0.015368802472949028 -0.014000000432133675 -0.009499999694526196
v -0.016268523409962654 -0.015558363869786263 -0.009499999694526196
v -0.015934597700834274 -0.015979986637830734 -0.008999999612569809
v -0.01819578930735588 -0.00900749396532774 -0.008999999612569809
v -0.01874333620071411 -0.009602222591638565 -0.009499999694526196
v -0.017966877669095993 -0.009499999694526196 -0.009499999694526196
v -0.01887274533510208 -0.00911925919353962 -0.008999999612569809
v -0.017966877669095993 -0.008999999612569809 -0.008999999612569809
v -0.020598318427801132 -0.01019228994846344 -0.008999999612569809
v -0.020564954727888107 -0.010999999940395355 -0.009499999694526196
v -0.019793162122368813 -0.010119940154254436 -0.009499999694526196
v -0.014652622863650322 -0.013625037856400013 -0.008999999612569809
v -0.019514888525009155 -0.009360945783555508 -0.008999999612569809
v -0.020997967571020126 -0.01075000036507845 -0.008999999612569809
v -0.02009754255414009 -0.00972326286137104 -0.008999999612569809
v -0.014992543496191502 -0.012891578488051891 -0.009499999694526196
v -0.017575299367308617 -0.009525665082037449 -0.009499999694526196
v -0.014586137607693672 -0.011594133451581001 -0.008999999612569809
v -0.015069101005792618 -0.011723542585968971 -0.009499999694526196
v -0.014474371448159218 -0.012271089479327202 -0.008999999612569809
v -0.014496820978820324 -0.012956841848790646 -0.008999999612569809
v -0.01482782419770956 -0.010951989330351353 -0.008999999612569809
v -0.016466878354549408 -0.009901924058794975 -0.009499999694526196
v -0.01558681856840849 -0.010673715732991695 -0.009499999694526196
v -0.015659168362617493 -0.00986856035888195 -0.008999999612569809
v -0.016841839998960495 -0.00918574444949627 -0.008999999612569809
v -0.015190141275525093 -0.010369335301220417 -0.008999999612569809
v -0.016216877847909927 -0.009468911215662956 -0.008999999612569809
v -0.017510036006569862 -0.009029942564666271 -0.008999999612569809
v -0.02150495909154415 -0.011628135107457638 -0.008999999612569809
v -0.021962733939290047 -0.012691818177700043 -0.009135396219789982
v -0.021464675664901733 -0.012558364309370518 -0.009499999694526196
v -0.02199677750468254 -0.012479986064136028 -0.008999999612569809
v -0.021962733939290047 -0.012691818177700043 -0.009135396219789982
v -0.02203753963112831 -0.012711862102150917 -0.012500000186264515
v -0.021464675664901733 -0.012558364309370518 -0.012500000186264515
v -0.021464675664901733 -0.012558364309370518 -0.009499999694526196
v -0.02203753963112831 -0.012711862102150917 -0.009200000204145908
v -3.532352275215089e-05 -0.012558364309370518 -0.012500000186264515
v 0.0005375398905016482 -0.012711862102150917 -0.012500000186264515
v 0.00046273411135189235 -0.012691818177700043 -0.009135396219789982
v -3.532352275215089e-05 -0.012558364309370518 -0.009499999694526196
v 0.0005375398905016482 -0.012711862102150917 -0.009200000204145908
v -0.0009350454201921821 -0.010999999940395355 -0.009499999694526196
v 4.958580120728584e-06 -0.011628135107457638 -0.008999999612569809
v -0.0005020326934754848 -0.01075000036507845 -0.008999999612569809
v -3.532352275215089e-05 -0.012558364309370518 -0.009499999694526196
v 0.00046273411135189235 -0.012691818177700043 -0.009135396219789982
v 0.0004967751447111368 -0.012479986064136028 -0.008999999612569809
v -0.003989963326603174 -0.009029942564666271 -0.008999999612569809
v -0.003924700431525707 -0.009525665082037449 -0.009499999694526196
v -0.0035331216640770435 -0.009499999694526196 -0.009499999694526196
v -0.004658159799873829 -0.00918574444949627 -0.008999999612569809
v -0.0035331216640770435 -0.008999999612569809 -0.008999999612569809
v -0.005283121485263109 -0.009468911215662956 -0.008999999612569809
v -0.005033121444284916 -0.009901924058794975 -0.009499999694526196
v -0.006430899258702993 -0.011723542585968971 -0.009499999694526196
v -0.005913181696087122 -0.010673715732991695 -0.009499999694526196
v -0.006672176066786051 -0.010951989330351353 -0.008999999612569809
v -0.0058408319018781185 -0.00986856035888195 -0.008999999612569809
v -0.006309858523309231 -0.010369335301220417 -0.008999999612569809
v -0.006913862191140652 -0.011594133451581001 -0.008999999612569809
v -0.007025627885013819 -0.012271089479327202 -0.008999999612569809
v -0.006507456302642822 -0.012891578488051891 -0.009499999694526196
v -0.003304210724309087 -0.00900749396532774 -0.008999999612569809
v -0.006131197791546583 -0.014000000432133675 -0.009499999694526196
v -0.006847376935184002 -0.013625037856400013 -0.008999999612569809
v -0.006564210634678602 -0.01425000000745058 -0.008999999612569809
v -0.0019851112738251686 -0.009360945783555508 -0.008999999612569809
v -0.0017068373272195458 -0.010119940154254436 -0.009499999694526196
v -0.0014024566626176238 -0.00972326286137104 -0.008999999612569809
v -0.0009016823023557663 -0.01019228994846344 -0.008999999612569809
v -0.002756664529442787 -0.009602222591638565 -0.009499999694526196
v -0.007003178820014 -0.012956841848790646 -0.008999999612569809
v -0.00262725492939353 -0.00911925919353962 -0.008999999612569809
v -0.005565402563661337 -0.015979986637830734 -0.008999999612569809
v -0.005364930257201195 -0.016056422144174576 -0.009135396219789982
v -0.0052314759232103825 -0.015558363869786263 -0.009499999694526196
v -0.005364930257201195 -0.016056422144174576 -0.009135396219789982
v -0.005384974181652069 -0.01613122783601284 -0.012500000186264515
v -0.0052314759232103825 -0.015558363869786263 -0.012500000186264515
v -0.0052314759232103825 -0.015558363869786263 -0.009499999694526196
v -0.005384974181652069 -0.01613122783601284 -0.009200000204145908
v -0.019006242975592613 0.012930518947541714 -0.028999999165534973
v -0.0187623742967844 0.013295494951307774 -0.028999999165534973
v -0.018397396430373192 0.01353936456143856 -0.028999999165534973
v -0.017536358907818794 0.01353936456143856 -0.028999999165534973
v -0.018397396430373192 0.01146063581109047 -0.028999999165534973
v -0.017966877669095993 0.011374999769032001 -0.028999999165534973
v -0.019091878086328506 0.012500000186264515 -0.028999999165534973
v -0.019006242975592613 0.012069481424987316 -0.028999999165534973
v -0.0187623742967844 0.011704503558576107 -0.028999999165534973
v -0.017966877669095993 0.013624999672174454 -0.028999999165534973
v -0.017171382904052734 0.013295494951307774 -0.028999999165534973
v -0.016927514225244522 0.012930518947541714 -0.028999999165534973
v -0.016927514225244522 0.012069481424987316 -0.028999999165534973
v -0.01684187911450863 0.012500000186264515 -0.028999999165534973
v -0.017536358907818794 0.01146063581109047 -0.028999999165534973
v -0.017171382904052734 0.011704503558576107 -0.028999999165534973
v -0.01854090392589569 0.013885819353163242 -0.0286250002682209
v -0.017966877669095993 0.013624999672174454 -0.028999999165534973
v -0.018397396430373192 0.01353936456143856 -0.028999999165534973
v -0.01935269683599472 0.013074025511741638 -0.0286250002682209
v -0.0187623742967844 0.013295494951307774 -0.028999999165534973
v -0.019006242975592613 0.012930518947541714 -0.028999999165534973
v -0.01902753859758377 0.013560660183429718 -0.0286250002682209
v -0.019091878086328506 0.012500000186264515 -0.028999999165534973
v -0.019006242975592613 0.012069481424987316 -0.028999999165534973
v -0.01935269683599472 0.011925974860787392 -0.0286250002682209
v -0.018397396430373192 0.01146063581109047 -0.028999999165534973
v -0.01902753859758377 0.011439340189099312 -0.0286250002682209
v -0.0187623742967844 0.011704503558576107 -0.028999999165534973
v -0.019466878846287727 0.012500000186264515 -0.0286250002682209
v -0.017966877669095993 0.014000000432133675 -0.0286250002682209
v -0.01854090392589569 0.011114181019365788 -0.0286250002682209
v -0.017966877669095993 0.010999999940395355 -0.0286250002682209
v -0.017536358907818794 0.01353936456143856 -0.028999999165534973
v -0.017536358907818794 0.01146063581109047 -0.028999999165534973
v -0.017171382904052734 0.011704503558576107 -0.028999999165534973
v -0.017392853274941444 0.011114181019365788 -0.0286250002682209
v -0.016927514225244522 0.012069481424987316 -0.028999999165534973
v -0.016906218603253365 0.011439340189099312 -0.0286250002682209
v -0.017966877669095993 0.011374999769032001 -0.028999999165534973
v -0.016581058502197266 0.011925974860787392 -0.0286250002682209
v -0.01684187911450863 0.012500000186264515 -0.028999999165534973
v -0.016927514225244522 0.012930518947541714 -0.028999999165534973
v -0.016466878354549408 0.012500000186264515 -0.0286250002682209
v -0.016906218603253365 0.013560660183429718 -0.0286250002682209
v -0.017171382904052734 0.013295494951307774 -0.028999999165534973
v -0.016581058502197266 0.013074025511741638 -0.0286250002682209
v -0.017392853274941444 0.013885819353163242 -0.0286250002682209
v -0.019006242975592613 -0.012069481424987316 -0.028999999165534973
v -0.0187623742967844 -0.011704503558576107 -0.028999999165534973
v -0.018397396430373192 -0.01146063581109047 -0.028999999165534973
v -0.017536358907818794 -0.01146063581109047 -0.028999999165534973
v -0.018397396430373192 -0.01353936456143856 -0.028999999165534973
v -0.017966877669095993 -0.013624999672174454 -0.028999999165534973
v -0.019091878086328506 -0.012500000186264515 -0.028999999165534973
v -0.019006242975592613 -0.012930518947541714 -0.028999999165534973
v -0.0187623742967844 -0.013295494951307774 -0.028999999165534973
v -0.017966877669095993 -0.011374999769032001 -0.028999999165534973
v -0.017171382904052734 -0.011704503558576107 -0.028999999165534973
v -0.016927514225244522 -0.012069481424987316 -0.028999999165534973
v -0.016927514225244522 -0.012930518947541714 -0.028999999165534973
v -0.01684187911450863 -0.012500000186264515 -0.028999999165534973
v -0.017536358907818794 -0.01353936456143856 -0.028999999165534973
v -0.017171382904052734 -0.013295494951307774 -0.028999999165534973
v -0.017966877669095993 -0.011374999769032001 -0.028999999165534973
v -0.018397396430373192 -0.01146063581109047 -0.028999999165534973
v -0.01854090392589569 -0.011114181019365788 -0.0286250002682209
v -0.0187623742967844 -0.011704503558576107 -0.028999999165534973
v -0.019006242975592613 -0.012069481424987316 -0.028999999165534973
v -0.01935269683599472 -0.011925974860787392 -0.0286250002682209
v -0.01902753859758377 -0.011439340189099312 -0.0286250002682209
v -0.019091878086328506 -0.012500000186264515 -0.028999999165534973
v -0.019006242975592613 -0.012930518947541714 -0.028999999165534973
v -0.01935269683599472 -0.013074025511741638 -0.0286250002682209
v -0.018397396430373192 -0.01353936456143856 -0.028999999165534973
v -0.01854090392589569 -0.013885819353163242 -0.0286250002682209
v -0.0187623742967844 -0.013295494951307774 -0.028999999165534973
v -0.019466878846287727 -0.012500000186264515 -0.0286250002682209
v -0.01902753859758377 -0.013560660183429718 -0.0286250002682209
v -0.017966877669095993 -0.010999999940395355 -0.0286250002682209
v -0.017966877669095993 -0.014000000432133675 -0.0286250002682209
v -0.017536358907818794 -0.01146063581109047 -0.028999999165534973
v -0.017536358907818794 -0.01353936456143856 -0.028999999165534973
v -0.017171382904052734 -0.013295494951307774 -0.028999999165534973
v -0.017392853274941444 -0.013885819353163242 -0.0286250002682209
v -0.016927514225244522 -0.012930518947541714 -0.028999999165534973
v -0.016906218603253365 -0.013560660183429718 -0.0286250002682209
v -0.017966877669095993 -0.013624999672174454 -0.028999999165534973
v -0.017171382904052734 -0.011704503558576107 -0.028999999165534973
v -0.016906218603253365 -0.011439340189099312 -0.0286250002682209
v -0.016466878354549408 -0.012500000186264515 -0.0286250002682209
v -0.01684187911450863 -0.012500000186264515 -0.028999999165534973
v -0.016927514225244522 -0.012069481424987316 -0.028999999165534973
v -0.016581058502197266 -0.011925974860787392 -0.0286250002682209
v -0.016581058502197266 -0.013074025511741638 -0.0286250002682209
v -0.017392853274941444 -0.011114181019365788 -0.0286250002682209
v 0.002713683294132352 0.00040181761141866446 -0.028999999165534973
v 0.0029412945732474327 0.000742462114430964 -0.028999999165534973
v 0.0036837568040937185 0.0010499999625608325 -0.028999999165534973
v 0.0032819390762597322 0.0009700735099613667 -0.028999999165534973
v 0.002713683294132352 -0.00040181761141866446 -0.028999999165534973
v 0.0036837568040937185 -0.0010499999625608325 -0.028999999165534973
v 0.002633756725117564 6.840939175768699e-17 -0.028999999165534973
v 0.0032819390762597322 -0.0009700735099613667 -0.028999999165534973
v 0.0029412945732474327 -0.000742462114430964 -0.028999999165534973
v 0.004426219034940004 0.000742462114430964 -0.028999999165534973
v 0.0046538300812244415 0.00040181761141866446 -0.028999999165534973
v 0.0046538300812244415 -0.00040181761141866446 -0.028999999165534973
v 0.004733756650239229 3.981016470914789e-17 -0.028999999165534973
v 0.004085574299097061 -0.0009700735099613667 -0.028999999165534973
v 0.004426219034940004 -0.000742462114430964 -0.028999999165534973
v 0.004085574299097061 0.0009700735099613667 -0.028999999165534973
v 0.0031097314786165953 0.0013858192833140492 -0.028550000861287117
v 0.0036837568040937185 0.0010499999625608325 -0.028999999165534973
v 0.0032819390762597322 0.0009700735099613667 -0.028999999165534973
v 0.0022979374043643475 0.0005740251508541405 -0.028550000861287117
v 0.0029412945732474327 0.000742462114430964 -0.028999999165534973
v 0.002713683294132352 0.00040181761141866446 -0.028999999165534973
v 0.0026230965740978718 0.001060660113580525 -0.028550000861287117
v 0.0021837567910552025 7.462877087757109e-17 -0.028550000861287117
v 0.002633756725117564 6.840939175768699e-17 -0.028999999165534973
v 0.002713683294132352 -0.00040181761141866446 -0.028999999165534973
v 0.0029412945732474327 -0.000742462114430964 -0.028999999165534973
v 0.0032819390762597322 -0.0009700735099613667 -0.028999999165534973
v 0.0031097314786165953 -0.0013858192833140492 -0.028550000861287117
v 0.0022979374043643475 -0.0005740251508541405 -0.028550000861287117
v 0.0036837568040937185 0.001500000013038516 -0.028550000861287117
v 0.0026230965740978718 -0.001060660113580525 -0.028550000861287117
v 0.0036837568040937185 -0.001500000013038516 -0.028550000861287117
v 0.004085574299097061 0.0009700735099613667 -0.028999999165534973
v 0.0036837568040937185 -0.0010499999625608325 -0.028999999165534973
v 0.004085574299097061 -0.0009700735099613667 -0.028999999165534973
v 0.004257781896740198 -0.0013858192833140492 -0.028550000861287117
v 0.00506957620382309 -0.0005740251508541405 -0.028550000861287117
v 0.004426219034940004 -0.000742462114430964 -0.028999999165534973
v 0.0046538300812244415 -0.00040181761141866446 -0.028999999165534973
v 0.004744417034089565 -0.001060660113580525 -0.028550000861287117
v 0.0046538300812244415 0.00040181761141866446 -0.028999999165534973
v 0.004426219034940004 0.000742462114430964 -0.028999999165534973
v 0.004744417034089565 0.001060660113580525 -0.028550000861287117
v 0.005183756817132235 3.303795100739255e-17 -0.028550000861287117
v 0.004733756650239229 3.981016470914789e-17 -0.028999999165534973
v 0.004257781896740198 0.0013858192833140492 -0.028550000861287117
v 0.00506957620382309 0.0005740251508541405 -0.028550000861287117
v -0.02635357715189457 -0.0001127433279179968 -0.02850000001490116
v -0.02630767412483692 0.00034350951318629086 -0.02850000001490116
v -0.02609066665172577 0.0007474661688320339 -0.02850000001490116
v -0.025527266785502434 -0.0011239178711548448 -0.02850000001490116
v -0.02463192492723465 -0.0010376278078183532 -0.02850000001490116
v -0.025735588744282722 0.0010376278078183532 -0.02850000001490116
v -0.024436291307210922 0.0009069092920981348 -0.02850000001490116
v -0.02622138522565365 -0.0005518320249393582 -0.02850000001490116
v -0.02593122236430645 -0.0009069092920981348 -0.02850000001490116
v -0.025296499952673912 0.0011698200833052397 -0.02850000001490116
v -0.02484024688601494 0.0011239178711548448 -0.02850000001490116
v -0.024276847019791603 -0.0007474661688320339 -0.02850000001490116
v -0.024146128445863724 0.0005518320249393582 -0.02850000001490116
v -0.024013936519622803 0.0001127433279179968 -0.02850000001490116
v -0.02405983954668045 -0.00034350951318629086 -0.02850000001490116
v -0.02507101371884346 -0.0011698200833052397 -0.02850000001490116
v -0.025296499952673912 0.0011698200833052397 -0.02850000001490116
v -0.025735588744282722 0.0010376278078183532 -0.02850000001490116
v -0.02532765455543995 0.0014930817997083068 -0.028175240382552147
v -0.02630767412483692 0.00034350951318629086 -0.02850000001490116
v -0.026341276243329048 0.0009540168684907258 -0.028175240382552147
v -0.02609066665172577 0.0007474661688320339 -0.02850000001490116
v -0.025888079777359962 0.0013243602588772774 -0.028175240382552147
v -0.02622138522565365 -0.0005518320249393582 -0.02850000001490116
v -0.02593122236430645 -0.0009069092920981348 -0.02850000001490116
v -0.026508117094635963 -0.0007043223013170063 -0.028175240382552147
v -0.025527266785502434 -0.0011239178711548448 -0.02850000001490116
v -0.02613777294754982 -0.0011575196404010057 -0.028175240382552147
v -0.02635357715189457 -0.0001127433279179968 -0.02850000001490116
v -0.02661825157701969 0.00043843305320478976 -0.028175240382552147
v -0.026676839217543602 -0.0001438981998944655 -0.028175240382552147
v -0.025622189044952393 -0.0014344952069222927 -0.028175240382552147
v -0.02507101371884346 -0.0011698200833052397 -0.02850000001490116
v -0.02518375590443611 0.001500000013038516 -0.028175240382552147
v -0.02447943389415741 -0.0013243602588772774 -0.028175240382552147
v -0.02463192492723465 -0.0010376278078183532 -0.02850000001490116
v -0.024026237428188324 -0.0009540168684907258 -0.028175240382552147
v -0.024276847019791603 -0.0007474661688320339 -0.02850000001490116
v -0.02405983954668045 -0.00034350951318629086 -0.02850000001490116
v -0.02374926209449768 -0.00043843305320478976 -0.028175240382552147
v -0.024146128445863724 0.0005518320249393582 -0.02850000001490116
v -0.024436291307210922 0.0009069092920981348 -0.02850000001490116
v -0.02385939657688141 0.0007043223013170063 -0.028175240382552147
v -0.02369067445397377 0.0001438981998944655 -0.028175240382552147
v -0.024013936519622803 0.0001127433279179968 -0.02850000001490116
v -0.024229740723967552 0.0011575196404010057 -0.028175240382552147
v -0.02484024688601494 0.0011239178711548448 -0.02850000001490116
v -0.025039859116077423 -0.0014930817997083068 -0.028175240382552147
v -0.02474532276391983 0.0014344952069222927 -0.028175240382552147
v -0.0037859396543353796 0.01135227456688881 -0.02850000001490116
v -0.004680846817791462 0.012752817943692207 -0.02850000001490116
v -0.004496732261031866 0.013172788545489311 -0.02850000001490116
v -0.0029003266245126724 0.011509666219353676 -0.02850000001490116
v -0.004165916703641415 0.01349033322185278 -0.02850000001490116
v -0.0046902308240532875 0.012294357642531395 -0.02850000001490116
v -0.004523455165326595 0.011867204681038857 -0.02850000001490116
v -0.004205910488963127 0.011536389589309692 -0.02850000001490116
v -0.003738763742148876 0.013657108880579472 -0.02850000001490116
v -0.0032803036738187075 0.013647724874317646 -0.02850000001490116
v -0.00286033283919096 0.013463610783219337 -0.02850000001490116
v -0.0023760125041007996 0.01270564179867506 -0.02850000001490116
v -0.002542787929996848 0.013132794760167599 -0.02850000001490116
v -0.003327479586005211 0.011342890560626984 -0.02850000001490116
v -0.0023853962775319815 0.012247182428836823 -0.02850000001490116
v -0.002569511067122221 0.01182720996439457 -0.02850000001490116
v -0.0037955897860229015 0.013976857997477055 -0.028175240382552147
v -0.0035331216640770435 0.014000000432133675 -0.028175240382552147
v -0.003738763742148876 0.013657108880579472 -0.02850000001490116
v -0.0032803036738187075 0.013647724874317646 -0.02850000001490116
v -0.004340779967606068 0.01376399677246809 -0.028175240382552147
v -0.004165916703641415 0.01349033322185278 -0.02850000001490116
v -0.003210441442206502 0.0139648811891675 -0.028175240382552147
v -0.004763011354953051 0.013358703814446926 -0.028175240382552147
v -0.004496732261031866 0.013172788545489311 -0.02850000001490116
v -0.004680846817791462 0.012752817943692207 -0.02850000001490116
v -0.0046902308240532875 0.012294357642531395 -0.02850000001490116
v -0.0049980031326413155 0.012822680175304413 -0.028175240382552147
v -0.0050099799409508705 0.012237532064318657 -0.028175240382552147
v -0.004523455165326595 0.011867204681038857 -0.02850000001490116
v -0.004391825292259455 0.011270110495388508 -0.028175240382552147
v -0.004797118715941906 0.011692341417074203 -0.028175240382552147
v -0.004205910488963127 0.011536389589309692 -0.02850000001490116
v -0.00286033283919096 0.013463610783219337 -0.02850000001490116
v -0.0037859396543353796 0.01135227456688881 -0.02850000001490116
v -0.003327479586005211 0.011342890560626984 -0.02850000001490116
v -0.0032706535421311855 0.0110231414437294 -0.028175240382552147
v -0.00230323220603168 0.011641296558082104 -0.028175240382552147
v -0.0029003266245126724 0.011509666219353676 -0.02850000001490116
v -0.002569511067122221 0.01182720996439457 -0.02850000001490116
v -0.0020682401955127716 0.012177319265902042 -0.028175240382552147
v -0.0023853962775319815 0.012247182428836823 -0.02850000001490116
v -0.0023760125041007996 0.01270564179867506 -0.02850000001490116
v -0.002542787929996848 0.013132794760167599 -0.02850000001490116
v -0.002269124612212181 0.013307658024132252 -0.028175240382552147
v -0.0020562633872032166 0.012762468308210373 -0.028175240382552147
v -0.003855801885947585 0.011035118252038956 -0.028175240382552147
v -0.002725463593378663 0.011236002668738365 -0.028175240382552147
v -0.0026744180358946323 0.013729889877140522 -0.028175240382552147
v -0.004706846550107002 -0.012440331280231476 -0.02850000001490116
v -0.004594667814671993 -0.0119957085698843 -0.02850000001490116
v -0.0043208785355091095 -0.011627859435975552 -0.02850000001490116
v -0.003927160054445267 -0.011392785236239433 -0.02850000001490116
v -0.0027453647926449776 -0.013372140936553478 -0.02850000001490116
v -0.004405262414366007 -0.013287756592035294 -0.02850000001490116
v -0.004640336148440838 -0.012894039042294025 -0.02850000001490116
v -0.0035927901044487953 -0.013673724606633186 -0.02850000001490116
v -0.004037413280457258 -0.013561545871198177 -0.02850000001490116
v -0.0030288302805274725 -0.011438453570008278 -0.02850000001490116
v -0.00266098091378808 -0.011712242849171162 -0.02850000001490116
v -0.002359396778047085 -0.01255966816097498 -0.02850000001490116
v -0.002425907179713249 -0.012105962261557579 -0.02850000001490116
v -0.0031390830408781767 -0.013607214204967022 -0.02850000001490116
v -0.002471575513482094 -0.01300429180264473 -0.02850000001490116
v -0.0034734532237052917 -0.011326274834573269 -0.02850000001490116
v -0.004706846550107002 -0.012440331280231476 -0.02850000001490116
v -0.00503118708729744 -0.012423843145370483 -0.028175240382552147
v -0.004594667814671993 -0.0119957085698843 -0.02850000001490116
v -0.0043208785355091095 -0.011627859435975552 -0.02850000001490116
v -0.004888009745627642 -0.01185635570436716 -0.028175240382552147
v -0.003927160054445267 -0.011392785236239433 -0.02850000001490116
v -0.00403604656457901 -0.011086824350059032 -0.028175240382552147
v -0.004946297500282526 -0.013002924621105194 -0.028175240382552147
v -0.004640336148440838 -0.012894039042294025 -0.02850000001490116
v -0.004405262414366007 -0.013287756592035294 -0.02850000001490116
v -0.004037413280457258 -0.013561545871198177 -0.02850000001490116
v -0.0035927901044487953 -0.013673724606633186 -0.02850000001490116
v -0.0036092784721404314 -0.013998065143823624 -0.028175240382552147
v -0.004176766145974398 -0.013854888267815113 -0.028175240382552147
v -0.00453856261447072 -0.011386856436729431 -0.028175240382552147
v -0.00464626494795084 -0.013505441136658192 -0.028175240382552147
v -0.0031390830408781767 -0.013607214204967022 -0.02850000001490116
v -0.0035331216640770435 -0.010999999940395355 -0.028175240382552147
v -0.002471575513482094 -0.01300429180264473 -0.02850000001490116
v -0.0021782335825264454 -0.013143644668161869 -0.028175240382552147
v -0.0027453647926449776 -0.013372140936553478 -0.02850000001490116
v -0.002527680480852723 -0.013613143004477024 -0.028175240382552147
v -0.002359396778047085 -0.01255966816097498 -0.02850000001490116
v -0.0020350562408566475 -0.012576157227158546 -0.028175240382552147
v -0.0021199455950409174 -0.011997074820101261 -0.028175240382552147
v -0.002425907179713249 -0.012105962261557579 -0.02850000001490116
v -0.00266098091378808 -0.011712242849171162 -0.02850000001490116
v -0.002419978380203247 -0.011494559235870838 -0.028175240382552147
v -0.0030288302805274725 -0.011438453570008278 -0.02850000001490116
v -0.0028894769493490458 -0.011145112104713917 -0.028175240382552147
v -0.0034569648560136557 -0.011001934297382832 -0.028175240382552147
v -0.0034734532237052917 -0.011326274834573269 -0.02850000001490116
v -0.0030301965307444334 -0.013913176022469997 -0.028175240382552147
v -0.02328680083155632 0.04097224399447441 -0.008999999612569809
v -0.023000000044703484 0.039250001311302185 -0.008999999612569809
v -0.023499999195337296 0.04024999961256981 -0.008999999612569809
v -0.023499999195337296 0.03974999859929085 -0.008999999612569809
v -0.023191342130303383 0.03928805887699127 -0.008999999612569809
v -0.02335355430841446 0.03939644619822502 -0.008999999612569809
v -0.02346193976700306 0.03955865651369095 -0.008999999612569809
v -0.022784672677516937 0.04153856262564659 -0.008999999612569809
v -0.021250000223517418 0.039250001311302185 -0.008999999612569809
v -0.022197073325514793 0.04193384572863579 -0.008999999612569809
v -0.021463926881551743 0.04226339980959892 -0.008999999612569809
v -0.020423879846930504 0.04138268157839775 -0.008999999612569809
v -0.020500000566244125 0.04100000113248825 -0.008999999612569809
v -0.020207107067108154 0.041707105934619904 -0.008999999612569809
v -0.02335355430841446 0.03610355406999588 -0.008999999612569809
v -0.023191342130303383 0.03621194139122963 -0.008999999612569809
v -0.023499999195337296 0.035750001668930054 -0.008999999612569809
v -0.02346193976700306 0.035941340029239655 -0.008999999612569809
v -0.023000000044703484 0.036249998956918716 -0.008999999612569809
v -0.023499999195337296 0.03525000065565109 -0.008999999612569809
v -0.023286055773496628 0.0345265232026577 -0.008999999612569809
v -0.021250000223517418 0.036249998956918716 -0.008999999612569809
v -0.019500000402331352 0.036249998956918716 -0.008999999612569809
v -0.020207107067108154 0.0352071076631546 -0.008999999612569809
v -0.020500000566244125 0.03449999913573265 -0.008999999612569809
v -0.020423879846930504 0.03488268330693245 -0.008999999612569809
v -0.021452849730849266 0.03323253244161606 -0.008999999612569809
v -0.020423879846930504 0.03411731496453285 -0.008999999612569809
v -0.022189732640981674 0.03356213495135307 -0.008999999612569809
v -0.020207107067108154 0.0337928906083107 -0.008999999612569809
v -0.02278132736682892 0.03395865857601166 -0.008999999612569809
v -0.019500000402331352 0.041999999433755875 -0.008999999612569809
v -0.019882682710886 0.0419238805770874 -0.008999999612569809
v -0.020001467317342758 0.042634617537260056 -0.008999999612569809
v -0.01850000023841858 0.042750000953674316 -0.008999999612569809
v -0.019500000402331352 0.039250001311302185 -0.008999999612569809
v -0.020207107067108154 0.0402928926050663 -0.008999999612569809
v -0.019882682710886 0.0400761216878891 -0.008999999612569809
v -0.0185761209577322 0.04138268157839775 -0.008999999612569809
v -0.01879289373755455 0.041707105934619904 -0.008999999612569809
v -0.019117314368486404 0.0419238805770874 -0.008999999612569809
v -0.018925974145531654 0.03913581743836403 -0.008999999612569809
v -0.019117314368486404 0.0400761216878891 -0.008999999612569809
v -0.01879289373755455 0.0402928926050663 -0.008999999612569809
v -0.0185761209577322 0.04061731696128845 -0.008999999612569809
v -0.018439339473843575 0.03881065919995308 -0.008999999612569809
v -0.019500000402331352 0.03999999910593033 -0.008999999612569809
v -0.019882682710886 0.0354238785803318 -0.008999999612569809
v -0.019500000402331352 0.03550000116229057 -0.008999999612569809
v -0.019117314368486404 0.0354238785803318 -0.008999999612569809
v -0.018925974145531654 0.036364179104566574 -0.008999999612569809
v -0.018439339473843575 0.03668934106826782 -0.008999999612569809
v -0.01879289373755455 0.0352071076631546 -0.008999999612569809
v -0.020423879846930504 0.04061731696128845 -0.008999999612569809
v -0.0185761209577322 0.03488268330693245 -0.008999999612569809
v -0.024495115503668785 0.01187096443027258 -0.008999999612569809
v -0.025927625596523285 0.007202753331512213 -0.008999999612569809
v -0.03016657941043377 0.004988817498087883 -0.008999999612569809
v -0.031203899532556534 0.005543277133256197 -0.008999999612569809
v -0.03350000083446503 0.02525000087916851 -0.008999999612569809
v -0.02498653158545494 0.008919705636799335 -0.008999999612569809
v -0.032329458743333817 0.005884711630642414 -0.008999999612569809
v -0.03350000083446503 0.006000000052154064 -0.008999999612569809
v -0.022878585383296013 0.013245077803730965 -0.008999999612569809
v -0.0236425269395113 0.013105418533086777 -0.008999999612569809
v -0.026000000536441803 0.02525000087916851 -0.008999999612569809
v -0.024355225265026093 0.01110706478357315 -0.008999999612569809
v -0.023852067068219185 0.010515503585338593 -0.008999999612569809
v -0.024234239012002945 0.012602439150214195 -0.008999999612569809
v -0.026662567630410194 0.005387968383729458 -0.008999999612569809
v -0.028511181473731995 0.0033334214240312576 -0.008999999612569809
v -0.029257358983159065 0.0042426404543221 -0.008999999612569809
v -0.02518375590443611 0.0035000001080334187 -0.008999999612569809
v -0.027499999850988388 2.2262189758325452e-17 -0.008999999612569809
v -0.027615288272500038 0.0011705419747158885 -0.008999999612569809
v -0.027181372046470642 0.0035000001080334187 -0.008999999612569809
v -0.027956722304224968 0.002296100603416562 -0.008999999612569809
v -0.023844365030527115 0.0032335782889276743 -0.008999999612569809
v -0.023844365030527115 -0.0032335782889276743 -0.008999999612569809
v -0.02450093999505043 0.0034327483735978603 -0.008999999612569809
v -0.02450093999505043 -0.0034327483735978603 -0.008999999612569809
v -0.0232392605394125 0.002910143695771694 -0.008999999612569809
v -0.02270888350903988 0.0024748737923800945 -0.008999999612569809
v -0.0232392605394125 -0.002910143695771694 -0.008999999612569809
v -0.019998259842395782 0.032864879816770554 -0.008999999612569809
v -0.019882682710886 0.0335761196911335 -0.008999999612569809
v -0.02214718796312809 0.01298398245126009 -0.008999999612569809
v -0.01850000023841858 0.02525000087916851 -0.008999999612569809
v -0.019500000402331352 0.03350000083446503 -0.008999999612569809
v -0.01938422955572605 0.01307784765958786 -0.008999999612569809
v -0.021644387394189835 0.012392118573188782 -0.008999999612569809
v -0.01850000023841858 0.032749999314546585 -0.008999999612569809
v -0.019117314368486404 0.0335761196911335 -0.008999999612569809
v -0.01879289373755455 0.0337928906083107 -0.008999999612569809
v -0.01905478909611702 0.013566499575972557 -0.008999999612569809
v -0.019500000402331352 0.012500000186264515 -0.008999999612569809
v -0.02150495909154415 0.011628135107457638 -0.008999999612569809
v -0.022273613139986992 0.0019444958306849003 -0.008999999612569809
v -0.02195017784833908 0.0013393920380622149 -0.008999999612569809
v -0.022273613139986992 -0.0019444958306849003 -0.008999999612569809
v -0.02168375626206398 3.979786618780045e-17 -0.008999999612569809
v -0.021751008927822113 -0.0006828161422163248 -0.008999999612569809
v -0.021751008927822113 0.0006828161422163248 -0.008999999612569809
v -0.02195017784833908 -0.0013393920380622149 -0.008999999612569809
v -0.02009754255414009 0.00972326286137104 -0.008999999612569809
v -0.01938422955572605 0.011922151781618595 -0.008999999612569809
v -0.01905478909611702 0.011433500796556473 -0.008999999612569809
v -0.020598318427801132 0.01019228994846344 -0.008999999612569809
v -0.020997967571020126 0.01075000036507845 -0.008999999612569809
v -0.019514888525009155 0.009360945783555508 -0.008999999612569809
v -0.01887274533510208 0.00911925919353962 -0.008999999612569809
v -0.01856253109872341 0.011109475046396255 -0.008999999612569809
v -0.01850000023841858 0.04100000113248825 -0.008999999612569809
v -0.018114181235432625 0.038324024528265 -0.008999999612569809
v -0.0185761209577322 0.03411731496453285 -0.008999999612569809
v -0.01850000023841858 0.03449999913573265 -0.008999999612569809
v -0.018114181235432625 0.0371759757399559 -0.008999999612569809
v -0.014499999582767487 0.032749999314546585 -0.008999999612569809
v -0.017999999225139618 0.0377499982714653 -0.008999999612569809
v -0.008500000461935997 0.027249999344348907 -0.008999999612569809
v -0.014499999582767487 0.0271152313798666 -0.008999999612569809
v -0.008500000461935997 0.042750000953674316 -0.008999999612569809
v -0.017983438447117805 0.013999908231198788 -0.008999999612569809
v -0.015934597700834274 0.015979986637830734 -0.008999999612569809
v -0.01856253109872341 0.013890525326132774 -0.008999999612569809
v -0.017966877669095993 0.014000000432133675 -0.008999999612569809
v -0.017390940338373184 0.01388502586632967 -0.008999999612569809
v -0.016903294250369072 0.013557728379964828 -0.008999999612569809
v -0.014652622863650322 0.013625037856400013 -0.008999999612569809
v -0.0164669007062912 0.012491719797253609 -0.008999999612569809
v -0.014935789629817009 0.01425000000745058 -0.008999999612569809
v -0.01657869480550289 0.01306828297674656 -0.008999999612569809
v -0.01337452232837677 0.016593730077147484 -0.008999999612569809
v -0.014496820978820324 0.012956841848790646 -0.008999999612569809
v -0.014474371448159218 0.012271089479327202 -0.008999999612569809
v -0.014586137607693672 0.011594133451581001 -0.008999999612569809
v -0.008347759023308754 0.02648463286459446 -0.008999999612569809
v -0.01075000036507845 0.01679999940097332 -0.008999999612569809
v -0.007914213463664055 0.025835786014795303 -0.008999999612569809
v -0.008125477470457554 0.016593730077147484 -0.008999999612569809
v -0.007265367079526186 0.025402240455150604 -0.008999999612569809
v -0.006500000134110451 0.02525000087916851 -0.008999999612569809
v -0.005565402563661337 0.015979986637830734 -0.008999999612569809
v 0.0006471886299550533 0.01298398245126009 -0.008999999612569809
v 0.002142526675015688 0.013105418533086777 -0.008999999612569809
v 0.012000000104308128 0.02525000087916851 -0.008999999612569809
v -0.0058408319018781185 0.00986856035888195 -0.008999999612569809
v -0.006564210634678602 0.01425000000745058 -0.008999999612569809
v -0.007003178820014 0.012956841848790646 -0.008999999612569809
v -0.006847376935184002 0.013625037856400013 -0.008999999612569809
v -0.006913862191140652 0.011594133451581001 -0.008999999612569809
v -0.007025627885013819 0.012271089479327202 -0.008999999612569809
v 0.00014438797370530665 0.012392118573188782 -0.008999999612569809
v -0.0014024566626176238 0.00972326286137104 -0.008999999612569809
v 4.958580120728584e-06 0.011628135107457638 -0.008999999612569809
v -0.0005020326934754848 0.01075000036507845 -0.008999999612569809
v 0.0013785851188004017 0.013245077803730965 -0.008999999612569809
v 0.002995114540681243 0.01187096443027258 -0.008999999612569809
v 0.0027342394459992647 0.012602439150214195 -0.008999999612569809
v -0.006672176066786051 0.010951989330351353 -0.008999999612569809
v 0.004427626263350248 0.007202753331512213 -0.008999999612569809
v -0.015190141275525093 0.010369335301220417 -0.008999999612569809
v -0.016585053876042366 0.01191642601042986 -0.008999999612569809
v -0.019500000402331352 -0.039250001311302185 -0.008999999612569809
v -0.020207107067108154 -0.0402928926050663 -0.008999999612569809
v -0.021250000223517418 -0.039250001311302185 -0.008999999612569809
v -0.015659168362617493 0.00986856035888195 -0.008999999612569809
v -0.017510036006569862 0.009029942564666271 -0.008999999612569809
v -0.017966877669095993 0.010999999940395355 -0.008999999612569809
v -0.017406268045306206 0.011108700186014175 -0.008999999612569809
v -0.01819578930735588 0.00900749396532774 -0.008999999612569809
v -0.017983438447117805 0.011000091210007668 -0.008999999612569809
v -0.016841839998960495 0.00918574444949627 -0.008999999612569809
v -0.016915038228034973 0.011430593207478523 -0.008999999612569809
v -0.01482782419770956 0.010951989330351353 -0.008999999612569809
v -0.006309858523309231 0.010369335301220417 -0.008999999612569809
v -0.005283121485263109 0.009468911215662956 -0.008999999612569809
v -0.016216877847909927 0.009468911215662956 -0.008999999612569809
v -0.004658159799873829 0.00918574444949627 -0.008999999612569809
v -0.0019851112738251686 0.009360945783555508 -0.008999999612569809
v -0.003989963326603174 0.009029942564666271 -0.008999999612569809
v -0.003304210724309087 0.00900749396532774 -0.008999999612569809
v -0.00262725492939353 0.00911925919353962 -0.008999999612569809
v -0.0009016823023557663 0.01019228994846344 -0.008999999612569809
v 0.0023520677350461483 0.010515503585338593 -0.008999999612569809
v 0.0028552250005304813 0.01110706478357315 -0.008999999612569809
v 0.003486532485112548 0.008919705636799335 -0.008999999612569809
v 0.0029902621172368526 0.0014107328606769443 -0.008999999612569809
v 0.0023443647660315037 0.0032335782889276743 -0.008999999612569809
v 0.0030009406618773937 0.0034327483735978603 -0.008999999612569809
v 0.005162567365914583 0.005387968383729458 -0.008999999612569809
v 0.0035918783396482468 0.0014971834607422352 -0.008999999612569809
v 0.0036837568040937185 0.0035000001080334187 -0.008999999612569809
v 0.0042683822102844715 0.0013813808327540755 -0.008999999612569809
v 0.005681372247636318 0.0035000001080334187 -0.008999999612569809
v 0.0024723371025174856 0.0010926612885668874 -0.008999999612569809
v 0.0017392608569934964 0.002910143695771694 -0.008999999612569809
v 0.0007736131083220243 0.0019444958306849003 -0.008999999612569809
v 0.001208883011713624 0.0024748737923800945 -0.008999999612569809
v 0.0021231386344879866 0.0005951913772150874 -0.008999999612569809
v 0.0020000000949949026 -1.8653843961400913e-16 -0.008999999612569809
v 0.00025100825587287545 0.0006828161422163248 -0.008999999612569809
v 0.0004501783405430615 0.0013393920380622149 -0.008999999612569809
v 0.0036837568040937185 0.001500000013038516 -0.008999999612569809
v 0.005082402378320694 0.000542024674359709 -0.008999999612569809
v 0.004760543815791607 0.0010442842030897737 -0.008999999612569809
v 0.00018375672516413033 4.0719616705425443e-17 -0.008999999612569809
v 0.005681372247636318 -0.0035000001080334187 -0.008999999612569809
v 0.005183052271604538 -4.596076178131625e-05 -0.008999999612569809
v -0.02518375590443611 -0.0035000001080334187 -0.008999999612569809
v -0.027181372046470642 -0.0035000001080334187 -0.008999999612569809
v -0.028511181473731995 -0.0033334214240312576 -0.008999999612569809
v -0.027956722304224968 -0.002296100603416562 -0.008999999612569809
v -0.027615288272500038 -0.0011705419747158885 -0.008999999612569809
v -0.026662567630410194 -0.005387968383729458 -0.008999999612569809
v -0.029257358983159065 -0.0042426404543221 -0.008999999612569809
v -0.025927625596523285 -0.007202753331512213 -0.008999999612569809
v -0.02270888350903988 -0.0024748737923800945 -0.008999999612569809
v -0.03016657941043377 -0.004988817498087883 -0.008999999612569809
v -0.03350000083446503 -0.02525000087916851 -0.008999999612569809
v -0.03350000083446503 -0.006000000052154064 -0.008999999612569809
v -0.032329458743333817 -0.005884711630642414 -0.008999999612569809
v -0.031203899532556534 -0.005543277133256197 -0.008999999612569809
v -0.02498653158545494 -0.008919705636799335 -0.008999999612569809
v -0.024495115503668785 -0.01187096443027258 -0.008999999612569809
v -0.023852067068219185 -0.010515503585338593 -0.008999999612569809
v -0.024355225265026093 -0.01110706478357315 -0.008999999612569809
v -0.0236425269395113 -0.013105418533086777 -0.008999999612569809
v -0.022878585383296013 -0.013245077803730965 -0.008999999612569809
v -0.026000000536441803 -0.02525000087916851 -0.008999999612569809
v -0.024234239012002945 -0.012602439150214195 -0.008999999612569809
v -0.020598318427801132 -0.01019228994846344 -0.008999999612569809
v -0.01938422955572605 -0.011922151781618595 -0.008999999612569809
v -0.019500000402331352 -0.012500000186264515 -0.008999999612569809
v -0.020997967571020126 -0.01075000036507845 -0.008999999612569809
v -0.019514888525009155 -0.009360945783555508 -0.008999999612569809
v -0.01887274533510208 -0.00911925919353962 -0.008999999612569809
v -0.01905478909611702 -0.011433500796556473 -0.008999999612569809
v -0.02009754255414009 -0.00972326286137104 -0.008999999612569809
v -0.01856253109872341 -0.011109475046396255 -0.008999999612569809
v -0.01819578930735588 -0.00900749396532774 -0.008999999612569809
v -0.02150495909154415 -0.011628135107457638 -0.008999999612569809
v -0.02214718796312809 -0.01298398245126009 -0.008999999612569809
v -0.021644387394189835 -0.012392118573188782 -0.008999999612569809
v -0.01938422955572605 -0.01307784765958786 -0.008999999612569809
v -0.01905478909611702 -0.013566499575972557 -0.008999999612569809
v -0.01850000023841858 -0.02525000087916851 -0.008999999612569809
v -0.020423879846930504 -0.03411731496453285 -0.008999999612569809
v -0.021452849730849266 -0.03323253244161606 -0.008999999612569809
v -0.020207107067108154 -0.0337928906083107 -0.008999999612569809
v -0.021250000223517418 -0.036249998956918716 -0.008999999612569809
v -0.022189732640981674 -0.03356213495135307 -0.008999999612569809
v -0.019998259842395782 -0.032864879816770554 -0.008999999612569809
v -0.019882682710886 -0.0335761196911335 -0.008999999612569809
v -0.01850000023841858 -0.032749999314546585 -0.008999999612569809
v -0.019500000402331352 -0.03350000083446503 -0.008999999612569809
v -0.019117314368486404 -0.0335761196911335 -0.008999999612569809
v -0.023286055773496628 -0.0345265232026577 -0.008999999612569809
v -0.023000000044703484 -0.036249998956918716 -0.008999999612569809
v -0.023499999195337296 -0.03525000065565109 -0.008999999612569809
v -0.023499999195337296 -0.035750001668930054 -0.008999999612569809
v -0.023191342130303383 -0.03621194139122963 -0.008999999612569809
v -0.02335355430841446 -0.03610355406999588 -0.008999999612569809
v -0.02346193976700306 -0.035941340029239655 -0.008999999612569809
v -0.020500000566244125 -0.03449999913573265 -0.008999999612569809
v -0.022197073325514793 -0.04193384572863579 -0.008999999612569809
v -0.023000000044703484 -0.039250001311302185 -0.008999999612569809
v -0.02278132736682892 -0.03395865857601166 -0.008999999612569809
v -0.02335355430841446 -0.03939644619822502 -0.008999999612569809
v -0.023191342130303383 -0.03928805887699127 -0.008999999612569809
v -0.023499999195337296 -0.03974999859929085 -0.008999999612569809
v -0.02346193976700306 -0.03955865651369095 -0.008999999612569809
v -0.023499999195337296 -0.04024999961256981 -0.008999999612569809
v -0.02328680083155632 -0.04097224399447441 -0.008999999612569809
v -0.022784672677516937 -0.04153856262564659 -0.008999999612569809
v -0.020500000566244125 -0.04100000113248825 -0.008999999612569809
v -0.020423879846930504 -0.04061731696128845 -0.008999999612569809
v -0.021463926881551743 -0.04226339980959892 -0.008999999612569809
v -0.020423879846930504 -0.04138268157839775 -0.008999999612569809
v -0.020207107067108154 -0.041707105934619904 -0.008999999612569809
v -0.019500000402331352 -0.036249998956918716 -0.008999999612569809
v -0.020207107067108154 -0.0352071076631546 -0.008999999612569809
v -0.019882682710886 -0.0354238785803318 -0.008999999612569809
v -0.019117314368486404 -0.0354238785803318 -0.008999999612569809
v -0.019500000402331352 -0.03550000116229057 -0.008999999612569809
v -0.018925974145531654 -0.036364179104566574 -0.008999999612569809
v -0.01879289373755455 -0.0337928906083107 -0.008999999612569809
v -0.0185761209577322 -0.03411731496453285 -0.008999999612569809
v -0.01879289373755455 -0.0352071076631546 -0.008999999612569809
v -0.018439339473843575 -0.03668934106826782 -0.008999999612569809
v -0.0185761209577322 -0.03488268330693245 -0.008999999612569809
v -0.018925974145531654 -0.03913581743836403 -0.008999999612569809
v -0.019117314368486404 -0.0400761216878891 -0.008999999612569809
v -0.019500000402331352 -0.03999999910593033 -0.008999999612569809
v -0.019882682710886 -0.0400761216878891 -0.008999999612569809
v -0.019882682710886 -0.0419238805770874 -0.008999999612569809
v -0.020001467317342758 -0.042634617537260056 -0.008999999612569809
v -0.019500000402331352 -0.041999999433755875 -0.008999999612569809
v -0.018439339473843575 -0.03881065919995308 -0.008999999612569809
v -0.01879289373755455 -0.0402928926050663 -0.008999999612569809
v -0.019117314368486404 -0.0419238805770874 -0.008999999612569809
v -0.01850000023841858 -0.042750000953674316 -0.008999999612569809
v -0.01879289373755455 -0.041707105934619904 -0.008999999612569809
v -0.0185761209577322 -0.04138268157839775 -0.008999999612569809
v -0.0185761209577322 -0.04061731696128845 -0.008999999612569809
v -0.020423879846930504 -0.03488268330693245 -0.008999999612569809
v -0.017510036006569862 -0.009029942564666271 -0.008999999612569809
v -0.016841839998960495 -0.00918574444949627 -0.008999999612569809
v -0.017390940338373184 -0.011114975437521935 -0.008999999612569809
v -0.017966877669095993 -0.010999999940395355 -0.008999999612569809
v -0.017966877669095993 -0.008999999612569809 -0.008999999612569809
v -0.016216877847909927 -0.009468911215662956 -0.008999999612569809
v -0.016903294250369072 -0.011442271061241627 -0.008999999612569809
v -0.017983438447117805 -0.011000091210007668 -0.008999999612569809
v -0.00262725492939353 -0.00911925919353962 -0.008999999612569809
v -0.005565402563661337 -0.015979986637830734 -0.008999999612569809
v -0.003304210724309087 -0.00900749396532774 -0.008999999612569809
v -0.0035331216640770435 -0.008999999612569809 -0.008999999612569809
v -0.003989963326603174 -0.009029942564666271 -0.008999999612569809
v -0.0014024566626176238 -0.00972326286137104 -0.008999999612569809
v -0.0009016823023557663 -0.01019228994846344 -0.008999999612569809
v 0.00014438797370530665 -0.012392118573188782 -0.008999999612569809
v -0.004658159799873829 -0.00918574444949627 -0.008999999612569809
v -0.0019851112738251686 -0.009360945783555508 -0.008999999612569809
v -0.005283121485263109 -0.009468911215662956 -0.008999999612569809
v -0.015659168362617493 -0.00986856035888195 -0.008999999612569809
v -0.015190141275525093 -0.010369335301220417 -0.008999999612569809
v -0.01657869480550289 -0.011931716464459896 -0.008999999612569809
v -0.0164669007062912 -0.012508280575275421 -0.008999999612569809
v -0.01482782419770956 -0.010951989330351353 -0.008999999612569809
v -0.0005020326934754848 -0.01075000036507845 -0.008999999612569809
v -0.0058408319018781185 -0.00986856035888195 -0.008999999612569809
v -0.006564210634678602 -0.01425000000745058 -0.008999999612569809
v -0.006309858523309231 -0.010369335301220417 -0.008999999612569809
v -0.006672176066786051 -0.010951989330351353 -0.008999999612569809
v 0.0021231386344879866 -0.0005951913772150874 -0.008999999612569809
v 0.0007736131083220243 -0.0019444958306849003 -0.008999999612569809
v 0.00025100825587287545 -0.0006828161422163248 -0.008999999612569809
v 0.0004501783405430615 -0.0013393920380622149 -0.008999999612569809
v 0.0023443647660315037 -0.0032335782889276743 -0.008999999612569809
v 0.0024723371025174856 -0.0010926612885668874 -0.008999999612569809
v 0.0029902621172368526 -0.0014107328606769443 -0.008999999612569809
v 0.0017392608569934964 -0.002910143695771694 -0.008999999612569809
v 0.0030009406618773937 -0.0034327483735978603 -0.008999999612569809
v 0.0035918783396482468 -0.0014971834607422352 -0.008999999612569809
v 0.004694557283073664 -0.0011082789860665798 -0.008999999612569809
v 0.0050465757958590984 -0.0006266771233640611 -0.008999999612569809
v 0.0036837568040937185 -0.0035000001080334187 -0.008999999612569809
v 0.0036837568040937185 -0.001500000013038516 -0.008999999612569809
v 0.004182671662420034 -0.0014145966852083802 -0.008999999612569809
v 0.001208883011713624 -0.0024748737923800945 -0.008999999612569809
v 0.002995114540681243 -0.01187096443027258 -0.008999999612569809
v 0.003486532485112548 -0.008919705636799335 -0.008999999612569809
v 0.004427626263350248 -0.007202753331512213 -0.008999999612569809
v 0.005162567365914583 -0.005387968383729458 -0.008999999612569809
v 0.012000000104308128 -0.02525000087916851 -0.008999999612569809
v 0.0028552250005304813 -0.01110706478357315 -0.008999999612569809
v 0.0023520677350461483 -0.010515503585338593 -0.008999999612569809
v -0.015934597700834274 -0.015979986637830734 -0.008999999612569809
v -0.016915038228034973 -0.013569406233727932 -0.008999999612569809
v -0.016585053876042366 -0.01308357436209917 -0.008999999612569809
v -0.017983438447117805 -0.013999908231198788 -0.008999999612569809
v -0.017966877669095993 -0.014000000432133675 -0.008999999612569809
v -0.017406268045306206 -0.013891300186514854 -0.008999999612569809
v -0.014586137607693672 -0.011594133451581001 -0.008999999612569809
v -0.014474371448159218 -0.012271089479327202 -0.008999999612569809
v -0.014652622863650322 -0.013625037856400013 -0.008999999612569809
v -0.014935789629817009 -0.01425000000745058 -0.008999999612569809
v -0.014496820978820324 -0.012956841848790646 -0.008999999612569809
v -0.01856253109872341 -0.013890525326132774 -0.008999999612569809
v -0.01850000023841858 -0.03449999913573265 -0.008999999612569809
v -0.014499999582767487 -0.032749999314546585 -0.008999999612569809
v -0.018114181235432625 -0.0371759757399559 -0.008999999612569809
v -0.01850000023841858 -0.04100000113248825 -0.008999999612569809
v -0.018114181235432625 -0.038324024528265 -0.008999999612569809
v -0.017999999225139618 -0.0377499982714653 -0.008999999612569809
v -0.008500000461935997 -0.027249999344348907 -0.008999999612569809
v -0.014499999582767487 -0.0271152313798666 -0.008999999612569809
v -0.008500000461935997 -0.042750000953674316 -0.008999999612569809
v -0.01337452232837677 -0.016593730077147484 -0.008999999612569809
v -0.007025627885013819 -0.012271089479327202 -0.008999999612569809
v -0.006913862191140652 -0.011594133451581001 -0.008999999612569809
v -0.007003178820014 -0.012956841848790646 -0.008999999612569809
v -0.006847376935184002 -0.013625037856400013 -0.008999999612569809
v 4.958580120728584e-06 -0.011628135107457638 -0.008999999612569809
v 0.0027342394459992647 -0.012602439150214195 -0.008999999612569809
v 0.0006471886299550533 -0.01298398245126009 -0.008999999612569809
v 0.0013785851188004017 -0.013245077803730965 -0.008999999612569809
v -0.006500000134110451 -0.02525000087916851 -0.008999999612569809
v 0.002142526675015688 -0.013105418533086777 -0.008999999612569809
v -0.01075000036507845 -0.01679999940097332 -0.008999999612569809
v -0.008125477470457554 -0.016593730077147484 -0.008999999612569809
v -0.007914213463664055 -0.025835786014795303 -0.008999999612569809
v -0.008347759023308754 -0.02648463286459446 -0.008999999612569809
v -0.007265367079526186 -0.025402240455150604 -0.008999999612569809
v -0.03350000083446503 -0.02525000087916851 -0.007000000216066837
v -0.01850000023841858 -0.02525000087916851 -0.007000000216066837
v -0.03350000083446503 -0.024250000715255737 -0.007000000216066837
v -0.022197045385837555 -0.03356613591313362 -0.007000000216066837
v -0.022784672677516937 -0.03396143764257431 -0.007000000216066837
v -0.020423879846930504 -0.03411731496453285 -0.007000000216066837
v -0.020001467317342758 -0.032865382730960846 -0.007000000216066837
v -0.021463926881551743 -0.03323660045862198 -0.007000000216066837
v -0.019882682710886 -0.0335761196911335 -0.007000000216066837
v -0.020207107067108154 -0.0337928906083107 -0.007000000216066837
v -0.019500000402331352 -0.03350000083446503 -0.007000000216066837
v -0.020500000566244125 -0.03449999913573265 -0.007000000216066837
v -0.020423879846930504 -0.03488268330693245 -0.007000000216066837
v -0.02328680083155632 -0.03452775627374649 -0.007000000216066837
v -0.023499999195337296 -0.03525000065565109 -0.007000000216066837
v -0.023000000044703484 -0.036249998956918716 -0.007000000216066837
v -0.019882682710886 -0.0354238785803318 -0.007000000216066837
v -0.023499999195337296 -0.035750001668930054 -0.007000000216066837
v -0.020207107067108154 -0.0352071076631546 -0.007000000216066837
v -0.02346193976700306 -0.035941340029239655 -0.007000000216066837
v -0.02335355430841446 -0.03610355406999588 -0.007000000216066837
v -0.019500000402331352 -0.03550000116229057 -0.007000000216066837
v -0.019500000402331352 -0.036249998956918716 -0.007000000216066837
v -0.007914213463664055 -0.025835786014795303 -0.007000000216066837
v -0.014499999582767487 -0.0271152313798666 -0.007000000216066837
v -0.008347759023308754 -0.02648463286459446 -0.007000000216066837
v -0.008500000461935997 -0.027249999344348907 -0.007000000216066837
v -0.014499999582767487 -0.032749999314546585 -0.007000000216066837
v -0.008500000461935997 -0.03500000014901161 -0.007000000216066837
v 0.012000000104308128 -0.024250000715255737 -0.007000000216066837
v -0.006500000134110451 -0.02525000087916851 -0.007000000216066837
v 0.012000000104308128 -0.02525000087916851 -0.007000000216066837
v -0.007265367079526186 -0.025402240455150604 -0.007000000216066837
v -0.01879289373755455 -0.0337928906083107 -0.007000000216066837
v -0.01850000023841858 -0.032749999314546585 -0.007000000216066837
v -0.019117314368486404 -0.0335761196911335 -0.007000000216066837
v -0.019117314368486404 -0.0354238785803318 -0.007000000216066837
v -0.0185761209577322 -0.03411731496453285 -0.007000000216066837
v -0.01850000023841858 -0.03449999913573265 -0.007000000216066837
v -0.01879289373755455 -0.0352071076631546 -0.007000000216066837
v -0.0185761209577322 -0.03488268330693245 -0.007000000216066837
v -0.018439339473843575 -0.03668934106826782 -0.007000000216066837
v -0.018925974145531654 -0.036364179104566574 -0.007000000216066837
v -0.023191342130303383 -0.03621194139122963 -0.007000000216066837
v -0.023000000044703484 -0.039250001311302185 -0.007000000216066837
v -0.02335355430841446 -0.03939644619822502 -0.007000000216066837
v -0.02346193976700306 -0.03955865651369095 -0.007000000216066837
v -0.023499999195337296 -0.03974999859929085 -0.007000000216066837
v -0.020207107067108154 -0.0402928926050663 -0.007000000216066837
v -0.023499999195337296 -0.04024999961256981 -0.007000000216066837
v -0.019882682710886 -0.0400761216878891 -0.007000000216066837
v -0.023191342130303383 -0.03928805887699127 -0.007000000216066837
v -0.019500000402331352 -0.039250001311302185 -0.007000000216066837
v -0.020423879846930504 -0.04061731696128845 -0.007000000216066837
v -0.023286566138267517 -0.04097262769937515 -0.007000000216066837
v -0.020500000566244125 -0.04100000113248825 -0.007000000216066837
v -0.022784877568483353 -0.04153839126229286 -0.007000000216066837
v -0.020423879846930504 -0.04138268157839775 -0.007000000216066837
v -0.022196641191840172 -0.041934072971343994 -0.007000000216066837
v -0.020207107067108154 -0.041707105934619904 -0.007000000216066837
v -0.02146383374929428 -0.04226343706250191 -0.007000000216066837
v -0.019882682710886 -0.0419238805770874 -0.007000000216066837
v -0.02000122144818306 -0.04263465479016304 -0.007000000216066837
v -0.019500000402331352 -0.041999999433755875 -0.007000000216066837
v -0.019117314368486404 -0.0400761216878891 -0.007000000216066837
v -0.018925974145531654 -0.03913581743836403 -0.007000000216066837
v -0.019500000402331352 -0.03999999910593033 -0.007000000216066837
v -0.018439339473843575 -0.03881065919995308 -0.007000000216066837
v -0.01879289373755455 -0.0402928926050663 -0.007000000216066837
v -0.018114181235432625 -0.0371759757399559 -0.007000000216066837
v -0.017999999225139618 -0.0377499982714653 -0.007000000216066837
v -0.018114181235432625 -0.038324024528265 -0.007000000216066837
v -0.008500000461935997 -0.042750000953674316 -0.007000000216066837
v -0.0185761209577322 -0.04061731696128845 -0.007000000216066837
v -0.019117314368486404 -0.0419238805770874 -0.007000000216066837
v -0.01850000023841858 -0.042750000953674316 -0.007000000216066837
v -0.01879289373755455 -0.041707105934619904 -0.007000000216066837
v -0.01850000023841858 -0.04100000113248825 -0.007000000216066837
v -0.0185761209577322 -0.04138268157839775 -0.007000000216066837
v -0.032329458743333817 0.005884711630642414 -0.008999999612569809
v -0.032329458743333817 0.005884711630642414 -0.007000000216066837
v -0.03350000083446503 0.006000000052154064 -0.007000000216066837
v -0.03016657941043377 0.004988817498087883 -0.008999999612569809
v -0.03016657941043377 0.004988817498087883 -0.007000000216066837
v -0.031203899532556534 0.005543277133256197 -0.007000000216066837
v -0.031203899532556534 0.005543277133256197 -0.008999999612569809
v -0.028511181473731995 0.0033334214240312576 -0.008999999612569809
v -0.028511181473731995 0.0033334214240312576 -0.007000000216066837
v -0.029257358983159065 0.0042426404543221 -0.007000000216066837
v -0.027615288272500038 0.0011705419747158885 -0.008999999612569809
v -0.027615288272500038 0.0011705419747158885 -0.007000000216066837
v -0.027956722304224968 0.002296100603416562 -0.007000000216066837
v -0.027956722304224968 0.002296100603416562 -0.008999999612569809
v -0.029257358983159065 0.0042426404543221 -0.008999999612569809
v -0.03350000083446503 0.006000000052154064 -0.008999999612569809
v -0.027499999850988388 2.2262189758325452e-17 -0.008999999612569809
v -0.027499999850988388 2.1818099648502883e-17 -0.007000000216066837
v -0.027956722304224968 -0.002296100603416562 -0.008999999612569809
v -0.027956722304224968 -0.002296100603416562 -0.007000000216066837
v -0.027615288272500038 -0.0011705419747158885 -0.007000000216066837
v -0.029257358983159065 -0.0042426404543221 -0.008999999612569809
v -0.029257358983159065 -0.0042426404543221 -0.007000000216066837
v -0.028511181473731995 -0.0033334214240312576 -0.007000000216066837
v -0.028511181473731995 -0.0033334214240312576 -0.008999999612569809
v -0.031203899532556534 -0.005543277133256197 -0.008999999612569809
v -0.031203899532556534 -0.005543277133256197 -0.007000000216066837
v -0.03016657941043377 -0.004988817498087883 -0.007000000216066837
v -0.03350000083446503 -0.006000000052154064 -0.008999999612569809
v -0.03350000083446503 -0.006000000052154064 -0.007000000216066837
v -0.032329458743333817 -0.005884711630642414 -0.007000000216066837
v -0.032329458743333817 -0.005884711630642414 -0.008999999612569809
v -0.03016657941043377 -0.004988817498087883 -0.008999999612569809
v -0.027615288272500038 -0.0011705419747158885 -0.008999999612569809
v 0.012000000104308128 0.024250000715255737 -0.007000000216066837
v 0.012000000104308128 0.02525000087916851 -0.008999999612569809
v 0.012000000104308128 0.02525000087916851 -0.007000000216066837
v 0.012000000104308128 0.021250000223517418 -0.007000000216066837
v 0.012000000104308128 -0.021250000223517418 -0.007000000216066837
v 0.012000000104308128 -0.024250000715255737 -0.007000000216066837
v 0.012000000104308128 -0.02525000087916851 -0.008999999612569809
v 0.012000000104308128 -0.02525000087916851 -0.007000000216066837
v 0.0035000001080334187 0.001500000013038516 -0.008999999612569809
v 0.0035918783396482468 0.0014971834607422352 -0.008700000122189522
v 0.0035000001080334187 0.001500000013038516 -0.008689187467098236
v 0.0029910083394497633 -0.0014110022457316518 -0.008628113195300102
v 0.0035918783396482468 -0.0014971834607422352 -0.008700000122189522
v 0.0029902621172368526 -0.0014107328606769443 -0.008999999612569809
v 0.0024739864747971296 -0.0010942104272544384 -0.008568791672587395
v 0.0024723371025174856 -0.0010926612885668874 -0.008999999612569809
v 0.0035918783396482468 0.0014971834607422352 -0.008999999612569809
v 0.0035918783396482468 -0.0014971834607422352 -0.008999999612569809
v 0.0021231386344879866 -0.0005951913772150874 -0.008999999612569809
v 0.0029902621172368526 0.0014107328606769443 -0.008999999612569809
v 0.0020000000949949026 5.494957235896436e-07 -0.008516243658959866
v 0.0021238571498543024 -0.0005968506447970867 -0.008529814891517162
v 0.0020000000949949026 -1.8653843961400913e-16 -0.008999999612569809
v 0.002474230481311679 0.0010944391833618283 -0.008568819612264633
v 0.0021241114009171724 0.0005974364466965199 -0.0085298428311944
v 0.0021231386344879866 0.0005951913772150874 -0.008999999612569809
v 0.0029912327881902456 0.0014110832707956433 -0.008628139272332191
v 0.0024723371025174856 0.0010926612885668874 -0.008999999612569809
v -0.009481912478804588 0.00637510372325778 -0.008999999612569809
v -0.009481912478804588 0.00637510372325778 -0.007000000216066837
v -0.01075000036507845 0.006500000134110451 -0.007000000216066837
v -0.008262557908892632 0.006005216855555773 -0.008999999612569809
v -0.007138793356716633 0.005404552444815636 -0.007000000216066837
v -0.008262557908892632 0.006005216855555773 -0.007000000216066837
v -0.005345447454601526 0.003611206542700529 -0.008999999612569809
v -0.005345447454601526 0.003611206542700529 -0.007000000216066837
v -0.006153806112706661 0.004596194252371788 -0.007000000216066837
v -0.004744783043861389 0.002487442223355174 -0.008999999612569809
v -0.0043748957104980946 0.0012680870713666081 -0.007000000216066837
v -0.004744783043861389 0.002487442223355174 -0.007000000216066837
v -0.006153806112706661 0.004596194252371788 -0.008999999612569809
v -0.0042500002309679985 2.5701021101447253e-17 -0.008999999612569809
v -0.0043748957104980946 -0.0012680870713666081 -0.007000000216066837
v -0.0042500002309679985 2.5256930991624684e-17 -0.007000000216066837
v -0.004744783043861389 -0.002487442223355174 -0.008999999612569809
v -0.005345447454601526 -0.003611206542700529 -0.007000000216066837
v -0.004744783043861389 -0.002487442223355174 -0.007000000216066837
v -0.0043748957104980946 -0.0012680870713666081 -0.008999999612569809
v -0.006153806112706661 -0.004596194252371788 -0.008999999612569809
v -0.007138793356716633 -0.005404552444815636 -0.007000000216066837
v -0.006153806112706661 -0.004596194252371788 -0.007000000216066837
v -0.009481912478804588 -0.00637510372325778 -0.008999999612569809
v -0.009481912478804588 -0.00637510372325778 -0.007000000216066837
v -0.008262557908892632 -0.006005216855555773 -0.007000000216066837
v -0.007138793356716633 -0.005404552444815636 -0.008999999612569809
v -0.005345447454601526 -0.003611206542700529 -0.008999999612569809
v -0.01075000036507845 0.006500000134110451 -0.008999999612569809
v -0.007138793356716633 0.005404552444815636 -0.008999999612569809
v -0.0043748957104980946 0.0012680870713666081 -0.008999999612569809
v -0.008262557908892632 -0.006005216855555773 -0.008999999612569809
v -0.01075000036507845 -0.006500000134110451 -0.008999999612569809
v -0.012018087320029736 0.00637510372325778 -0.008999999612569809
v -0.012018087320029736 -0.00637510372325778 -0.008999999612569809
v -0.012018087320029736 -0.00637510372325778 -0.007000000216066837
v -0.01075000036507845 -0.006500000134110451 -0.007000000216066837
v -0.014361206442117691 -0.005404552444815636 -0.008999999612569809
v -0.014361206442117691 -0.005404552444815636 -0.007000000216066837
v -0.013237441889941692 -0.006005216855555773 -0.007000000216066837
v -0.013237441889941692 -0.006005216855555773 -0.008999999612569809
v -0.015346193686127663 -0.004596194252371788 -0.008999999612569809
v -0.01615455187857151 -0.003611206542700529 -0.007000000216066837
v -0.015346193686127663 -0.004596194252371788 -0.007000000216066837
v -0.017125103622674942 -0.0012680870713666081 -0.008999999612569809
v -0.017125103622674942 -0.0012680870713666081 -0.007000000216066837
v -0.01675521768629551 -0.002487442223355174 -0.007000000216066837
v -0.01615455187857151 -0.003611206542700529 -0.008999999612569809
v -0.017125103622674942 0.0012680870713666081 -0.008999999612569809
v -0.017125103622674942 0.0012680870713666081 -0.007000000216066837
v -0.017249999567866325 2.684897077501977e-17 -0.007000000216066837
v -0.01615455187857151 0.003611206542700529 -0.008999999612569809
v -0.01615455187857151 0.003611206542700529 -0.007000000216066837
v -0.01675521768629551 0.002487442223355174 -0.007000000216066837
v -0.01675521768629551 0.002487442223355174 -0.008999999612569809
v -0.014361206442117691 0.005404552444815636 -0.008999999612569809
v -0.014361206442117691 0.005404552444815636 -0.007000000216066837
v -0.015346193686127663 0.004596194252371788 -0.007000000216066837
v -0.012018087320029736 0.00637510372325778 -0.007000000216066837
v -0.013237441889941692 0.006005216855555773 -0.007000000216066837
v -0.013237441889941692 0.006005216855555773 -0.008999999612569809
v -0.015346193686127663 0.004596194252371788 -0.008999999612569809
v -0.017249999567866325 2.7293060884842338e-17 -0.008999999612569809
v -0.01675521768629551 -0.002487442223355174 -0.008999999612569809
v -0.020207107067108154 0.041707105934619904 -0.007000000216066837
v -0.02146383374929428 0.04226343706250191 -0.007000000216066837
v -0.022196641191840172 0.041934072971343994 -0.007000000216066837
v -0.020423879846930504 0.04138268157839775 -0.007000000216066837
v -0.022784877568483353 0.04153839126229286 -0.007000000216066837
v -0.020500000566244125 0.04100000113248825 -0.007000000216066837
v -0.023286566138267517 0.04097262769937515 -0.007000000216066837
v -0.02000122144818306 0.04263465479016304 -0.007000000216066837
v -0.019882682710886 0.0419238805770874 -0.007000000216066837
v -0.019500000402331352 0.041999999433755875 -0.007000000216066837
v -0.020423879846930504 0.04061731696128845 -0.007000000216066837
v -0.020207107067108154 0.0402928926050663 -0.007000000216066837
v -0.023499999195337296 0.04024999961256981 -0.007000000216066837
v -0.023499999195337296 0.03974999859929085 -0.007000000216066837
v -0.023000000044703484 0.039250001311302185 -0.007000000216066837
v -0.02346193976700306 0.03955865651369095 -0.007000000216066837
v -0.02335355430841446 0.03939644619822502 -0.007000000216066837
v -0.023191342130303383 0.03928805887699127 -0.007000000216066837
v -0.019500000402331352 0.039250001311302185 -0.007000000216066837
v -0.019882682710886 0.0400761216878891 -0.007000000216066837
v -0.019117314368486404 0.0419238805770874 -0.007000000216066837
v -0.01850000023841858 0.042750000953674316 -0.007000000216066837
v -0.018439339473843575 0.03881065919995308 -0.007000000216066837
v -0.0185761209577322 0.04061731696128845 -0.007000000216066837
v -0.01879289373755455 0.0402928926050663 -0.007000000216066837
v -0.01879289373755455 0.041707105934619904 -0.007000000216066837
v -0.008500000461935997 0.042750000953674316 -0.007000000216066837
v -0.018114181235432625 0.038324024528265 -0.007000000216066837
v -0.008500000461935997 0.03500000014901161 -0.007000000216066837
v -0.0185761209577322 0.04138268157839775 -0.007000000216066837
v -0.01850000023841858 0.04100000113248825 -0.007000000216066837
v -0.019117314368486404 0.0400761216878891 -0.007000000216066837
v -0.018925974145531654 0.03913581743836403 -0.007000000216066837
v -0.019500000402331352 0.03999999910593033 -0.007000000216066837
v -0.018925974145531654 0.036364179104566574 -0.007000000216066837
v -0.019500000402331352 0.036249998956918716 -0.007000000216066837
v -0.019117314368486404 0.0354238785803318 -0.007000000216066837
v -0.018439339473843575 0.03668934106826782 -0.007000000216066837
v -0.018114181235432625 0.0371759757399559 -0.007000000216066837
v -0.017999999225139618 0.0377499982714653 -0.007000000216066837
v -0.01879289373755455 0.0352071076631546 -0.007000000216066837
v -0.023000000044703484 0.036249998956918716 -0.007000000216066837
v -0.019882682710886 0.0354238785803318 -0.007000000216066837
v -0.02335355430841446 0.03610355406999588 -0.007000000216066837
v -0.02346193976700306 0.035941340029239655 -0.007000000216066837
v -0.023499999195337296 0.035750001668930054 -0.007000000216066837
v -0.020207107067108154 0.0352071076631546 -0.007000000216066837
v -0.023499999195337296 0.03525000065565109 -0.007000000216066837
v -0.019500000402331352 0.03550000116229057 -0.007000000216066837
v -0.020423879846930504 0.03488268330693245 -0.007000000216066837
v -0.02328680083155632 0.03452775627374649 -0.007000000216066837
v -0.020500000566244125 0.03449999913573265 -0.007000000216066837
v -0.020423879846930504 0.03411731496453285 -0.007000000216066837
v -0.022784672677516937 0.03396143764257431 -0.007000000216066837
v -0.022197045385837555 0.03356613591313362 -0.007000000216066837
v -0.020207107067108154 0.0337928906083107 -0.007000000216066837
v -0.021463926881551743 0.03323660045862198 -0.007000000216066837
v -0.019882682710886 0.0335761196911335 -0.007000000216066837
v -0.020001467317342758 0.032865382730960846 -0.007000000216066837
v -0.019500000402331352 0.03350000083446503 -0.007000000216066837
v -0.03350000083446503 0.02525000087916851 -0.007000000216066837
v -0.03350000083446503 0.024250000715255737 -0.007000000216066837
v -0.01850000023841858 0.02525000087916851 -0.007000000216066837
v -0.019117314368486404 0.0335761196911335 -0.007000000216066837
v -0.01850000023841858 0.032749999314546585 -0.007000000216066837
v -0.0185761209577322 0.03488268330693245 -0.007000000216066837
v -0.01850000023841858 0.03449999913573265 -0.007000000216066837
v -0.014499999582767487 0.032749999314546585 -0.007000000216066837
v -0.0185761209577322 0.03411731496453285 -0.007000000216066837
v -0.01879289373755455 0.0337928906083107 -0.007000000216066837
v -0.008500000461935997 0.027249999344348907 -0.007000000216066837
v -0.014499999582767487 0.0271152313798666 -0.007000000216066837
v -0.008347759023308754 0.02648463286459446 -0.007000000216066837
v -0.007914213463664055 0.025835786014795303 -0.007000000216066837
v -0.007265367079526186 0.025402240455150604 -0.007000000216066837
v 0.012000000104308128 0.02525000087916851 -0.007000000216066837
v -0.006500000134110451 0.02525000087916851 -0.007000000216066837
v 0.012000000104308128 0.024250000715255737 -0.007000000216066837
v -0.023191342130303383 0.03621194139122963 -0.007000000216066837
v 0.012000000104308128 0.02525000087916851 -0.007000000216066837
v 0.012000000104308128 0.02525000087916851 -0.008999999612569809
v -0.006500000134110451 0.02525000087916851 -0.008999999612569809
v -0.006500000134110451 0.02525000087916851 -0.007000000216066837
v -0.01850000023841858 0.02525000087916851 -0.007000000216066837
v -0.01850000023841858 0.02525000087916851 -0.008999999612569809
v -0.03350000083446503 0.02525000087916851 -0.008999999612569809
v -0.03350000083446503 0.02525000087916851 -0.007000000216066837
v -0.03350000083446503 0.02525000087916851 -0.008999999612569809
v -0.03350000083446503 0.024250000715255737 -0.007000000216066837
v -0.03350000083446503 0.02525000087916851 -0.007000000216066837
v -0.03350000083446503 0.021250000223517418 -0.007000000216066837
v -0.03350000083446503 0.006000000052154064 -0.008999999612569809
v -0.03350000083446503 0.006000000052154064 -0.007000000216066837
v -0.017983438447117805 0.013999908231198788 -0.007000000216066837
v -0.017999999225139618 0.014000000432133675 -0.007000000216066837
v -0.017983438447117805 0.013999908231198788 -0.008999999612569809
v -0.01905478909611702 0.011433500796556473 -0.008999999612569809
v -0.01905478909611702 0.011433500796556473 -0.007000000216066837
v -0.01856253109872341 0.011109475046396255 -0.007000000216066837
v -0.017983438447117805 0.011000091210007668 -0.007000000216066837
v -0.017983438447117805 0.011000091210007668 -0.008999999612569809
v -0.017999999225139618 0.014000000432133675 -0.008999999612569809
v -0.01856253109872341 0.011109475046396255 -0.008999999612569809
v -0.01938422955572605 0.011922151781618595 -0.008999999612569809
v -0.01938422955572605 0.011922151781618595 -0.007000000216066837
v -0.01856253109872341 0.013890525326132774 -0.007000000216066837
v -0.019500000402331352 0.012500000186264515 -0.008999999612569809
v -0.019500000402331352 0.012500000186264515 -0.007000000216066837
v -0.01905478909611702 0.013566499575972557 -0.008999999612569809
v -0.01905478909611702 0.013566499575972557 -0.007000000216066837
v -0.01938422955572605 0.01307784765958786 -0.007000000216066837
v -0.01856253109872341 0.013890525326132774 -0.008999999612569809
v -0.01938422955572605 0.01307784765958786 -0.008999999612569809
v -0.022878585383296013 0.013245077803730965 -0.008999999612569809
v -0.022425975650548935 0.01313581969588995 -0.007000000216066837
v -0.023000000044703484 0.013249999843537807 -0.007000000216066837
v -0.02214718796312809 0.01298398245126009 -0.008999999612569809
v -0.021939339116215706 0.012810660526156425 -0.007000000216066837
v -0.021644387394189835 0.012392118573188782 -0.008999999612569809
v -0.0215000007301569 0.011749999597668648 -0.007000000216066837
v -0.021614180877804756 0.012324024923145771 -0.007000000216066837
v -0.021766018122434616 0.010897188447415829 -0.008999999612569809
v -0.021939339116215706 0.010689339600503445 -0.007000000216066837
v -0.021614180877804756 0.011175975203514099 -0.007000000216066837
v -0.02150495909154415 0.011628135107457638 -0.008999999612569809
v -0.023000000044703484 0.013249999843537807 -0.008999999612569809
v -0.022357473149895668 0.010394581593573093 -0.008999999612569809
v -0.022425975650548935 0.01036418043076992 -0.007000000216066837
v -0.023574024438858032 0.01313581969588995 -0.007000000216066837
v -0.02312096394598484 0.010254885070025921 -0.008999999612569809
v -0.023000000044703484 0.010250000283122063 -0.007000000216066837
v -0.023574024438858032 0.01036418043076992 -0.007000000216066837
v -0.024355225265026093 0.01110706478357315 -0.008999999612569809
v -0.02438581921160221 0.011175975203514099 -0.007000000216066837
v -0.02406066097319126 0.010689339600503445 -0.007000000216066837
v -0.024495115503668785 0.01187096443027258 -0.008999999612569809
v -0.02438581921160221 0.012324024923145771 -0.007000000216066837
v -0.02449999935925007 0.011749999597668648 -0.007000000216066837
v -0.023852067068219185 0.010515503585338593 -0.008999999612569809
v -0.0236425269395113 0.013105418533086777 -0.008999999612569809
v -0.02406066097319126 0.012810660526156425 -0.007000000216066837
v -0.024234239012002945 0.012602439150214195 -0.008999999612569809
v 0.001500000013038516 0.013249999843537807 -0.008999999612569809
v 0.0020740251056849957 0.01313581969588995 -0.007000000216066837
v 0.001500000013038516 0.013249999843537807 -0.007000000216066837
v 0.002142526675015688 0.013105418533086777 -0.008999999612569809
v 0.0025606604758650064 0.012810660526156425 -0.007000000216066837
v 0.002995114540681243 0.01187096443027258 -0.008999999612569809
v 0.003000000026077032 0.011749999597668648 -0.007000000216066837
v 0.002885819412767887 0.012324024923145771 -0.007000000216066837
v 0.0028552250005304813 0.01110706478357315 -0.008999999612569809
v 0.0025606604758650064 0.010689339600503445 -0.007000000216066837
v 0.002885819412767887 0.011175975203514099 -0.007000000216066837
v 0.0027342394459992647 0.012602439150214195 -0.008999999612569809
v 0.001620964496396482 0.010254885070025921 -0.008999999612569809
v 0.0020740251056849957 0.01036418043076992 -0.007000000216066837
v 0.0023520677350461483 0.010515503585338593 -0.008999999612569809
v 0.0013785851188004017 0.013245077803730965 -0.008999999612569809
v 0.0008574732346460223 0.010394581593573093 -0.008999999612569809
v 0.0009259748621843755 0.01036418043076992 -0.007000000216066837
v 0.001500000013038516 0.010250000283122063 -0.007000000216066837
v 0.0004393398412503302 0.010689339600503445 -0.007000000216066837
v 4.958580120728584e-06 0.011628135107457638 -0.008999999612569809
v -3.7513395167998453e-17 0.011749999597668648 -0.007000000216066837
v 0.00011418070062063634 0.011175975203514099 -0.007000000216066837
v 0.00014438797370530665 0.012392118573188782 -0.008999999612569809
v 0.0004393398412503302 0.012810660526156425 -0.007000000216066837
v 0.00011418070062063634 0.012324024923145771 -0.007000000216066837
v 0.0002660175086930394 0.010897188447415829 -0.008999999612569809
v 0.0006471886299550533 0.01298398245126009 -0.008999999612569809
v 0.0009259748621843755 0.01313581969588995 -0.007000000216066837
v -0.014499999582767487 0.032749999314546585 -0.007000000216066837
v -0.014499999582767487 0.032749999314546585 -0.008999999612569809
v -0.014499999582767487 0.0271152313798666 -0.008999999612569809
v -0.014499999582767487 0.0271152313798666 -0.007000000216066837
v -0.01850000023841858 0.032749999314546585 -0.008999999612569809
v -0.014499999582767487 0.032749999314546585 -0.008999999612569809
v -0.014499999582767487 0.032749999314546585 -0.007000000216066837
v -0.01850000023841858 0.032749999314546585 -0.007000000216066837
v -0.023499999195337296 0.035750001668930054 -0.007000000216066837
v -0.023499999195337296 0.035750001668930054 -0.008999999612569809
v -0.023499999195337296 0.03525000065565109 -0.008999999612569809
v -0.023499999195337296 0.03525000065565109 -0.007000000216066837
v -0.019500000402331352 0.036249998956918716 -0.007000000216066837
v -0.019500000402331352 0.036249998956918716 -0.008999999612569809
v -0.023000000044703484 0.036249998956918716 -0.008999999612569809
v -0.023000000044703484 0.036249998956918716 -0.007000000216066837
v -0.023000000044703484 0.039250001311302185 -0.007000000216066837
v -0.023000000044703484 0.039250001311302185 -0.008999999612569809
v -0.019500000402331352 0.039250001311302185 -0.008999999612569809
v -0.019500000402331352 0.039250001311302185 -0.007000000216066837
v -0.023499999195337296 0.04024999961256981 -0.008999999612569809
v -0.023499999195337296 0.03974999859929085 -0.008999999612569809
v -0.023499999195337296 0.03974999859929085 -0.007000000216066837
v -0.023499999195337296 0.04024999961256981 -0.007000000216066837
v -0.008500000461935997 0.042750000953674316 -0.007000000216066837
v -0.01850000023841858 0.042750000953674316 -0.008999999612569809
v -0.01850000023841858 0.042750000953674316 -0.007000000216066837
v -0.008500000461935997 0.042750000953674316 -0.008999999612569809
v -0.008500000461935997 0.027249999344348907 -0.007000000216066837
v -0.008500000461935997 0.027249999344348907 -0.008999999612569809
v -0.008500000461935997 0.042750000953674316 -0.008999999612569809
v -0.008500000461935997 0.042750000953674316 -0.007000000216066837
v -0.019117314368486404 0.0419238805770874 -0.008999999612569809
v -0.019117314368486404 0.0419238805770874 -0.007000000216066837
v -0.019500000402331352 0.041999999433755875 -0.007000000216066837
v -0.0185761209577322 0.04138268157839775 -0.008999999612569809
v -0.0185761209577322 0.04138268157839775 -0.007000000216066837
v -0.01879289373755455 0.041707105934619904 -0.007000000216066837
v -0.01879289373755455 0.041707105934619904 -0.008999999612569809
v -0.0185761209577322 0.04061731696128845 -0.008999999612569809
v -0.0185761209577322 0.04061731696128845 -0.007000000216066837
v -0.01850000023841858 0.04100000113248825 -0.007000000216066837
v -0.019117314368486404 0.0400761216878891 -0.008999999612569809
v -0.019117314368486404 0.0400761216878891 -0.007000000216066837
v -0.01879289373755455 0.0402928926050663 -0.007000000216066837
v -0.01879289373755455 0.0402928926050663 -0.008999999612569809
v -0.01850000023841858 0.04100000113248825 -0.008999999612569809
v -0.019500000402331352 0.041999999433755875 -0.008999999612569809
v -0.019500000402331352 0.03999999910593033 -0.008999999612569809
v -0.019500000402331352 0.03999999910593033 -0.007000000216066837
v -0.019882682710886 0.0419238805770874 -0.008999999612569809
v -0.019882682710886 0.0400761216878891 -0.008999999612569809
v -0.019882682710886 0.0400761216878891 -0.007000000216066837
v -0.020423879846930504 0.04061731696128845 -0.008999999612569809
v -0.020423879846930504 0.04061731696128845 -0.007000000216066837
v -0.020207107067108154 0.0402928926050663 -0.007000000216066837
v -0.020207107067108154 0.0402928926050663 -0.008999999612569809
v -0.020423879846930504 0.04138268157839775 -0.008999999612569809
v -0.020423879846930504 0.04138268157839775 -0.007000000216066837
v -0.020500000566244125 0.04100000113248825 -0.007000000216066837
v -0.019882682710886 0.0419238805770874 -0.007000000216066837
v -0.020207107067108154 0.041707105934619904 -0.007000000216066837
v -0.020207107067108154 0.041707105934619904 -0.008999999612569809
v -0.020500000566244125 0.04100000113248825 -0.008999999612569809
v -0.019117314368486404 0.0354238785803318 -0.008999999612569809
v -0.019117314368486404 0.0354238785803318 -0.007000000216066837
v -0.019500000402331352 0.03550000116229057 -0.007000000216066837
v -0.0185761209577322 0.03488268330693245 -0.008999999612569809
v -0.0185761209577322 0.03488268330693245 -0.007000000216066837
v -0.01879289373755455 0.0352071076631546 -0.007000000216066837
v -0.01879289373755455 0.0352071076631546 -0.008999999612569809
v -0.0185761209577322 0.03411731496453285 -0.008999999612569809
v -0.0185761209577322 0.03411731496453285 -0.007000000216066837
v -0.01850000023841858 0.03449999913573265 -0.007000000216066837
v -0.019117314368486404 0.0335761196911335 -0.008999999612569809
v -0.019117314368486404 0.0335761196911335 -0.007000000216066837
v -0.01879289373755455 0.0337928906083107 -0.007000000216066837
v -0.01879289373755455 0.0337928906083107 -0.008999999612569809
v -0.01850000023841858 0.03449999913573265 -0.008999999612569809
v -0.019500000402331352 0.03550000116229057 -0.008999999612569809
v -0.019500000402331352 0.03350000083446503 -0.008999999612569809
v -0.019500000402331352 0.03350000083446503 -0.007000000216066837
v -0.019882682710886 0.0354238785803318 -0.008999999612569809
v -0.019882682710886 0.0335761196911335 -0.008999999612569809
v -0.019882682710886 0.0335761196911335 -0.007000000216066837
v -0.020423879846930504 0.03411731496453285 -0.008999999612569809
v -0.020423879846930504 0.03411731496453285 -0.007000000216066837
v -0.020207107067108154 0.0337928906083107 -0.007000000216066837
v -0.020207107067108154 0.0337928906083107 -0.008999999612569809
v -0.020423879846930504 0.03488268330693245 -0.008999999612569809
v -0.020423879846930504 0.03488268330693245 -0.007000000216066837
v -0.020500000566244125 0.03449999913573265 -0.007000000216066837
v -0.019882682710886 0.0354238785803318 -0.007000000216066837
v -0.020207107067108154 0.0352071076631546 -0.007000000216066837
v -0.020207107067108154 0.0352071076631546 -0.008999999612569809
v -0.020500000566244125 0.03449999913573265 -0.008999999612569809
v -0.014499999582767487 0.0271152313798666 -0.008999999612569809
v -0.01850000023841858 0.02525000087916851 -0.008999999612569809
v -0.01850000023841858 0.02525000087916851 -0.007000000216066837
v -0.014499999582767487 0.0271152313798666 -0.007000000216066837
v -0.023499999195337296 0.035750001668930054 -0.007000000216066837
v -0.02346193976700306 0.035941340029239655 -0.007000000216066837
v -0.02346193976700306 0.035941340029239655 -0.008999999612569809
v -0.023499999195337296 0.035750001668930054 -0.008999999612569809
v -0.023191342130303383 0.03621194139122963 -0.008999999612569809
v -0.02335355430841446 0.03610355406999588 -0.007000000216066837
v -0.023191342130303383 0.03621194139122963 -0.007000000216066837
v -0.02335355430841446 0.03610355406999588 -0.008999999612569809
v -0.023000000044703484 0.039250001311302185 -0.007000000216066837
v -0.023191342130303383 0.03928805887699127 -0.007000000216066837
v -0.023191342130303383 0.03928805887699127 -0.008999999612569809
v -0.023000000044703484 0.039250001311302185 -0.008999999612569809
v -0.02335355430841446 0.03939644619822502 -0.007000000216066837
v -0.02335355430841446 0.03939644619822502 -0.008999999612569809
v -0.02346193976700306 0.03955865651369095 -0.007000000216066837
v -0.023499999195337296 0.03974999859929085 -0.007000000216066837
v -0.023499999195337296 0.03974999859929085 -0.008999999612569809
v -0.02346193976700306 0.03955865651369095 -0.008999999612569809
v -0.018114181235432625 0.038324024528265 -0.007000000216066837
v -0.018114181235432625 0.038324024528265 -0.008999999612569809
v -0.017999999225139618 0.0377499982714653 -0.008999999612569809
v -0.017999999225139618 0.0377499982714653 -0.007000000216066837
v -0.018439339473843575 0.03881065919995308 -0.007000000216066837
v -0.018439339473843575 0.03881065919995308 -0.008999999612569809
v -0.019500000402331352 0.039250001311302185 -0.007000000216066837
v -0.019500000402331352 0.039250001311302185 -0.008999999612569809
v -0.018925974145531654 0.03913581743836403 -0.008999999612569809
v -0.018925974145531654 0.03913581743836403 -0.007000000216066837
v -0.018925974145531654 0.036364179104566574 -0.007000000216066837
v -0.018925974145531654 0.036364179104566574 -0.008999999612569809
v -0.018439339473843575 0.03668934106826782 -0.007000000216066837
v -0.018439339473843575 0.03668934106826782 -0.008999999612569809
v -0.018114181235432625 0.0371759757399559 -0.008999999612569809
v -0.018114181235432625 0.0371759757399559 -0.007000000216066837
v -0.008347759023308754 0.02648463286459446 -0.007000000216066837
v -0.008347759023308754 0.02648463286459446 -0.008999999612569809
v -0.008500000461935997 0.027249999344348907 -0.008999999612569809
v -0.008500000461935997 0.027249999344348907 -0.007000000216066837
v -0.007265367079526186 0.025402240455150604 -0.007000000216066837
v -0.006500000134110451 0.02525000087916851 -0.007000000216066837
v -0.006500000134110451 0.02525000087916851 -0.008999999612569809
v -0.007265367079526186 0.025402240455150604 -0.008999999612569809
v -0.007914213463664055 0.025835786014795303 -0.008999999612569809
v -0.007914213463664055 0.025835786014795303 -0.007000000216066837
v -0.023499999195337296 0.04024999961256981 -0.007000000216066837
v -0.023286566138267517 0.04097262769937515 -0.007000000216066837
v -0.02328680083155632 0.04097224399447441 -0.008999999612569809
v -0.022784877568483353 0.04153839126229286 -0.007000000216066837
v -0.022784672677516937 0.04153856262564659 -0.008999999612569809
v -0.023499999195337296 0.04024999961256981 -0.008999999612569809
v -0.022197073325514793 0.04193384572863579 -0.008999999612569809
v -0.022196641191840172 0.041934072971343994 -0.007000000216066837
v -0.02000122144818306 0.04263465479016304 -0.007000000216066837
v -0.01850000023841858 0.042750000953674316 -0.007000000216066837
v -0.01850000023841858 0.042750000953674316 -0.008999999612569809
v -0.021463926881551743 0.04226339980959892 -0.008999999612569809
v -0.02146383374929428 0.04226343706250191 -0.007000000216066837
v -0.020001467317342758 0.042634617537260056 -0.008999999612569809
v -0.020001467317342758 0.032865382730960846 -0.007000000216066837
v -0.021463926881551743 0.03323660045862198 -0.007000000216066837
v -0.021452849730849266 0.03323253244161606 -0.008999999612569809
v -0.019998259842395782 0.032864879816770554 -0.008999999612569809
v -0.022189732640981674 0.03356213495135307 -0.008999999612569809
v -0.022197045385837555 0.03356613591313362 -0.007000000216066837
v -0.023286055773496628 0.0345265232026577 -0.008999999612569809
v -0.022784672677516937 0.03396143764257431 -0.007000000216066837
v -0.02328680083155632 0.03452775627374649 -0.007000000216066837
v -0.023499999195337296 0.03525000065565109 -0.008999999612569809
v -0.023499999195337296 0.03525000065565109 -0.007000000216066837
v -0.02278132736682892 0.03395865857601166 -0.008999999612569809
v 0.012000000104308128 -0.02525000087916851 -0.008999999612569809
v 0.012000000104308128 -0.02525000087916851 -0.007000000216066837
v -0.006500000134110451 -0.02525000087916851 -0.007000000216066837
v -0.006500000134110451 -0.02525000087916851 -0.008999999612569809
v -0.01850000023841858 -0.02525000087916851 -0.008999999612569809
v -0.01850000023841858 -0.02525000087916851 -0.007000000216066837
v -0.03350000083446503 -0.02525000087916851 -0.007000000216066837
v -0.03350000083446503 -0.02525000087916851 -0.008999999612569809
v -0.03350000083446503 -0.02525000087916851 -0.007000000216066837
v -0.03350000083446503 -0.024250000715255737 -0.007000000216066837
v -0.03350000083446503 -0.02525000087916851 -0.008999999612569809
v -0.03350000083446503 -0.021250000223517418 -0.007000000216066837
v -0.03350000083446503 -0.006000000052154064 -0.007000000216066837
v -0.03350000083446503 -0.006000000052154064 -0.008999999612569809
v -0.017999999225139618 -0.014000000432133675 -0.008999999612569809
v -0.01856253109872341 -0.013890525326132774 -0.007000000216066837
v -0.017999999225139618 -0.014000000432133675 -0.007000000216066837
v -0.01905478909611702 -0.013566499575972557 -0.008999999612569809
v -0.01938422955572605 -0.01307784765958786 -0.007000000216066837
v -0.01905478909611702 -0.013566499575972557 -0.007000000216066837
v -0.019500000402331352 -0.012500000186264515 -0.008999999612569809
v -0.019500000402331352 -0.012500000186264515 -0.007000000216066837
v -0.01856253109872341 -0.013890525326132774 -0.008999999612569809
v -0.01938422955572605 -0.01307784765958786 -0.008999999612569809
v -0.01938422955572605 -0.011922151781618595 -0.008999999612569809
v -0.01938422955572605 -0.011922151781618595 -0.007000000216066837
v -0.017983438447117805 -0.013999908231198788 -0.008999999612569809
v -0.01905478909611702 -0.011433500796556473 -0.007000000216066837
v -0.017983438447117805 -0.011000091210007668 -0.007000000216066837
v -0.01856253109872341 -0.011109475046396255 -0.007000000216066837
v -0.017983438447117805 -0.011000091210007668 -0.008999999612569809
v -0.01905478909611702 -0.011433500796556473 -0.008999999612569809
v -0.01856253109872341 -0.011109475046396255 -0.008999999612569809
v -0.017983438447117805 -0.013999908231198788 -0.007000000216066837
v -0.023000000044703484 -0.013249999843537807 -0.008999999612569809
v -0.023574024438858032 -0.01313581969588995 -0.007000000216066837
v -0.023000000044703484 -0.013249999843537807 -0.007000000216066837
v -0.0236425269395113 -0.013105418533086777 -0.008999999612569809
v -0.02406066097319126 -0.012810660526156425 -0.007000000216066837
v -0.024495115503668785 -0.01187096443027258 -0.008999999612569809
v -0.02449999935925007 -0.011749999597668648 -0.007000000216066837
v -0.02438581921160221 -0.012324024923145771 -0.007000000216066837
v -0.024355225265026093 -0.01110706478357315 -0.008999999612569809
v -0.02406066097319126 -0.010689339600503445 -0.007000000216066837
v -0.02438581921160221 -0.011175975203514099 -0.007000000216066837
v -0.024234239012002945 -0.012602439150214195 -0.008999999612569809
v -0.02312096394598484 -0.010254885070025921 -0.008999999612569809
v -0.023574024438858032 -0.01036418043076992 -0.007000000216066837
v -0.023852067068219185 -0.010515503585338593 -0.008999999612569809
v -0.022878585383296013 -0.013245077803730965 -0.008999999612569809
v -0.022357473149895668 -0.010394581593573093 -0.008999999612569809
v -0.022425975650548935 -0.01036418043076992 -0.007000000216066837
v -0.023000000044703484 -0.010250000283122063 -0.007000000216066837
v -0.021939339116215706 -0.010689339600503445 -0.007000000216066837
v -0.02150495909154415 -0.011628135107457638 -0.008999999612569809
v -0.0215000007301569 -0.011749999597668648 -0.007000000216066837
v -0.021614180877804756 -0.011175975203514099 -0.007000000216066837
v -0.021644387394189835 -0.012392118573188782 -0.008999999612569809
v -0.021939339116215706 -0.012810660526156425 -0.007000000216066837
v -0.021614180877804756 -0.012324024923145771 -0.007000000216066837
v -0.021766018122434616 -0.010897188447415829 -0.008999999612569809
v -0.02214718796312809 -0.01298398245126009 -0.008999999612569809
v -0.022425975650548935 -0.01313581969588995 -0.007000000216066837
v 0.0013785851188004017 -0.013245077803730965 -0.008999999612569809
v 0.0009259748621843755 -0.01313581969588995 -0.007000000216066837
v 0.001500000013038516 -0.013249999843537807 -0.007000000216066837
v 0.0006471886299550533 -0.01298398245126009 -0.008999999612569809
v 0.0004393398412503302 -0.012810660526156425 -0.007000000216066837
v 0.00014438797370530665 -0.012392118573188782 -0.008999999612569809
v -3.7513395167998453e-17 -0.011749999597668648 -0.007000000216066837
v 0.00011418070062063634 -0.012324024923145771 -0.007000000216066837
v 0.0002660175086930394 -0.010897188447415829 -0.008999999612569809
v 0.0004393398412503302 -0.010689339600503445 -0.007000000216066837
v 0.00011418070062063634 -0.011175975203514099 -0.007000000216066837
v 4.958580120728584e-06 -0.011628135107457638 -0.008999999612569809
v 0.001500000013038516 -0.013249999843537807 -0.008999999612569809
v 0.0008574732346460223 -0.010394581593573093 -0.008999999612569809
v 0.0009259748621843755 -0.01036418043076992 -0.007000000216066837
v 0.0020740251056849957 -0.01313581969588995 -0.007000000216066837
v 0.001620964496396482 -0.010254885070025921 -0.008999999612569809
v 0.001500000013038516 -0.010250000283122063 -0.007000000216066837
v 0.0020740251056849957 -0.01036418043076992 -0.007000000216066837
v 0.0028552250005304813 -0.01110706478357315 -0.008999999612569809
v 0.002885819412767887 -0.011175975203514099 -0.007000000216066837
v 0.0025606604758650064 -0.010689339600503445 -0.007000000216066837
v 0.002995114540681243 -0.01187096443027258 -0.008999999612569809
v 0.002885819412767887 -0.012324024923145771 -0.007000000216066837
v 0.003000000026077032 -0.011749999597668648 -0.007000000216066837
v 0.0023520677350461483 -0.010515503585338593 -0.008999999612569809
v 0.002142526675015688 -0.013105418533086777 -0.008999999612569809
v 0.0025606604758650064 -0.012810660526156425 -0.007000000216066837
v 0.0027342394459992647 -0.012602439150214195 -0.008999999612569809
v -0.014499999582767487 -0.032749999314546585 -0.008999999612569809
v -0.014499999582767487 -0.032749999314546585 -0.007000000216066837
v -0.014499999582767487 -0.0271152313798666 -0.007000000216066837
v -0.014499999582767487 -0.0271152313798666 -0.008999999612569809
v -0.01850000023841858 -0.032749999314546585 -0.008999999612569809
v -0.014499999582767487 -0.032749999314546585 -0.007000000216066837
v -0.014499999582767487 -0.032749999314546585 -0.008999999612569809
v -0.01850000023841858 -0.032749999314546585 -0.007000000216066837
v -0.023499999195337296 -0.035750001668930054 -0.008999999612569809
v -0.023499999195337296 -0.035750001668930054 -0.007000000216066837
v -0.023499999195337296 -0.03525000065565109 -0.007000000216066837
v -0.023499999195337296 -0.03525000065565109 -0.008999999612569809
v -0.019500000402331352 -0.036249998956918716 -0.008999999612569809
v -0.019500000402331352 -0.036249998956918716 -0.007000000216066837
v -0.023000000044703484 -0.036249998956918716 -0.007000000216066837
v -0.023000000044703484 -0.036249998956918716 -0.008999999612569809
v -0.023000000044703484 -0.039250001311302185 -0.008999999612569809
v -0.023000000044703484 -0.039250001311302185 -0.007000000216066837
v -0.019500000402331352 -0.039250001311302185 -0.007000000216066837
v -0.019500000402331352 -0.039250001311302185 -0.008999999612569809
v -0.023499999195337296 -0.04024999961256981 -0.008999999612569809
v -0.023499999195337296 -0.03974999859929085 -0.007000000216066837
v -0.023499999195337296 -0.03974999859929085 -0.008999999612569809
v -0.023499999195337296 -0.04024999961256981 -0.007000000216066837
v -0.008500000461935997 -0.042750000953674316 -0.007000000216066837
v -0.01850000023841858 -0.042750000953674316 -0.007000000216066837
v -0.01850000023841858 -0.042750000953674316 -0.008999999612569809
v -0.008500000461935997 -0.042750000953674316 -0.008999999612569809
v -0.008500000461935997 -0.027249999344348907 -0.008999999612569809
v -0.008500000461935997 -0.027249999344348907 -0.007000000216066837
v -0.008500000461935997 -0.042750000953674316 -0.007000000216066837
v -0.008500000461935997 -0.042750000953674316 -0.008999999612569809
v -0.019882682710886 -0.0419238805770874 -0.008999999612569809
v -0.019882682710886 -0.0419238805770874 -0.007000000216066837
v -0.019500000402331352 -0.041999999433755875 -0.007000000216066837
v -0.020423879846930504 -0.04138268157839775 -0.008999999612569809
v -0.020423879846930504 -0.04138268157839775 -0.007000000216066837
v -0.020207107067108154 -0.041707105934619904 -0.007000000216066837
v -0.020207107067108154 -0.041707105934619904 -0.008999999612569809
v -0.020423879846930504 -0.04061731696128845 -0.008999999612569809
v -0.020423879846930504 -0.04061731696128845 -0.007000000216066837
v -0.020500000566244125 -0.04100000113248825 -0.007000000216066837
v -0.019882682710886 -0.0400761216878891 -0.008999999612569809
v -0.019882682710886 -0.0400761216878891 -0.007000000216066837
v -0.020207107067108154 -0.0402928926050663 -0.007000000216066837
v -0.020207107067108154 -0.0402928926050663 -0.008999999612569809
v -0.020500000566244125 -0.04100000113248825 -0.008999999612569809
v -0.019500000402331352 -0.041999999433755875 -0.008999999612569809
v -0.019500000402331352 -0.03999999910593033 -0.008999999612569809
v -0.019500000402331352 -0.03999999910593033 -0.007000000216066837
v -0.019117314368486404 -0.0419238805770874 -0.008999999612569809
v -0.019117314368486404 -0.0400761216878891 -0.008999999612569809
v -0.019117314368486404 -0.0400761216878891 -0.007000000216066837
v -0.0185761209577322 -0.04061731696128845 -0.008999999612569809
v -0.0185761209577322 -0.04061731696128845 -0.007000000216066837
v -0.01879289373755455 -0.0402928926050663 -0.007000000216066837
v -0.01879289373755455 -0.0402928926050663 -0.008999999612569809
v -0.0185761209577322 -0.04138268157839775 -0.008999999612569809
v -0.0185761209577322 -0.04138268157839775 -0.007000000216066837
v -0.01850000023841858 -0.04100000113248825 -0.007000000216066837
v -0.019117314368486404 -0.0419238805770874 -0.007000000216066837
v -0.01879289373755455 -0.041707105934619904 -0.007000000216066837
v -0.01879289373755455 -0.041707105934619904 -0.008999999612569809
v -0.01850000023841858 -0.04100000113248825 -0.008999999612569809
v -0.019882682710886 -0.0354238785803318 -0.008999999612569809
v -0.019882682710886 -0.0354238785803318 -0.007000000216066837
v -0.019500000402331352 -0.03550000116229057 -0.007000000216066837
v -0.020423879846930504 -0.03488268330693245 -0.008999999612569809
v -0.020423879846930504 -0.03488268330693245 -0.007000000216066837
v -0.020207107067108154 -0.0352071076631546 -0.007000000216066837
v -0.020207107067108154 -0.0352071076631546 -0.008999999612569809
v -0.020423879846930504 -0.03411731496453285 -0.008999999612569809
v -0.020423879846930504 -0.03411731496453285 -0.007000000216066837
v -0.020500000566244125 -0.03449999913573265 -0.007000000216066837
v -0.019882682710886 -0.0335761196911335 -0.008999999612569809
v -0.019882682710886 -0.0335761196911335 -0.007000000216066837
v -0.020207107067108154 -0.0337928906083107 -0.007000000216066837
v -0.020207107067108154 -0.0337928906083107 -0.008999999612569809
v -0.020500000566244125 -0.03449999913573265 -0.008999999612569809
v -0.019500000402331352 -0.03550000116229057 -0.008999999612569809
v -0.019500000402331352 -0.03350000083446503 -0.008999999612569809
v -0.019500000402331352 -0.03350000083446503 -0.007000000216066837
v -0.019117314368486404 -0.0354238785803318 -0.008999999612569809
v -0.019117314368486404 -0.0335761196911335 -0.008999999612569809
v -0.019117314368486404 -0.0335761196911335 -0.007000000216066837
v -0.0185761209577322 -0.03411731496453285 -0.008999999612569809
v -0.0185761209577322 -0.03411731496453285 -0.007000000216066837
v -0.01879289373755455 -0.0337928906083107 -0.007000000216066837
v -0.01879289373755455 -0.0337928906083107 -0.008999999612569809
v -0.0185761209577322 -0.03488268330693245 -0.008999999612569809
v -0.0185761209577322 -0.03488268330693245 -0.007000000216066837
v -0.01850000023841858 -0.03449999913573265 -0.007000000216066837
v -0.019117314368486404 -0.0354238785803318 -0.007000000216066837
v -0.01879289373755455 -0.0352071076631546 -0.007000000216066837
v -0.01879289373755455 -0.0352071076631546 -0.008999999612569809
v -0.01850000023841858 -0.03449999913573265 -0.008999999612569809
v -0.01850000023841858 -0.02525000087916851 -0.008999999612569809
v -0.014499999582767487 -0.0271152313798666 -0.008999999612569809
v -0.01850000023841858 -0.02525000087916851 -0.007000000216066837
v -0.014499999582767487 -0.0271152313798666 -0.007000000216066837
v -0.023191342130303383 -0.03621194139122963 -0.007000000216066837
v -0.023191342130303383 -0.03621194139122963 -0.008999999612569809
v -0.02335355430841446 -0.03610355406999588 -0.007000000216066837
v -0.02335355430841446 -0.03610355406999588 -0.008999999612569809
v -0.02346193976700306 -0.035941340029239655 -0.007000000216066837
v -0.023499999195337296 -0.035750001668930054 -0.007000000216066837
v -0.023499999195337296 -0.035750001668930054 -0.008999999612569809
v -0.02346193976700306 -0.035941340029239655 -0.008999999612569809
v -0.023499999195337296 -0.03974999859929085 -0.007000000216066837
v -0.02346193976700306 -0.03955865651369095 -0.007000000216066837
v -0.02346193976700306 -0.03955865651369095 -0.008999999612569809
v -0.023499999195337296 -0.03974999859929085 -0.008999999612569809
v -0.02335355430841446 -0.03939644619822502 -0.007000000216066837
v -0.02335355430841446 -0.03939644619822502 -0.008999999612569809
v -0.023191342130303383 -0.03928805887699127 -0.007000000216066837
v -0.023000000044703484 -0.039250001311302185 -0.007000000216066837
v -0.023000000044703484 -0.039250001311302185 -0.008999999612569809
v -0.023191342130303383 -0.03928805887699127 -0.008999999612569809
v -0.018925974145531654 -0.03913581743836403 -0.007000000216066837
v -0.018925974145531654 -0.03913581743836403 -0.008999999612569809
v -0.019500000402331352 -0.039250001311302185 -0.008999999612569809
v -0.019500000402331352 -0.039250001311302185 -0.007000000216066837
v -0.018439339473843575 -0.03881065919995308 -0.007000000216066837
v -0.018439339473843575 -0.03881065919995308 -0.008999999612569809
v -0.017999999225139618 -0.0377499982714653 -0.007000000216066837
v -0.017999999225139618 -0.0377499982714653 -0.008999999612569809
v -0.018114181235432625 -0.038324024528265 -0.008999999612569809
v -0.018114181235432625 -0.038324024528265 -0.007000000216066837
v -0.018114181235432625 -0.0371759757399559 -0.007000000216066837
v -0.018114181235432625 -0.0371759757399559 -0.008999999612569809
v -0.018925974145531654 -0.036364179104566574 -0.007000000216066837
v -0.018925974145531654 -0.036364179104566574 -0.008999999612569809
v -0.018439339473843575 -0.03668934106826782 -0.008999999612569809
v -0.018439339473843575 -0.03668934106826782 -0.007000000216066837
v -0.007265367079526186 -0.025402240455150604 -0.007000000216066837
v -0.007265367079526186 -0.025402240455150604 -0.008999999612569809
v -0.006500000134110451 -0.02525000087916851 -0.008999999612569809
v -0.006500000134110451 -0.02525000087916851 -0.007000000216066837
v -0.007914213463664055 -0.025835786014795303 -0.007000000216066837
v -0.007914213463664055 -0.025835786014795303 -0.008999999612569809
v -0.008500000461935997 -0.027249999344348907 -0.007000000216066837
v -0.008500000461935997 -0.027249999344348907 -0.008999999612569809
v -0.008347759023308754 -0.02648463286459446 -0.008999999612569809
v -0.008347759023308754 -0.02648463286459446 -0.007000000216066837
v -0.022784672677516937 -0.04153856262564659 -0.008999999612569809
v -0.022784877568483353 -0.04153839126229286 -0.007000000216066837
v -0.023286566138267517 -0.04097262769937515 -0.007000000216066837
v -0.02328680083155632 -0.04097224399447441 -0.008999999612569809
v -0.023499999195337296 -0.04024999961256981 -0.007000000216066837
v -0.023499999195337296 -0.04024999961256981 -0.008999999612569809
v -0.022197073325514793 -0.04193384572863579 -0.008999999612569809
v -0.022196641191840172 -0.041934072971343994 -0.007000000216066837
v -0.021463926881551743 -0.04226339980959892 -0.008999999612569809
v -0.02146383374929428 -0.04226343706250191 -0.007000000216066837
v -0.020001467317342758 -0.042634617537260056 -0.008999999612569809
v -0.02000122144818306 -0.04263465479016304 -0.007000000216066837
v -0.01850000023841858 -0.042750000953674316 -0.007000000216066837
v -0.021452849730849266 -0.03323253244161606 -0.008999999612569809
v -0.021463926881551743 -0.03323660045862198 -0.007000000216066837
v -0.020001467317342758 -0.032865382730960846 -0.007000000216066837
v -0.019998259842395782 -0.032864879816770554 -0.008999999612569809
v -0.01850000023841858 -0.032749999314546585 -0.007000000216066837
v -0.01850000023841858 -0.032749999314546585 -0.008999999612569809
v -0.022189732640981674 -0.03356213495135307 -0.008999999612569809
v -0.022197045385837555 -0.03356613591313362 -0.007000000216066837
v -0.02328680083155632 -0.03452775627374649 -0.007000000216066837
v -0.022784672677516937 -0.03396143764257431 -0.007000000216066837
v -0.023286055773496628 -0.0345265232026577 -0.008999999612569809
v -0.023499999195337296 -0.03525000065565109 -0.007000000216066837
v -0.023499999195337296 -0.03525000065565109 -0.008999999612569809
v -0.02278132736682892 -0.03395865857601166 -0.008999999612569809
v 0.0035000001080334187 -0.003000000026077032 -0.007000000216066837
v 0.0035918783396482468 -0.002998592797666788 -0.007000000216066837
v 0.0035000001080334187 -0.0029945361893624067 -0.007005463819950819
v 0.0029937908984720707 -0.002956983633339405 -0.007000000216066837
v 0.0015301117673516273 0.0020884955301880836 -0.007129064295440912
v 0.002472291700541973 0.0027445130981504917 -0.007069379556924105
v 0.0018813455244526267 0.0025258578825742006 -0.007000000216066837
v 0.0009031500667333603 0.001126155606471002 -0.007169477641582489
v 0.0010249001206830144 0.0016952523728832603 -0.007000000216066837
v 0.0029937908984720707 0.002956983633339405 -0.007000000216066837
v 0.0035918783396482468 0.002998592797666788 -0.007000000216066837
v 0.00241592014208436 0.0027972792740911245 -0.007000000216066837
v 0.0014114162186160684 0.0021535593550652266 -0.007000000216066837
v 0.0007372340187430382 0.0011692409170791507 -0.007000000216066837
v 0.0005599066498689353 0.0005965325399301946 -0.007000000216066837
v 0.0006837568944320083 -1.0608540605971939e-06 -0.0071837566792964935
v 0.0005000000237487257 2.8225120389005454e-16 -0.007000000216066837
v 0.0005599066498689353 -0.0005965325399301946 -0.007000000216066837
v 0.0009037716081365943 -0.0011276890290901065 -0.0071694375947117805
v 0.0015302979154512286 -0.0020886873826384544 -0.007129052188247442
v 0.0010249001206830144 -0.0016952523728832603 -0.007000000216066837
v 0.0014114162186160684 -0.0021535593550652266 -0.007000000216066837
v 0.0024711634032428265 -0.0027440148405730724 -0.0070694503374397755
v 0.0018813455244526267 -0.0025258578825742006 -0.007000000216066837
v 0.0007372340187430382 -0.0011692409170791507 -0.007000000216066837
v 0.00241592014208436 -0.0027972792740911245 -0.007000000216066837
v 0.012000000104308128 -0.021250000223517418 -0.007000000216066837
v 0.011634476482868195 -0.021250000223517418 -0.004897750914096832
v 0.012000000104308128 -0.024250000715255737 -0.007000000216066837
v 0.010974358767271042 -0.021250000223517418 -0.00286863767541945
v 0.010033003985881805 -0.021250000223517418 -0.0009537197765894234
v 0.010033003985881805 -0.024250000715255737 -0.0009537197765894234
v 0.011634476482868195 -0.024250000715255737 -0.004897750914096832
v 0.010974358767271042 -0.024250000715255737 -0.00286863767541945
v 0.00882946141064167 -0.024250000715255737 0.0008082517888396978
v 0.00882946141064167 -0.021250000223517418 0.0008082517888396978
v 0.007388086523860693 -0.021250000223517418 0.002381622325628996
v 0.005738045554608107 -0.021250000223517418 0.003734553698450327
v 0.005738045554608107 -0.024250000715255737 0.003734553698450327
v 0.0039127292111516 -0.021250000223517418 0.004839668050408363
v 0.0019490736303851008 -0.021250000223517418 0.005674602463841438
v 0.0019490736303851008 -0.024250000715255737 0.005674602463841438
v 0.0039127292111516 -0.024250000715255737 0.004839668050408363
v 0.007388086523860693 -0.024250000715255737 0.002381622325628996
v 0.0009126398363150656 -0.021250000223517418 0.0059301843866705894
v 0.0009126398363150656 -0.024250000715255737 0.0059301843866705894
v -0.00015268191054929048 -0.021250000223517418 0.005998056847602129
v -0.00015268191054929048 -0.024250000715255737 0.005998056847602129
v -0.0012131708208471537 -0.021250000223517418 0.005876071751117706
v -0.0022352589294314384 -0.021250000223517418 0.0055680894292891026
v -0.0012131708208471537 -0.024250000715255737 0.005876071751117706
v -0.0022352589294314384 -0.024250000715255737 0.0055680894292891026
v -0.03446866571903229 -0.024250000715255737 0.003950383048504591
v -0.03446866571903229 -0.021250000223517418 0.003950383048504591
v -0.03891155123710632 -0.021250000223517418 0.0054663727059960365
v -0.025253387168049812 -0.024250000715255737 0.002209484577178955
v -0.025253387168049812 -0.021250000223517418 0.002209484577178955
v -0.029902292415499687 -0.021250000223517418 0.0028614981565624475
v -0.029902292415499687 -0.024250000715255737 0.0028614981565624475
v -0.03891155123710632 -0.024250000715255737 0.0054663727059960365
v -0.020563650876283646 -0.024250000715255737 0.0020001905504614115
v -0.020563650876283646 -0.021250000223517418 0.0020001905504614115
v -0.011229929514229298 -0.021250000223517418 0.0029132834170013666
v -0.01587514579296112 -0.021250000223517418 0.002235493855550885
v -0.011229929514229298 -0.024250000715255737 0.0029132834170013666
v -0.006669665686786175 -0.021250000223517418 0.0040274797938764095
v -0.01587514579296112 -0.024250000715255737 0.002235493855550885
v -0.006669665686786175 -0.024250000715255737 0.0040274797938764095
v -0.04699999839067459 -0.021250000223517418 -3.520308018778451e-05
v -0.04696633294224739 -0.021250000223517418 -0.0006654080934822559
v -0.04696633294224739 -0.024250000715255737 -0.0006654080934822559
v -0.04677307605743408 -0.021250000223517418 -0.0016578969080001116
v -0.0464136078953743 -0.021250000223517418 -0.0026029718574136496
v -0.0464136078953743 -0.024250000715255737 -0.0026029718574136496
v -0.04677307605743408 -0.024250000715255737 -0.0016578969080001116
v -0.0458984375 -0.021250000223517418 -0.0034730189945548773
v -0.045242615044116974 -0.021250000223517418 -0.004242615774273872
v -0.045242615044116974 -0.024250000715255737 -0.004242615774273872
v -0.03988027572631836 -0.021250000223517418 0.005756116472184658
v -0.03988027572631836 -0.024250000715255737 0.005756116472184658
v -0.040884196758270264 -0.021250000223517418 0.005876642651855946
v -0.0458984375 -0.024250000715255737 -0.0034730189945548773
v -0.04699999839067459 -0.024250000715255737 -3.520308018778451e-05
v -0.040884196758270264 -0.024250000715255737 0.005876642651855946
v -0.04189397767186165 -0.021250000223517418 0.005824429914355278
v -0.04698773846030235 -0.024250000715255737 0.0003454948018770665
v -0.042880114167928696 -0.021250000223517418 0.005601003300398588
v -0.04189397767186165 -0.024250000715255737 0.005824429914355278
v -0.0438137911260128 -0.021250000223517418 0.005212891846895218
v -0.04466772824525833 -0.021250000223517418 0.004671435337513685
v -0.04466772824525833 -0.024250000715255737 0.004671435337513685
v -0.042880114167928696 -0.024250000715255737 0.005601003300398588
v -0.045416973531246185 -0.021250000223517418 0.003992454614490271
v -0.0460396334528923 -0.021250000223517418 0.0031957891769707203
v -0.0460396334528923 -0.024250000715255737 0.0031957891769707203
v -0.046517517417669296 -0.021250000223517418 0.002304716967046261
v -0.04683665931224823 -0.021250000223517418 0.0013452740386128426
v -0.04683665931224823 -0.024250000715255737 0.0013452740386128426
v -0.04698773846030235 -0.021250000223517418 0.0003454948018770665
v -0.046517517417669296 -0.024250000715255737 0.002304716967046261
v -0.045416973531246185 -0.024250000715255737 0.003992454614490271
v -0.0438137911260128 -0.024250000715255737 0.005212891846895218
v -0.04475543275475502 -0.021250000223517418 -0.0045643276534974575
v -0.04418233409523964 -0.021250000223517418 -0.004675680305808783
v -0.04361012950539589 -0.021250000223517418 -0.004559804685413837
v -0.04418233409523964 -0.024250000715255737 -0.004675680305808783
v -0.04475543275475502 -0.024250000715255737 -0.0045643276534974575
v -0.04361012950539589 -0.024250000715255737 -0.004559804685413837
v -0.04312550276517868 -0.021250000223517418 -0.0042342557571828365
v -0.04312550276517868 -0.024250000715255737 -0.0042342557571828365
v -0.0428018718957901 -0.021250000223517418 -0.003748348681256175
v -0.04268825799226761 -0.021250000223517418 -0.0031756917014718056
v -0.0428018718957901 -0.024250000715255737 -0.003748348681256175
v -0.0428018718957901 -0.021250000223517418 -0.0026030349545180798
v -0.04312550276517868 -0.021250000223517418 -0.0021171278785914183
v -0.0428018718957901 -0.024250000715255737 -0.0026030349545180798
v -0.04268825799226761 -0.024250000715255737 -0.0031756917014718056
v -0.04312550276517868 -0.024250000715255737 -0.0021171278785914183
v -0.04399999976158142 -0.024250000715255737 -9.312069125621454e-17
v -0.04399428516626358 -0.021250000223517418 -0.00018511047528591007
v -0.04399999976158142 -0.021250000223517418 -9.245455940020314e-17
v -0.04373609647154808 -0.024250000715255737 -0.0012303534895181656
v -0.04373609647154808 -0.021250000223517418 -0.0012303534895181656
v -0.04399428516626358 -0.024250000715255737 -0.00018511047528591007
v -0.039476923644542694 -0.024250000715255737 0.0025846154894679785
v -0.040487535297870636 -0.021250000223517418 0.0029559058602899313
v -0.039476923644542694 -0.021250000223517418 0.0025846154894679785
v -0.04386680945754051 -0.024250000715255737 0.0008839746005833149
v -0.040487535297870636 -0.024250000715255737 0.0029559058602899313
v -0.041564151644706726 -0.021250000223517418 0.002946478081867099
v -0.042568106204271317 -0.024250000715255737 0.0025575461331754923
v -0.043370090425014496 -0.021250000223517418 0.0018392044585198164
v -0.042568106204271317 -0.021250000223517418 0.0025575461331754923
v -0.043370090425014496 -0.024250000715255737 0.0018392044585198164
v -0.04386680945754051 -0.021250000223517418 0.0008839746005833149
v -0.041564151644706726 -0.024250000715255737 0.002946478081867099
v -0.03409356623888016 -0.021250000223517418 -0.00556017505005002
v -0.03400000184774399 -0.021250000223517418 -0.007000000216066837
v -0.03409356623888016 -0.024250000715255737 -0.00556017505005002
v -0.034832678735256195 -0.024250000715255737 -0.0027769943699240685
v -0.034832678735256195 -0.021250000223517418 -0.0027769943699240685
v -0.03437269106507301 -0.021250000223517418 -0.004144569393247366
v -0.03400000184774399 -0.024250000715255737 -0.007000000216066837
v -0.03437269106507301 -0.024250000715255737 -0.004144569393247366
v -0.035465799272060394 -0.024250000715255737 -0.001480454346165061
v -0.035465799272060394 -0.021250000223517418 -0.001480454346165061
v -0.037206072360277176 -0.024250000715255737 0.0008138471748679876
v -0.037206072360277176 -0.021250000223517418 0.0008138471748679876
v -0.036261387169361115 -0.021250000223517418 -0.00027675804449245334
v -0.03828396275639534 -0.021250000223517418 0.001773016294464469
v -0.03828396275639534 -0.024250000715255737 0.001773016294464469
v -0.036261387169361115 -0.024250000715255737 -0.00027675804449245334
v -0.03350000083446503 -0.021250000223517418 -0.007000000216066837
v -0.03350000083446503 -0.024250000715255737 -0.007000000216066837
v -0.03400000184774399 -0.024250000715255737 -0.007000000216066837
v -0.03400000184774399 -0.021250000223517418 -0.007000000216066837
v -0.042568106204271317 -0.021250000223517418 0.0025575461331754923
v -0.043370090425014496 -0.021250000223517418 0.0018392044585198164
v -0.046517517417669296 -0.021250000223517418 0.002304716967046261
v -0.0460396334528923 -0.021250000223517418 0.0031957891769707203
v -0.040487535297870636 -0.021250000223517418 0.0029559058602899313
v -0.045416973531246185 -0.021250000223517418 0.003992454614490271
v -0.04466772824525833 -0.021250000223517418 0.004671435337513685
v -0.03891155123710632 -0.021250000223517418 0.0054663727059960365
v -0.0438137911260128 -0.021250000223517418 0.005212891846895218
v -0.041564151644706726 -0.021250000223517418 0.002946478081867099
v -0.04683665931224823 -0.021250000223517418 0.0013452740386128426
v -0.04399999976158142 -0.021250000223517418 -9.245455940020314e-17
v -0.04699999839067459 -0.021250000223517418 -3.520308018778451e-05
v -0.04698773846030235 -0.021250000223517418 0.0003454948018770665
v -0.04386680945754051 -0.021250000223517418 0.0008839746005833149
v -0.04399428516626358 -0.021250000223517418 -0.00018511047528591007
v -0.04696633294224739 -0.021250000223517418 -0.0006654080934822559
v -0.03988027572631836 -0.021250000223517418 0.005756116472184658
v -0.042880114167928696 -0.021250000223517418 0.005601003300398588
v -0.04189397767186165 -0.021250000223517418 0.005824429914355278
v -0.040884196758270264 -0.021250000223517418 0.005876642651855946
v -0.03446866571903229 -0.021250000223517418 0.003950383048504591
v -0.029902292415499687 -0.021250000223517418 0.0028614981565624475
v -0.03828396275639534 -0.021250000223517418 0.001773016294464469
v -0.039476923644542694 -0.021250000223517418 0.0025846154894679785
v -0.037206072360277176 -0.021250000223517418 0.0008138471748679876
v -0.025253387168049812 -0.021250000223517418 0.002209484577178955
v -0.036261387169361115 -0.021250000223517418 -0.00027675804449245334
v -0.04677307605743408 -0.021250000223517418 -0.0016578969080001116
v -0.04312550276517868 -0.021250000223517418 -0.0021171278785914183
v -0.0464136078953743 -0.021250000223517418 -0.0026029718574136496
v -0.04373609647154808 -0.021250000223517418 -0.0012303534895181656
v -0.0428018718957901 -0.021250000223517418 -0.0026030349545180798
v -0.0458984375 -0.021250000223517418 -0.0034730189945548773
v -0.04268825799226761 -0.021250000223517418 -0.0031756917014718056
v -0.045242615044116974 -0.021250000223517418 -0.004242615774273872
v -0.04361012950539589 -0.021250000223517418 -0.004559804685413837
v -0.04475543275475502 -0.021250000223517418 -0.0045643276534974575
v -0.0428018718957901 -0.021250000223517418 -0.003748348681256175
v -0.04312550276517868 -0.021250000223517418 -0.0042342557571828365
v -0.04418233409523964 -0.021250000223517418 -0.004675680305808783
v -0.03437269106507301 -0.021250000223517418 -0.004144569393247366
v -0.034832678735256195 -0.021250000223517418 -0.0027769943699240685
v -0.03203032910823822 -0.021250000223517418 -0.00346966995857656
v -0.035465799272060394 -0.021250000223517418 -0.001480454346165061
v -0.03150000050663948 -0.021250000223517418 -0.0032500000670552254
v -0.020563650876283646 -0.021250000223517418 0.0020001905504614115
v -0.032192908227443695 -0.021250000223517418 -0.0037129875272512436
v -0.03178701177239418 -0.021250000223517418 -0.004692909773439169
v -0.03409356623888016 -0.021250000223517418 -0.00556017505005002
v -0.03400000184774399 -0.021250000223517418 -0.007000000216066837
v -0.03350000083446503 -0.021250000223517418 -0.007000000216066837
v -0.03150000050663948 -0.021250000223517418 -0.004749999847263098
v -0.032192908227443695 -0.021250000223517418 -0.0042870123870670795
v -0.032249998301267624 -0.021250000223517418 -0.004000000189989805
v -0.03203032910823822 -0.021250000223517418 -0.004530330188572407
v -0.011229929514229298 -0.021250000223517418 0.0029132834170013666
v -0.006669665686786175 -0.021250000223517418 0.0040274797938764095
v -0.001148050301708281 -0.021250000223517418 0.0027716385666280985
v 0.0039127292111516 -0.021250000223517418 0.004839668050408363
v -0.0022352589294314384 -0.021250000223517418 0.0055680894292891026
v 0.0019490736303851008 -0.021250000223517418 0.005674602463841438
v -0.0012131708208471537 -0.021250000223517418 0.005876071751117706
v -4.1817060385156696e-17 -0.021250000223517418 0.003000000026077032
v -0.00212132022716105 -0.021250000223517418 0.00212132022716105
v -0.01587514579296112 -0.021250000223517418 0.002235493855550885
v -0.003000000026077032 -0.021250000223517418 -9.218941161793294e-17
v -0.03121298737823963 -0.021250000223517418 -0.003307090373709798
v -0.0027716385666280985 -0.021250000223517418 0.001148050301708281
v -0.0027716385666280985 -0.021250000223517418 -0.001148050301708281
v 0.0009126398363150656 -0.021250000223517418 0.0059301843866705894
v -0.00015268191054929048 -0.021250000223517418 0.005998056847602129
v 0.005738045554608107 -0.021250000223517418 0.003734553698450327
v 0.001148050301708281 -0.021250000223517418 0.0027716385666280985
v 0.00212132022716105 -0.021250000223517418 0.00212132022716105
v 0.007388086523860693 -0.021250000223517418 0.002381622325628996
v 0.0027716385666280985 -0.021250000223517418 0.001148050301708281
v 0.00882946141064167 -0.021250000223517418 0.0008082517888396978
v 0.003000000026077032 -0.021250000223517418 -9.108722984765299e-17
v 0.010033003985881805 -0.021250000223517418 -0.0009537197765894234
v -0.03178701177239418 -0.021250000223517418 -0.003307090373709798
v -0.030969670042395592 -0.021250000223517418 -0.00346966995857656
v -0.00212132022716105 -0.021250000223517418 -0.00212132022716105
v -0.030807090923190117 -0.021250000223517418 -0.0037129875272512436
v -0.030969670042395592 -0.021250000223517418 -0.004530330188572407
v -0.030807090923190117 -0.021250000223517418 -0.0042870123870670795
v -0.001148050301708281 -0.021250000223517418 -0.0027716385666280985
v -0.03121298737823963 -0.021250000223517418 -0.004692909773439169
v -4.108227253830339e-17 -0.021250000223517418 -0.003000000026077032
v -0.030750000849366188 -0.021250000223517418 -0.004000000189989805
v 0.00212132022716105 -0.021250000223517418 -0.00212132022716105
v 0.0027716385666280985 -0.021250000223517418 -0.001148050301708281
v 0.010974358767271042 -0.021250000223517418 -0.00286863767541945
v 0.001148050301708281 -0.021250000223517418 -0.0027716385666280985
v 0.011634476482868195 -0.021250000223517418 -0.004897750914096832
v 0.012000000104308128 -0.021250000223517418 -0.007000000216066837
v -0.046517517417669296 -0.024250000715255737 0.002304716967046261
v -0.043370090425014496 -0.024250000715255737 0.0018392044585198164
v -0.042568106204271317 -0.024250000715255737 0.0025575461331754923
v -0.0460396334528923 -0.024250000715255737 0.0031957891769707203
v -0.04466772824525833 -0.024250000715255737 0.004671435337513685
v -0.045416973531246185 -0.024250000715255737 0.003992454614490271
v -0.040487535297870636 -0.024250000715255737 0.0029559058602899313
v -0.0438137911260128 -0.024250000715255737 0.005212891846895218
v -0.03891155123710632 -0.024250000715255737 0.0054663727059960365
v -0.041564151644706726 -0.024250000715255737 0.002946478081867099
v -0.04683665931224823 -0.024250000715255737 0.0013452740386128426
v -0.04698773846030235 -0.024250000715255737 0.0003454948018770665
v -0.04699999839067459 -0.024250000715255737 -3.520308018778451e-05
v -0.04399999976158142 -0.024250000715255737 -9.312069125621454e-17
v -0.04386680945754051 -0.024250000715255737 0.0008839746005833149
v -0.04399428516626358 -0.024250000715255737 -0.00018511047528591007
v -0.04696633294224739 -0.024250000715255737 -0.0006654080934822559
v -0.04189397767186165 -0.024250000715255737 0.005824429914355278
v -0.042880114167928696 -0.024250000715255737 0.005601003300398588
v -0.03988027572631836 -0.024250000715255737 0.005756116472184658
v -0.040884196758270264 -0.024250000715255737 0.005876642651855946
v -0.03446866571903229 -0.024250000715255737 0.003950383048504591
v -0.039476923644542694 -0.024250000715255737 0.0025846154894679785
v -0.03828396275639534 -0.024250000715255737 0.001773016294464469
v -0.029902292415499687 -0.024250000715255737 0.0028614981565624475
v -0.037206072360277176 -0.024250000715255737 0.0008138471748679876
v -0.036261387169361115 -0.024250000715255737 -0.00027675804449245334
v -0.025253387168049812 -0.024250000715255737 0.002209484577178955
v -0.0464136078953743 -0.024250000715255737 -0.0026029718574136496
v -0.04312550276517868 -0.024250000715255737 -0.0021171278785914183
v -0.04677307605743408 -0.024250000715255737 -0.0016578969080001116
v -0.04373609647154808 -0.024250000715255737 -0.0012303534895181656
v -0.0428018718957901 -0.024250000715255737 -0.0026030349545180798
v -0.04268825799226761 -0.024250000715255737 -0.0031756917014718056
v -0.0458984375 -0.024250000715255737 -0.0034730189945548773
v -0.04475543275475502 -0.024250000715255737 -0.0045643276534974575
v -0.04361012950539589 -0.024250000715255737 -0.004559804685413837
v -0.045242615044116974 -0.024250000715255737 -0.004242615774273872
v -0.04312550276517868 -0.024250000715255737 -0.0042342557571828365
v -0.0428018718957901 -0.024250000715255737 -0.003748348681256175
v -0.04418233409523964 -0.024250000715255737 -0.004675680305808783
v -0.03203032910823822 -0.024250000715255737 -0.00346966995857656
v -0.034832678735256195 -0.024250000715255737 -0.0027769943699240685
v -0.03437269106507301 -0.024250000715255737 -0.004144569393247366
v -0.03150000050663948 -0.024250000715255737 -0.0032500000670552254
v -0.035465799272060394 -0.024250000715255737 -0.001480454346165061
v -0.020563650876283646 -0.024250000715255737 0.0020001905504614115
v -0.032192908227443695 -0.024250000715255737 -0.0037129875272512436
v -0.03409356623888016 -0.024250000715255737 -0.00556017505005002
v -0.03178701177239418 -0.024250000715255737 -0.004692909773439169
v -0.03350000083446503 -0.024250000715255737 -0.007000000216066837
v -0.03400000184774399 -0.024250000715255737 -0.007000000216066837
v -0.03150000050663948 -0.024250000715255737 -0.004749999847263098
v -0.032249998301267624 -0.024250000715255737 -0.004000000189989805
v -0.032192908227443695 -0.024250000715255737 -0.0042870123870670795
v -0.03203032910823822 -0.024250000715255737 -0.004530330188572407
v -0.001148050301708281 -0.024250000715255737 0.0027716385666280985
v -0.006669665686786175 -0.024250000715255737 0.0040274797938764095
v -0.011229929514229298 -0.024250000715255737 0.0029132834170013666
v -0.0022352589294314384 -0.024250000715255737 0.0055680894292891026
v 0.0039127292111516 -0.024250000715255737 0.004839668050408363
v -0.0012131708208471537 -0.024250000715255737 0.005876071751117706
v 0.0019490736303851008 -0.024250000715255737 0.005674602463841438
v -4.1817060385156696e-17 -0.024250000715255737 0.003000000026077032
v -0.00212132022716105 -0.024250000715255737 0.00212132022716105
v -0.003000000026077032 -0.024250000715255737 -9.212075562709104e-17
v -0.01587514579296112 -0.024250000715255737 0.002235493855550885
v -0.03121298737823963 -0.024250000715255737 -0.003307090373709798
v -0.0027716385666280985 -0.024250000715255737 0.001148050301708281
v -0.0027716385666280985 -0.024250000715255737 -0.001148050301708281
v 0.0009126398363150656 -0.024250000715255737 0.0059301843866705894
v -0.00015268191054929048 -0.024250000715255737 0.005998056847602129
v 0.005738045554608107 -0.024250000715255737 0.003734553698450327
v 0.001148050301708281 -0.024250000715255737 0.0027716385666280985
v 0.007388086523860693 -0.024250000715255737 0.002381622325628996
v 0.00212132022716105 -0.024250000715255737 0.00212132022716105
v 0.0027716385666280985 -0.024250000715255737 0.001148050301708281
v 0.003000000026077032 -0.024250000715255737 -9.175336170366439e-17
v 0.00882946141064167 -0.024250000715255737 0.0008082517888396978
v 0.010033003985881805 -0.024250000715255737 -0.0009537197765894234
v -0.03178701177239418 -0.024250000715255737 -0.003307090373709798
v -0.00212132022716105 -0.024250000715255737 -0.00212132022716105
v -0.030969670042395592 -0.024250000715255737 -0.00346966995857656
v -0.030807090923190117 -0.024250000715255737 -0.0037129875272512436
v -0.001148050301708281 -0.024250000715255737 -0.0027716385666280985
v -0.030807090923190117 -0.024250000715255737 -0.0042870123870670795
v -0.030969670042395592 -0.024250000715255737 -0.004530330188572407
v -0.03121298737823963 -0.024250000715255737 -0.004692909773439169
v -4.108227253830339e-17 -0.024250000715255737 -0.003000000026077032
v -0.030750000849366188 -0.024250000715255737 -0.004000000189989805
v 0.0027716385666280985 -0.024250000715255737 -0.001148050301708281
v 0.00212132022716105 -0.024250000715255737 -0.00212132022716105
v 0.010974358767271042 -0.024250000715255737 -0.00286863767541945
v 0.011634476482868195 -0.024250000715255737 -0.004897750914096832
v 0.001148050301708281 -0.024250000715255737 -0.0027716385666280985
v 0.012000000104308128 -0.024250000715255737 -0.007000000216066837
v -0.003000000026077032 -0.024250000715255737 -9.212075562709104e-17
v -0.0027716385666280985 -0.021250000223517418 -0.001148050301708281
v -0.003000000026077032 -0.021250000223517418 -9.218941161793294e-17
v -0.00212132022716105 -0.024250000715255737 -0.00212132022716105
v -0.001148050301708281 -0.021250000223517418 -0.0027716385666280985
v -0.00212132022716105 -0.021250000223517418 -0.00212132022716105
v -0.0027716385666280985 -0.024250000715255737 -0.001148050301708281
v -4.108227253830339e-17 -0.024250000715255737 -0.003000000026077032
v 0.001148050301708281 -0.021250000223517418 -0.0027716385666280985
v -4.108227253830339e-17 -0.021250000223517418 -0.003000000026077032
v 0.00212132022716105 -0.024250000715255737 -0.00212132022716105
v 0.0027716385666280985 -0.021250000223517418 -0.001148050301708281
v 0.00212132022716105 -0.021250000223517418 -0.00212132022716105
v 0.001148050301708281 -0.024250000715255737 -0.0027716385666280985
v -0.001148050301708281 -0.024250000715255737 -0.0027716385666280985
v 0.0027716385666280985 -0.024250000715255737 -0.001148050301708281
v 0.003000000026077032 -0.021250000223517418 -9.108722984765299e-17
v -0.0027716385666280985 -0.024250000715255737 0.001148050301708281
v 0.0027716385666280985 -0.024250000715255737 0.001148050301708281
v 0.0027716385666280985 -0.021250000223517418 0.001148050301708281
v 0.001148050301708281 -0.024250000715255737 0.0027716385666280985
v 0.001148050301708281 -0.021250000223517418 0.0027716385666280985
v 0.00212132022716105 -0.021250000223517418 0.00212132022716105
v 0.00212132022716105 -0.024250000715255737 0.00212132022716105
v -0.001148050301708281 -0.024250000715255737 0.0027716385666280985
v -0.001148050301708281 -0.021250000223517418 0.0027716385666280985
v -4.1817060385156696e-17 -0.021250000223517418 0.003000000026077032
v -0.0027716385666280985 -0.021250000223517418 0.001148050301708281
v -0.00212132022716105 -0.021250000223517418 0.00212132022716105
v -0.00212132022716105 -0.024250000715255737 0.00212132022716105
v -4.1817060385156696e-17 -0.024250000715255737 0.003000000026077032
v 0.003000000026077032 -0.024250000715255737 -9.175336170366439e-17
v -0.032249998301267624 -0.024250000715255737 -0.004000000189989805
v -0.032192908227443695 -0.021250000223517418 -0.0042870123870670795
v -0.032249998301267624 -0.021250000223517418 -0.004000000189989805
v -0.03203032910823822 -0.024250000715255737 -0.004530330188572407
v -0.03178701177239418 -0.021250000223517418 -0.004692909773439169
v -0.03203032910823822 -0.021250000223517418 -0.004530330188572407
v -0.032192908227443695 -0.024250000715255737 -0.0042870123870670795
v -0.03150000050663948 -0.024250000715255737 -0.004749999847263098
v -0.03121298737823963 -0.021250000223517418 -0.004692909773439169
v -0.03150000050663948 -0.021250000223517418 -0.004749999847263098
v -0.030969670042395592 -0.024250000715255737 -0.004530330188572407
v -0.030807090923190117 -0.021250000223517418 -0.0042870123870670795
v -0.030969670042395592 -0.021250000223517418 -0.004530330188572407
v -0.03121298737823963 -0.024250000715255737 -0.004692909773439169
v -0.03178701177239418 -0.024250000715255737 -0.004692909773439169
v -0.030807090923190117 -0.024250000715255737 -0.0042870123870670795
v -0.030750000849366188 -0.024250000715255737 -0.004000000189989805
v -0.030750000849366188 -0.021250000223517418 -0.004000000189989805
v -0.032192908227443695 -0.021250000223517418 -0.0037129875272512436
v -0.030807090923190117 -0.024250000715255737 -0.0037129875272512436
v -0.030807090923190117 -0.021250000223517418 -0.0037129875272512436
v -0.03121298737823963 -0.024250000715255737 -0.003307090373709798
v -0.03121298737823963 -0.021250000223517418 -0.003307090373709798
v -0.030969670042395592 -0.021250000223517418 -0.00346966995857656
v -0.030969670042395592 -0.024250000715255737 -0.00346966995857656
v -0.03178701177239418 -0.024250000715255737 -0.003307090373709798
v -0.03178701177239418 -0.021250000223517418 -0.003307090373709798
v -0.03150000050663948 -0.021250000223517418 -0.0032500000670552254
v -0.032192908227443695 -0.024250000715255737 -0.0037129875272512436
v -0.03203032910823822 -0.021250000223517418 -0.00346966995857656
v -0.03203032910823822 -0.024250000715255737 -0.00346966995857656
v -0.03150000050663948 -0.024250000715255737 -0.0032500000670552254
v -0.03350000083446503 0.021250000223517418 -0.007000000216066837
v -0.03400000184774399 0.021250000223517418 -0.007000000216066837
v -0.03400000184774399 0.024250000715255737 -0.007000000216066837
v -0.03350000083446503 0.024250000715255737 -0.007000000216066837
v 0.0019490736303851008 0.021250000223517418 0.005674602463841438
v 0.0039127292111516 0.021250000223517418 0.004839668050408363
v 0.0039127292111516 0.024250000715255737 0.004839668050408363
v 0.005738045554608107 0.021250000223517418 0.003734553698450327
v 0.007388086523860693 0.021250000223517418 0.002381622325628996
v 0.007388086523860693 0.024250000715255737 0.002381622325628996
v 0.005738045554608107 0.024250000715255737 0.003734553698450327
v 0.0019490736303851008 0.024250000715255737 0.005674602463841438
v 0.00882946141064167 0.021250000223517418 0.0008082517888396978
v 0.00882946141064167 0.024250000715255737 0.0008082517888396978
v 0.010033003985881805 0.021250000223517418 -0.0009537197765894234
v 0.010974358767271042 0.021250000223517418 -0.00286863767541945
v 0.010974358767271042 0.024250000715255737 -0.00286863767541945
v 0.011634476482868195 0.021250000223517418 -0.004897750914096832
v 0.011634476482868195 0.024250000715255737 -0.004897750914096832
v 0.012000000104308128 0.024250000715255737 -0.007000000216066837
v 0.012000000104308128 0.021250000223517418 -0.007000000216066837
v 0.010033003985881805 0.024250000715255737 -0.0009537197765894234
v -0.00015268191054929048 0.021250000223517418 0.005998056847602129
v -0.00015268191054929048 0.024250000715255737 0.005998056847602129
v -0.0012131708208471537 0.021250000223517418 0.005876071751117706
v -0.0022352589294314384 0.021250000223517418 0.0055680894292891026
v -0.0012131708208471537 0.024250000715255737 0.005876071751117706
v -0.0022352589294314384 0.024250000715255737 0.0055680894292891026
v 0.0009126398363150656 0.021250000223517418 0.0059301843866705894
v 0.0009126398363150656 0.024250000715255737 0.0059301843866705894
v -0.006669665686786175 0.024250000715255737 0.0040274797938764095
v -0.006669665686786175 0.021250000223517418 0.0040274797938764095
v -0.011229929514229298 0.024250000715255737 0.0029132834170013666
v -0.011229929514229298 0.021250000223517418 0.0029132834170013666
v -0.01587514579296112 0.021250000223517418 0.002235493855550885
v -0.01587514579296112 0.024250000715255737 0.002235493855550885
v -0.020563650876283646 0.024250000715255737 0.0020001905504614115
v -0.020563650876283646 0.021250000223517418 0.0020001905504614115
v -0.029902292415499687 0.024250000715255737 0.0028614981565624475
v -0.029902292415499687 0.021250000223517418 0.0028614981565624475
v -0.025253387168049812 0.021250000223517418 0.002209484577178955
v -0.03891155123710632 0.024250000715255737 0.0054663727059960365
v -0.03891155123710632 0.021250000223517418 0.0054663727059960365
v -0.03446866571903229 0.021250000223517418 0.003950383048504591
v -0.03446866571903229 0.024250000715255737 0.003950383048504591
v -0.025253387168049812 0.024250000715255737 0.002209484577178955
v -0.04699999839067459 0.021250000223517418 -3.520308018778451e-05
v -0.04698773846030235 0.021250000223517418 0.0003454948018770665
v -0.04699999839067459 0.024250000715255737 -3.520308018778451e-05
v -0.04683665931224823 0.021250000223517418 0.0013452740386128426
v -0.046517517417669296 0.021250000223517418 0.002304716967046261
v -0.046517517417669296 0.024250000715255737 0.002304716967046261
v -0.04698773846030235 0.024250000715255737 0.0003454948018770665
v -0.0460396334528923 0.021250000223517418 0.0031957891769707203
v -0.045416973531246185 0.021250000223517418 0.003992454614490271
v -0.045416973531246185 0.024250000715255737 0.003992454614490271
v -0.04466772824525833 0.021250000223517418 0.004671435337513685
v -0.0438137911260128 0.021250000223517418 0.005212891846895218
v -0.04466772824525833 0.024250000715255737 0.004671435337513685
v -0.042880114167928696 0.021250000223517418 0.005601003300398588
v -0.042880114167928696 0.024250000715255737 0.005601003300398588
v -0.0460396334528923 0.024250000715255737 0.0031957891769707203
v -0.04683665931224823 0.024250000715255737 0.0013452740386128426
v -0.0438137911260128 0.024250000715255737 0.005212891846895218
v -0.04189397767186165 0.024250000715255737 0.005824429914355278
v -0.04696633294224739 0.024250000715255737 -0.0006654080934822559
v -0.04189397767186165 0.021250000223517418 0.005824429914355278
v -0.040884196758270264 0.021250000223517418 0.005876642651855946
v -0.040884196758270264 0.024250000715255737 0.005876642651855946
v -0.03988027572631836 0.021250000223517418 0.005756116472184658
v -0.03988027572631836 0.024250000715255737 0.005756116472184658
v -0.045242615044116974 0.021250000223517418 -0.004242615774273872
v -0.0458984375 0.021250000223517418 -0.0034730189945548773
v -0.045242615044116974 0.024250000715255737 -0.004242615774273872
v -0.0464136078953743 0.021250000223517418 -0.0026029718574136496
v -0.04677307605743408 0.021250000223517418 -0.0016578969080001116
v -0.0464136078953743 0.024250000715255737 -0.0026029718574136496
v -0.04696633294224739 0.021250000223517418 -0.0006654080934822559
v -0.04677307605743408 0.024250000715255737 -0.0016578969080001116
v -0.0458984375 0.024250000715255737 -0.0034730189945548773
v -0.04312550276517868 0.021250000223517418 -0.0021171278785914183
v -0.0428018718957901 0.021250000223517418 -0.0026030349545180798
v -0.0428018718957901 0.024250000715255737 -0.0026030349545180798
v -0.04268825799226761 0.021250000223517418 -0.0031756917014718056
v -0.0428018718957901 0.021250000223517418 -0.003748348681256175
v -0.0428018718957901 0.024250000715255737 -0.003748348681256175
v -0.04268825799226761 0.024250000715255737 -0.0031756917014718056
v -0.04312550276517868 0.024250000715255737 -0.0021171278785914183
v -0.04312550276517868 0.024250000715255737 -0.0042342557571828365
v -0.04312550276517868 0.021250000223517418 -0.0042342557571828365
v -0.04361012950539589 0.021250000223517418 -0.004559804685413837
v -0.04361012950539589 0.024250000715255737 -0.004559804685413837
v -0.04418233409523964 0.021250000223517418 -0.004675680305808783
v -0.04475543275475502 0.021250000223517418 -0.0045643276534974575
v -0.04475543275475502 0.024250000715255737 -0.0045643276534974575
v -0.04418233409523964 0.024250000715255737 -0.004675680305808783
v -0.04386680945754051 0.024250000715255737 0.0008839746005833149
v -0.04386680945754051 0.021250000223517418 0.0008839746005833149
v -0.04399999976158142 0.021250000223517418 -8.448723514943118e-17
v -0.042568106204271317 0.024250000715255737 0.0025575461331754923
v -0.042568106204271317 0.021250000223517418 0.0025575461331754923
v -0.043370090425014496 0.021250000223517418 0.0018392044585198164
v -0.041564151644706726 0.024250000715255737 0.002946478081867099
v -0.041564151644706726 0.021250000223517418 0.002946478081867099
v -0.043370090425014496 0.024250000715255737 0.0018392044585198164
v -0.04399999976158142 0.024250000715255737 -8.382110329341978e-17
v -0.040487535297870636 0.024250000715255737 0.0029559058602899313
v -0.04399428516626358 0.024250000715255737 -0.00018511047528591007
v -0.039476923644542694 0.021250000223517418 0.0025846154894679785
v -0.040487535297870636 0.021250000223517418 0.0029559058602899313
v -0.039476923644542694 0.024250000715255737 0.0025846154894679785
v -0.04373609647154808 0.024250000715255737 -0.0012303534895181656
v -0.04373609647154808 0.021250000223517418 -0.0012303534895181656
v -0.04399428516626358 0.021250000223517418 -0.00018511047528591007
v -0.03828396275639534 0.024250000715255737 0.001773016294464469
v -0.03828396275639534 0.021250000223517418 0.001773016294464469
v -0.036261387169361115 0.024250000715255737 -0.00027675804449245334
v -0.036261387169361115 0.021250000223517418 -0.00027675804449245334
v -0.037206072360277176 0.021250000223517418 0.0008138471748679876
v -0.037206072360277176 0.024250000715255737 0.0008138471748679876
v -0.035465799272060394 0.024250000715255737 -0.001480454346165061
v -0.035465799272060394 0.021250000223517418 -0.001480454346165061
v -0.03437269106507301 0.024250000715255737 -0.004144569393247366
v -0.03437269106507301 0.021250000223517418 -0.004144569393247366
v -0.034832678735256195 0.021250000223517418 -0.0027769943699240685
v -0.03409356623888016 0.024250000715255737 -0.00556017505005002
v -0.03409356623888016 0.021250000223517418 -0.00556017505005002
v -0.03400000184774399 0.021250000223517418 -0.007000000216066837
v -0.034832678735256195 0.024250000715255737 -0.0027769943699240685
v -0.03400000184774399 0.024250000715255737 -0.007000000216066837
v -0.045242615044116974 0.021250000223517418 -0.004242615774273872
v -0.0428018718957901 0.021250000223517418 -0.003748348681256175
v -0.0458984375 0.021250000223517418 -0.0034730189945548773
v -0.04361012950539589 0.021250000223517418 -0.004559804685413837
v -0.04475543275475502 0.021250000223517418 -0.0045643276534974575
v -0.04312550276517868 0.021250000223517418 -0.0042342557571828365
v -0.04418233409523964 0.021250000223517418 -0.004675680305808783
v -0.04268825799226761 0.021250000223517418 -0.0031756917014718056
v -0.0464136078953743 0.021250000223517418 -0.0026029718574136496
v -0.04373609647154808 0.021250000223517418 -0.0012303534895181656
v -0.04696633294224739 0.021250000223517418 -0.0006654080934822559
v -0.04677307605743408 0.021250000223517418 -0.0016578969080001116
v -0.04312550276517868 0.021250000223517418 -0.0021171278785914183
v -0.0428018718957901 0.021250000223517418 -0.0026030349545180798
v -0.04399428516626358 0.021250000223517418 -0.00018511047528591007
v -0.03409356623888016 0.021250000223517418 -0.00556017505005002
v -0.03400000184774399 0.021250000223517418 -0.007000000216066837
v -0.03350000083446503 0.021250000223517418 -0.007000000216066837
v -0.032192908227443695 0.021250000223517418 -0.0042870123870670795
v -0.03437269106507301 0.021250000223517418 -0.004144569393247366
v -0.03203032910823822 0.021250000223517418 -0.004530330188572407
v -0.032249998301267624 0.021250000223517418 -0.004000000189989805
v -0.03150000050663948 0.021250000223517418 -0.004749999847263098
v -0.03178701177239418 0.021250000223517418 -0.004692909773439169
v -0.032192908227443695 0.021250000223517418 -0.0037129875272512436
v -0.03150000050663948 0.021250000223517418 -0.0032500000670552254
v -0.035465799272060394 0.021250000223517418 -0.001480454346165061
v -0.034832678735256195 0.021250000223517418 -0.0027769943699240685
v -0.036261387169361115 0.021250000223517418 -0.00027675804449245334
v -0.020563650876283646 0.021250000223517418 0.0020001905504614115
v -0.03203032910823822 0.021250000223517418 -0.00346966995857656
v -0.025253387168049812 0.021250000223517418 0.002209484577178955
v -0.037206072360277176 0.021250000223517418 0.0008138471748679876
v -0.04698773846030235 0.021250000223517418 0.0003454948018770665
v -0.04386680945754051 0.021250000223517418 0.0008839746005833149
v -0.04683665931224823 0.021250000223517418 0.0013452740386128426
v -0.04399999976158142 0.021250000223517418 -8.448723514943118e-17
v -0.04699999839067459 0.021250000223517418 -3.520308018778451e-05
v -0.043370090425014496 0.021250000223517418 0.0018392044585198164
v -0.045416973531246185 0.021250000223517418 0.003992454614490271
v -0.0460396334528923 0.021250000223517418 0.0031957891769707203
v -0.041564151644706726 0.021250000223517418 0.002946478081867099
v -0.046517517417669296 0.021250000223517418 0.002304716967046261
v -0.042568106204271317 0.021250000223517418 0.0025575461331754923
v -0.0438137911260128 0.021250000223517418 0.005212891846895218
v -0.04466772824525833 0.021250000223517418 0.004671435337513685
v -0.03891155123710632 0.021250000223517418 0.0054663727059960365
v -0.040487535297870636 0.021250000223517418 0.0029559058602899313
v -0.03446866571903229 0.021250000223517418 0.003950383048504591
v -0.029902292415499687 0.021250000223517418 0.0028614981565624475
v -0.039476923644542694 0.021250000223517418 0.0025846154894679785
v -0.03828396275639534 0.021250000223517418 0.001773016294464469
v -0.04189397767186165 0.021250000223517418 0.005824429914355278
v -0.03988027572631836 0.021250000223517418 0.005756116472184658
v -0.040884196758270264 0.021250000223517418 0.005876642651855946
v -0.042880114167928696 0.021250000223517418 0.005601003300398588
v -0.030969670042395592 0.021250000223517418 -0.004530330188572407
v -0.03121298737823963 0.021250000223517418 -0.004692909773439169
v -0.001148050301708281 0.021250000223517418 -0.0027716385666280985
v -0.030807090923190117 0.021250000223517418 -0.0042870123870670795
v -0.03121298737823963 0.021250000223517418 -0.003307090373709798
v -0.03178701177239418 0.021250000223517418 -0.003307090373709798
v -0.030969670042395592 0.021250000223517418 -0.00346966995857656
v -0.030807090923190117 0.021250000223517418 -0.0037129875272512436
v -0.00212132022716105 0.021250000223517418 -0.00212132022716105
v -0.030750000849366188 0.021250000223517418 -0.004000000189989805
v -4.108227253830339e-17 0.021250000223517418 -0.003000000026077032
v 0.001148050301708281 0.021250000223517418 -0.0027716385666280985
v 0.011634476482868195 0.021250000223517418 -0.004897750914096832
v 0.012000000104308128 0.021250000223517418 -0.007000000216066837
v 0.010974358767271042 0.021250000223517418 -0.00286863767541945
v -0.0027716385666280985 0.021250000223517418 -0.001148050301708281
v 0.00212132022716105 0.021250000223517418 -0.00212132022716105
v 0.010033003985881805 0.021250000223517418 -0.0009537197765894234
v 0.0027716385666280985 0.021250000223517418 -0.001148050301708281
v 0.003000000026077032 0.021250000223517418 -8.165032990317442e-17
v -0.01587514579296112 0.021250000223517418 0.002235493855550885
v -0.003000000026077032 0.021250000223517418 -8.201772382660107e-17
v -0.0027716385666280985 0.021250000223517418 0.001148050301708281
v -0.011229929514229298 0.021250000223517418 0.0029132834170013666
v -0.00212132022716105 0.021250000223517418 0.00212132022716105
v -0.006669665686786175 0.021250000223517418 0.0040274797938764095
v -0.001148050301708281 0.021250000223517418 0.0027716385666280985
v -0.0012131708208471537 0.021250000223517418 0.005876071751117706
v -0.0022352589294314384 0.021250000223517418 0.0055680894292891026
v 0.0019490736303851008 0.021250000223517418 0.005674602463841438
v 0.0039127292111516 0.021250000223517418 0.004839668050408363
v -4.1817060385156696e-17 0.021250000223517418 0.003000000026077032
v 0.00212132022716105 0.021250000223517418 0.00212132022716105
v 0.0027716385666280985 0.021250000223517418 0.001148050301708281
v 0.007388086523860693 0.021250000223517418 0.002381622325628996
v 0.001148050301708281 0.021250000223517418 0.0027716385666280985
v 0.00882946141064167 0.021250000223517418 0.0008082517888396978
v 0.005738045554608107 0.021250000223517418 0.003734553698450327
v -0.00015268191054929048 0.021250000223517418 0.005998056847602129
v 0.0009126398363150656 0.021250000223517418 0.0059301843866705894
v -0.0458984375 0.024250000715255737 -0.0034730189945548773
v -0.0428018718957901 0.024250000715255737 -0.003748348681256175
v -0.045242615044116974 0.024250000715255737 -0.004242615774273872
v -0.04475543275475502 0.024250000715255737 -0.0045643276534974575
v -0.04361012950539589 0.024250000715255737 -0.004559804685413837
v -0.04312550276517868 0.024250000715255737 -0.0042342557571828365
v -0.04418233409523964 0.024250000715255737 -0.004675680305808783
v -0.0464136078953743 0.024250000715255737 -0.0026029718574136496
v -0.04268825799226761 0.024250000715255737 -0.0031756917014718056
v -0.04677307605743408 0.024250000715255737 -0.0016578969080001116
v -0.04696633294224739 0.024250000715255737 -0.0006654080934822559
v -0.04373609647154808 0.024250000715255737 -0.0012303534895181656
v -0.04312550276517868 0.024250000715255737 -0.0021171278785914183
v -0.0428018718957901 0.024250000715255737 -0.0026030349545180798
v -0.04399428516626358 0.024250000715255737 -0.00018511047528591007
v -0.03350000083446503 0.024250000715255737 -0.007000000216066837
v -0.03400000184774399 0.024250000715255737 -0.007000000216066837
v -0.03409356623888016 0.024250000715255737 -0.00556017505005002
v -0.03203032910823822 0.024250000715255737 -0.004530330188572407
v -0.03437269106507301 0.024250000715255737 -0.004144569393247366
v -0.032192908227443695 0.024250000715255737 -0.0042870123870670795
v -0.032249998301267624 0.024250000715255737 -0.004000000189989805
v -0.03150000050663948 0.024250000715255737 -0.004749999847263098
v -0.03178701177239418 0.024250000715255737 -0.004692909773439169
v -0.032192908227443695 0.024250000715255737 -0.0037129875272512436
v -0.034832678735256195 0.024250000715255737 -0.0027769943699240685
v -0.035465799272060394 0.024250000715255737 -0.001480454346165061
v -0.03150000050663948 0.024250000715255737 -0.0032500000670552254
v -0.020563650876283646 0.024250000715255737 0.0020001905504614115
v -0.036261387169361115 0.024250000715255737 -0.00027675804449245334
v -0.03203032910823822 0.024250000715255737 -0.00346966995857656
v -0.037206072360277176 0.024250000715255737 0.0008138471748679876
v -0.025253387168049812 0.024250000715255737 0.002209484577178955
v -0.04683665931224823 0.024250000715255737 0.0013452740386128426
v -0.04386680945754051 0.024250000715255737 0.0008839746005833149
v -0.04698773846030235 0.024250000715255737 0.0003454948018770665
v -0.04699999839067459 0.024250000715255737 -3.520308018778451e-05
v -0.04399999976158142 0.024250000715255737 -8.382110329341978e-17
v -0.043370090425014496 0.024250000715255737 0.0018392044585198164
v -0.041564151644706726 0.024250000715255737 0.002946478081867099
v -0.0460396334528923 0.024250000715255737 0.0031957891769707203
v -0.045416973531246185 0.024250000715255737 0.003992454614490271
v -0.042568106204271317 0.024250000715255737 0.0025575461331754923
v -0.046517517417669296 0.024250000715255737 0.002304716967046261
v -0.03891155123710632 0.024250000715255737 0.0054663727059960365
v -0.04466772824525833 0.024250000715255737 0.004671435337513685
v -0.0438137911260128 0.024250000715255737 0.005212891846895218
v -0.040487535297870636 0.024250000715255737 0.0029559058602899313
v -0.03446866571903229 0.024250000715255737 0.003950383048504591
v -0.03828396275639534 0.024250000715255737 0.001773016294464469
v -0.039476923644542694 0.024250000715255737 0.0025846154894679785
v -0.029902292415499687 0.024250000715255737 0.0028614981565624475
v -0.040884196758270264 0.024250000715255737 0.005876642651855946
v -0.03988027572631836 0.024250000715255737 0.005756116472184658
v -0.04189397767186165 0.024250000715255737 0.005824429914355278
v -0.042880114167928696 0.024250000715255737 0.005601003300398588
v -0.001148050301708281 0.024250000715255737 -0.0027716385666280985
v -0.03121298737823963 0.024250000715255737 -0.004692909773439169
v -0.030969670042395592 0.024250000715255737 -0.004530330188572407
v -0.030807090923190117 0.024250000715255737 -0.0042870123870670795
v -0.03121298737823963 0.024250000715255737 -0.003307090373709798
v -0.03178701177239418 0.024250000715255737 -0.003307090373709798
v -0.00212132022716105 0.024250000715255737 -0.00212132022716105
v -0.030807090923190117 0.024250000715255737 -0.0037129875272512436
v -0.030969670042395592 0.024250000715255737 -0.00346966995857656
v -0.030750000849366188 0.024250000715255737 -0.004000000189989805
v -4.108227253830339e-17 0.024250000715255737 -0.003000000026077032
v 0.011634476482868195 0.024250000715255737 -0.004897750914096832
v 0.001148050301708281 0.024250000715255737 -0.0027716385666280985
v 0.012000000104308128 0.024250000715255737 -0.007000000216066837
v 0.010974358767271042 0.024250000715255737 -0.00286863767541945
v -0.0027716385666280985 0.024250000715255737 -0.001148050301708281
v 0.0027716385666280985 0.024250000715255737 -0.001148050301708281
v 0.010033003985881805 0.024250000715255737 -0.0009537197765894234
v 0.00212132022716105 0.024250000715255737 -0.00212132022716105
v 0.003000000026077032 0.024250000715255737 -8.098419804716302e-17
v -0.003000000026077032 0.024250000715255737 -8.208637981744297e-17
v -0.01587514579296112 0.024250000715255737 0.002235493855550885
v -0.011229929514229298 0.024250000715255737 0.0029132834170013666
v -0.0027716385666280985 0.024250000715255737 0.001148050301708281
v -0.00212132022716105 0.024250000715255737 0.00212132022716105
v -0.001148050301708281 0.024250000715255737 0.0027716385666280985
v -0.006669665686786175 0.024250000715255737 0.0040274797938764095
v 0.0019490736303851008 0.024250000715255737 0.005674602463841438
v -0.0022352589294314384 0.024250000715255737 0.0055680894292891026
v -0.0012131708208471537 0.024250000715255737 0.005876071751117706
v 0.0039127292111516 0.024250000715255737 0.004839668050408363
v -4.1817060385156696e-17 0.024250000715255737 0.003000000026077032
v 0.007388086523860693 0.024250000715255737 0.002381622325628996
v 0.0027716385666280985 0.024250000715255737 0.001148050301708281
v 0.00212132022716105 0.024250000715255737 0.00212132022716105
v 0.001148050301708281 0.024250000715255737 0.0027716385666280985
v 0.00882946141064167 0.024250000715255737 0.0008082517888396978
v 0.005738045554608107 0.024250000715255737 0.003734553698450327
v 0.0009126398363150656 0.024250000715255737 0.0059301843866705894
v -0.00015268191054929048 0.024250000715255737 0.005998056847602129
v -0.003000000026077032 0.024250000715255737 -8.208637981744297e-17
v -0.0027716385666280985 0.021250000223517418 0.001148050301708281
v -0.003000000026077032 0.021250000223517418 -8.201772382660107e-17
v -0.00212132022716105 0.024250000715255737 0.00212132022716105
v -0.001148050301708281 0.021250000223517418 0.0027716385666280985
v -0.00212132022716105 0.021250000223517418 0.00212132022716105
v -0.0027716385666280985 0.024250000715255737 0.001148050301708281
v -4.1817060385156696e-17 0.024250000715255737 0.003000000026077032
v 0.001148050301708281 0.021250000223517418 0.0027716385666280985
v -4.1817060385156696e-17 0.021250000223517418 0.003000000026077032
v 0.00212132022716105 0.024250000715255737 0.00212132022716105
v 0.0027716385666280985 0.021250000223517418 0.001148050301708281
v 0.00212132022716105 0.021250000223517418 0.00212132022716105
v 0.001148050301708281 0.024250000715255737 0.0027716385666280985
v -0.001148050301708281 0.024250000715255737 0.0027716385666280985
v 0.0027716385666280985 0.024250000715255737 0.001148050301708281
v 0.003000000026077032 0.024250000715255737 -8.098419804716302e-17
v 0.003000000026077032 0.021250000223517418 -8.165032990317442e-17
v -0.0027716385666280985 0.024250000715255737 -0.001148050301708281
v 0.0027716385666280985 0.024250000715255737 -0.001148050301708281
v 0.0027716385666280985 0.021250000223517418 -0.001148050301708281
v 0.001148050301708281 0.024250000715255737 -0.0027716385666280985
v 0.001148050301708281 0.021250000223517418 -0.0027716385666280985
v 0.00212132022716105 0.021250000223517418 -0.00212132022716105
v 0.00212132022716105 0.024250000715255737 -0.00212132022716105
v -0.001148050301708281 0.024250000715255737 -0.0027716385666280985
v -0.001148050301708281 0.021250000223517418 -0.0027716385666280985
v -4.108227253830339e-17 0.021250000223517418 -0.003000000026077032
v -0.0027716385666280985 0.021250000223517418 -0.001148050301708281
v -0.00212132022716105 0.021250000223517418 -0.00212132022716105
v -0.00212132022716105 0.024250000715255737 -0.00212132022716105
v -4.108227253830339e-17 0.024250000715255737 -0.003000000026077032
v -0.032249998301267624 0.024250000715255737 -0.004000000189989805
v -0.032192908227443695 0.021250000223517418 -0.0037129875272512436
v -0.032249998301267624 0.021250000223517418 -0.004000000189989805
v -0.03203032910823822 0.024250000715255737 -0.00346966995857656
v -0.03178701177239418 0.021250000223517418 -0.003307090373709798
v -0.03203032910823822 0.021250000223517418 -0.00346966995857656
v -0.032192908227443695 0.024250000715255737 -0.0037129875272512436
v -0.03150000050663948 0.024250000715255737 -0.0032500000670552254
v -0.03121298737823963 0.021250000223517418 -0.003307090373709798
v -0.03150000050663948 0.021250000223517418 -0.0032500000670552254
v -0.030969670042395592 0.024250000715255737 -0.00346966995857656
v -0.030807090923190117 0.021250000223517418 -0.0037129875272512436
v -0.030969670042395592 0.021250000223517418 -0.00346966995857656
v -0.03121298737823963 0.024250000715255737 -0.003307090373709798
v -0.03178701177239418 0.024250000715255737 -0.003307090373709798
v -0.030807090923190117 0.024250000715255737 -0.0037129875272512436
v -0.030750000849366188 0.024250000715255737 -0.004000000189989805
v -0.030750000849366188 0.021250000223517418 -0.004000000189989805
v -0.032192908227443695 0.021250000223517418 -0.0042870123870670795
v -0.030807090923190117 0.024250000715255737 -0.0042870123870670795
v -0.030807090923190117 0.021250000223517418 -0.0042870123870670795
v -0.03121298737823963 0.024250000715255737 -0.004692909773439169
v -0.03121298737823963 0.021250000223517418 -0.004692909773439169
v -0.030969670042395592 0.021250000223517418 -0.004530330188572407
v -0.030969670042395592 0.024250000715255737 -0.004530330188572407
v -0.03178701177239418 0.024250000715255737 -0.004692909773439169
v -0.03178701177239418 0.021250000223517418 -0.004692909773439169
v -0.03150000050663948 0.021250000223517418 -0.004749999847263098
v -0.032192908227443695 0.024250000715255737 -0.0042870123870670795
v -0.03203032910823822 0.021250000223517418 -0.004530330188572407
v -0.03203032910823822 0.024250000715255737 -0.004530330188572407
v -0.03150000050663948 0.024250000715255737 -0.004749999847263098
v -0.012517767027020454 -0.0017677668947726488 -0.007499999832361937
v -0.009793291799724102 -0.0023096988443285227 -0.007499999832361937
v -0.00898223277181387 -0.0017677668947726488 -0.007499999832361937
v -0.008440300822257996 -0.0009567085653543472 -0.007499999832361937
v -0.012517767027020454 0.0017677668947726488 -0.007499999832361937
v -0.011706708930432796 -0.0023096988443285227 -0.007499999832361937
v -0.01075000036507845 -0.0024999999441206455 -0.007499999832361937
v -0.013249999843537807 3.9614460393662745e-17 -0.007499999832361937
v -0.013059698976576328 -0.0009567085653543472 -0.007499999832361937
v -0.008249999955296516 3.899902478303349e-17 -0.007499999832361937
v -0.008440300822257996 0.0009567085653543472 -0.007499999832361937
v -0.00898223277181387 0.0017677668947726488 -0.007499999832361937
v -0.009793291799724102 0.0023096988443285227 -0.007499999832361937
v -0.01075000036507845 0.0024999999441206455 -0.007499999832361937
v -0.013059698976576328 0.0009567085653543472 -0.007499999832361937
v -0.011706708930432796 0.0023096988443285227 -0.007499999832361937
v -0.01075000036507845 0.0024999999441206455 -0.007499999832361937
v -0.01075000036507845 0.0024999999441206455 -0.007699999958276749
v -0.011706708930432796 0.0023096988443285227 -0.007699999958276749
v -0.012517767027020454 0.0017677668947726488 -0.007699999958276749
v -0.013059698976576328 0.0009567085653543472 -0.007699999958276749
v -0.012517767027020454 0.0017677668947726488 -0.007499999832361937
v -0.011706708930432796 0.0023096988443285227 -0.007499999832361937
v -0.013249999843537807 4.0054163137516333e-17 -0.007699999958276749
v -0.013249999843537807 3.9614460393662745e-17 -0.007499999832361937
v -0.013059698976576328 -0.0009567085653543472 -0.007699999958276749
v -0.013059698976576328 -0.0009567085653543472 -0.007499999832361937
v -0.011706708930432796 -0.0023096988443285227 -0.007699999958276749
v -0.011706708930432796 -0.0023096988443285227 -0.007499999832361937
v -0.012517767027020454 -0.0017677668947726488 -0.007699999958276749
v -0.013059698976576328 0.0009567085653543472 -0.007499999832361937
v -0.012517767027020454 -0.0017677668947726488 -0.007499999832361937
v -0.01075000036507845 -0.0024999999441206455 -0.007699999958276749
v -0.009793291799724102 0.0023096988443285227 -0.007699999958276749
v -0.008440300822257996 -0.0009567085653543472 -0.007499999832361937
v -0.00898223277181387 -0.0017677668947726488 -0.007699999958276749
v -0.008440300822257996 -0.0009567085653543472 -0.007699999958276749
v -0.009793291799724102 -0.0023096988443285227 -0.007499999832361937
v -0.009793291799724102 -0.0023096988443285227 -0.007699999958276749
v -0.00898223277181387 -0.0017677668947726488 -0.007499999832361937
v -0.00898223277181387 0.0017677668947726488 -0.007499999832361937
v -0.008440300822257996 0.0009567085653543472 -0.007699999958276749
v -0.00898223277181387 0.0017677668947726488 -0.007699999958276749
v -0.009793291799724102 0.0023096988443285227 -0.007499999832361937
v -0.008249999955296516 3.944184103471273e-17 -0.007699999958276749
v -0.008249999955296516 3.899902478303349e-17 -0.007499999832361937
v -0.01075000036507845 -0.0024999999441206455 -0.007499999832361937
v -0.008440300822257996 0.0009567085653543472 -0.007499999832361937
v -0.011706708930432796 0.0023096988443285227 -0.007699999958276749
v -0.01075000036507845 0.0024999999441206455 -0.007699999958276749
v -0.01075000036507845 0.0027000000700354576 -0.007499999832361937
v -0.013059698976576328 0.0009567085653543472 -0.007699999958276749
v -0.012517767027020454 0.0017677668947726488 -0.007699999958276749
v -0.012659188359975815 0.001909188344143331 -0.007499999832361937
v -0.011783245019614697 0.0024944746401160955 -0.007499999832361937
v -0.013244474306702614 -0.0010332452366128564 -0.007499999832361937
v -0.012517767027020454 -0.0017677668947726488 -0.007699999958276749
v -0.013059698976576328 -0.0009567085653543472 -0.007699999958276749
v -0.012659188359975815 -0.001909188344143331 -0.007499999832361937
v -0.011706708930432796 -0.0023096988443285227 -0.007699999958276749
v -0.013249999843537807 4.0054163137516333e-17 -0.007699999958276749
v -0.013244474306702614 0.0010332452366128564 -0.007499999832361937
v -0.013450000435113907 3.962683170690409e-17 -0.007499999832361937
v -0.011783245019614697 -0.0024944746401160955 -0.007499999832361937
v -0.01075000036507845 -0.0024999999441206455 -0.007699999958276749
v -0.009793291799724102 0.0023096988443285227 -0.007699999958276749
v -0.00898223277181387 -0.0017677668947726488 -0.007699999958276749
v -0.009793291799724102 -0.0023096988443285227 -0.007699999958276749
v -0.008840811438858509 -0.001909188344143331 -0.007499999832361937
v -0.00825552549213171 -0.0010332452366128564 -0.007499999832361937
v -0.008440300822257996 -0.0009567085653543472 -0.007699999958276749
v -0.009716754779219627 -0.0024944746401160955 -0.007499999832361937
v -0.008840811438858509 0.001909188344143331 -0.007499999832361937
v -0.00898223277181387 0.0017677668947726488 -0.007699999958276749
v -0.008440300822257996 0.0009567085653543472 -0.007699999958276749
v -0.008249999955296516 3.944184103471273e-17 -0.007699999958276749
v -0.009716754779219627 0.0024944746401160955 -0.007499999832361937
v -0.00825552549213171 0.0010332452366128564 -0.007499999832361937
v -0.01075000036507845 -0.0027000000700354576 -0.007499999832361937
v -0.008050000295042992 3.896216230621568e-17 -0.007499999832361937
v -0.008840811438858509 -0.001909188344143331 -0.007499999832361937
v -0.009716754779219627 -0.0024944746401160955 -0.007499999832361937
v -0.007527692709118128 -0.004822523798793554 -0.007499999832361937
v -0.006648780778050423 -0.004101219121366739 -0.007499999832361937
v -0.009618476033210754 -0.005688554607331753 -0.007499999832361937
v -0.00853043608367443 -0.005358501337468624 -0.007499999832361937
v -0.01075000036507845 -0.0027000000700354576 -0.007499999832361937
v -0.005927476100623608 -0.0032223074231296778 -0.007499999832361937
v -0.00825552549213171 -0.0010332452366128564 -0.007499999832361937
v -0.005391498561948538 -0.002219563815742731 -0.007499999832361937
v -0.005061445292085409 -0.0011315238662064075 -0.007499999832361937
v -0.008050000295042992 3.896216230621568e-17 -0.007499999832361937
v -0.00494999997317791 3.839077240884365e-17 -0.007499999832361937
v -0.005061445292085409 0.0011315238662064075 -0.007499999832361937
v -0.012969563715159893 -0.005358501337468624 -0.007499999832361937
v -0.011783245019614697 -0.0024944746401160955 -0.007499999832361937
v -0.013972307555377483 -0.004822523798793554 -0.007499999832361937
v -0.01188152376562357 -0.005688554607331753 -0.007499999832361937
v -0.012659188359975815 -0.001909188344143331 -0.007499999832361937
v -0.014851219020783901 -0.004101219121366739 -0.007499999832361937
v -0.015572523698210716 -0.0032223074231296778 -0.007499999832361937
v -0.01075000036507845 -0.005799999926239252 -0.007499999832361937
v -0.013244474306702614 -0.0010332452366128564 -0.007499999832361937
v -0.016108501702547073 -0.002219563815742731 -0.007499999832361937
v -0.016438554972410202 -0.0011315238662064075 -0.007499999832361937
v -0.013450000435113907 3.962683170690409e-17 -0.007499999832361937
v -0.00825552549213171 0.0010332452366128564 -0.007499999832361937
v -0.005391498561948538 0.002219563815742731 -0.007499999832361937
v -0.008840811438858509 0.001909188344143331 -0.007499999832361937
v -0.005927476100623608 0.0032223074231296778 -0.007499999832361937
v -0.007527692709118128 0.004822523798793554 -0.007499999832361937
v -0.009716754779219627 0.0024944746401160955 -0.007499999832361937
v -0.009618476033210754 0.005688554607331753 -0.007499999832361937
v -0.01075000036507845 0.0027000000700354576 -0.007499999832361937
v -0.006648780778050423 0.004101219121366739 -0.007499999832361937
v -0.00853043608367443 0.005358501337468624 -0.007499999832361937
v -0.01075000036507845 0.005799999926239252 -0.007499999832361937
v -0.01188152376562357 0.005688554607331753 -0.007499999832361937
v -0.016108501702547073 0.002219563815742731 -0.007499999832361937
v -0.013244474306702614 0.0010332452366128564 -0.007499999832361937
v -0.015572523698210716 0.0032223074231296778 -0.007499999832361937
v -0.016438554972410202 0.0011315238662064075 -0.007499999832361937
v -0.01655000075697899 3.981857879033878e-17 -0.007499999832361937
v -0.012659188359975815 0.001909188344143331 -0.007499999832361937
v -0.011783245019614697 0.0024944746401160955 -0.007499999832361937
v -0.012969563715159893 0.005358501337468624 -0.007499999832361937
v -0.013972307555377483 0.004822523798793554 -0.007499999832361937
v -0.014851219020783901 0.004101219121366739 -0.007499999832361937
v -0.012969563715159893 -0.005358501337468624 -0.007499999832361937
v -0.013972307555377483 -0.004822523798793554 -0.007499999832361937
v -0.013046100735664368 -0.005543277133256197 -0.007699999958276749
v -0.015572523698210716 -0.0032223074231296778 -0.007499999832361937
v -0.016108501702547073 -0.002219563815742731 -0.007499999832361937
v -0.016293277963995934 -0.002296100603416562 -0.007699999958276749
v -0.01075000036507845 -0.005799999926239252 -0.007499999832361937
v -0.01188152376562357 -0.005688554607331753 -0.007499999832361937
v -0.01075000036507845 -0.006000000052154064 -0.007699999958276749
v -0.014992640353739262 -0.0042426404543221 -0.007699999958276749
v -0.014851219020783901 -0.004101219121366739 -0.007499999832361937
v -0.014083421789109707 -0.004988817498087883 -0.007699999958276749
v -0.016634711995720863 -0.0011705419747158885 -0.007699999958276749
v -0.016438554972410202 -0.0011315238662064075 -0.007499999832361937
v -0.01655000075697899 3.981857879033878e-17 -0.007499999832361937
v -0.016750000417232513 3.9966048549944735e-17 -0.007699999958276749
v -0.016293277963995934 0.002296100603416562 -0.007699999958276749
v -0.016108501702547073 0.002219563815742731 -0.007499999832361937
v -0.015572523698210716 0.0032223074231296778 -0.007499999832361937
v -0.016634711995720863 0.0011705419747158885 -0.007699999958276749
v -0.016438554972410202 0.0011315238662064075 -0.007499999832361937
v -0.014992640353739262 0.0042426404543221 -0.007699999958276749
v -0.014851219020783901 0.004101219121366739 -0.007499999832361937
v -0.013972307555377483 0.004822523798793554 -0.007499999832361937
v -0.012969563715159893 0.005358501337468624 -0.007499999832361937
v -0.013046100735664368 0.005543277133256197 -0.007699999958276749
v -0.015738816931843758 0.0033334214240312576 -0.007699999958276749
v -0.01188152376562357 0.005688554607331753 -0.007499999832361937
v -0.011920541524887085 0.005884711630642414 -0.007699999958276749
v -0.011920541524887085 -0.005884711630642414 -0.007699999958276749
v -0.015738816931843758 -0.0033334214240312576 -0.007699999958276749
v -0.014083421789109707 0.004988817498087883 -0.007699999958276749
v -0.01075000036507845 0.006000000052154064 -0.007699999958276749
v -0.009618476033210754 -0.005688554607331753 -0.007499999832361937
v -0.009579458273947239 0.005884711630642414 -0.007699999958276749
v -0.01075000036507845 0.005799999926239252 -0.007499999832361937
v -0.009618476033210754 0.005688554607331753 -0.007499999832361937
v -0.006507359445095062 0.0042426404543221 -0.007699999958276749
v -0.007527692709118128 0.004822523798793554 -0.007499999832361937
v -0.006648780778050423 0.004101219121366739 -0.007499999832361937
v -0.005927476100623608 0.0032223074231296778 -0.007499999832361937
v -0.007416578475385904 0.004988817498087883 -0.007699999958276749
v -0.00853043608367443 0.005358501337468624 -0.007499999832361937
v -0.004865288268774748 0.0011705419747158885 -0.007699999958276749
v -0.005391498561948538 0.002219563815742731 -0.007499999832361937
v -0.005061445292085409 0.0011315238662064075 -0.007499999832361937
v -0.005761182401329279 0.0033334214240312576 -0.007699999958276749
v -0.004865288268774748 -0.0011705419747158885 -0.007699999958276749
v -0.00494999997317791 3.839077240884365e-17 -0.007499999832361937
v -0.005061445292085409 -0.0011315238662064075 -0.007499999832361937
v -0.005761182401329279 -0.0033334214240312576 -0.007699999958276749
v -0.005391498561948538 -0.002219563815742731 -0.007499999832361937
v -0.005927476100623608 -0.0032223074231296778 -0.007499999832361937
v -0.005206722766160965 -0.002296100603416562 -0.007699999958276749
v -0.006648780778050423 -0.004101219121366739 -0.007499999832361937
v -0.007527692709118128 -0.004822523798793554 -0.007499999832361937
v -0.00853043608367443 -0.005358501337468624 -0.007499999832361937
v -0.007416578475385904 -0.004988817498087883 -0.007699999958276749
v -0.008453899063169956 -0.005543277133256197 -0.007699999958276749
v -0.004749999847263098 3.8489005069667996e-17 -0.007699999958276749
v -0.006507359445095062 -0.0042426404543221 -0.007699999958276749
v -0.008453899063169956 0.005543277133256197 -0.007699999958276749
v -0.005206722766160965 0.002296100603416562 -0.007699999958276749
v -0.009579458273947239 -0.005884711630642414 -0.007699999958276749
v -0.011920541524887085 0.005884711630642414 -0.008799999952316284
v -0.013046100735664368 0.005543277133256197 -0.008799999952316284
v -0.011920541524887085 0.005884711630642414 -0.007699999958276749
v -0.016293277963995934 0.002296100603416562 -0.007699999958276749
v -0.015738816931843758 0.0033334214240312576 -0.008799999952316284
v -0.016293277963995934 0.002296100603416562 -0.008799999952316284
v -0.01075000036507845 0.006000000052154064 -0.008799999952316284
v -0.01075000036507845 0.006000000052154064 -0.007699999958276749
v -0.014992640353739262 0.0042426404543221 -0.007699999958276749
v -0.014083421789109707 0.004988817498087883 -0.008799999952316284
v -0.014992640353739262 0.0042426404543221 -0.008799999952316284
v -0.014083421789109707 0.004988817498087883 -0.007699999958276749
v -0.015738816931843758 0.0033334214240312576 -0.007699999958276749
v -0.016634711995720863 0.0011705419747158885 -0.007699999958276749
v -0.016634711995720863 0.0011705419747158885 -0.008799999952316284
v -0.016750000417232513 3.9966048549944735e-17 -0.007699999958276749
v -0.016750000417232513 4.070908173314397e-17 -0.008799999952316284
v -0.016634711995720863 -0.0011705419747158885 -0.008799999952316284
v -0.016634711995720863 -0.0011705419747158885 -0.007699999958276749
v -0.016293277963995934 -0.002296100603416562 -0.008799999952316284
v -0.015738816931843758 -0.0033334214240312576 -0.008799999952316284
v -0.016293277963995934 -0.002296100603416562 -0.007699999958276749
v -0.014992640353739262 -0.0042426404543221 -0.008799999952316284
v -0.014083421789109707 -0.004988817498087883 -0.008799999952316284
v -0.014083421789109707 -0.004988817498087883 -0.007699999958276749
v -0.015738816931843758 -0.0033334214240312576 -0.007699999958276749
v -0.011920541524887085 -0.005884711630642414 -0.008799999952316284
v -0.011920541524887085 -0.005884711630642414 -0.007699999958276749
v -0.013046100735664368 -0.005543277133256197 -0.008799999952316284
v -0.013046100735664368 0.005543277133256197 -0.007699999958276749
v -0.014992640353739262 -0.0042426404543221 -0.007699999958276749
v -0.013046100735664368 -0.005543277133256197 -0.007699999958276749
v -0.01075000036507845 -0.006000000052154064 -0.008799999952316284
v -0.009579458273947239 0.005884711630642414 -0.008799999952316284
v -0.009579458273947239 -0.005884711630642414 -0.008799999952316284
v -0.01075000036507845 -0.006000000052154064 -0.007699999958276749
v -0.005761182401329279 -0.0033334214240312576 -0.007699999958276749
v -0.006507359445095062 -0.0042426404543221 -0.008799999952316284
v -0.005761182401329279 -0.0033334214240312576 -0.008799999952316284
v -0.008453899063169956 -0.005543277133256197 -0.008799999952316284
v -0.007416578475385904 -0.004988817498087883 -0.008799999952316284
v -0.007416578475385904 -0.004988817498087883 -0.007699999958276749
v -0.005206722766160965 -0.002296100603416562 -0.008799999952316284
v -0.005206722766160965 -0.002296100603416562 -0.007699999958276749
v -0.004865288268774748 -0.0011705419747158885 -0.008799999952316284
v -0.009579458273947239 -0.005884711630642414 -0.007699999958276749
v -0.005761182401329279 0.0033334214240312576 -0.007699999958276749
v -0.005206722766160965 0.002296100603416562 -0.008799999952316284
v -0.005761182401329279 0.0033334214240312576 -0.008799999952316284
v -0.006507359445095062 0.0042426404543221 -0.007699999958276749
v -0.006507359445095062 0.0042426404543221 -0.008799999952316284
v -0.007416578475385904 0.004988817498087883 -0.008799999952316284
v -0.008453899063169956 0.005543277133256197 -0.008799999952316284
v -0.007416578475385904 0.004988817498087883 -0.007699999958276749
v -0.004865288268774748 0.0011705419747158885 -0.007699999958276749
v -0.004749999847263098 3.923204156158968e-17 -0.008799999952316284
v -0.004865288268774748 0.0011705419747158885 -0.008799999952316284
v -0.008453899063169956 0.005543277133256197 -0.007699999958276749
v -0.004749999847263098 3.8489005069667996e-17 -0.007699999958276749
v -0.008453899063169956 -0.005543277133256197 -0.007699999958276749
v -0.006507359445095062 -0.0042426404543221 -0.007699999958276749
v -0.004865288268774748 -0.0011705419747158885 -0.007699999958276749
v -0.005206722766160965 0.002296100603416562 -0.007699999958276749
v -0.009579458273947239 0.005884711630642414 -0.007699999958276749
v -0.011920541524887085 -0.005884711630642414 -0.008799999952316284
v -0.013046100735664368 -0.005543277133256197 -0.008799999952316284
v -0.011959560215473175 -0.006080868653953075 -0.008999999612569809
v -0.015134061686694622 -0.004384062252938747 -0.008999999612569809
v -0.014992640353739262 -0.0042426404543221 -0.008799999952316284
v -0.015738816931843758 -0.0033334214240312576 -0.008799999952316284
v -0.01075000036507845 -0.006000000052154064 -0.008799999952316284
v -0.016634711995720863 -0.0011705419747158885 -0.008799999952316284
v -0.016830869019031525 -0.0012095599668100476 -0.008999999612569809
v -0.016293277963995934 -0.002296100603416562 -0.008799999952316284
v -0.014083421789109707 -0.004988817498087883 -0.008799999952316284
v -0.013122636824846268 -0.00572805292904377 -0.008999999612569809
v -0.016478052362799644 -0.0023726371582597494 -0.008999999612569809
v -0.016950000077486038 4.085655149274992e-17 -0.008999999612569809
v -0.016750000417232513 4.070908173314397e-17 -0.008799999952316284
v -0.016634711995720863 0.0011705419747158885 -0.008799999952316284
v -0.016830869019031525 0.0012095599668100476 -0.008999999612569809
v -0.016293277963995934 0.002296100603416562 -0.008799999952316284
v -0.015738816931843758 0.0033334214240312576 -0.008799999952316284
v -0.016478052362799644 0.0023726371582597494 -0.008999999612569809
v -0.014992640353739262 0.0042426404543221 -0.008799999952316284
v -0.015905112028121948 0.0034445354249328375 -0.008999999612569809
v -0.014083421789109707 0.004988817498087883 -0.008799999952316284
v -0.013046100735664368 0.005543277133256197 -0.008799999952316284
v -0.014194535091519356 0.005155111663043499 -0.008999999612569809
v -0.011959560215473175 0.006080868653953075 -0.008999999612569809
v -0.011920541524887085 0.005884711630642414 -0.008799999952316284
v -0.015134061686694622 0.004384062252938747 -0.008999999612569809
v -0.01075000036507845 -0.006200000178068876 -0.008999999612569809
v -0.014194535091519356 -0.005155111663043499 -0.008999999612569809
v -0.015905112028121948 -0.0034445354249328375 -0.008999999612569809
v -0.013122636824846268 0.00572805292904377 -0.008999999612569809
v -0.01075000036507845 0.006200000178068876 -0.008999999612569809
v -0.009579458273947239 -0.005884711630642414 -0.008799999952316284
v -0.009540439583361149 0.006080868653953075 -0.008999999612569809
v -0.01075000036507845 0.006000000052154064 -0.008799999952316284
v -0.009579458273947239 0.005884711630642414 -0.008799999952316284
v -0.008453899063169956 0.005543277133256197 -0.008799999952316284
v -0.006365938112139702 0.004384062252938747 -0.008999999612569809
v -0.007416578475385904 0.004988817498087883 -0.008799999952316284
v -0.006507359445095062 0.0042426404543221 -0.008799999952316284
v -0.005761182401329279 0.0033334214240312576 -0.008799999952316284
v -0.005206722766160965 0.002296100603416562 -0.008799999952316284
v -0.005594888236373663 0.0034445354249328375 -0.008999999612569809
v -0.004865288268774748 0.0011705419747158885 -0.008799999952316284
v -0.005021946970373392 0.0023726371582597494 -0.008999999612569809
v -0.008377362973988056 0.00572805292904377 -0.008999999612569809
v -0.005021946970373392 -0.0023726371582597494 -0.008999999612569809
v -0.004865288268774748 -0.0011705419747158885 -0.008799999952316284
v -0.005206722766160965 -0.002296100603416562 -0.008799999952316284
v -0.005761182401329279 -0.0033334214240312576 -0.008799999952316284
v -0.005594888236373663 -0.0034445354249328375 -0.008999999612569809
v -0.004550000187009573 3.933027422241403e-17 -0.008999999612569809
v -0.004749999847263098 3.923204156158968e-17 -0.008799999952316284
v -0.0046691312454640865 -0.0012095599668100476 -0.008999999612569809
v -0.007305464707314968 -0.005155111663043499 -0.008999999612569809
v -0.007416578475385904 -0.004988817498087883 -0.008799999952316284
v -0.008453899063169956 -0.005543277133256197 -0.008799999952316284
v -0.006507359445095062 -0.0042426404543221 -0.008799999952316284
v -0.008377362973988056 -0.00572805292904377 -0.008999999612569809
v -0.007305464707314968 0.005155111663043499 -0.008999999612569809
v -0.0046691312454640865 0.0012095599668100476 -0.008999999612569809
v -0.006365938112139702 -0.004384062252938747 -0.008999999612569809
v -0.009540439583361149 -0.006080868653953075 -0.008999999612569809
v -0.008377362973988056 -0.00572805292904377 -0.008999999612569809
v -0.008262557908892632 -0.006005216855555773 -0.008999999612569809
v -0.007138793356716633 -0.005404552444815636 -0.008999999612569809
v -0.006153806112706661 -0.004596194252371788 -0.008999999612569809
v -0.007305464707314968 -0.005155111663043499 -0.008999999612569809
v -0.009481912478804588 -0.00637510372325778 -0.008999999612569809
v -0.01075000036507845 -0.006200000178068876 -0.008999999612569809
v -0.01075000036507845 -0.006500000134110451 -0.008999999612569809
v -0.009540439583361149 -0.006080868653953075 -0.008999999612569809
v -0.006365938112139702 -0.004384062252938747 -0.008999999612569809
v -0.005021946970373392 -0.0023726371582597494 -0.008999999612569809
v -0.004744783043861389 -0.002487442223355174 -0.008999999612569809
v -0.0043748957104980946 -0.0012680870713666081 -0.008999999612569809
v -0.0042500002309679985 2.5701021101447253e-17 -0.008999999612569809
v -0.0046691312454640865 -0.0012095599668100476 -0.008999999612569809
v -0.005345447454601526 -0.003611206542700529 -0.008999999612569809
v -0.005594888236373663 -0.0034445354249328375 -0.008999999612569809
v -0.012018087320029736 -0.00637510372325778 -0.008999999612569809
v -0.011959560215473175 -0.006080868653953075 -0.008999999612569809
v -0.013122636824846268 -0.00572805292904377 -0.008999999612569809
v -0.013237441889941692 -0.006005216855555773 -0.008999999612569809
v -0.014361206442117691 -0.005404552444815636 -0.008999999612569809
v -0.014194535091519356 -0.005155111663043499 -0.008999999612569809
v -0.015134061686694622 -0.004384062252938747 -0.008999999612569809
v -0.015346193686127663 -0.004596194252371788 -0.008999999612569809
v -0.015905112028121948 -0.0034445354249328375 -0.008999999612569809
v -0.01615455187857151 -0.003611206542700529 -0.008999999612569809
v -0.01675521768629551 -0.002487442223355174 -0.008999999612569809
v -0.016478052362799644 -0.0023726371582597494 -0.008999999612569809
v -0.017125103622674942 -0.0012680870713666081 -0.008999999612569809
v -0.016830869019031525 -0.0012095599668100476 -0.008999999612569809
v -0.017249999567866325 2.7293060884842338e-17 -0.008999999612569809
v -0.016950000077486038 4.085655149274992e-17 -0.008999999612569809
v -0.004550000187009573 3.933027422241403e-17 -0.008999999612569809
v -0.0046691312454640865 0.0012095599668100476 -0.008999999612569809
v -0.0043748957104980946 0.0012680870713666081 -0.008999999612569809
v -0.004744783043861389 0.002487442223355174 -0.008999999612569809
v -0.005021946970373392 0.0023726371582597494 -0.008999999612569809
v -0.005594888236373663 0.0034445354249328375 -0.008999999612569809
v -0.005345447454601526 0.003611206542700529 -0.008999999612569809
v -0.006365938112139702 0.004384062252938747 -0.008999999612569809
v -0.006153806112706661 0.004596194252371788 -0.008999999612569809
v -0.007305464707314968 0.005155111663043499 -0.008999999612569809
v -0.007138793356716633 0.005404552444815636 -0.008999999612569809
v -0.008377362973988056 0.00572805292904377 -0.008999999612569809
v -0.008262557908892632 0.006005216855555773 -0.008999999612569809
v -0.009540439583361149 0.006080868653953075 -0.008999999612569809
v -0.01075000036507845 0.006200000178068876 -0.008999999612569809
v -0.009481912478804588 0.00637510372325778 -0.008999999612569809
v -0.01075000036507845 0.006500000134110451 -0.008999999612569809
v -0.016478052362799644 0.0023726371582597494 -0.008999999612569809
v -0.015905112028121948 0.0034445354249328375 -0.008999999612569809
v -0.01615455187857151 0.003611206542700529 -0.008999999612569809
v -0.015346193686127663 0.004596194252371788 -0.008999999612569809
v -0.015134061686694622 0.004384062252938747 -0.008999999612569809
v -0.01675521768629551 0.002487442223355174 -0.008999999612569809
v -0.016830869019031525 0.0012095599668100476 -0.008999999612569809
v -0.017125103622674942 0.0012680870713666081 -0.008999999612569809
v -0.013122636824846268 0.00572805292904377 -0.008999999612569809
v -0.011959560215473175 0.006080868653953075 -0.008999999612569809
v -0.012018087320029736 0.00637510372325778 -0.008999999612569809
v -0.013237441889941692 0.006005216855555773 -0.008999999612569809
v -0.014361206442117691 0.005404552444815636 -0.008999999612569809
v -0.014194535091519356 0.005155111663043499 -0.008999999612569809
v -0.01696687750518322 0.013077350333333015 -0.006504999939352274
v -0.017966877669095993 0.011345299892127514 -0.006504999939352274
v -0.01696687750518322 0.011922650039196014 -0.006504999939352274
v -0.017966877669095993 0.013654700480401516 -0.006504999939352274
v -0.018966877833008766 0.013077350333333015 -0.006504999939352274
v -0.018966877833008766 0.011922650039196014 -0.006504999939352274
v -0.01746687851846218 0.013366024941205978 -0.005504700355231762
v -0.017966877669095993 0.013654700480401516 -0.005350000225007534
v -0.017966877669095993 0.013654700480401516 -0.006504999939352274
v -0.01696687750518322 0.013077350333333015 -0.006504999939352274
v -0.01696687750518322 0.013077350333333015 -0.005350000225007534
v -0.018966877833008766 0.013077350333333015 -0.006504999939352274
v -0.017966877669095993 0.013654700480401516 -0.006504999939352274
v -0.018466878682374954 0.013366024941205978 -0.005504700355231762
v -0.017966877669095993 0.013654700480401516 -0.005350000225007534
v -0.018966877833008766 0.013077350333333015 -0.005350000225007534
v -0.018966877833008766 0.012500000186264515 -0.005504700355231762
v -0.018966877833008766 0.013077350333333015 -0.006504999939352274
v -0.018966877833008766 0.013077350333333015 -0.005350000225007534
v -0.018966877833008766 0.011922650039196014 -0.005350000225007534
v -0.018966877833008766 0.011922650039196014 -0.006504999939352274
v -0.017966877669095993 0.011345299892127514 -0.006504999939352274
v -0.018966877833008766 0.011922650039196014 -0.006504999939352274
v -0.018466878682374954 0.011633974500000477 -0.005504700355231762
v -0.018966877833008766 0.011922650039196014 -0.005350000225007534
v -0.017966877669095993 0.011345299892127514 -0.005350000225007534
v -0.01746687851846218 0.011633974500000477 -0.005504700355231762
v -0.01696687750518322 0.011922650039196014 -0.006504999939352274
v -0.017966877669095993 0.011345299892127514 -0.006504999939352274
v -0.01696687750518322 0.011922650039196014 -0.005350000225007534
v -0.017966877669095993 0.011345299892127514 -0.005350000225007534
v -0.01696687750518322 0.012500000186264515 -0.005504700355231762
v -0.01696687750518322 0.013077350333333015 -0.006504999939352274
v -0.01696687750518322 0.011922650039196014 -0.006504999939352274
v -0.01696687750518322 0.013077350333333015 -0.005350000225007534
v -0.01696687750518322 0.011922650039196014 -0.005350000225007534
v -0.017389528453350067 0.013500000350177288 -0.005350000225007534
v -0.01746687851846218 0.013366024941205978 -0.005504700355231762
v -0.01696687750518322 0.013077350333333015 -0.005350000225007534
v -0.017966877669095993 0.013654700480401516 -0.005350000225007534
v -0.018544228747487068 0.013500000350177288 -0.005350000225007534
v -0.018466878682374954 0.013366024941205978 -0.005504700355231762
v -0.018966877833008766 0.013077350333333015 -0.005350000225007534
v -0.019121579825878143 0.012500000186264515 -0.005350000225007534
v -0.018966877833008766 0.012500000186264515 -0.005504700355231762
v -0.018966877833008766 0.011922650039196014 -0.005350000225007534
v -0.018544228747487068 0.011500000022351742 -0.005350000225007534
v -0.018466878682374954 0.011633974500000477 -0.005504700355231762
v -0.017966877669095993 0.011345299892127514 -0.005350000225007534
v -0.017389528453350067 0.011500000022351742 -0.005350000225007534
v -0.01746687851846218 0.011633974500000477 -0.005504700355231762
v -0.01696687750518322 0.011922650039196014 -0.005350000225007534
v -0.016812177374958992 0.012500000186264515 -0.005350000225007534
v -0.01696687750518322 0.012500000186264515 -0.005504700355231762
v -0.018544228747487068 0.011500000022351742 -0.005350000225007534
v -0.01902753859758377 0.011439340189099312 -0.005350000225007534
v -0.01854090392589569 0.011114181019365788 -0.005350000225007534
v -0.018966877833008766 0.011922650039196014 -0.005350000225007534
v -0.017966877669095993 0.011345299892127514 -0.005350000225007534
v -0.019121579825878143 0.012500000186264515 -0.005350000225007534
v -0.019466878846287727 0.012500000186264515 -0.005350000225007534
v -0.01935269683599472 0.011925974860787392 -0.005350000225007534
v -0.01935269683599472 0.013074025511741638 -0.005350000225007534
v -0.017392853274941444 0.011114181019365788 -0.005350000225007534
v -0.017966877669095993 0.010999999940395355 -0.005350000225007534
v -0.017389528453350067 0.011500000022351742 -0.005350000225007534
v -0.016906218603253365 0.011439340189099312 -0.005350000225007534
v -0.01696687750518322 0.011922650039196014 -0.005350000225007534
v -0.016581058502197266 0.011925974860787392 -0.005350000225007534
v -0.016812177374958992 0.012500000186264515 -0.005350000225007534
v -0.018544228747487068 0.013500000350177288 -0.005350000225007534
v -0.01902753859758377 0.013560660183429718 -0.005350000225007534
v -0.018966877833008766 0.013077350333333015 -0.005350000225007534
v -0.017966877669095993 0.013654700480401516 -0.005350000225007534
v -0.01854090392589569 0.013885819353163242 -0.005350000225007534
v -0.017392853274941444 0.013885819353163242 -0.005350000225007534
v -0.017966877669095993 0.014000000432133675 -0.005350000225007534
v -0.016466878354549408 0.012500000186264515 -0.005350000225007534
v -0.016581058502197266 0.013074025511741638 -0.005350000225007534
v -0.01696687750518322 0.013077350333333015 -0.005350000225007534
v -0.016906218603253365 0.013560660183429718 -0.005350000225007534
v -0.017389528453350067 0.013500000350177288 -0.005350000225007534
v -0.015642723068594933 0.010947049595415592 -0.006752499844878912
v -0.01533382199704647 0.011409352533519268 -0.006752499844878912
v -0.015610716305673122 0.01137525960803032 -0.0063435691408813
v -0.015610716305673122 0.0119149936363101 -0.006103422027081251
v -0.01628689095377922 0.01107499934732914 -0.005862705409526825
v -0.01628689095377922 0.010501455515623093 -0.0063435691408813
v -0.015951624140143394 0.010484745725989342 -0.006752499844878912
v -0.016876230016350746 0.009866943582892418 -0.006752499844878912
v -0.017966877669095993 0.009650000371038914 -0.006752499844878912
v -0.017093073576688766 0.010235005989670753 -0.006103422027081251
v -0.017093073576688766 0.010885016992688179 -0.005558448377996683
v -0.017966877669095993 0.010820010676980019 -0.005454343743622303
v -0.017966877669095993 0.01014383789151907 -0.006021253298968077
v -0.016906218603253365 0.011439340189099312 -0.005350000225007534
v -0.017392853274941444 0.011114181019365788 -0.005350000225007534
v -0.01884068362414837 0.010885016992688179 -0.005558448377996683
v -0.01628689095377922 0.011758821085095406 -0.005558448377996683
v -0.015610716305673122 0.012500000186264515 -0.006021253298968077
v -0.01628689095377922 0.012500000186264515 -0.005454343743622303
v -0.015116878785192966 0.012500000186264515 -0.006752499844878912
v -0.015610716305673122 0.013085005804896355 -0.006103422027081251
v -0.01628689095377922 0.01324117835611105 -0.005558448377996683
v -0.016466878354549408 0.012500000186264515 -0.005350000225007534
v -0.016581058502197266 0.013074025511741638 -0.005350000225007534
v -0.016581058502197266 0.011925974860787392 -0.005350000225007534
v -0.017966877669095993 0.010999999940395355 -0.005350000225007534
v -0.01854090392589569 0.011114181019365788 -0.005350000225007534
v -0.01884068362414837 0.010235005989670753 -0.006103422027081251
v -0.01905752532184124 0.009866943582892418 -0.006752499844878912
v -0.019646866247057915 0.010501455515623093 -0.0063435691408813
v -0.019646866247057915 0.01107499934732914 -0.005862705409526825
v -0.01902753859758377 0.011439340189099312 -0.005350000225007534
v -0.02032303996384144 0.01137525960803032 -0.0063435691408813
v -0.020291034132242203 0.010947049595415592 -0.006752499844878912
v -0.01998213306069374 0.010484745725989342 -0.006752499844878912
v -0.02065417170524597 0.011682014912366867 -0.006752499844878912
v -0.020599935203790665 0.011409352533519268 -0.006752499844878912
v -0.02032303996384144 0.0119149936363101 -0.006103422027081251
v -0.02070840634405613 0.011954675428569317 -0.006752499844878912
v -0.017966877669095993 0.01485616248100996 -0.006021253298968077
v -0.017966877669095993 0.015350000001490116 -0.006752499844878912
v -0.018512200564146042 0.015241528861224651 -0.006752499844878912
v -0.019646866247057915 0.011758821085095406 -0.005558448377996683
v -0.019646866247057915 0.012500000186264515 -0.005454343743622303
v -0.02032303996384144 0.012500000186264515 -0.006021253298968077
v -0.020762640982866287 0.012227337807416916 -0.006752499844878912
v -0.01935269683599472 0.011925974860787392 -0.005350000225007534
v -0.019466878846287727 0.012500000186264515 -0.005350000225007534
v -0.01935269683599472 0.013074025511741638 -0.005350000225007534
v -0.016876230016350746 0.015133056789636612 -0.006752499844878912
v -0.01714889146387577 0.015187292359769344 -0.006752499844878912
v -0.017093073576688766 0.014764994382858276 -0.006103422027081251
v -0.01628689095377922 0.013925000093877316 -0.005862705409526825
v -0.015610716305673122 0.013624739833176136 -0.0063435691408813
v -0.016906218603253365 0.013560660183429718 -0.005350000225007534
v -0.01533382199704647 0.013590647839009762 -0.006752499844878912
v -0.017966877669095993 0.014000000432133675 -0.005350000225007534
v -0.017392853274941444 0.013885819353163242 -0.005350000225007534
v -0.017966877669095993 0.014179987832903862 -0.005454343743622303
v -0.017093073576688766 0.01411498337984085 -0.005558448377996683
v -0.01628689095377922 0.014498544856905937 -0.0063435691408813
v -0.015642723068594933 0.014052951708436012 -0.006752499844878912
v -0.015951624140143394 0.014515254646539688 -0.006752499844878912
v -0.01641392707824707 0.01482415571808815 -0.006752499844878912
v -0.017421554774045944 0.015241528861224651 -0.006752499844878912
v -0.01854090392589569 0.013885819353163242 -0.005350000225007534
v -0.01884068362414837 0.014764994382858276 -0.006103422027081251
v -0.019646866247057915 0.01324117835611105 -0.005558448377996683
v -0.01902753859758377 0.013560660183429718 -0.005350000225007534
v -0.02032303996384144 0.013085005804896355 -0.006103422027081251
v -0.01884068362414837 0.01411498337984085 -0.005558448377996683
v -0.019646866247057915 0.013925000093877316 -0.005862705409526825
v -0.020762640982866287 0.012772662565112114 -0.006752499844878912
v -0.02070840634405613 0.013045324012637138 -0.006752499844878912
v -0.02032303996384144 0.013624739833176136 -0.0063435691408813
v -0.019646866247057915 0.014498544856905937 -0.0063435691408813
v -0.020291034132242203 0.014052951708436012 -0.006752499844878912
v -0.019519828259944916 0.01482415571808815 -0.006752499844878912
v -0.01998213306069374 0.014515254646539688 -0.006752499844878912
v -0.01905752532184124 0.015133056789636612 -0.006752499844878912
v -0.018784862011671066 0.015187292359769344 -0.006752499844878912
v -0.020599935203790665 0.013590647839009762 -0.006752499844878912
v -0.02065417170524597 0.013317985460162163 -0.006752499844878912
v -0.020816877484321594 0.012500000186264515 -0.006752499844878912
v -0.020816877484321594 0.012500000186264515 -0.007000000216066837
v -0.020599935203790665 0.011409352533519268 -0.007000000216066837
v -0.020816877484321594 0.012500000186264515 -0.006752499844878912
v -0.01998213306069374 0.010484745725989342 -0.007000000216066837
v -0.020599935203790665 0.011409352533519268 -0.006752499844878912
v -0.01998213306069374 0.010484745725989342 -0.006752499844878912
v -0.01905752532184124 0.009866943582892418 -0.007000000216066837
v -0.015951624140143394 0.010484745725989342 -0.007000000216066837
v -0.01533382199704647 0.011409352533519268 -0.007000000216066837
v -0.01533382199704647 0.011409352533519268 -0.006752499844878912
v -0.017966877669095993 0.009650000371038914 -0.007000000216066837
v -0.016876230016350746 0.009866943582892418 -0.007000000216066837
v -0.017966877669095993 0.009650000371038914 -0.006752499844878912
v -0.015951624140143394 0.010484745725989342 -0.006752499844878912
v -0.01905752532184124 0.009866943582892418 -0.006752499844878912
v -0.016876230016350746 0.009866943582892418 -0.006752499844878912
v -0.015116878785192966 0.012500000186264515 -0.007000000216066837
v -0.020599935203790665 0.013590647839009762 -0.006752499844878912
v -0.015951624140143394 0.014515254646539688 -0.006752499844878912
v -0.01533382199704647 0.013590647839009762 -0.007000000216066837
v -0.015951624140143394 0.014515254646539688 -0.007000000216066837
v -0.01533382199704647 0.013590647839009762 -0.006752499844878912
v -0.016876230016350746 0.015133056789636612 -0.007000000216066837
v -0.017966877669095993 0.015350000001490116 -0.006752499844878912
v -0.017966877669095993 0.015350000001490116 -0.007000000216066837
v -0.01905752532184124 0.015133056789636612 -0.007000000216066837
v -0.01998213306069374 0.014515254646539688 -0.007000000216066837
v -0.01998213306069374 0.014515254646539688 -0.006752499844878912
v -0.016876230016350746 0.015133056789636612 -0.006752499844878912
v -0.020599935203790665 0.013590647839009762 -0.007000000216066837
v -0.015116878785192966 0.012500000186264515 -0.006752499844878912
v -0.01905752532184124 0.015133056789636612 -0.006752499844878912
v -0.01696687750518322 -0.011922650039196014 -0.006504999939352274
v -0.017966877669095993 -0.013654700480401516 -0.006504999939352274
v -0.01696687750518322 -0.013077350333333015 -0.006504999939352274
v -0.017966877669095993 -0.011345299892127514 -0.006504999939352274
v -0.018966877833008766 -0.011922650039196014 -0.006504999939352274
v -0.018966877833008766 -0.013077350333333015 -0.006504999939352274
v -0.01746687851846218 -0.011633974500000477 -0.005504700355231762
v -0.017966877669095993 -0.011345299892127514 -0.005350000225007534
v -0.017966877669095993 -0.011345299892127514 -0.006504999939352274
v -0.01696687750518322 -0.011922650039196014 -0.006504999939352274
v -0.01696687750518322 -0.011922650039196014 -0.005350000225007534
v -0.018966877833008766 -0.011922650039196014 -0.006504999939352274
v -0.017966877669095993 -0.011345299892127514 -0.006504999939352274
v -0.018466878682374954 -0.011633974500000477 -0.005504700355231762
v -0.017966877669095993 -0.011345299892127514 -0.005350000225007534
v -0.018966877833008766 -0.011922650039196014 -0.005350000225007534
v -0.018966877833008766 -0.012500000186264515 -0.005504700355231762
v -0.018966877833008766 -0.011922650039196014 -0.006504999939352274
v -0.018966877833008766 -0.011922650039196014 -0.005350000225007534
v -0.018966877833008766 -0.013077350333333015 -0.005350000225007534
v -0.018966877833008766 -0.013077350333333015 -0.006504999939352274
v -0.017966877669095993 -0.013654700480401516 -0.006504999939352274
v -0.018966877833008766 -0.013077350333333015 -0.006504999939352274
v -0.018466878682374954 -0.013366024941205978 -0.005504700355231762
v -0.018966877833008766 -0.013077350333333015 -0.005350000225007534
v -0.017966877669095993 -0.013654700480401516 -0.005350000225007534
v -0.01746687851846218 -0.013366024941205978 -0.005504700355231762
v -0.01696687750518322 -0.013077350333333015 -0.006504999939352274
v -0.017966877669095993 -0.013654700480401516 -0.006504999939352274
v -0.01696687750518322 -0.013077350333333015 -0.005350000225007534
v -0.017966877669095993 -0.013654700480401516 -0.005350000225007534
v -0.01696687750518322 -0.012500000186264515 -0.005504700355231762
v -0.01696687750518322 -0.011922650039196014 -0.006504999939352274
v -0.01696687750518322 -0.013077350333333015 -0.006504999939352274
v -0.01696687750518322 -0.011922650039196014 -0.005350000225007534
v -0.01696687750518322 -0.013077350333333015 -0.005350000225007534
v -0.017389528453350067 -0.011500000022351742 -0.005350000225007534
v -0.01746687851846218 -0.011633974500000477 -0.005504700355231762
v -0.01696687750518322 -0.011922650039196014 -0.005350000225007534
v -0.017966877669095993 -0.011345299892127514 -0.005350000225007534
v -0.018466878682374954 -0.011633974500000477 -0.005504700355231762
v -0.018544228747487068 -0.011500000022351742 -0.005350000225007534
v -0.018966877833008766 -0.011922650039196014 -0.005350000225007534
v -0.019121579825878143 -0.012500000186264515 -0.005350000225007534
v -0.018966877833008766 -0.012500000186264515 -0.005504700355231762
v -0.018966877833008766 -0.013077350333333015 -0.005350000225007534
v -0.018544228747487068 -0.013500000350177288 -0.005350000225007534
v -0.018466878682374954 -0.013366024941205978 -0.005504700355231762
v -0.017966877669095993 -0.013654700480401516 -0.005350000225007534
v -0.01746687851846218 -0.013366024941205978 -0.005504700355231762
v -0.017389528453350067 -0.013500000350177288 -0.005350000225007534
v -0.01696687750518322 -0.013077350333333015 -0.005350000225007534
v -0.016812177374958992 -0.012500000186264515 -0.005350000225007534
v -0.01696687750518322 -0.012500000186264515 -0.005504700355231762
v -0.018544228747487068 -0.013500000350177288 -0.005350000225007534
v -0.01902753859758377 -0.013560660183429718 -0.005350000225007534
v -0.01854090392589569 -0.013885819353163242 -0.005350000225007534
v -0.018966877833008766 -0.013077350333333015 -0.005350000225007534
v -0.017966877669095993 -0.013654700480401516 -0.005350000225007534
v -0.019121579825878143 -0.012500000186264515 -0.005350000225007534
v -0.019466878846287727 -0.012500000186264515 -0.005350000225007534
v -0.01935269683599472 -0.013074025511741638 -0.005350000225007534
v -0.01935269683599472 -0.011925974860787392 -0.005350000225007534
v -0.017392853274941444 -0.013885819353163242 -0.005350000225007534
v -0.017966877669095993 -0.014000000432133675 -0.005350000225007534
v -0.017389528453350067 -0.013500000350177288 -0.005350000225007534
v -0.016906218603253365 -0.013560660183429718 -0.005350000225007534
v -0.01696687750518322 -0.013077350333333015 -0.005350000225007534
v -0.016581058502197266 -0.013074025511741638 -0.005350000225007534
v -0.016812177374958992 -0.012500000186264515 -0.005350000225007534
v -0.018544228747487068 -0.011500000022351742 -0.005350000225007534
v -0.01902753859758377 -0.011439340189099312 -0.005350000225007534
v -0.018966877833008766 -0.011922650039196014 -0.005350000225007534
v -0.017966877669095993 -0.011345299892127514 -0.005350000225007534
v -0.01854090392589569 -0.011114181019365788 -0.005350000225007534
v -0.017392853274941444 -0.011114181019365788 -0.005350000225007534
v -0.017966877669095993 -0.010999999940395355 -0.005350000225007534
v -0.016466878354549408 -0.012500000186264515 -0.005350000225007534
v -0.016581058502197266 -0.011925974860787392 -0.005350000225007534
v -0.01696687750518322 -0.011922650039196014 -0.005350000225007534
v -0.016906218603253365 -0.011439340189099312 -0.005350000225007534
v -0.017389528453350067 -0.011500000022351742 -0.005350000225007534
v -0.015642723068594933 -0.014052951708436012 -0.006752499844878912
v -0.01533382199704647 -0.013590647839009762 -0.006752499844878912
v -0.015610716305673122 -0.013624739833176136 -0.0063435691408813
v -0.015610716305673122 -0.013085005804896355 -0.006103422027081251
v -0.01628689095377922 -0.013925000093877316 -0.005862705409526825
v -0.01628689095377922 -0.014498544856905937 -0.0063435691408813
v -0.015951624140143394 -0.014515254646539688 -0.006752499844878912
v -0.016876230016350746 -0.015133056789636612 -0.006752499844878912
v -0.017966877669095993 -0.015350000001490116 -0.006752499844878912
v -0.017093073576688766 -0.014764994382858276 -0.006103422027081251
v -0.017093073576688766 -0.01411498337984085 -0.005558448377996683
v -0.017966877669095993 -0.014179987832903862 -0.005454343743622303
v -0.017966877669095993 -0.01485616248100996 -0.006021253298968077
v -0.016906218603253365 -0.013560660183429718 -0.005350000225007534
v -0.017392853274941444 -0.013885819353163242 -0.005350000225007534
v -0.01884068362414837 -0.01411498337984085 -0.005558448377996683
v -0.01628689095377922 -0.01324117835611105 -0.005558448377996683
v -0.015610716305673122 -0.012500000186264515 -0.006021253298968077
v -0.01628689095377922 -0.012500000186264515 -0.005454343743622303
v -0.015116878785192966 -0.012500000186264515 -0.006752499844878912
v -0.015610716305673122 -0.0119149936363101 -0.006103422027081251
v -0.01628689095377922 -0.011758821085095406 -0.005558448377996683
v -0.016466878354549408 -0.012500000186264515 -0.005350000225007534
v -0.016581058502197266 -0.011925974860787392 -0.005350000225007534
v -0.016581058502197266 -0.013074025511741638 -0.005350000225007534
v -0.017966877669095993 -0.014000000432133675 -0.005350000225007534
v -0.01854090392589569 -0.013885819353163242 -0.005350000225007534
v -0.01884068362414837 -0.014764994382858276 -0.006103422027081251
v -0.01905752532184124 -0.015133056789636612 -0.006752499844878912
v -0.019646866247057915 -0.014498544856905937 -0.0063435691408813
v -0.019646866247057915 -0.013925000093877316 -0.005862705409526825
v -0.01902753859758377 -0.013560660183429718 -0.005350000225007534
v -0.02032303996384144 -0.013624739833176136 -0.0063435691408813
v -0.020291034132242203 -0.014052951708436012 -0.006752499844878912
v -0.01998213306069374 -0.014515254646539688 -0.006752499844878912
v -0.02065417170524597 -0.013317985460162163 -0.006752499844878912
v -0.020599935203790665 -0.013590647839009762 -0.006752499844878912
v -0.02032303996384144 -0.013085005804896355 -0.006103422027081251
v -0.02070840634405613 -0.013045324012637138 -0.006752499844878912
v -0.017966877669095993 -0.01014383789151907 -0.006021253298968077
v -0.017966877669095993 -0.009650000371038914 -0.006752499844878912
v -0.018512200564146042 -0.009758472442626953 -0.006752499844878912
v -0.019646866247057915 -0.01324117835611105 -0.005558448377996683
v -0.019646866247057915 -0.012500000186264515 -0.005454343743622303
v -0.02032303996384144 -0.012500000186264515 -0.006021253298968077
v -0.020762640982866287 -0.012772662565112114 -0.006752499844878912
v -0.01935269683599472 -0.013074025511741638 -0.005350000225007534
v -0.019466878846287727 -0.012500000186264515 -0.005350000225007534
v -0.01935269683599472 -0.011925974860787392 -0.005350000225007534
v -0.016876230016350746 -0.009866943582892418 -0.006752499844878912
v -0.01714889146387577 -0.009812708012759686 -0.006752499844878912
v -0.017093073576688766 -0.010235005989670753 -0.006103422027081251
v -0.01628689095377922 -0.01107499934732914 -0.005862705409526825
v -0.015610716305673122 -0.01137525960803032 -0.0063435691408813
v -0.016906218603253365 -0.011439340189099312 -0.005350000225007534
v -0.01533382199704647 -0.011409352533519268 -0.006752499844878912
v -0.017966877669095993 -0.010999999940395355 -0.005350000225007534
v -0.017392853274941444 -0.011114181019365788 -0.005350000225007534
v -0.017966877669095993 -0.010820010676980019 -0.005454343743622303
v -0.017093073576688766 -0.010885016992688179 -0.005558448377996683
v -0.01628689095377922 -0.010501455515623093 -0.0063435691408813
v -0.015642723068594933 -0.010947049595415592 -0.006752499844878912
v -0.015951624140143394 -0.010484745725989342 -0.006752499844878912
v -0.01641392707824707 -0.01017584465444088 -0.006752499844878912
v -0.017421554774045944 -0.009758472442626953 -0.006752499844878912
v -0.01854090392589569 -0.011114181019365788 -0.005350000225007534
v -0.01884068362414837 -0.010235005989670753 -0.006103422027081251
v -0.019646866247057915 -0.011758821085095406 -0.005558448377996683
v -0.01902753859758377 -0.011439340189099312 -0.005350000225007534
v -0.02032303996384144 -0.0119149936363101 -0.006103422027081251
v -0.01884068362414837 -0.010885016992688179 -0.005558448377996683
v -0.019646866247057915 -0.01107499934732914 -0.005862705409526825
v -0.020762640982866287 -0.012227337807416916 -0.006752499844878912
v -0.02070840634405613 -0.011954675428569317 -0.006752499844878912
v -0.02032303996384144 -0.01137525960803032 -0.0063435691408813
v -0.019646866247057915 -0.010501455515623093 -0.0063435691408813
v -0.020291034132242203 -0.010947049595415592 -0.006752499844878912
v -0.019519828259944916 -0.01017584465444088 -0.006752499844878912
v -0.01998213306069374 -0.010484745725989342 -0.006752499844878912
v -0.01905752532184124 -0.009866943582892418 -0.006752499844878912
v -0.018784862011671066 -0.009812708012759686 -0.006752499844878912
v -0.020599935203790665 -0.011409352533519268 -0.006752499844878912
v -0.02065417170524597 -0.011682014912366867 -0.006752499844878912
v -0.020816877484321594 -0.012500000186264515 -0.006752499844878912
v -0.020816877484321594 -0.012500000186264515 -0.007000000216066837
v -0.020599935203790665 -0.013590647839009762 -0.007000000216066837
v -0.020816877484321594 -0.012500000186264515 -0.006752499844878912
v -0.01998213306069374 -0.014515254646539688 -0.007000000216066837
v -0.01905752532184124 -0.015133056789636612 -0.007000000216066837
v -0.01905752532184124 -0.015133056789636612 -0.006752499844878912
v -0.020599935203790665 -0.013590647839009762 -0.006752499844878912
v -0.015951624140143394 -0.014515254646539688 -0.007000000216066837
v -0.01533382199704647 -0.013590647839009762 -0.007000000216066837
v -0.01533382199704647 -0.013590647839009762 -0.006752499844878912
v -0.017966877669095993 -0.015350000001490116 -0.007000000216066837
v -0.016876230016350746 -0.015133056789636612 -0.007000000216066837
v -0.017966877669095993 -0.015350000001490116 -0.006752499844878912
v -0.016876230016350746 -0.015133056789636612 -0.006752499844878912
v -0.01998213306069374 -0.014515254646539688 -0.006752499844878912
v -0.015951624140143394 -0.014515254646539688 -0.006752499844878912
v -0.015116878785192966 -0.012500000186264515 -0.007000000216066837
v -0.020599935203790665 -0.011409352533519268 -0.006752499844878912
v -0.015951624140143394 -0.010484745725989342 -0.006752499844878912
v -0.01533382199704647 -0.011409352533519268 -0.007000000216066837
v -0.015951624140143394 -0.010484745725989342 -0.007000000216066837
v -0.01533382199704647 -0.011409352533519268 -0.006752499844878912
v -0.016876230016350746 -0.009866943582892418 -0.007000000216066837
v -0.017966877669095993 -0.009650000371038914 -0.006752499844878912
v -0.017966877669095993 -0.009650000371038914 -0.007000000216066837
v -0.01905752532184124 -0.009866943582892418 -0.007000000216066837
v -0.01998213306069374 -0.010484745725989342 -0.007000000216066837
v -0.01998213306069374 -0.010484745725989342 -0.006752499844878912
v -0.016876230016350746 -0.009866943582892418 -0.006752499844878912
v -0.020599935203790665 -0.011409352533519268 -0.007000000216066837
v -0.015116878785192966 -0.012500000186264515 -0.006752499844878912
v -0.01905752532184124 -0.009866943582892418 -0.006752499844878912
v 0.004683756735175848 0.0005773502634838223 -0.008190000429749489
v 0.0036837568040937185 0.0011547005269676447 -0.008190000429749489
v 0.004683756735175848 -0.0005773502634838223 -0.008190000429749489
v 0.0036837568040937185 -0.0011547005269676447 -0.008190000429749489
v 0.0026837566401809454 -0.0005773502634838223 -0.008190000429749489
v 0.0026837566401809454 0.0005773502634838223 -0.008190000429749489
v 0.0041837566532194614 -0.0008660253952257335 -0.007154700346291065
v 0.004683756735175848 -0.0005773502634838223 -0.008190000429749489
v 0.0036837568040937185 -0.0011547005269676447 -0.008190000429749489
v 0.004683756735175848 -0.0005773502634838223 -0.007000000216066837
v 0.0036837568040937185 -0.0011547005269676447 -0.007000000216066837
v 0.004683756735175848 1.53529800578803e-17 -0.007154700346291065
v 0.004683756735175848 0.0005773502634838223 -0.008190000429749489
v 0.004683756735175848 -0.0005773502634838223 -0.008190000429749489
v 0.004683756735175848 0.0005773502634838223 -0.007000000216066837
v 0.004683756735175848 -0.0005773502634838223 -0.007000000216066837
v 0.0041837566532194614 0.0008660253952257335 -0.007154700346291065
v 0.0036837568040937185 0.0011547005269676447 -0.007000000216066837
v 0.0036837568040937185 0.0011547005269676447 -0.008190000429749489
v 0.004683756735175848 0.0005773502634838223 -0.008190000429749489
v 0.004683756735175848 0.0005773502634838223 -0.007000000216066837
v 0.0026837566401809454 0.0005773502634838223 -0.008190000429749489
v 0.0036837568040937185 0.0011547005269676447 -0.008190000429749489
v 0.003183756722137332 0.0008660253952257335 -0.007154700346291065
v 0.0036837568040937185 0.0011547005269676447 -0.007000000216066837
v 0.0026837566401809454 0.0005773502634838223 -0.007000000216066837
v 0.0026837566401809454 5.243586907607553e-17 -0.007154700346291065
v 0.0026837566401809454 0.0005773502634838223 -0.008190000429749489
v 0.0026837566401809454 0.0005773502634838223 -0.007000000216066837
v 0.0026837566401809454 -0.0005773502634838223 -0.007000000216066837
v 0.0026837566401809454 -0.0005773502634838223 -0.008190000429749489
v 0.0036837568040937185 -0.0011547005269676447 -0.008190000429749489
v 0.0026837566401809454 -0.0005773502634838223 -0.008190000429749489
v 0.003183756722137332 -0.0008660253952257335 -0.007154700346291065
v 0.0026837566401809454 -0.0005773502634838223 -0.007000000216066837
v 0.0036837568040937185 -0.0011547005269676447 -0.007000000216066837
v 0.0041837566532194614 -0.0008660253952257335 -0.007154700346291065
v 0.0036837568040937185 -0.0011547005269676447 -0.007000000216066837
v 0.004261107183992863 -0.0010000000474974513 -0.007000000216066837
v 0.004683756735175848 -0.0005773502634838223 -0.007000000216066837
v 0.004838457331061363 1.5973383715268548e-17 -0.007000000216066837
v 0.004683756735175848 1.53529800578803e-17 -0.007154700346291065
v 0.004683756735175848 0.0005773502634838223 -0.007000000216066837
v 0.0041837566532194614 0.0008660253952257335 -0.007154700346291065
v 0.004261107183992863 0.0010000000474974513 -0.007000000216066837
v 0.0036837568040937185 0.0011547005269676447 -0.007000000216066837
v 0.003183756722137332 0.0008660253952257335 -0.007154700346291065
v 0.0031064064241945744 0.0010000000474974513 -0.007000000216066837
v 0.0026837566401809454 0.0005773502634838223 -0.007000000216066837
v 0.002529056277126074 4.6080263235471296e-17 -0.007000000216066837
v 0.0026837566401809454 5.243586907607553e-17 -0.007154700346291065
v 0.0026837566401809454 -0.0005773502634838223 -0.007000000216066837
v 0.003183756722137332 -0.0008660253952257335 -0.007154700346291065
v 0.0031064064241945744 -0.0010000000474974513 -0.007000000216066837
v 0.012000000104308128 -0.021250000223517418 -0.007000000216066837
v 0.0025606604758650064 -0.012810660526156425 -0.007000000216066837
v 0.0020740251056849957 -0.01313581969588995 -0.007000000216066837
v 0.002885819412767887 -0.012324024923145771 -0.007000000216066837
v 0.001500000013038516 -0.013249999843537807 -0.007000000216066837
v 0.0009259748621843755 -0.01313581969588995 -0.007000000216066837
v -0.016876230016350746 -0.015133056789636612 -0.007000000216066837
v 0.003000000026077032 -0.011749999597668648 -0.007000000216066837
v 0.002885819412767887 -0.011175975203514099 -0.007000000216066837
v 0.0020740251056849957 -0.01036418043076992 -0.007000000216066837
v 0.0025606604758650064 -0.010689339600503445 -0.007000000216066837
v 0.0035918783396482468 -0.002998592797666788 -0.007000000216066837
v 0.00241592014208436 -0.0027972792740911245 -0.007000000216066837
v 0.0009259748621843755 -0.01036418043076992 -0.007000000216066837
v 0.001500000013038516 -0.010250000283122063 -0.007000000216066837
v -0.007138793356716633 -0.005404552444815636 -0.007000000216066837
v 0.00011418070062063634 -0.011175975203514099 -0.007000000216066837
v 0.0004393398412503302 -0.010689339600503445 -0.007000000216066837
v -3.7513395167998453e-17 -0.011749999597668648 -0.007000000216066837
v -0.008262557908892632 -0.006005216855555773 -0.007000000216066837
v -0.015116878785192966 -0.012500000186264515 -0.007000000216066837
v 0.00011418070062063634 -0.012324024923145771 -0.007000000216066837
v -0.01533382199704647 -0.013590647839009762 -0.007000000216066837
v 0.0004393398412503302 -0.012810660526156425 -0.007000000216066837
v -0.009481912478804588 -0.00637510372325778 -0.007000000216066837
v -0.012018087320029736 -0.00637510372325778 -0.007000000216066837
v -0.013237441889941692 -0.006005216855555773 -0.007000000216066837
v -0.015951624140143394 -0.010484745725989342 -0.007000000216066837
v -0.01533382199704647 -0.011409352533519268 -0.007000000216066837
v -0.01075000036507845 -0.006500000134110451 -0.007000000216066837
v -0.006153806112706661 -0.004596194252371788 -0.007000000216066837
v -0.015951624140143394 -0.014515254646539688 -0.007000000216066837
v 0.0029937908984720707 -0.002956983633339405 -0.007000000216066837
v -0.016876230016350746 -0.009866943582892418 -0.007000000216066837
v -0.014361206442117691 -0.005404552444815636 -0.007000000216066837
v 0.0035000001080334187 -0.003000000026077032 -0.007000000216066837
v 0.0018813455244526267 -0.0025258578825742006 -0.007000000216066837
v 0.0036837568040937185 -0.0011547005269676447 -0.007000000216066837
v 0.003032109932973981 -0.0028715638909488916 -0.007000000216066837
v 0.002472341526299715 -0.002744535217061639 -0.007000000216066837
v 0.0031064064241945744 -0.0010000000474974513 -0.007000000216066837
v 0.004683756735175848 -0.0005773502634838223 -0.007000000216066837
v 0.004261107183992863 -0.0010000000474974513 -0.007000000216066837
v 0.001530197449028492 -0.0020885837730020285 -0.007000000216066837
v 0.0026837566401809454 -0.0005773502634838223 -0.007000000216066837
v 0.002529056277126074 4.6080263235471296e-17 -0.007000000216066837
v 0.0009034080430865288 -0.0011267923982813954 -0.007000000216066837
v -0.005345447454601526 -0.003611206542700529 -0.007000000216066837
v 0.0010249001206830144 -0.0016952523728832603 -0.007000000216066837
v -0.004744783043861389 -0.002487442223355174 -0.007000000216066837
v 0.0014114162186160684 -0.0021535593550652266 -0.007000000216066837
v 0.0007372340187430382 -0.0011692409170791507 -0.007000000216066837
v -0.0043748957104980946 -0.0012680870713666081 -0.007000000216066837
v 0.0005599066498689353 -0.0005965325399301946 -0.007000000216066837
v -0.0042500002309679985 2.5256930991624684e-17 -0.007000000216066837
v 0.0005000000237487257 2.8225120389005454e-16 -0.007000000216066837
v 0.004838457331061363 1.5973383715268548e-17 -0.007000000216066837
v -0.01905752532184124 -0.015133056789636612 -0.007000000216066837
v -0.01998213306069374 -0.014515254646539688 -0.007000000216066837
v -0.03350000083446503 -0.021250000223517418 -0.007000000216066837
v -0.017966877669095993 -0.015350000001490116 -0.007000000216066837
v -0.020816877484321594 -0.012500000186264515 -0.007000000216066837
v -0.020599935203790665 -0.011409352533519268 -0.007000000216066837
v -0.0215000007301569 -0.011749999597668648 -0.007000000216066837
v -0.020599935203790665 -0.013590647839009762 -0.007000000216066837
v -0.021939339116215706 -0.012810660526156425 -0.007000000216066837
v -0.01998213306069374 -0.010484745725989342 -0.007000000216066837
v -0.021614180877804756 -0.011175975203514099 -0.007000000216066837
v -0.022425975650548935 -0.01313581969588995 -0.007000000216066837
v -0.023000000044703484 -0.013249999843537807 -0.007000000216066837
v -0.023574024438858032 -0.01313581969588995 -0.007000000216066837
v -0.02406066097319126 -0.012810660526156425 -0.007000000216066837
v -0.02438581921160221 -0.012324024923145771 -0.007000000216066837
v -0.021614180877804756 -0.012324024923145771 -0.007000000216066837
v -0.03350000083446503 -0.006000000052154064 -0.007000000216066837
v -0.02449999935925007 -0.011749999597668648 -0.007000000216066837
v -0.031203899532556534 -0.005543277133256197 -0.007000000216066837
v -0.02438581921160221 -0.011175975203514099 -0.007000000216066837
v -0.021939339116215706 -0.010689339600503445 -0.007000000216066837
v -0.022425975650548935 -0.01036418043076992 -0.007000000216066837
v -0.01905752532184124 -0.009866943582892418 -0.007000000216066837
v -0.023000000044703484 -0.010250000283122063 -0.007000000216066837
v -0.01675521768629551 -0.002487442223355174 -0.007000000216066837
v -0.01615455187857151 -0.003611206542700529 -0.007000000216066837
v -0.015346193686127663 -0.004596194252371788 -0.007000000216066837
v -0.017966877669095993 -0.009650000371038914 -0.007000000216066837
v -0.027956722304224968 -0.002296100603416562 -0.007000000216066837
v -0.017125103622674942 -0.0012680870713666081 -0.007000000216066837
v -0.027615288272500038 -0.0011705419747158885 -0.007000000216066837
v -0.017249999567866325 2.684897077501977e-17 -0.007000000216066837
v -0.029257358983159065 -0.0042426404543221 -0.007000000216066837
v -0.02406066097319126 -0.010689339600503445 -0.007000000216066837
v -0.023574024438858032 -0.01036418043076992 -0.007000000216066837
v -0.03016657941043377 -0.004988817498087883 -0.007000000216066837
v -0.032329458743333817 -0.005884711630642414 -0.007000000216066837
v -0.028511181473731995 -0.0033334214240312576 -0.007000000216066837
v -0.027499999850988388 2.1818099648502883e-17 -0.007000000216066837
v -0.027615288272500038 0.0011705419747158885 -0.007000000216066837
v 0.0020012694876641035 -0.0024165594950318336 -0.007000000216066837
v 0.004683756735175848 0.0005773502634838223 -0.007000000216066837
v 0.012000000104308128 0.021250000223517418 -0.007000000216066837
v 0.0009034080430865288 0.0011267923982813954 -0.007000000216066837
v 0.0026837566401809454 0.0005773502634838223 -0.007000000216066837
v 0.0035918783396482468 0.002998592797666788 -0.007000000216066837
v 0.004261107183992863 0.0010000000474974513 -0.007000000216066837
v 0.0031064064241945744 0.0010000000474974513 -0.007000000216066837
v 0.0036837568040937185 0.0011547005269676447 -0.007000000216066837
v 0.003032109932973981 0.0028715638909488916 -0.007000000216066837
v 0.002472341526299715 0.002744535217061639 -0.007000000216066837
v 0.0009259748621843755 0.01036418043076992 -0.007000000216066837
v 0.0018813455244526267 0.0025258578825742006 -0.007000000216066837
v 0.00241592014208436 0.0027972792740911245 -0.007000000216066837
v 0.0029937908984720707 0.002956983633339405 -0.007000000216066837
v 0.001500000013038516 0.010250000283122063 -0.007000000216066837
v 0.001530197449028492 0.0020885837730020285 -0.007000000216066837
v 0.0006837567198090255 3.053777444489387e-16 -0.007000000216066837
v 0.0005599066498689353 0.0005965325399301946 -0.007000000216066837
v -0.0043748957104980946 0.0012680870713666081 -0.007000000216066837
v 0.0007372340187430382 0.0011692409170791507 -0.007000000216066837
v -0.004744783043861389 0.002487442223355174 -0.007000000216066837
v 0.0014114162186160684 0.0021535593550652266 -0.007000000216066837
v -0.005345447454601526 0.003611206542700529 -0.007000000216066837
v 0.0010249001206830144 0.0016952523728832603 -0.007000000216066837
v 0.0020012694876641035 0.0024165594950318336 -0.007000000216066837
v 0.0020740251056849957 0.01036418043076992 -0.007000000216066837
v 0.0025606604758650064 0.010689339600503445 -0.007000000216066837
v 0.002885819412767887 0.011175975203514099 -0.007000000216066837
v -0.006153806112706661 0.004596194252371788 -0.007000000216066837
v 0.003000000026077032 0.011749999597668648 -0.007000000216066837
v 0.002885819412767887 0.012324024923145771 -0.007000000216066837
v 0.0025606604758650064 0.012810660526156425 -0.007000000216066837
v 0.0020740251056849957 0.01313581969588995 -0.007000000216066837
v 0.001500000013038516 0.013249999843537807 -0.007000000216066837
v 0.0009259748621843755 0.01313581969588995 -0.007000000216066837
v -0.007138793356716633 0.005404552444815636 -0.007000000216066837
v 0.0004393398412503302 0.010689339600503445 -0.007000000216066837
v -0.008262557908892632 0.006005216855555773 -0.007000000216066837
v 0.00011418070062063634 0.011175975203514099 -0.007000000216066837
v -0.015116878785192966 0.012500000186264515 -0.007000000216066837
v -0.01075000036507845 0.006500000134110451 -0.007000000216066837
v -0.009481912478804588 0.00637510372325778 -0.007000000216066837
v -0.01533382199704647 0.011409352533519268 -0.007000000216066837
v -0.012018087320029736 0.00637510372325778 -0.007000000216066837
v -3.7513395167998453e-17 0.011749999597668648 -0.007000000216066837
v 0.0004393398412503302 0.012810660526156425 -0.007000000216066837
v -0.01533382199704647 0.013590647839009762 -0.007000000216066837
v 0.00011418070062063634 0.012324024923145771 -0.007000000216066837
v -0.015951624140143394 0.014515254646539688 -0.007000000216066837
v -0.016876230016350746 0.015133056789636612 -0.007000000216066837
v -0.015346193686127663 0.004596194252371788 -0.007000000216066837
v -0.014361206442117691 0.005404552444815636 -0.007000000216066837
v -0.016876230016350746 0.009866943582892418 -0.007000000216066837
v -0.01675521768629551 0.002487442223355174 -0.007000000216066837
v -0.01615455187857151 0.003611206542700529 -0.007000000216066837
v -0.01905752532184124 0.009866943582892418 -0.007000000216066837
v -0.027956722304224968 0.002296100603416562 -0.007000000216066837
v -0.017125103622674942 0.0012680870713666081 -0.007000000216066837
v -0.017966877669095993 0.009650000371038914 -0.007000000216066837
v -0.013237441889941692 0.006005216855555773 -0.007000000216066837
v -0.015951624140143394 0.010484745725989342 -0.007000000216066837
v -0.023000000044703484 0.010250000283122063 -0.007000000216066837
v -0.022425975650548935 0.01036418043076992 -0.007000000216066837
v -0.01998213306069374 0.010484745725989342 -0.007000000216066837
v -0.021939339116215706 0.010689339600503445 -0.007000000216066837
v -0.028511181473731995 0.0033334214240312576 -0.007000000216066837
v -0.03016657941043377 0.004988817498087883 -0.007000000216066837
v -0.029257358983159065 0.0042426404543221 -0.007000000216066837
v -0.02406066097319126 0.010689339600503445 -0.007000000216066837
v -0.02438581921160221 0.011175975203514099 -0.007000000216066837
v -0.031203899532556534 0.005543277133256197 -0.007000000216066837
v -0.023574024438858032 0.01036418043076992 -0.007000000216066837
v -0.03350000083446503 0.006000000052154064 -0.007000000216066837
v -0.032329458743333817 0.005884711630642414 -0.007000000216066837
v -0.02449999935925007 0.011749999597668648 -0.007000000216066837
v -0.020599935203790665 0.011409352533519268 -0.007000000216066837
v -0.020816877484321594 0.012500000186264515 -0.007000000216066837
v -0.0215000007301569 0.011749999597668648 -0.007000000216066837
v -0.021614180877804756 0.012324024923145771 -0.007000000216066837
v -0.021614180877804756 0.011175975203514099 -0.007000000216066837
v -0.017966877669095993 0.015350000001490116 -0.007000000216066837
v -0.01998213306069374 0.014515254646539688 -0.007000000216066837
v -0.01905752532184124 0.015133056789636612 -0.007000000216066837
v -0.03350000083446503 0.021250000223517418 -0.007000000216066837
v -0.020599935203790665 0.013590647839009762 -0.007000000216066837
v -0.022425975650548935 0.01313581969588995 -0.007000000216066837
v -0.021939339116215706 0.012810660526156425 -0.007000000216066837
v -0.02438581921160221 0.012324024923145771 -0.007000000216066837
v -0.023000000044703484 0.013249999843537807 -0.007000000216066837
v -0.02406066097319126 0.012810660526156425 -0.007000000216066837
v -0.023574024438858032 0.01313581969588995 -0.007000000216066837
v 0.0035918783396482468 -0.002998592797666788 -0.007000000216066837
v 0.002472341526299715 -0.002744535217061639 -0.007000000216066837
v 0.0035000001080334187 -0.0029945361893624067 -0.007005463819950819
v 0.001530197449028492 -0.0020885837730020285 -0.007000000216066837
v 0.0009034080430865288 -0.0011267923982813954 -0.007000000216066837
v 0.0015302979154512286 -0.0020886873826384544 -0.007129052188247442
v 0.0024711634032428265 -0.0027440148405730724 -0.0070694503374397755
v 0.0009037716081365943 -0.0011276890290901065 -0.0071694375947117805
v 0.0006837567198090255 3.053777444489387e-16 -0.007000000216066837
v 0.0009034080430865288 0.0011267923982813954 -0.007000000216066837
v 0.0009031500667333603 0.001126155606471002 -0.007169477641582489
v 0.001530197449028492 0.0020885837730020285 -0.007000000216066837
v 0.002472341526299715 0.002744535217061639 -0.007000000216066837
v 0.002472291700541973 0.0027445130981504917 -0.007069379556924105
v 0.0015301117673516273 0.0020884955301880836 -0.007129064295440912
v 0.0006837568944320083 -1.0608540605971939e-06 -0.0071837566792964935
v 0.0035918783396482468 0.002998592797666788 -0.007000000216066837
usemtl Diffuse
f 3111 3112 3113
f 3114 3113 3115
f 3114 3115 3116
f 3117 3114 3116
f 3112 3111 3118
f 3119 3120 3121
f 3118 3120 3112
f 3121 3122 3123
f 3123 3119 3121
f 3120 3119 3112
f 3124 3122 3121
f 3112 3115 3113
f 3125 3126 3127
f 3128 3125 3127
f 3129 3130 3126
f 3127 3126 3130
f 3131 3130 3129
f 3132 3133 3134
f 3135 3132 3136
f 3137 3135 3138
f 3139 3132 3137
f 3137 3138 3140
f 3141 3131 3129
f 3136 3132 3134
f 3142 3143 3144
f 3124 3144 3143
f 3142 3144 3145
f 3146 3147 3148
f 3124 3121 3144
f 3145 3149 3150
f 3151 3142 3145
f 3152 3153 3154
f 3154 3155 3156
f 3150 3151 3145
f 3153 3152 3146
f 3146 3148 3157
f 3133 3158 3134
f 3159 3158 3133
f 3119 3147 3146
f 3160 3159 3133
f 3161 3160 3133
f 3162 3163 3161
f 3161 3163 3160
f 3152 3154 3156
f 3157 3153 3146
f 3119 3164 3147
f 3162 3165 3163
f 3129 3139 3141
f 3166 3167 3168
f 3166 3169 3170
f 3167 3166 3171
f 3170 3169 3172
f 3170 3172 3173
f 3169 3166 3168
f 3174 3175 3176
f 3171 3166 3177
f 3171 3177 3178
f 3179 3166 3176
f 3180 3181 3182
f 3167 3180 3182
f 3183 3184 3185
f 3186 3185 3187
f 3186 3187 3181
f 3181 3180 3186
f 3183 3185 3186
f 3188 3189 3190
f 3183 3190 3191
f 3192 3193 3194
f 3188 3192 3194
f 3168 3167 3182
f 3140 3195 3137
f 3196 3195 3140
f 3197 3174 3198
f 3199 3195 3196
f 3198 3174 3176
f 3197 3200 3201
f 3202 3199 3203
f 3203 3204 3202
f 3199 3202 3195
f 3200 3197 3205
f 3200 3206 3201
f 3205 3197 3198
f 3206 3207 3201
f 3135 3137 3132
f 3208 3209 3210
f 3211 3212 3213
f 3213 3214 3209
f 3193 3208 3210
f 3215 3216 3217
f 3218 3219 3206
f 3218 3206 3216
f 3217 3220 3215
f 3220 3217 3221
f 3215 3218 3216
f 3207 3206 3219
f 3179 3176 3175
f 3217 3222 3221
f 3223 3145 3224
f 3223 3149 3145
f 3224 3156 3155
f 3224 3155 3223
f 3202 3225 3226
f 3202 3204 3225
f 3165 3227 3226
f 3202 3226 3228
f 3228 3227 3229
f 3228 3229 3224
f 3226 3227 3228
f 3230 3231 3228
f 3165 3162 3227
f 3232 3224 3145
f 3228 3224 3232
f 3233 3198 3234
f 3235 3198 3233
f 3233 3234 3236
f 3237 3236 3234
f 3238 3237 3234
f 3239 3240 3241
f 3234 3241 3242
f 3231 3243 3234
f 3244 3240 3239
f 3241 3240 3242
f 3242 3238 3234
f 3240 3245 3246
f 3234 3198 3231
f 3205 3198 3235
f 3230 3228 3232
f 3247 3231 3230
f 3231 3247 3248
f 3249 3248 3247
f 3248 3243 3231
f 3248 3249 3250
f 3251 3250 3249
f 3251 3252 3250
f 3252 3253 3250
f 3253 3252 3254
f 3255 3252 3256
f 3253 3257 3258
f 3259 3260 3261
f 3262 3259 3261
f 3263 3264 3253
f 3245 3240 3244
f 3263 3265 3266
f 3254 3252 3267
f 3252 3255 3267
f 3256 3268 3269
f 3254 3263 3253
f 3256 3269 3255
f 3258 3270 3260
f 3271 3268 3256
f 3240 3272 3273
f 3274 3275 3276
f 3272 3277 3273
f 3278 3279 3280
f 3279 3281 3282
f 3283 3280 3284
f 3281 3222 3282
f 3240 3285 3272
f 3258 3286 3270
f 3286 3258 3257
f 3246 3285 3240
f 3253 3287 3257
f 3284 3273 3288
f 3277 3288 3273
f 3253 3289 3287
f 3284 3288 3283
f 3283 3278 3280
f 3278 3281 3279
f 3290 3253 3264
f 3253 3291 3289
f 3291 3253 3292
f 3290 3293 3253
f 3253 3293 3292
f 3281 3221 3222
f 3294 3264 3263
f 3295 3296 3297
f 3298 3299 3300
f 3266 3294 3263
f 3271 3256 3301
f 3297 3268 3271
f 3302 3300 3303
f 3304 3303 3305
f 3256 3305 3301
f 3299 3306 3307
f 3297 3296 3268
f 3308 3309 3310
f 3308 3310 3311
f 3312 3313 3311
f 3311 3313 3308
f 3307 3306 3310
f 3302 3303 3314
f 3298 3300 3302
f 3305 3315 3316
f 3305 3316 3304
f 3298 3306 3299
f 3314 3303 3304
f 3317 3312 3311
f 3310 3309 3307
f 3318 3305 3256
f 3270 3261 3260
f 3315 3305 3319
f 3320 3184 3183
f 3321 3322 3323
f 3321 3323 3324
f 3322 3325 3326
f 3321 3325 3322
f 3326 3325 3327
f 3320 3321 3324
f 3328 3194 3193
f 3194 3189 3188
f 3189 3191 3190
f 3183 3191 3320
f 3327 3329 3326
f 3193 3210 3328
f 3330 3331 3332
f 3330 3332 3333
f 3334 3335 3327
f 3329 3327 3335
f 3330 3333 3335
f 3333 3329 3335
f 3334 3336 3337
f 3334 3337 3335
f 3338 3339 3340
f 3335 3340 3330
f 3341 3338 3340
f 3212 3214 3213
f 3214 3210 3209
f 3342 3343 3344
f 3342 3344 3345
f 3346 3347 3348
f 3349 3346 3348
f 3347 3350 3348
f 3349 3348 3343
f 3343 3342 3349
f 3351 3350 3347
f 3344 3352 3345
f 3353 3354 3355
f 3353 3356 3357
f 3358 3359 3360
f 3353 3357 3339
f 3361 3362 3359
f 3363 3360 3359
f 3364 3360 3363
f 3355 3354 3344
f 3356 3353 3355
f 3363 3365 3366
f 3364 3363 3366
f 3352 3344 3354
f 3339 3357 3340
f 3367 3366 3365
f 3320 3324 3184
f 3368 3369 3370
f 3371 3370 3372
f 3371 3372 3373
f 3374 3371 3373
f 3372 3370 3369
f 3359 3358 3375
f 3369 3362 3361
f 3375 3361 3359
f 3376 3377 3276
f 3369 3368 3378
f 3379 3380 3381
f 3382 3379 3381
f 3383 3377 3384
f 3381 3380 3383
f 3377 3385 3384
f 3386 3276 3387
f 3388 3386 3389
f 3276 3386 3388
f 3170 3176 3166
f 3388 3376 3276
f 3377 3376 3385
f 3390 3388 3389
f 3139 3129 3132
f 3380 3377 3383
f 3275 3387 3276
f 3391 3392 3393
f 3394 3391 3395
f 3393 3395 3391
f 3391 3361 3392
f 3396 3391 3394
f 3397 3365 3398
f 3397 3367 3365
f 3396 3399 3400
f 3401 3400 3399
f 3399 3396 3394
f 3402 3403 3274
f 3274 3404 3405
f 3274 3405 3275
f 3406 3407 3390
f 3388 3390 3407
f 3407 3406 3408
f 3409 3410 3402
f 3402 3410 3403
f 3408 3411 3412
f 3412 3413 3414
f 3412 3411 3413
f 3409 3415 3410
f 3407 3408 3412
f 3274 3403 3404
f 3361 3416 3392
f 3362 3369 3378
f 3123 3164 3119
f 3417 3418 3419
f 3417 3420 3421
f 3418 3422 3423
f 3424 3351 3421
f 3425 3426 3427
f 3428 3426 3429
f 3430 3431 3432
f 3429 3426 3433
f 3434 3430 3426
f 3435 3433 3426
f 3436 3437 3438
f 3419 3420 3417
f 3423 3419 3418
f 3436 3438 3422
f 3420 3424 3421
f 3439 3437 3440
f 3432 3431 3441
f 3442 3435 3426
f 3434 3426 3425
f 3443 3444 3442
f 3426 3428 3427
f 3443 3445 3444
f 3351 3424 3350
f 3311 3446 3447
f 3448 3317 3311
f 3448 3311 3449
f 3450 3451 3452
f 3451 3453 3446
f 3454 3452 3455
f 3318 3456 3457
f 3318 3457 3319
f 3458 3455 3459
f 3458 3459 3460
f 3318 3460 3456
f 3447 3449 3311
f 3446 3453 3461
f 3451 3450 3453
f 3452 3454 3450
f 3458 3460 3318
f 3458 3454 3455
f 3462 3463 3464
f 3464 3465 3466
f 3467 3463 3462
f 3463 3467 3468
f 3466 3465 3318
f 3461 3447 3446
f 3256 3466 3318
f 3423 3422 3438
f 3469 3470 3471
f 3469 3472 3473
f 3469 3473 3474
f 3469 3357 3472
f 3469 3474 3470
f 3475 3439 3440
f 3438 3437 3439
f 3439 3475 3476
f 3477 3478 3439
f 3478 3471 3439
f 3471 3478 3469
f 3439 3479 3477
f 3357 3480 3472
f 3480 3357 3356
f 3481 3365 3482
f 3400 3401 3483
f 3365 3481 3398
f 3412 3484 3485
f 3415 3485 3484
f 3401 3481 3483
f 3483 3481 3482
f 3486 3483 3482
f 3487 3482 3488
f 3485 3415 3409
f 3482 3485 3486
f 3485 3482 3489
f 3489 3412 3485
f 3469 3488 3357
f 3484 3412 3414
f 3490 3488 3469
f 3432 3426 3430
f 3491 3492 3493
f 3445 3494 3492
f 3439 3476 3479
f 3493 3492 3494
f 3432 3441 3495
f 3466 3496 3462
f 3497 3498 3499
f 3499 3498 3500
f 3426 3432 3497
f 3466 3500 3496
f 3501 3488 3490
f 3501 3502 3503
f 3504 3488 3501
f 3487 3488 3504
f 3504 3501 3503
f 3443 3442 3426
f 3426 3497 3499
f 3499 3505 3502
f 3499 3500 3466
f 3502 3426 3499
f 3502 3505 3503
f 3445 3443 3494
f 3482 3487 3489
f 3464 3466 3462
f 3341 3340 3335
f 3319 3305 3318
f 3375 3416 3361
f 3506 3507 3508
f 3509 3510 3511
f 3512 3513 3514
f 3515 3514 3513
f 3515 3513 3509
f 3509 3511 3515
f 3512 3514 3516
f 3510 3517 3511
f 3518 3519 3520
f 3521 3522 3523
f 3520 3523 3524
f 3521 3525 3526
f 3517 3519 3518
f 3523 3522 3524
f 3524 3518 3520
f 3527 3522 3528
f 3525 3521 3523
f 3519 3517 3510
f 3529 3530 3531
f 3530 3529 3507
f 3532 3530 3533
f 3532 3533 3534
f 3530 3532 3531
f 3535 3536 3537
f 3535 3508 3536
f 3529 3538 3507
f 3536 3507 3538
f 3536 3508 3507
f 3539 3540 3541
f 3542 3527 3528
f 3539 3533 3540
f 3533 3543 3544
f 3543 3533 3539
f 3545 3534 3546
f 3546 3534 3544
f 3547 3534 3545
f 3541 3540 3516
f 3512 3516 3540
f 3542 3548 3545
f 3549 3521 3526
f 3544 3534 3533
f 3550 3551 3552
f 3550 3552 3553
f 3554 3553 3555
f 3556 3550 3553
f 3553 3554 3556
f 3550 3557 3551
f 3558 3550 3556
f 3555 3559 3554
f 3560 3561 3559
f 3561 3560 3562
f 3563 3562 3564
f 3562 3563 3561
f 3565 3564 3566
f 3566 3567 3565
f 3565 3563 3564
f 3567 3568 3569
f 3568 3567 3566
f 3560 3559 3555
f 3528 3548 3542
f 3570 3571 3558
f 3572 3558 3556
f 3573 3571 3574
f 3534 3575 3576
f 3577 3573 3578
f 3577 3578 3534
f 3577 3534 3576
f 3570 3558 3572
f 3534 3547 3575
f 3579 3573 3574
f 3580 3569 3581
f 3582 3580 3581
f 3579 3583 3578
f 3584 3581 3578
f 3581 3584 3582
f 3584 3578 3583
f 3578 3573 3579
f 3569 3568 3581
f 3574 3571 3570
f 3547 3545 3548
f 3521 3528 3522
f 3585 3586 3587
f 3588 3589 3590
f 3591 3590 3586
f 3592 3593 3594
f 3595 3596 3597
f 3598 3597 3593
f 3599 3594 3589
f 3585 3587 3600
f 3588 3590 3591
f 3585 3591 3586
f 3599 3592 3594
f 3589 3588 3599
f 3598 3593 3592
f 3595 3597 3598
f 3596 3595 3601
f 3596 3601 3602
f 3603 3604 3605
f 3606 3607 3608
f 3609 3608 3604
f 3610 3611 3612
f 3613 3614 3615
f 3616 3615 3611
f 3617 3612 3607
f 3618 3602 3601
f 3604 3603 3609
f 3603 3605 3618
f 3607 3606 3617
f 3611 3610 3616
f 3615 3616 3613
f 3610 3612 3617
f 3606 3608 3609
f 3605 3602 3618
f 3619 3620 3621
f 3620 3619 3622
f 3622 3623 3620
f 3624 3625 3623
f 3620 3623 3625
f 3625 3624 3626
f 3627 3628 3629
f 3630 3631 3632
f 3633 3630 3634
f 3628 3627 3635
f 3631 3636 3632
f 3630 3632 3634
f 3634 3637 3633
f 3638 3627 3629
f 3639 3640 3641
f 3642 3643 3644
f 3641 3643 3639
f 3645 3642 3646
f 3640 3637 3641
f 3642 3644 3646
f 3645 3646 3638
f 3644 3643 3641
f 3638 3629 3645
f 3633 3637 3640
f 3647 3648 3649
f 3650 3651 3652
f 3650 3652 3648
f 3653 3654 3655
f 3656 3657 3658
f 3656 3658 3654
f 3659 3655 3651
f 3660 3661 3662
f 3663 3664 3665
f 3666 3665 3661
f 3667 3668 3669
f 3670 3671 3672
f 3673 3672 3668
f 3674 3669 3664
f 3660 3662 3657
f 3649 3675 3647
f 3651 3676 3659
f 3653 3655 3659
f 3650 3648 3647
f 3676 3651 3650
f 3677 3657 3656
f 3656 3654 3653
f 3660 3657 3677
f 3665 3666 3663
f 3663 3674 3664
f 3669 3674 3667
f 3672 3673 3678
f 3678 3670 3672
f 3667 3673 3668
f 3660 3666 3661
f 3670 3679 3671
f 3680 3675 3649
f 3681 3682 3683
f 3684 3685 3686
f 3687 3686 3682
f 3688 3689 3690
f 3691 3692 3693
f 3694 3693 3689
f 3688 3690 3685
f 3695 3696 3697
f 3698 3699 3700
f 3701 3700 3696
f 3702 3703 3704
f 3680 3705 3706
f 3707 3706 3703
f 3708 3704 3699
f 3709 3697 3692
f 3681 3683 3679
f 3687 3684 3686
f 3710 3691 3693
f 3684 3688 3685
f 3694 3710 3693
f 3687 3682 3681
f 3689 3688 3694
f 3702 3704 3708
f 3706 3707 3680
f 3708 3699 3698
f 3695 3697 3709
f 3698 3700 3701
f 3691 3709 3692
f 3701 3696 3695
f 3703 3702 3707
f 3680 3649 3705
f 3671 3679 3683
f 3711 3712 3713
f 3714 3713 3715
f 3716 3715 3717
f 3718 3719 3720
f 3718 3712 3719
f 3719 3712 3711
f 3716 3714 3715
f 3713 3714 3711
f 3717 3721 3716
f 3722 3723 3724
f 3725 3726 3727
f 3724 3726 3725
f 3727 3728 3725
f 3721 3723 3722
f 3729 3730 3725
f 3730 3722 3724
f 3725 3730 3724
f 3723 3721 3717
f 3720 3731 3732
f 3733 3734 3735
f 3731 3736 3732
f 3737 3738 3739
f 3737 3732 3740
f 3741 3734 3737
f 3740 3741 3737
f 3732 3736 3740
f 3733 3737 3734
f 3735 3742 3743
f 3720 3732 3718
f 3729 3743 3742
f 3729 3744 3730
f 3745 3746 3747
f 3743 3733 3735
f 3733 3738 3737
f 3748 3739 3749
f 3749 3739 3750
f 3750 3739 3738
f 3739 3748 3751
f 3742 3744 3729
f 3751 3748 3745
f 3752 3753 3746
f 3754 3755 3752
f 3752 3756 3753
f 3757 3756 3758
f 3753 3759 3746
f 3756 3752 3755
f 3758 3760 3757
f 3753 3756 3757
f 3760 3761 3762
f 3761 3760 3758
f 3763 3764 3765
f 3766 3765 3767
f 3763 3762 3764
f 3767 3768 3766
f 3766 3763 3765
f 3768 3769 3770
f 3769 3768 3767
f 3771 3772 3773
f 3764 3762 3761
f 3759 3747 3746
f 3774 3770 3775
f 3739 3751 3776
f 3777 3778 3739
f 3778 3779 3780
f 3775 3780 3774
f 3777 3779 3778
f 3775 3778 3780
f 3769 3775 3770
f 3739 3776 3777
f 3781 3778 3782
f 3783 3782 3784
f 3784 3782 3773
f 3782 3783 3781
f 3785 3784 3773
f 3786 3787 3788
f 3787 3773 3772
f 3785 3773 3787
f 3772 3788 3787
f 3745 3747 3751
f 3789 3754 3752
f 3781 3739 3778
f 3790 3791 3792
f 3792 3793 3790
f 3794 3795 3796
f 3796 3797 3794
f 3798 3799 3800
f 3799 3798 3801
f 3801 3802 3803
f 3802 3801 3798
f 3804 3805 3806
f 3807 3808 3809
f 3809 3810 3811
f 3805 3812 3806
f 3809 3811 3813
f 3809 3813 3807
f 3808 3814 3815
f 3816 3812 3805
f 3817 3818 3815
f 3819 3820 3821
f 3822 3816 3820
f 3823 3821 3818
f 3815 3814 3817
f 3821 3823 3819
f 3820 3819 3822
f 3823 3818 3817
f 3822 3812 3816
f 3808 3807 3814
f 3824 3825 3826
f 3827 3828 3825
f 3829 3830 3831
f 3832 3833 3834
f 3835 3834 3830
f 3829 3831 3828
f 3824 3826 3836
f 3827 3825 3824
f 3828 3827 3829
f 3834 3835 3832
f 3832 3837 3833
f 3835 3830 3829
f 3837 3838 3833
f 3839 3836 3826
f 3837 3840 3841
f 3840 3842 3841
f 3843 3844 3845
f 3846 3847 3848
f 3843 3848 3844
f 3849 3845 3842
f 3849 3842 3840
f 3848 3843 3846
f 3843 3845 3849
f 3850 3839 3851
f 3851 3852 3850
f 3850 3836 3839
f 3847 3846 3852
f 3852 3851 3847
f 3838 3837 3841
f 3853 3854 3855
f 3856 3857 3854
f 3858 3859 3860
f 3861 3862 3863
f 3861 3863 3859
f 3864 3860 3857
f 3856 3854 3853
f 3864 3857 3856
f 3865 3866 3867
f 3862 3861 3867
f 3861 3859 3858
f 3860 3864 3858
f 3862 3867 3866
f 3868 3853 3855
f 3869 3870 3871
f 3869 3872 3870
f 3873 3874 3875
f 3876 3877 3878
f 3876 3878 3874
f 3879 3875 3872
f 3879 3872 3869
f 3871 3865 3869
f 3873 3875 3879
f 3876 3880 3877
f 3874 3873 3876
f 3881 3880 3868
f 3868 3855 3881
f 3877 3880 3881
f 3866 3865 3871
f 3882 3883 3884
f 3884 3885 3882
f 3886 3887 3888
f 3888 3889 3886
f 3890 3891 3892
f 3892 3893 3890
f 3894 3895 3896
f 3896 3897 3894
f 3898 3899 3900
f 3900 3901 3898
f 3902 3903 3904
f 3904 3905 3902
f 3906 3907 3908
f 3907 3906 3909
f 3910 3911 3912
f 3912 3913 3910
f 3914 3915 3916
f 3917 3918 3919
f 3920 3919 3915
f 3921 3922 3923
f 3924 3925 3926
f 3927 3926 3922
f 3928 3923 3918
f 3916 3929 3914
f 3919 3920 3917
f 3920 3915 3914
f 3923 3928 3921
f 3926 3927 3924
f 3927 3922 3921
f 3928 3918 3917
f 3925 3930 3931
f 3932 3929 3916
f 3933 3934 3931
f 3935 3936 3937
f 3938 3937 3934
f 3939 3940 3941
f 3932 3942 3943
f 3944 3943 3940
f 3945 3941 3936
f 3931 3930 3933
f 3937 3938 3935
f 3938 3934 3933
f 3941 3945 3939
f 3943 3944 3932
f 3944 3940 3939
f 3945 3936 3935
f 3932 3916 3942
f 3925 3924 3930
f 3946 3947 3948
f 3949 3950 3951
f 3952 3951 3947
f 3953 3954 3955
f 3956 3957 3958
f 3959 3958 3954
f 3960 3955 3950
f 3948 3961 3946
f 3951 3952 3949
f 3952 3947 3946
f 3955 3960 3953
f 3958 3959 3956
f 3959 3954 3953
f 3960 3950 3949
f 3957 3962 3963
f 3964 3961 3948
f 3965 3966 3963
f 3967 3968 3969
f 3970 3969 3966
f 3971 3972 3973
f 3964 3974 3975
f 3976 3975 3972
f 3977 3973 3968
f 3963 3962 3965
f 3969 3970 3967
f 3970 3966 3965
f 3973 3977 3971
f 3975 3976 3964
f 3976 3972 3971
f 3977 3968 3967
f 3964 3948 3974
f 3957 3956 3962
f 3978 3979 3980
f 3980 3981 3978
f 3982 3983 3984
f 3982 3984 3985
f 3897 3896 3986
f 3987 3988 3986
f 3984 3983 3989
f 3986 3989 3987
f 3988 3897 3986
f 3989 3983 3987
f 3990 3991 3992
f 3990 3992 3993
f 3991 3994 3995
f 3991 3995 3992
f 3996 3997 3998
f 3995 3994 3999
f 3998 3999 3996
f 3999 3994 3996
f 4000 4001 4002
f 4003 4000 4002
f 4004 4005 4001
f 4000 4004 4001
f 4006 4007 4008
f 4009 4005 4004
f 4008 4009 4006
f 4008 4005 4009
f 4010 4011 3895
f 3894 4010 3895
f 4012 4013 4011
f 4010 4012 4011
f 4003 4002 4014
f 4015 4013 4012
f 4014 4015 4003
f 4014 4013 4015
f 4016 4017 4018
f 4019 4016 4018
f 4020 4021 4022
f 4020 4023 4024
f 4025 4017 4016
f 4024 4025 4020
f 4020 4022 4023
f 4024 4017 4025
f 4026 4027 4028
f 4027 4029 4030
f 4028 4031 4026
f 4032 4030 4029
f 4028 4027 4030
f 4029 4033 4032
f 4034 4035 4036
f 4037 4038 4039
f 4038 4037 4033
f 4039 4038 4034
f 4034 4036 4039
f 4033 4037 4032
f 4040 4041 4042
f 3889 4040 4043
f 4043 3886 3889
f 4042 4043 4040
f 4041 4044 4042
f 4041 4045 4044
f 4046 4047 4048
f 4049 4048 4050
f 4045 4051 4044
f 4045 4047 4051
f 4051 4047 4046
f 4048 4049 4046
f 4052 4053 4054
f 4054 4055 4052
f 4056 4057 4058
f 4058 4059 4056
f 4060 4061 4062
f 4062 4061 4063
f 4063 4064 4065
f 4063 4065 4062
f 4066 4067 4068
f 4069 4070 4071
f 4072 4073 4070
f 4074 4071 4067
f 4067 4066 4074
f 4070 4069 4075
f 4070 4075 4072
f 4069 4071 4074
f 4073 4076 4077
f 4078 4066 4068
f 4076 4079 4077
f 4080 4081 4082
f 4083 4081 4079
f 4079 4076 4083
f 4081 4084 4082
f 4084 4081 4083
f 4078 4068 4085
f 4073 4072 4076
f 4086 4087 4088
f 4089 4090 4087
f 4091 4092 4093
f 4094 4095 4096
f 4094 4096 4092
f 4097 4093 4090
f 4089 4087 4086
f 4097 4090 4089
f 4098 4099 4100
f 4095 4094 4100
f 4094 4092 4091
f 4093 4097 4091
f 4095 4100 4099
f 4101 4086 4088
f 4102 4103 4104
f 4102 4105 4103
f 4106 4107 4108
f 4109 4110 4111
f 4109 4111 4107
f 4112 4108 4105
f 4112 4105 4102
f 4104 4098 4102
f 4106 4108 4112
f 4109 4113 4110
f 4107 4106 4109
f 4114 4113 4101
f 4101 4088 4114
f 4110 4113 4114
f 4099 4098 4104
f 4115 4116 4117
f 4118 4119 4116
f 4120 4121 4122
f 4123 4124 4125
f 4126 4125 4121
f 4120 4122 4119
f 4115 4117 4127
f 4118 4116 4115
f 4119 4118 4120
f 4125 4126 4123
f 4123 4128 4124
f 4126 4121 4120
f 4128 4129 4124
f 4130 4127 4117
f 4128 4131 4132
f 4131 4133 4132
f 4134 4135 4136
f 4137 4138 4139
f 4134 4139 4135
f 4140 4136 4133
f 4140 4133 4131
f 4139 4134 4137
f 4134 4136 4140
f 4141 4130 4142
f 4142 4143 4141
f 4141 4127 4130
f 4138 4137 4143
f 4143 4142 4138
f 4129 4128 4132
f 4144 4145 4146
f 4146 4147 4144
f 4148 4149 4150
f 4149 4148 4151
f 4152 4153 4154
f 4154 4155 4152
f 4156 4157 4158
f 4158 4159 4156
f 4160 4161 4162
f 4162 4163 4160
f 4164 4165 4166
f 4165 4164 4167
f 4168 4169 4170
f 4170 4171 4168
f 4172 4173 4174
f 4174 4175 4172
f 4176 4177 4178
f 4179 4180 4181
f 4182 4181 4177
f 4183 4184 4185
f 4186 4187 4188
f 4189 4188 4184
f 4190 4185 4180
f 4178 4191 4176
f 4181 4182 4179
f 4182 4177 4176
f 4185 4190 4183
f 4188 4189 4186
f 4189 4184 4183
f 4190 4180 4179
f 4187 4192 4193
f 4194 4191 4178
f 4195 4196 4193
f 4197 4198 4199
f 4200 4199 4196
f 4201 4202 4203
f 4194 4204 4205
f 4206 4205 4202
f 4207 4203 4198
f 4193 4192 4195
f 4199 4200 4197
f 4200 4196 4195
f 4203 4207 4201
f 4205 4206 4194
f 4206 4202 4201
f 4207 4198 4197
f 4194 4178 4204
f 4187 4186 4192
f 4208 4209 4210
f 4211 4212 4213
f 4214 4213 4209
f 4215 4216 4217
f 4218 4219 4220
f 4221 4220 4216
f 4222 4217 4212
f 4210 4223 4208
f 4213 4214 4211
f 4214 4209 4208
f 4217 4222 4215
f 4220 4221 4218
f 4221 4216 4215
f 4222 4212 4211
f 4219 4224 4225
f 4226 4223 4210
f 4227 4228 4225
f 4229 4230 4231
f 4232 4231 4228
f 4233 4234 4235
f 4226 4236 4237
f 4238 4237 4234
f 4239 4235 4230
f 4225 4224 4227
f 4231 4232 4229
f 4232 4228 4227
f 4235 4239 4233
f 4237 4238 4226
f 4238 4234 4233
f 4239 4230 4229
f 4226 4210 4236
f 4219 4218 4224
f 4240 4241 4242
f 4243 4242 4241
f 4158 4244 4245
f 4158 4245 4159
f 4244 4246 4247
f 4244 4247 4245
f 4248 4249 4250
f 4247 4246 4251
f 4250 4251 4248
f 4251 4246 4248
f 4252 4253 4254
f 4252 4254 4255
f 4253 4256 4257
f 4253 4257 4254
f 4258 4259 4260
f 4257 4256 4261
f 4260 4261 4258
f 4261 4256 4258
f 4262 4263 4264
f 4265 4262 4264
f 4266 4267 4263
f 4262 4266 4263
f 4268 4269 4270
f 4271 4267 4266
f 4270 4271 4268
f 4270 4267 4271
f 4272 4273 4269
f 4268 4272 4269
f 4274 4157 4156
f 4274 4275 4276
f 4277 4273 4272
f 4276 4277 4274
f 4274 4156 4275
f 4276 4273 4277
f 4278 4279 4280
f 4281 4278 4280
f 4282 4283 4279
f 4278 4282 4279
f 4284 4285 4286
f 4287 4283 4282
f 4286 4287 4284
f 4286 4283 4287
f 4288 4289 4290
f 4291 4290 4292
f 4292 4293 4291
f 4289 4288 4294
f 4288 4290 4291
f 4294 4295 4289
f 4296 4297 4295
f 4298 4297 4296
f 4298 4170 4299
f 4300 4299 4170
f 4298 4299 4297
f 4294 4296 4295
f 4301 4302 4303
f 4304 4303 4305
f 4305 4306 4304
f 4303 4304 4301
f 4301 4307 4302
f 4307 4308 4302
f 4309 4310 4311
f 4312 4309 4313
f 4307 4314 4308
f 4314 4310 4308
f 4311 4310 4314
f 4311 4313 4309
f 4315 4316 4317
f 4318 4315 4317
f 4319 4320 4321
f 4322 4319 4323
f 4324 4320 4325
f 4326 4320 4324
f 4327 4323 4319
f 4328 4322 4323
f 4320 4326 4321
f 4327 4319 4321
f 4328 4329 4322
f 4330 4331 4332
f 4329 4331 4330
f 4330 4332 4333
f 4334 4335 4336
f 4333 4335 4334
f 4337 4334 4338
f 4335 4333 4339
f 4339 4333 4332
f 4334 4336 4338
f 4337 4340 4318
f 4340 4337 4338
f 4318 4317 4337
f 4322 4329 4330
f 4341 4342 4343
f 4344 4345 4346
f 4342 4344 4347
f 4343 4342 4347
f 4344 4346 4348
f 4348 4347 4344
f 4345 4349 4346
f 4345 4350 4349
f 4351 4352 4353
f 4354 4355 4356
f 4352 4354 4357
f 4349 4350 4358
f 4357 4353 4352
f 4356 4357 4354
f 4358 4351 4353
f 4358 4350 4351
f 4355 4359 4360
f 4355 4360 4356
f 4359 4361 4362
f 4359 4362 4360
f 4363 4364 4365
f 4362 4361 4365
f 4366 4365 4364
f 4365 4361 4363
f 4367 4368 4369
f 4370 4371 4372
f 4373 4372 4368
f 4367 4369 4374
f 4373 4370 4372
f 4368 4367 4373
f 4370 4375 4371
f 4375 4376 4371
f 4377 4378 4379
f 4366 4364 4380
f 4380 4377 4379
f 4375 4381 4376
f 4379 4382 4380
f 4366 4380 4382
f 4381 4379 4378
f 4378 4376 4381
f 4383 4384 4385
f 4386 4387 4388
f 4384 4386 4389
f 4390 4391 4392
f 4369 4393 4394
f 4393 4395 4394
f 4387 4390 4396
f 4385 4397 4383
f 4388 4389 4386
f 4385 4384 4389
f 4392 4396 4390
f 4394 4374 4369
f 4398 4394 4395
f 4388 4387 4396
f 4395 4399 4398
f 4383 4397 4400
f 4399 4401 4402
f 4403 4404 4405
f 4401 4403 4406
f 4407 4408 4409
f 4410 4411 4412
f 4411 4413 4400
f 4408 4410 4414
f 4404 4407 4415
f 4406 4402 4401
f 4405 4416 4403
f 4406 4403 4416
f 4409 4415 4407
f 4412 4414 4410
f 4400 4412 4411
f 4409 4408 4414
f 4405 4404 4415
f 4413 4383 4400
f 4399 4402 4398
f 4391 4417 4392
f 4418 4419 4420
f 4417 4418 4421
f 4392 4417 4421
f 4419 4422 4420
f 4420 4421 4418
f 4422 4423 4424
f 4422 4419 4423
f 4425 4426 4427
f 4428 4429 4430
f 4426 4428 4431
f 4427 4424 4425
f 4430 4431 4428
f 4432 4430 4429
f 4427 4426 4431
f 4425 4424 4423
f 4433 4434 4435
f 4436 4429 4437
f 4438 4437 4434
f 4438 4434 4433
f 4436 4432 4429
f 4437 4438 4436
f 4439 4440 4441
f 4442 4433 4435
f 4443 4444 4440
f 4445 4446 4447
f 4448 4449 4446
f 4450 4447 4444
f 4444 4443 4450
f 4446 4445 4448
f 4449 4448 4442
f 4445 4447 4450
f 4442 4435 4449
f 4439 4443 4440
f 4451 4452 4453
f 4454 4455 4456
f 4456 4451 4453
f 4453 4452 4457
f 4458 4454 4456
f 4456 4453 4458
f 4454 4459 4455
f 4459 4460 4455
f 4461 4462 4463
f 4439 4441 4464
f 4465 4464 4462
f 4466 4460 4459
f 4462 4461 4465
f 4464 4465 4439
f 4461 4463 4466
f 4463 4460 4466
f 4467 4468 4469
f 4469 4470 4467
f 4471 4472 4473
f 4474 4471 4473
f 4475 4476 4477
f 4478 4477 4479
f 4474 4476 4480
f 4473 4472 4481
f 4482 4483 4484
f 4485 4484 4481
f 4485 4482 4484
f 4482 4486 4483
f 4481 4472 4485
f 4483 4486 4487
f 4488 4489 4490
f 4488 4490 4491
f 4477 4478 4492
f 4478 4489 4488
f 4477 4492 4475
f 4471 4474 4480
f 4480 4476 4475
f 4493 4494 4495
f 4493 4496 4494
f 4475 4492 4495
f 4496 4497 4498
f 4479 4489 4478
f 4499 4500 4501
f 4502 4499 4487
f 4500 4503 4501
f 4500 4499 4502
f 4486 4502 4487
f 4504 4501 4505
f 4506 4507 4508
f 4509 4510 4506
f 4508 4507 4511
f 4507 4506 4510
f 4509 4506 4504
f 4505 4501 4503
f 4505 4509 4504
f 4512 4513 4514
f 4515 4516 4513
f 4517 4515 4498
f 4518 4512 4514
f 4519 4520 4512
f 4521 4520 4522
f 4522 4520 4523
f 4524 4512 4525
f 4524 4526 4512
f 4512 4518 4525
f 4495 4492 4493
f 4527 4528 4529
f 4530 4528 4531
f 4532 4531 4533
f 4528 4534 4529
f 4535 4527 4529
f 4517 4536 4537
f 4517 4538 4515
f 4539 4537 4536
f 4539 4536 4527
f 4527 4535 4539
f 4540 4517 4537
f 4517 4498 4497
f 4528 4530 4534
f 4533 4541 4532
f 4542 4541 4533
f 4530 4543 4534
f 4531 4532 4530
f 4534 4543 4544
f 4545 4544 4546
f 4547 4545 4546
f 4547 4548 4549
f 4548 4547 4546
f 4549 4548 4550
f 4544 4543 4546
f 4514 4513 4551
f 4551 4513 4516
f 4552 4538 4553
f 4554 4552 4553
f 4538 4516 4515
f 4519 4523 4520
f 4526 4519 4512
f 4555 4556 4557
f 4558 4555 4557
f 4559 4522 4558
f 4557 4560 4554
f 4557 4554 4553
f 4561 4562 4550
f 4549 4550 4562
f 4563 4561 4550
f 4559 4558 4557
f 4559 4564 4565
f 4566 4522 4559
f 4565 4566 4559
f 4565 4564 4563
f 4564 4561 4563
f 4556 4560 4557
f 4553 4538 4540
f 4517 4540 4538
f 4558 4522 4523
f 4493 4497 4496
f 4567 4568 4569
f 4567 4569 4570
f 4571 4572 4573
f 4574 4571 4575
f 4576 4572 4570
f 4577 4568 4567
f 4578 4579 4580
f 4577 4578 4581
f 4578 4580 4581
f 4579 4582 4580
f 4581 4568 4577
f 4583 4582 4579
f 4584 4585 4586
f 4587 4584 4586
f 4588 4575 4571
f 4586 4585 4575
f 4573 4588 4571
f 4576 4570 4569
f 4573 4572 4576
f 4589 4590 4591
f 4590 4592 4591
f 4589 4588 4573
f 4593 4594 4592
f 4575 4585 4574
f 4595 4596 4597
f 4583 4597 4598
f 4595 4599 4596
f 4598 4597 4596
f 4583 4598 4582
f 4600 4595 4601
f 4602 4603 4604
f 4604 4605 4606
f 4607 4603 4602
f 4605 4604 4603
f 4601 4604 4606
f 4599 4595 4600
f 4601 4606 4600
f 4608 4609 4610
f 4609 4611 4612
f 4593 4612 4613
f 4608 4610 4614
f 4610 4615 4616
f 4617 4615 4618
f 4619 4615 4617
f 4620 4610 4621
f 4610 4622 4621
f 4620 4614 4610
f 4591 4588 4589
f 4623 4624 4625
f 4626 4624 4627
f 4628 4626 4629
f 4623 4630 4624
f 4623 4625 4631
f 4632 4633 4613
f 4612 4634 4613
f 4633 4632 4635
f 4625 4633 4635
f 4635 4631 4625
f 4632 4613 4636
f 4594 4593 4613
f 4630 4627 4624
f 4629 4637 4628
f 4628 4637 4638
f 4630 4639 4627
f 4627 4629 4626
f 4640 4639 4630
f 4641 4640 4642
f 4641 4642 4643
f 4644 4645 4643
f 4641 4643 4645
f 4646 4645 4644
f 4641 4639 4640
f 4647 4609 4608
f 4611 4609 4647
f 4648 4634 4649
f 4648 4649 4650
f 4612 4611 4634
f 4615 4619 4616
f 4610 4616 4622
f 4651 4652 4653
f 4651 4653 4654
f 4654 4617 4655
f 4650 4656 4651
f 4648 4650 4651
f 4646 4657 4658
f 4657 4646 4644
f 4646 4658 4659
f 4651 4654 4655
f 4660 4661 4655
f 4655 4617 4662
f 4655 4662 4660
f 4659 4661 4660
f 4659 4658 4661
f 4651 4656 4652
f 4636 4634 4648
f 4634 4636 4613
f 4619 4617 4654
f 4592 4594 4591
f 4663 4664 4665
f 4666 4667 4668
f 4669 4668 4664
f 4670 4671 4672
f 4673 4674 4675
f 4676 4675 4671
f 4677 4672 4667
f 4664 4663 4669
f 4667 4666 4677
f 4666 4668 4669
f 4671 4670 4676
f 4674 4673 4678
f 4673 4675 4676
f 4670 4672 4677
f 4678 4679 4674
f 4680 4663 4665
f 4681 4682 4679
f 4683 4684 4685
f 4686 4685 4682
f 4687 4688 4689
f 4680 4690 4691
f 4692 4691 4688
f 4693 4689 4684
f 4679 4694 4681
f 4685 4686 4683
f 4686 4682 4681
f 4689 4693 4687
f 4691 4692 4680
f 4692 4688 4687
f 4693 4684 4683
f 4680 4665 4690
f 4678 4694 4679
f 4695 4696 4697
f 4698 4699 4700
f 4701 4700 4696
f 4702 4703 4704
f 4705 4706 4707
f 4708 4707 4703
f 4709 4704 4699
f 4696 4695 4701
f 4699 4698 4709
f 4698 4700 4701
f 4703 4702 4708
f 4706 4705 4710
f 4705 4707 4708
f 4702 4704 4709
f 4706 4711 4712
f 4713 4695 4697
f 4714 4715 4712
f 4716 4717 4718
f 4719 4718 4715
f 4720 4721 4722
f 4723 4713 4724
f 4725 4724 4721
f 4726 4722 4717
f 4712 4711 4714
f 4718 4719 4716
f 4719 4715 4714
f 4722 4726 4720
f 4724 4725 4723
f 4725 4721 4720
f 4726 4717 4716
f 4723 4695 4713
f 4706 4710 4711
f 4727 4728 4729
f 4729 4730 4727
f 4731 4732 4733
f 4734 4735 4736
f 4732 4734 4737
f 4738 4731 4733
f 4734 4736 4737
f 4737 4733 4732
f 4736 4739 4740
f 4736 4735 4739
f 4741 4742 4743
f 4742 4744 4745
f 4746 4744 4747
f 4739 4748 4740
f 4743 4748 4741
f 4746 4745 4744
f 4745 4743 4742
f 4748 4739 4741
f 4749 4750 4751
f 4752 4753 4754
f 4753 4752 4751
f 4750 4753 4751
f 4755 4731 4756
f 4756 4750 4755
f 4738 4756 4731
f 4755 4750 4749
f 4757 4758 4752
f 4759 4760 4758
f 4761 4760 4759
f 4757 4752 4754
f 4759 4762 4761
f 4758 4757 4759
f 4762 4763 4761
f 4763 4764 4761
f 4765 4766 4767
f 4768 4769 4770
f 4771 4770 4766
f 4772 4764 4763
f 4766 4765 4771
f 4770 4771 4768
f 4765 4767 4772
f 4767 4764 4772
f 4773 4774 4775
f 4776 4777 4778
f 4774 4776 4779
f 4780 4781 4782
f 4783 4784 4785
f 4784 4786 4787
f 4781 4783 4782
f 4777 4780 4788
f 4779 4775 4774
f 4778 4789 4776
f 4779 4776 4789
f 4782 4788 4780
f 4790 4785 4784
f 4787 4790 4784
f 4782 4783 4785
f 4778 4777 4788
f 4786 4791 4787
f 4773 4775 4792
f 4793 4794 4795
f 4796 4769 4768
f 4794 4796 4797
f 4798 4799 4800
f 4801 4802 4803
f 4802 4804 4805
f 4799 4801 4806
f 4795 4791 4793
f 4768 4797 4796
f 4795 4794 4797
f 4806 4800 4799
f 4805 4803 4802
f 4792 4805 4804
f 4806 4801 4803
f 4804 4773 4792
f 4793 4791 4786
f 4807 4808 4809
f 4810 4811 4812
f 4808 4810 4813
f 4809 4814 4807
f 4812 4813 4810
f 4815 4812 4811
f 4809 4808 4813
f 4811 4816 4815
f 4816 4817 4818
f 4819 4820 4821
f 4817 4819 4822
f 4818 4817 4822
f 4820 4800 4821
f 4821 4822 4819
f 4800 4820 4798
f 4816 4818 4815
f 4823 4824 4825
f 4826 4827 4828
f 4829 4830 4827
f 4831 4828 4824
f 4825 4832 4823
f 4828 4831 4826
f 4827 4826 4829
f 4831 4824 4823
f 4829 4833 4830
f 4834 4832 4825
f 4835 4836 4837
f 4838 4839 4807
f 4834 4840 4839
f 4836 4833 4837
f 4838 4807 4814
f 4838 4834 4839
f 4834 4825 4840
f 4830 4833 4836
f 4841 4842 4835
f 4843 4844 4845
f 4846 4845 4842
f 4841 4835 4837
f 4846 4843 4845
f 4842 4841 4846
f 4843 4847 4844
f 4847 4848 4844
f 4849 4850 4851
f 4852 4853 4850
f 4854 4853 4852
f 4847 4855 4848
f 4851 4855 4849
f 4854 4852 4856
f 4850 4849 4852
f 4851 4848 4855
f 4857 4858 4859
f 4860 4857 4861
f 4860 4862 4857
f 4860 4861 4863
f 4864 4865 4859
f 4866 4867 4868
f 4869 4868 4865
f 4868 4869 4866
f 4869 4865 4870
f 4870 4865 4864
f 4871 4867 4866
f 4858 4857 4862
f 4872 4873 4874
f 4875 4876 4877
f 4875 4878 4876
f 4879 4872 4874
f 4872 4880 4876
f 4876 4878 4881
f 4858 4864 4859
f 4882 4883 4884
f 4885 4883 4886
f 4884 4876 4887
f 4888 4889 4885
f 4890 4891 4892
f 4893 4890 4894
f 4871 4893 4894
f 4893 4891 4890
f 4894 4867 4871
f 4892 4891 4895
f 4896 4897 4898
f 4899 4900 4897
f 4901 4902 4903
f 4896 4904 4902
f 4900 4899 4895
f 4899 4892 4895
f 4905 4902 4904
f 4896 4898 4904
f 4906 4907 4908
f 4905 4907 4906
f 4904 4907 4905
f 4909 4910 4911
f 4910 4909 4912
f 4912 4903 4910
f 4901 4903 4912
f 4905 4903 4902
f 4906 4908 4889
f 4898 4897 4900
f 4876 4881 4887
f 4880 4877 4876
f 4879 4880 4872
f 4913 4914 4915
f 4916 4913 4915
f 4874 4914 4879
f 4882 4917 4883
f 4882 4884 4918
f 4919 4920 4921
f 4917 4919 4921
f 4883 4917 4886
f 4916 4915 4922
f 4914 4923 4915
f 4915 4921 4920
f 4924 4923 4925
f 4925 4923 4926
f 4874 4923 4914
f 4927 4924 4925
f 4928 4917 4921
f 4929 4930 4931
f 4929 4924 4927
f 4927 4930 4929
f 4932 4931 4930
f 4920 4922 4915
f 4926 4923 4874
f 4886 4917 4928
f 4885 4886 4888
f 4933 4886 4934
f 4933 4935 4936
f 4934 4935 4933
f 4928 4934 4886
f 4936 4935 4937
f 4938 4936 4939
f 4940 4941 4942
f 4938 4943 4941
f 4939 4944 4938
f 4937 4939 4936
f 4906 4889 4888
f 4945 4946 4947
f 4948 4945 4947
f 4949 4947 4946
f 4949 4932 4930
f 4949 4946 4932
f 4948 4947 4950
f 4951 4940 4952
f 4943 4938 4944
f 4941 4943 4942
f 4942 4952 4940
f 4943 4944 4950
f 4944 4948 4950
f 4918 4884 4887
f 4953 4954 4955
f 4956 4955 4957
f 4955 4958 4957
f 4959 4956 4957
f 4953 4960 4961
f 4962 4963 4964
f 4960 4962 4965
f 4964 4965 4962
f 4966 4960 4965
f 4961 4960 4966
f 4964 4963 4967
f 4958 4955 4954
f 4968 4969 4970
f 4971 4972 4973
f 4972 4974 4973
f 4968 4970 4975
f 4972 4976 4970
f 4977 4974 4972
f 4953 4961 4954
f 4978 4979 4980
f 4981 4979 4982
f 4983 4972 4978
f 4982 4984 4985
f 4986 4987 4988
f 4989 4988 4990
f 4989 4990 4967
f 4988 4987 4990
f 4967 4963 4989
f 4991 4987 4986
f 4992 4993 4994
f 4993 4995 4996
f 4997 4998 4999
f 4998 5000 4994
f 4991 4996 4995
f 4991 4986 4996
f 5000 4998 5001
f 5000 4992 4994
f 5002 5003 5004
f 5004 5003 5001
f 5001 5003 5000
f 5005 5006 5007
f 5008 5007 5006
f 5006 4997 5008
f 5008 4997 4999
f 4998 4997 5001
f 4984 5002 5004
f 4995 4993 4992
f 4983 4977 4972
f 4972 4971 4976
f 4970 4976 4975
f 5009 5010 5011
f 5009 5011 5012
f 4975 5010 4968
f 4979 5013 4980
f 5014 4978 4980
f 5015 5016 5017
f 5015 5017 5013
f 4981 5013 4979
f 5018 5009 5012
f 5009 5019 5010
f 5016 5015 5009
f 5020 5019 5021
f 5022 5019 5020
f 5010 5019 4968
f 5020 5021 5023
f 5015 5013 5024
f 5025 5026 5027
f 5023 5021 5027
f 5027 5026 5023
f 5026 5025 5028
f 5009 5018 5016
f 4968 5019 5022
f 5024 5013 4981
f 4985 4981 4982
f 5029 4981 5030
f 5031 5032 5030
f 5030 5032 5029
f 4981 5029 5024
f 5033 5032 5031
f 5034 5031 5035
f 5036 5037 5038
f 5037 5039 5035
f 5035 5040 5034
f 5031 5034 5033
f 4985 4984 5004
f 5041 5042 5043
f 5041 5043 5044
f 5042 5041 5045
f 5026 5028 5045
f 5028 5042 5045
f 5046 5041 5044
f 5047 5038 5048
f 5040 5035 5039
f 5036 5039 5037
f 5038 5047 5036
f 5046 5040 5039
f 5046 5044 5040
f 4983 4978 5014
f 5049 5050 5051
f 5052 5053 5054
f 5055 5054 5050
f 5056 5057 5058
f 5059 5060 5061
f 5062 5061 5057
f 5063 5058 5053
f 5050 5049 5055
f 5053 5052 5063
f 5052 5054 5055
f 5057 5056 5062
f 5060 5059 5064
f 5059 5061 5062
f 5056 5058 5063
f 5060 5065 5066
f 5067 5049 5051
f 5068 5069 5066
f 5070 5071 5072
f 5073 5072 5069
f 5074 5075 5076
f 5067 5077 5078
f 5079 5078 5075
f 5080 5076 5071
f 5066 5065 5068
f 5072 5073 5070
f 5073 5069 5068
f 5076 5080 5074
f 5078 5079 5067
f 5079 5075 5074
f 5080 5071 5070
f 5067 5051 5077
f 5060 5064 5065
f 5081 5082 5083
f 5084 5085 5086
f 5087 5086 5082
f 5088 5089 5090
f 5091 5092 5093
f 5094 5093 5089
f 5095 5090 5085
f 5082 5081 5087
f 5085 5084 5095
f 5084 5086 5087
f 5089 5088 5094
f 5092 5091 5096
f 5091 5093 5094
f 5088 5090 5095
f 5092 5097 5098
f 5099 5081 5083
f 5100 5101 5098
f 5102 5103 5104
f 5105 5104 5101
f 5106 5107 5108
f 5109 5099 5110
f 5111 5110 5107
f 5112 5108 5103
f 5098 5097 5100
f 5104 5105 5102
f 5105 5101 5100
f 5108 5112 5106
f 5110 5111 5109
f 5111 5107 5106
f 5112 5103 5102
f 5109 5081 5099
f 5092 5096 5097
usemtl Diffuse_1
f 1 2 3
f 3 4 1
f 5 1 4
f 6 7 8
f 9 10 6
f 7 6 10
f 11 5 12
f 12 13 11
f 14 11 13
f 15 16 9
f 9 16 10
f 13 16 15
f 13 15 14
f 12 5 4
f 17 18 19
f 20 19 18
f 21 22 23
f 24 25 26
f 22 25 23
f 17 21 27
f 28 29 26
f 30 18 31
f 18 30 32
f 33 31 18
f 17 33 18
f 33 17 27
f 24 23 25
f 26 29 24
f 21 23 27
f 29 28 34
f 28 26 35
f 32 30 36
f 37 38 39
f 38 40 28
f 41 28 35
f 42 43 44
f 45 44 46
f 47 48 43
f 49 46 36
f 38 37 40
f 39 50 51
f 37 39 51
f 50 52 51
f 52 50 48
f 47 43 42
f 42 44 45
f 48 47 52
f 46 49 45
f 36 30 49
f 28 40 34
f 53 54 55
f 56 55 54
f 57 53 58
f 59 60 61
f 62 61 63
f 59 58 60
f 64 65 63
f 66 54 67
f 54 66 68
f 69 67 54
f 53 69 54
f 69 53 57
f 59 61 62
f 62 63 65
f 58 59 57
f 65 64 70
f 64 63 71
f 68 66 72
f 73 74 75
f 74 76 64
f 77 64 71
f 78 79 80
f 79 81 82
f 83 72 84
f 75 78 85
f 76 74 73
f 85 78 80
f 75 85 73
f 86 87 88
f 86 83 87
f 88 82 81
f 83 84 87
f 82 80 79
f 86 88 81
f 72 66 84
f 64 76 70
f 107 108 109
f 110 111 107
f 108 107 111
f 112 113 114
f 115 114 113
f 116 112 114
f 117 118 119
f 118 117 120
f 119 121 117
f 122 123 124
f 123 122 125
f 124 126 122
f 127 128 129
f 130 131 127
f 129 130 127
f 132 133 134
f 135 134 133
f 136 132 134
f 137 138 139
f 140 137 139
f 139 141 140
f 142 140 141
f 143 144 145
f 146 145 147
f 145 146 143
f 144 148 145
f 149 150 151
f 149 148 150
f 150 148 144
f 152 153 146
f 154 153 152
f 152 155 154
f 152 146 147
f 155 156 157
f 158 156 159
f 156 158 157
f 155 157 154
f 151 150 160
f 151 161 162
f 161 151 160
f 163 164 162
f 162 161 163
f 165 166 164
f 167 165 168
f 165 167 166
f 165 164 163
f 169 170 171
f 171 158 169
f 170 172 171
f 158 159 169
f 173 167 174
f 174 172 173
f 167 168 174
f 173 172 170
f 175 176 177
f 178 179 176
f 180 181 182
f 183 177 184
f 180 185 184
f 186 187 181
f 188 189 190
f 189 188 191
f 190 189 179
f 178 190 179
f 175 177 183
f 184 185 183
f 182 185 180
f 178 176 175
f 181 187 182
f 186 192 187
f 191 188 193
f 194 195 196
f 197 198 195
f 199 200 201
f 202 193 203
f 201 204 205
f 196 200 206
f 204 202 207
f 208 198 192
f 208 192 209
f 192 198 197
f 194 197 195
f 194 196 206
f 199 201 205
f 205 204 207
f 200 199 206
f 202 203 207
f 193 188 203
f 209 192 186
f 210 211 212
f 213 210 214
f 215 211 216
f 217 218 219
f 220 221 222
f 216 218 223
f 219 220 217
f 224 214 210
f 215 212 211
f 224 210 212
f 217 223 218
f 225 217 220
f 220 222 225
f 215 216 223
f 221 226 222
f 213 214 227
f 228 229 226
f 230 231 232
f 229 230 233
f 234 235 236
f 236 237 238
f 235 234 231
f 239 240 237
f 226 229 233
f 232 231 241
f 230 232 233
f 238 234 236
f 227 240 239
f 238 237 240
f 241 231 234
f 239 213 227
f 228 226 221
f 242 243 244
f 244 245 246
f 247 246 248
f 249 250 251
f 252 253 254
f 249 242 250
f 252 255 251
f 256 244 243
f 248 246 245
f 245 244 256
f 257 255 252
f 249 243 242
f 255 249 251
f 257 252 254
f 253 258 254
f 247 248 259
f 258 260 261
f 262 263 264
f 265 261 263
f 266 267 268
f 269 264 266
f 267 270 271
f 259 272 270
f 258 261 265
f 262 265 263
f 273 262 264
f 271 268 267
f 271 270 272
f 269 273 264
f 269 266 268
f 259 248 272
f 260 258 253
f 274 275 276
f 277 275 278
f 279 280 281
f 274 282 280
f 279 283 284
f 282 285 280
f 282 274 276
f 286 277 278
f 277 276 275
f 285 281 280
f 283 279 281
f 287 284 283
f 287 288 284
f 289 286 278
f 290 288 291
f 288 290 292
f 287 291 288
f 293 294 295
f 295 296 297
f 298 293 292
f 297 299 300
f 290 298 292
f 294 293 298
f 297 296 299
f 295 294 301
f 295 301 296
f 300 299 289
f 289 278 300
f 369 370 371
f 372 373 369
f 370 369 373
f 374 375 376
f 377 376 375
f 378 374 376
f 379 380 381
f 380 379 382
f 381 383 379
f 384 385 386
f 385 384 387
f 386 388 384
f 389 390 391
f 392 393 389
f 391 392 389
f 394 395 396
f 397 396 395
f 398 394 396
f 399 400 401
f 402 399 401
f 401 403 402
f 404 402 403
f 405 406 407
f 406 405 408
f 407 409 410
f 409 407 406
f 411 412 413
f 413 408 411
f 412 414 413
f 411 408 405
f 415 410 416
f 417 410 409
f 416 418 415
f 416 410 417
f 419 420 418
f 420 421 422
f 421 420 419
f 419 418 416
f 423 424 425
f 414 424 413
f 425 426 423
f 425 424 414
f 427 426 428
f 429 427 430
f 429 426 427
f 428 426 425
f 431 432 433
f 433 422 431
f 432 434 433
f 431 422 421
f 430 435 436
f 435 430 427
f 436 434 432
f 434 436 435
f 437 438 439
f 440 438 441
f 442 443 444
f 441 445 446
f 443 447 448
f 442 449 445
f 437 450 451
f 437 439 450
f 450 452 451
f 451 452 453
f 440 439 438
f 449 446 445
f 440 441 446
f 442 444 449
f 443 448 444
f 447 454 448
f 453 452 455
f 456 457 458
f 459 460 461
f 462 458 460
f 463 464 465
f 461 464 466
f 465 467 468
f 458 462 456
f 456 454 457
f 460 459 462
f 465 468 463
f 463 466 464
f 468 469 470
f 469 455 470
f 466 459 461
f 468 467 469
f 455 452 470
f 457 454 447
f 471 472 473
f 474 475 476
f 472 474 477
f 478 479 480
f 481 478 482
f 479 483 484
f 475 481 485
f 473 472 486
f 486 472 477
f 476 477 474
f 484 480 479
f 485 481 482
f 485 476 475
f 482 478 480
f 483 487 484
f 471 473 488
f 489 487 490
f 490 491 489
f 492 493 491
f 494 495 496
f 497 488 498
f 494 496 497
f 492 495 499
f 493 489 491
f 492 499 493
f 489 500 487
f 499 495 501
f 502 494 497
f 497 498 502
f 495 494 501
f 488 473 498
f 487 500 484
f 503 504 505
f 504 506 507
f 508 509 506
f 510 511 512
f 513 514 511
f 508 515 509
f 510 516 515
f 503 505 517
f 506 509 507
f 505 504 507
f 515 516 518
f 518 509 515
f 512 511 514
f 512 516 510
f 513 519 514
f 503 517 520
f 521 522 523
f 522 524 525
f 526 521 519
f 527 528 529
f 524 527 530
f 528 531 532
f 531 533 534
f 525 523 522
f 530 525 524
f 519 521 523
f 532 529 528
f 520 534 533
f 532 531 534
f 530 527 529
f 533 503 520
f 526 519 513
f 535 536 537
f 538 536 539
f 540 541 542
f 543 544 545
f 540 544 541
f 546 541 535
f 541 546 542
f 547 538 539
f 537 536 538
f 535 537 546
f 544 540 545
f 545 548 543
f 548 549 543
f 550 547 539
f 551 552 553
f 554 552 549
f 555 556 557
f 558 559 560
f 555 559 556
f 561 556 551
f 556 561 557
f 549 562 554
f 553 552 554
f 561 551 553
f 555 560 559
f 558 560 550
f 550 539 558
f 548 562 549
f 629 630 631
f 632 633 629
f 630 629 633
f 634 635 636
f 637 636 635
f 638 634 636
f 639 640 641
f 640 639 642
f 641 643 639
f 644 645 646
f 645 644 647
f 646 648 644
f 649 650 651
f 652 653 649
f 651 652 649
f 654 655 656
f 657 656 655
f 658 654 656
f 659 660 661
f 662 660 659
f 659 663 664
f 662 659 664
f 665 666 667
f 665 668 666
f 666 669 667
f 666 668 670
f 671 672 673
f 667 669 673
f 673 669 671
f 670 674 675
f 674 670 668
f 676 675 674
f 674 677 676
f 678 679 676
f 680 679 678
f 680 678 681
f 678 676 677
f 673 672 682
f 672 683 682
f 683 672 684
f 685 686 683
f 683 684 685
f 685 687 688
f 689 687 690
f 687 689 688
f 685 688 686
f 691 692 693
f 692 680 681
f 680 692 691
f 692 694 693
f 695 689 696
f 693 694 696
f 689 690 696
f 696 694 695
f 697 698 699
f 698 700 701
f 702 697 703
f 704 705 706
f 701 700 707
f 705 708 709
f 704 710 711
f 712 713 714
f 712 701 707
f 699 703 697
f 698 701 699
f 713 712 707
f 715 708 716
f 709 706 705
f 713 711 714
f 711 710 714
f 706 710 704
f 708 715 709
f 702 703 717
f 718 719 720
f 719 721 722
f 723 724 725
f 726 727 728
f 729 728 730
f 727 725 724
f 729 730 717
f 719 718 721
f 721 715 722
f 718 731 732
f 731 733 732
f 720 731 718
f 725 734 723
f 727 726 725
f 723 734 733
f 728 729 726
f 733 734 732
f 717 703 729
f 722 715 716
f 735 736 737
f 738 735 739
f 740 736 741
f 742 743 744
f 745 746 747
f 743 748 741
f 745 742 744
f 735 749 739
f 735 737 749
f 736 740 737
f 742 748 743
f 750 742 745
f 745 747 750
f 748 740 741
f 746 751 747
f 738 739 752
f 753 751 754
f 755 756 757
f 753 754 756
f 758 759 760
f 760 761 762
f 757 759 758
f 763 761 752
f 753 764 751
f 765 753 756
f 755 765 756
f 755 757 758
f 766 763 752
f 760 762 758
f 761 763 762
f 752 739 766
f 751 764 747
f 767 768 769
f 770 771 772
f 771 768 772
f 773 774 775
f 776 777 774
f 770 778 779
f 778 773 780
f 771 769 768
f 770 779 771
f 769 781 767
f 774 777 775
f 777 776 782
f 779 778 780
f 773 775 780
f 776 783 782
f 767 781 784
f 785 783 786
f 786 787 788
f 789 790 787
f 791 792 793
f 789 794 795
f 792 784 796
f 794 791 797
f 785 798 783
f 790 788 787
f 785 786 788
f 794 797 795
f 791 793 797
f 792 796 793
f 795 790 789
f 784 781 796
f 783 798 782
f 799 800 801
f 802 800 803
f 804 805 806
f 807 808 809
f 804 809 808
f 805 799 810
f 804 806 809
f 811 802 803
f 801 800 802
f 801 810 799
f 805 812 806
f 810 812 805
f 807 813 808
f 814 811 803
f 815 813 816
f 813 815 817
f 807 816 813
f 818 819 820
f 820 821 822
f 823 818 817
f 822 824 825
f 823 817 815
f 819 818 823
f 826 821 820
f 819 826 820
f 814 825 824
f 822 821 824
f 814 803 825
f 897 898 899
f 900 899 901
f 902 901 903
f 904 905 906
f 907 906 908
f 904 903 905
f 909 908 910
f 911 897 912
f 897 911 913
f 912 897 899
f 900 912 899
f 900 901 902
f 904 906 907
f 907 908 909
f 903 904 902
f 910 914 909
f 910 915 914
f 913 911 916
f 917 915 910
f 918 919 920
f 915 918 921
f 922 923 924
f 925 926 927
f 926 928 929
f 923 925 930
f 919 922 931
f 921 918 920
f 931 922 924
f 919 931 920
f 925 927 930
f 930 924 923
f 927 926 929
f 929 928 932
f 916 911 932
f 928 916 932
f 915 921 914
f 933 934 935
f 934 936 935
f 937 936 938
f 935 936 937
f 939 937 938
f 940 941 939
f 939 938 940
f 940 942 943
f 942 944 945
f 943 942 945
f 946 947 948
f 946 945 944
f 947 946 944
f 940 943 941
f 949 950 951
f 951 952 949
f 953 949 952
f 954 955 956
f 957 958 954
f 955 954 958
f 959 953 960
f 960 961 959
f 962 959 961
f 963 964 957
f 957 964 958
f 961 964 963
f 961 963 962
f 960 953 952
f 2820 2821 2822
f 2820 2822 2823
f 2824 2820 2825
f 2826 2820 2827
f 2824 2828 2827
f 2820 2824 2827
f 2823 2822 2829
f 2823 2830 2831
f 2823 2831 2832
f 2832 2831 2833
f 2834 2825 2832
f 2832 2835 2834
f 2820 2832 2825
f 2832 2820 2823
f 2836 2837 2838
f 2839 2840 2841
f 2842 2838 2840
f 2843 2844 2845
f 2846 2847 2848
f 2847 2844 2848
f 2849 2841 2843
f 2842 2836 2838
f 2840 2839 2842
f 2836 2850 2837
f 2847 2845 2844
f 2849 2843 2845
f 2849 2839 2841
f 2846 2851 2847
f 2846 2852 2851
f 2837 2850 2853
f 2854 2855 2856
f 2855 2857 2858
f 2859 2854 2852
f 2860 2857 2861
f 2862 2863 2861
f 2853 2864 2865
f 2865 2866 2862
f 2858 2856 2855
f 2856 2852 2854
f 2858 2857 2860
f 2867 2864 2853
f 2863 2862 2866
f 2863 2860 2861
f 2864 2866 2865
f 2853 2850 2867
f 2859 2852 2846
f 2868 2869 2870
f 2868 2870 2871
f 2872 2868 2873
f 2874 2868 2875
f 2872 2876 2875
f 2868 2872 2875
f 2871 2870 2877
f 2871 2878 2879
f 2871 2879 2880
f 2880 2879 2881
f 2882 2873 2880
f 2880 2883 2882
f 2868 2880 2873
f 2880 2868 2871
f 2884 2885 2886
f 2887 2888 2889
f 2887 2890 2885
f 2891 2892 2893
f 2894 2895 2896
f 2897 2888 2891
f 2892 2896 2898
f 2890 2886 2885
f 2887 2889 2890
f 2886 2899 2884
f 2898 2893 2892
f 2897 2891 2893
f 2897 2889 2888
f 2896 2895 2898
f 2894 2900 2895
f 2884 2899 2901
f 2902 2903 2904
f 2903 2905 2906
f 2907 2902 2900
f 2908 2901 2909
f 2910 2911 2912
f 2912 2908 2913
f 2914 2905 2911
f 2903 2906 2904
f 2905 2914 2906
f 2904 2900 2902
f 2915 2909 2901
f 2910 2912 2913
f 2910 2914 2911
f 2913 2908 2909
f 2901 2899 2915
f 2907 2900 2894
f 2916 2917 2918
f 2919 2918 2917
f 2920 2916 2921
f 2922 2916 2920
f 2921 2923 2924
f 2924 2920 2921
f 2925 2916 2918
f 2926 2916 2925
f 2926 2927 2916
f 2928 2927 2926
f 2929 2921 2927
f 2927 2930 2929
f 2916 2927 2921
f 2925 2918 2931
f 2932 2933 2934
f 2935 2936 2937
f 2938 2934 2936
f 2939 2940 2941
f 2942 2943 2944
f 2940 2939 2937
f 2941 2942 2945
f 2933 2932 2946
f 2932 2934 2938
f 2938 2936 2935
f 2945 2939 2941
f 2947 2945 2942
f 2942 2944 2947
f 2935 2937 2939
f 2943 2948 2944
f 2933 2946 2949
f 2950 2951 2952
f 2953 2954 2955
f 2951 2954 2956
f 2957 2958 2959
f 2960 2955 2961
f 2958 2949 2962
f 2960 2961 2957
f 2951 2956 2952
f 2954 2953 2956
f 2952 2948 2950
f 2960 2957 2963
f 2963 2957 2959
f 2958 2962 2959
f 2955 2960 2953
f 2949 2946 2962
f 2950 2948 2943
f 2964 2965 2966
f 2967 2966 2968
f 2966 2969 2970
f 2971 2964 2972
f 2967 2972 2964
f 2964 2966 2967
f 2969 2973 2974
f 2970 2975 2966
f 2970 2976 2975
f 2977 2978 2976
f 2967 2968 2979
f 2966 2975 2968
f 2976 2978 2975
f 2969 2974 2970
f 2980 2981 2982
f 2983 2984 2985
f 2981 2985 2986
f 2987 2988 2989
f 2990 2991 2988
f 2983 2992 2993
f 2987 2994 2992
f 2986 2985 2984
f 2983 2993 2984
f 2986 2982 2981
f 2993 2992 2994
f 2991 2989 2988
f 2990 2995 2991
f 2989 2994 2987
f 2990 2996 2995
f 2980 2982 2997
f 2998 2996 2999
f 3000 2999 3001
f 3002 3003 3001
f 3004 3005 3006
f 3007 3008 3004
f 3009 3005 3010
f 3007 3002 3008
f 2996 2998 3011
f 2998 2999 3000
f 3001 3003 3000
f 2997 3012 3010
f 3002 3007 3003
f 3006 3005 3009
f 3004 3006 3007
f 3012 3009 3010
f 3010 2980 2997
f 2996 3011 2995
f 3013 3014 3015
f 3016 3013 3015
f 3017 3016 3015
f 3018 3014 3019
f 3013 3020 3019
f 3014 3013 3019
f 3017 3021 3022
f 3022 3023 3024
f 3025 3024 3023
f 3024 3016 3017
f 3013 3016 3026
f 3027 3028 3016
f 3024 3027 3016
f 3017 3022 3024
f 3029 3030 3031
f 3031 3030 3032
f 3033 3031 3034
f 3032 3030 3035
f 3036 3037 3038
f 3038 3039 3040
f 3037 3033 3034
f 3041 3039 3042
f 3037 3036 3033
f 3029 3031 3033
f 3036 3038 3040
f 3043 3044 3042
f 3041 3040 3039
f 3042 3044 3041
f 3042 3045 3043
f 3032 3035 3046
f 3047 3048 3049
f 3050 3051 3052
f 3048 3051 3049
f 3053 3054 3055
f 3056 3046 3057
f 3058 3055 3056
f 3053 3052 3054
f 3045 3059 3043
f 3045 3047 3059
f 3059 3047 3049
f 3060 3049 3051
f 3050 3052 3053
f 3058 3056 3057
f 3055 3058 3053
f 3060 3051 3050
f 3046 3061 3057
f 3046 3035 3061
f 3062 3063 3064
f 3064 3065 3062
f 3066 3067 3062
f 3068 3062 3067
f 3069 3070 3067
f 3067 3066 3069
f 3062 3065 3066
f 3065 3071 3066
f 3071 3072 3073
f 3074 3073 3072
f 3069 3066 3075
f 3073 3076 3066
f 3071 3073 3066
f 3065 3077 3071
f 3078 3079 3080
f 3081 3080 3082
f 3083 3081 3084
f 3085 3086 3087
f 3088 3089 3090
f 3086 3085 3078
f 3088 3091 3087
f 3092 3084 3081
f 3082 3080 3079
f 3092 3081 3082
f 3087 3093 3085
f 3087 3091 3093
f 3078 3085 3079
f 3090 3091 3088
f 3089 3094 3090
f 3083 3084 3095
f 3096 3097 3098
f 3098 3099 3094
f 3096 3100 3101
f 3102 3100 3103
f 3104 3105 3103
f 3106 3107 3104
f 3108 3106 3109
f 3097 3096 3101
f 3110 3094 3099
f 3098 3097 3099
f 3104 3107 3105
f 3109 3095 3108
f 3107 3106 3108
f 3100 3102 3101
f 3103 3105 3102
f 3109 3083 3095
f 3094 3110 3090
f 5497 5498 5499
f 5498 5497 5500
f 5500 5501 5502
f 5500 5502 5498
f 5503 5504 5505
f 5506 5507 5503
f 5505 5506 5503
f 5508 5509 5510
f 5511 5510 5509
f 5512 5508 5510
f 5513 5514 5515
f 5516 5517 5513
f 5514 5513 5517
f 5518 5519 5520
f 5521 5520 5519
f 5522 5518 5520
f 5523 5524 5525
f 5524 5523 5526
f 5525 5527 5523
f 5528 5529 5530
f 5529 5528 5531
f 5530 5532 5528
f 5533 5534 5535
f 5534 5533 5536
f 5537 5538 5536
f 5538 5537 5539
f 5539 5540 5541
f 5542 5541 5540
f 5543 5544 5542
f 5544 5543 5545
f 5546 5547 5545
f 5547 5546 5548
f 5548 5549 5550
f 5535 5550 5549
f 5551 5552 5553
f 5554 5552 5551
f 5555 5551 5553
f 5556 5557 5558
f 5558 5554 5556
f 5556 5559 5557
f 5552 5554 5558
f 5560 5555 5561
f 5553 5561 5555
f 5562 5555 5560
f 5563 5564 5562
f 5564 5563 5565
f 5566 5564 5565
f 5560 5563 5562
f 5567 5568 5569
f 5559 5569 5568
f 5567 5570 5571
f 5572 5573 5570
f 5571 5570 5573
f 5568 5567 5571
f 5574 5575 5566
f 5576 5566 5575
f 5565 5574 5566
f 5577 5572 5578
f 5570 5578 5572
f 5575 5577 5576
f 5578 5576 5577
f 5559 5556 5569
f 5579 5580 5581
f 5581 5580 5582
f 5579 5583 5584
f 5585 5584 5586
f 5587 5586 5588
f 5586 5584 5588
f 5588 5589 5590
f 5587 5588 5591
f 5589 5588 5584
f 5589 5583 5592
f 5590 5589 5593
f 5590 5591 5588
f 5583 5589 5584
f 5591 5590 5594
f 5582 5595 5581
f 5582 5596 5597
f 5598 5582 5580
f 5596 5582 5598
f 5595 5592 5583
f 5597 5595 5582
f 5596 5599 5600
f 5601 5597 5602
f 5595 5597 5603
f 5598 5599 5596
f 5603 5597 5601
f 5593 5604 5590
f 5593 5589 5592
f 5592 5595 5603
f 5581 5595 5583
f 5590 5604 5605
f 5587 5606 5607
f 5606 5591 5594
f 5607 5606 5608
f 5606 5609 5608
f 5609 5606 5594
f 5609 5594 5610
f 5609 5611 5612
f 5587 5591 5606
f 5607 5608 5613
f 5608 5612 5613
f 5611 5614 5615
f 5616 5617 5614
f 5618 5619 5620
f 5621 5616 5609
f 5590 5605 5594
f 5621 5609 5610
f 5611 5609 5616
f 5621 5622 5623
f 5624 5616 5623
f 5625 5626 5622
f 5622 5626 5627
f 5625 5622 5621
f 5621 5610 5625
f 5616 5621 5623
f 5594 5605 5610
f 5628 5629 5630
f 5597 5600 5602
f 5597 5596 5600
f 5599 5631 5600
f 5631 5599 5632
f 5602 5600 5633
f 5599 5634 5632
f 5633 5600 5631
f 5635 5636 5637
f 5638 5636 5633
f 5637 5636 5638
f 5633 5631 5638
f 5639 5630 5631
f 5639 5631 5640
f 5640 5641 5639
f 5638 5631 5630
f 5641 5642 5639
f 5638 5618 5637
f 5638 5630 5618
f 5630 5643 5618
f 5635 5637 5644
f 5639 5642 5630
f 5599 5598 5634
f 5645 5637 5618
f 5646 5627 5647
f 5622 5627 5646
f 5648 5622 5646
f 5647 5644 5649
f 5644 5637 5649
f 5646 5647 5650
f 5650 5647 5649
f 5648 5651 5623
f 5622 5648 5623
f 5648 5652 5651
f 5648 5646 5653
f 5650 5654 5655
f 5650 5653 5646
f 5643 5630 5629
f 5645 5654 5649
f 5656 5657 5654
f 5656 5645 5658
f 5658 5645 5659
f 5637 5645 5649
f 5653 5655 5660
f 5618 5643 5619
f 5649 5654 5650
f 5620 5645 5618
f 5630 5642 5628
f 5634 5640 5632
f 5631 5632 5640
f 5645 5620 5659
f 5645 5656 5654
f 5650 5655 5653
f 5657 5655 5654
f 5653 5661 5648
f 5652 5648 5661
f 5660 5661 5653
f 5623 5651 5662
f 5624 5617 5616
f 5623 5662 5624
f 5616 5614 5611
f 5609 5612 5608
f 5615 5612 5611
f 5583 5579 5581
f 5585 5579 5584
f 5663 5664 5665
f 5664 5666 5667
f 5668 5666 5669
f 5670 5671 5672
f 5673 5674 5675
f 5670 5676 5674
f 5669 5673 5677
f 5666 5668 5667
f 5668 5669 5677
f 5667 5665 5664
f 5678 5675 5674
f 5676 5678 5674
f 5670 5672 5676
f 5677 5673 5675
f 5671 5679 5672
f 5663 5665 5680
f 5681 5682 5683
f 5684 5679 5682
f 5681 5683 5685
f 5686 5687 5688
f 5688 5689 5690
f 5687 5691 5685
f 5690 5689 5692
f 5679 5684 5693
f 5684 5682 5681
f 5685 5691 5681
f 5688 5694 5686
f 5691 5687 5686
f 5690 5692 5680
f 5690 5694 5688
f 5692 5663 5680
f 5679 5693 5672
f 5695 5696 5697
f 5696 5695 5698
f 5698 5699 5700
f 5698 5700 5696
f 5701 5702 5703
f 5704 5705 5701
f 5703 5704 5701
f 5706 5707 5708
f 5709 5708 5707
f 5710 5706 5708
f 5711 5712 5713
f 5714 5715 5711
f 5712 5711 5715
f 5716 5717 5718
f 5719 5718 5717
f 5720 5716 5718
f 5721 5722 5723
f 5722 5721 5724
f 5723 5725 5721
f 5726 5727 5728
f 5727 5726 5729
f 5728 5730 5726
f 5731 5732 5733
f 5732 5731 5734
f 5735 5734 5736
f 5736 5737 5735
f 5737 5738 5739
f 5740 5739 5738
f 5741 5742 5740
f 5742 5741 5743
f 5744 5743 5745
f 5745 5746 5744
f 5746 5747 5748
f 5733 5748 5747
f 5749 5750 5751
f 5752 5750 5749
f 5753 5749 5751
f 5754 5755 5756
f 5756 5752 5754
f 5754 5757 5755
f 5750 5752 5756
f 5758 5753 5759
f 5751 5759 5753
f 5760 5753 5758
f 5761 5762 5760
f 5762 5761 5763
f 5764 5762 5763
f 5758 5761 5760
f 5765 5766 5767
f 5757 5767 5766
f 5765 5768 5769
f 5770 5771 5768
f 5769 5768 5771
f 5766 5765 5769
f 5772 5773 5764
f 5774 5764 5773
f 5763 5772 5764
f 5775 5770 5776
f 5768 5776 5770
f 5773 5775 5774
f 5776 5774 5775
f 5757 5754 5767
f 5777 5778 5779
f 5779 5778 5780
f 5777 5781 5782
f 5783 5782 5784
f 5785 5784 5786
f 5784 5782 5786
f 5786 5787 5788
f 5785 5786 5789
f 5787 5786 5782
f 5787 5781 5790
f 5788 5787 5791
f 5788 5789 5786
f 5781 5787 5782
f 5789 5788 5792
f 5780 5793 5779
f 5780 5794 5795
f 5796 5780 5778
f 5794 5780 5796
f 5793 5790 5781
f 5795 5793 5780
f 5794 5797 5798
f 5799 5795 5800
f 5793 5795 5801
f 5796 5797 5794
f 5801 5795 5799
f 5791 5802 5788
f 5791 5787 5790
f 5790 5793 5801
f 5779 5793 5781
f 5788 5802 5803
f 5785 5804 5805
f 5804 5789 5792
f 5805 5804 5806
f 5804 5807 5806
f 5807 5804 5792
f 5807 5792 5808
f 5807 5809 5810
f 5785 5789 5804
f 5805 5806 5811
f 5806 5810 5811
f 5809 5812 5813
f 5814 5815 5812
f 5816 5817 5818
f 5819 5814 5807
f 5788 5803 5792
f 5819 5807 5808
f 5809 5807 5814
f 5819 5820 5821
f 5822 5814 5821
f 5823 5824 5820
f 5820 5824 5825
f 5823 5820 5819
f 5819 5808 5823
f 5814 5819 5821
f 5792 5803 5808
f 5826 5827 5828
f 5795 5798 5800
f 5795 5794 5798
f 5797 5829 5798
f 5829 5797 5830
f 5800 5798 5831
f 5797 5832 5830
f 5831 5798 5829
f 5833 5834 5835
f 5836 5834 5831
f 5835 5834 5836
f 5831 5829 5836
f 5837 5828 5829
f 5837 5829 5838
f 5838 5839 5837
f 5836 5829 5828
f 5839 5840 5837
f 5836 5816 5835
f 5836 5828 5816
f 5828 5841 5816
f 5833 5835 5842
f 5837 5840 5828
f 5797 5796 5832
f 5843 5835 5816
f 5844 5825 5845
f 5820 5825 5844
f 5846 5820 5844
f 5845 5842 5847
f 5842 5835 5847
f 5844 5845 5848
f 5848 5845 5847
f 5846 5849 5821
f 5820 5846 5821
f 5846 5850 5849
f 5846 5844 5851
f 5848 5852 5853
f 5848 5851 5844
f 5841 5828 5827
f 5843 5852 5847
f 5854 5855 5852
f 5854 5843 5856
f 5856 5843 5857
f 5835 5843 5847
f 5851 5853 5858
f 5816 5841 5817
f 5847 5852 5848
f 5818 5843 5816
f 5828 5840 5826
f 5832 5838 5830
f 5829 5830 5838
f 5843 5818 5857
f 5843 5854 5852
f 5848 5853 5851
f 5855 5853 5852
f 5851 5859 5846
f 5850 5846 5859
f 5858 5859 5851
f 5821 5849 5860
f 5822 5815 5814
f 5821 5860 5822
f 5814 5812 5809
f 5807 5810 5806
f 5813 5810 5809
f 5781 5777 5779
f 5783 5777 5782
f 5861 5862 5863
f 5864 5865 5866
f 5862 5864 5867
f 5868 5869 5870
f 5871 5872 5873
f 5868 5874 5872
f 5865 5871 5866
f 5864 5875 5867
f 5875 5864 5866
f 5867 5863 5862
f 5874 5873 5872
f 5876 5874 5868
f 5868 5870 5876
f 5866 5871 5873
f 5869 5877 5870
f 5861 5863 5878
f 5879 5880 5881
f 5882 5877 5880
f 5879 5881 5883
f 5884 5885 5886
f 5886 5887 5888
f 5885 5889 5883
f 5888 5887 5890
f 5877 5882 5891
f 5882 5880 5879
f 5883 5889 5879
f 5886 5892 5884
f 5889 5885 5884
f 5888 5890 5878
f 5888 5892 5886
f 5890 5861 5878
f 5877 5891 5870
f 5893 5894 5895
f 5895 5894 5896
f 5894 5897 5896
f 5897 5894 5898
f 5899 5900 5901
f 5900 5899 5902
f 5901 5903 5899
f 5904 5905 5906
f 5905 5904 5907
f 5906 5908 5904
f 5909 5910 5911
f 5912 5913 5909
f 5911 5912 5909
f 5914 5915 5916
f 5917 5916 5915
f 5918 5914 5916
f 5919 5920 5921
f 5922 5923 5919
f 5920 5919 5923
f 5924 5925 5926
f 5927 5926 5925
f 5928 5924 5926
f 5929 5930 5931
f 5931 5932 5929
f 5932 5933 5934
f 5935 5934 5933
f 5936 5935 5937
f 5937 5938 5936
f 5939 5938 5940
f 5940 5941 5939
f 5941 5942 5943
f 5944 5943 5942
f 5945 5944 5946
f 5946 5930 5945
f 5947 5948 5949
f 5948 5947 5950
f 5949 5951 5947
f 5951 5952 5947
f 5953 5947 5952
f 5954 5950 5947
f 5955 5954 5947
f 5956 5957 5958
f 5959 5960 5961
f 5957 5955 5958
f 5955 5947 5958
f 5962 5963 5964
f 5965 5963 5966
f 5967 5968 5965
f 5963 5962 5966
f 5969 5970 5968
f 5967 5965 5971
f 5966 5971 5965
f 5972 5973 5974
f 5975 5976 5972
f 5976 5967 5971
f 5977 5964 5960
f 5952 5970 5978
f 5961 5956 5979
f 5980 5973 5981
f 5979 5956 5982
f 5983 5960 5959
f 5958 5984 5985
f 5961 5979 5959
f 5986 5985 5987
f 5988 5989 5958
f 5990 5987 5991
f 5992 5993 5991
f 5984 5958 5989
f 5958 5947 5988
f 5994 5960 5983
f 5995 5996 5997
f 5997 5996 5994
f 5964 5977 5962
f 5960 5994 5977
f 5983 5997 5994
f 5998 5999 5996
f 5999 6000 6001
f 6000 5999 5998
f 6002 6001 6000
f 5990 5991 5993
f 5998 5996 5995
f 5982 5956 5958
f 5947 6003 5988
f 5978 5953 5952
f 6004 6005 6006
f 6007 6004 6006
f 6007 6006 5947
f 5967 5969 5968
f 5967 5976 5975
f 6008 6009 6010
f 6011 6008 6012
f 6009 6013 6014
f 5978 5970 5969
f 6005 6011 6015
f 6016 6006 6005
f 6016 6005 6015
f 6006 6017 6018
f 6017 6006 6016
f 6006 6018 6019
f 6015 6011 6012
f 6010 6020 6008
f 6014 6010 6009
f 6021 6019 6022
f 6006 6019 6021
f 6012 6008 6020
f 6023 6022 6024
f 6007 5947 5953
f 5974 5973 5980
f 6025 6013 6026
f 6025 6014 6013
f 6026 6013 6027
f 6026 6027 6028
f 6029 6027 6030
f 6031 6030 6032
f 6033 6029 6034
f 6029 6028 6027
f 6032 6030 6027
f 6031 6032 5980
f 5975 5972 5974
f 6035 6034 6036
f 6037 6038 6039
f 6024 6040 6023
f 6021 6022 6041
f 6041 6022 6023
f 6039 6028 6042
f 6038 6040 6024
f 6033 6028 6029
f 6033 6034 6035
f 6037 6040 6038
f 6042 6037 6039
f 6033 6042 6028
f 6036 6043 6035
f 6036 6044 6043
f 5980 5981 6031
f 5986 5987 6045
f 6046 6003 6047
f 6048 5992 6049
f 6046 6050 6051
f 6052 6053 6054
f 6050 6053 6051
f 6052 6054 6055
f 6056 6057 6058
f 6058 6059 6060
f 6052 6061 6049
f 6046 6047 6050
f 6062 5992 6048
f 6063 6064 6001
f 6064 6063 6065
f 6065 6066 6064
f 6048 6049 6061
f 6067 6057 6068
f 6067 6066 6069
f 6066 6067 6068
f 6069 6066 6065
f 6068 6057 6056
f 6070 6061 6052
f 6059 6050 6071
f 6062 5993 5992
f 6072 6050 6073
f 6056 6058 6060
f 6056 6074 6068
f 6060 6059 6071
f 6075 6047 6076
f 6047 6075 6073
f 6076 6047 6077
f 6078 6077 6047
f 6079 6078 6047
f 6047 6080 6079
f 6050 6047 6073
f 6081 6074 6082
f 6083 6081 6084
f 6085 6086 6087
f 6088 6089 6086
f 6083 6090 6087
f 6091 6092 6093
f 6087 6090 6085
f 6084 6090 6083
f 6085 6090 6093
f 6082 6084 6081
f 6074 6056 6082
f 6080 6094 6091
f 6080 6047 6095
f 6071 6050 6072
f 6003 5947 6047
f 6096 6097 6098
f 6099 6100 6101
f 6102 6103 6099
f 6096 6104 6100
f 6105 6106 6098
f 6105 6089 6106
f 6098 6104 6096
f 6099 6101 6107
f 6101 6100 6104
f 6108 6109 6110
f 6097 6105 6098
f 6109 6108 6101
f 6044 6103 6102
f 6111 6102 6107
f 6112 6113 6114
f 6115 6116 6112
f 6111 6117 6113
f 6117 6111 6107
f 6114 6113 6117
f 6118 6119 6120
f 6120 6119 6116
f 6112 6114 6115
f 6102 6099 6107
f 6108 6107 6101
f 6044 6036 6103
f 6106 6089 6088
f 6088 6086 6085
f 6121 6122 6123
f 6124 6123 6122
f 6121 6123 6125
f 6125 6109 6121
f 6095 6094 6080
f 6095 6047 6126
f 6127 6128 6129
f 6130 6127 6131
f 6126 6129 6128
f 6092 6091 6094
f 6132 6122 6130
f 6110 6109 6125
f 6133 6129 6118
f 6133 6118 6120
f 6132 6130 6131
f 6131 6127 6134
f 6135 6136 6129
f 6129 6136 6134
f 6135 6129 6133
f 6129 6134 6127
f 6124 6122 6132
f 6120 6116 6115
f 6047 6129 6126
f 6093 6092 6085
f 6052 6055 6070
f 6002 6063 6001
f 6053 6050 6054
f 5990 6045 5987
f 5985 5984 5987
f 6137 6138 6139
f 6140 6141 6142
f 6138 6140 6143
f 6139 6138 6143
f 6142 6143 6140
f 6144 6142 6141
f 6141 6145 6144
f 6145 6146 6147
f 6148 6149 6150
f 6146 6148 6151
f 6152 6145 6147
f 6151 6147 6146
f 6148 6150 6151
f 6149 6153 6150
f 6145 6152 6144
usemtl Diffuse_2
f 1909 1910 1911
f 1911 1912 1909
f 1913 1910 1914
f 1915 1913 1914
f 1916 1917 1918
f 1918 1915 1916
f 1919 1912 1920
f 1921 1919 1920
f 1909 1912 1919
f 1909 1922 1910
f 1923 1917 1916
f 1915 1924 1916
f 1914 1924 1915
f 1922 1914 1910
f 1925 1921 1920
f 1926 1927 1928
f 1929 1928 1927
f 1930 1931 1932
f 1930 1932 1933
f 1932 1931 1934
f 1935 1936 1937
f 1938 1935 1939
f 1940 1941 1939
f 1941 1942 1943
f 1942 1944 1945
f 1946 1947 1948
f 1941 1938 1939
f 1936 1935 1938
f 1949 1941 1943
f 1943 1942 1945
f 1941 1949 1938
f 1950 1948 1951
f 1952 1951 1948
f 1953 1952 1948
f 1948 1947 1953
f 1950 1951 1945
f 1944 1950 1945
f 1947 1954 1953
f 1937 1936 1955
f 1954 1956 1957
f 1958 1959 1960
f 1959 1961 1962
f 1956 1958 1960
f 1963 1964 1965
f 1966 1967 1968
f 1967 1969 1970
f 1964 1966 1965
f 1961 1963 1971
f 1957 1956 1960
f 1962 1961 1971
f 1971 1963 1965
f 1959 1962 1960
f 1972 1955 1973
f 1968 1967 1970
f 1970 1969 1973
f 1955 1936 1973
f 1968 1965 1966
f 1969 1972 1973
f 1954 1957 1953
f 5113 5114 5115
f 5113 5115 5116
f 5116 5117 5113
f 5118 5119 5113
f 5113 5119 5114
f 5113 5120 5121
f 5116 5122 5123
f 5124 5125 5116
f 5125 5117 5116
f 5117 5125 5126
f 5127 5120 5117
f 5120 5113 5117
f 5126 5128 5117
f 5123 5124 5116
f 5129 5130 5131
f 5132 5133 5134
f 5135 5131 5132
f 5133 5136 5137
f 5138 5139 5136
f 5140 5141 5142
f 5142 5139 5138
f 5129 5131 5135
f 5143 5134 5133
f 5135 5132 5134
f 5142 5144 5139
f 5137 5136 5139
f 5133 5137 5143
f 5144 5142 5141
f 5140 5145 5141
f 5130 5129 5146
f 5147 5148 5149
f 5150 5145 5151
f 5151 5148 5152
f 5153 5154 5155
f 5155 5146 5156
f 5147 5149 5157
f 5157 5154 5158
f 5150 5151 5152
f 5159 5145 5150
f 5152 5148 5147
f 5157 5158 5147
f 5153 5160 5154
f 5160 5158 5154
f 5155 5156 5153
f 5146 5129 5156
f 5145 5159 5141
usemtl Diffuse_3
f 95 96 97
f 97 96 98
f 99 97 100
f 97 99 95
f 101 102 103
f 101 103 104
f 101 105 106
f 105 101 104
f 302 303 304
f 305 306 307
f 308 307 303
f 309 310 311
f 312 313 314
f 315 314 310
f 316 311 306
f 304 317 302
f 305 307 308
f 308 303 302
f 316 306 305
f 315 310 309
f 316 309 311
f 315 312 314
f 312 318 313
f 319 317 304
f 320 321 322
f 323 324 325
f 326 325 321
f 327 328 329
f 330 331 332
f 333 332 328
f 334 329 324
f 320 322 318
f 323 325 326
f 320 326 321
f 331 330 319
f 327 329 334
f 333 328 327
f 324 323 334
f 330 332 333
f 319 304 331
f 313 318 322
f 335 336 337
f 338 335 337
f 339 340 341
f 339 342 340
f 340 342 343
f 337 344 345
f 337 336 344
f 345 346 337
f 344 347 345
f 347 348 349
f 348 350 349
f 350 348 351
f 350 351 352
f 347 349 345
f 341 340 353
f 341 354 355
f 356 355 354
f 354 357 356
f 358 357 359
f 357 358 356
f 360 359 361
f 359 360 358
f 362 363 364
f 363 362 365
f 352 364 363
f 352 351 364
f 366 361 367
f 361 366 360
f 368 367 365
f 365 367 361
f 368 365 362
f 339 341 355
f 563 564 565
f 566 567 568
f 569 568 564
f 570 571 572
f 573 574 575
f 576 575 571
f 577 572 567
f 565 578 563
f 568 569 566
f 569 564 563
f 572 577 570
f 575 576 573
f 576 571 570
f 577 567 566
f 573 579 574
f 580 578 565
f 581 582 583
f 584 585 586
f 587 586 582
f 588 589 590
f 591 592 593
f 594 593 589
f 595 590 585
f 579 581 583
f 587 584 586
f 587 582 581
f 590 595 588
f 593 594 591
f 592 591 580
f 594 589 588
f 595 585 584
f 580 565 592
f 574 579 583
f 596 597 598
f 597 596 599
f 598 600 601
f 600 598 597
f 602 603 604
f 603 602 605
f 604 599 602
f 602 599 596
f 601 606 607
f 606 601 600
f 607 608 609
f 608 607 606
f 609 610 611
f 610 609 608
f 611 612 613
f 612 611 610
f 605 614 615
f 616 615 617
f 615 616 605
f 618 617 615
f 619 620 621
f 622 623 624
f 624 613 622
f 623 625 624
f 613 612 622
f 626 621 627
f 621 626 619
f 621 625 627
f 625 621 628
f 627 625 623
f 616 603 605
f 827 828 829
f 830 831 832
f 833 832 828
f 834 835 836
f 837 838 839
f 840 839 835
f 841 836 831
f 829 842 827
f 832 833 830
f 833 828 827
f 836 841 834
f 839 840 837
f 840 835 834
f 841 831 830
f 837 843 838
f 844 842 829
f 845 846 847
f 848 849 850
f 851 850 846
f 852 853 854
f 855 856 857
f 858 857 853
f 859 854 849
f 847 843 845
f 850 851 848
f 851 846 845
f 854 859 852
f 857 858 855
f 856 855 844
f 858 853 852
f 859 849 848
f 844 829 856
f 838 843 847
f 860 861 862
f 861 860 863
f 862 864 865
f 864 862 861
f 866 867 868
f 869 863 866
f 868 869 866
f 866 863 860
f 870 871 872
f 865 871 862
f 873 870 874
f 871 865 872
f 875 874 870
f 874 876 877
f 876 874 875
f 875 870 872
f 868 867 878
f 878 879 880
f 879 878 867
f 881 882 880
f 880 879 881
f 881 883 882
f 883 881 884
f 885 884 886
f 884 885 883
f 887 885 886
f 888 889 890
f 891 892 888
f 888 892 889
f 889 893 890
f 887 886 894
f 886 895 894
f 886 890 895
f 890 896 888
f 895 890 893
f 1397 1398 1399
f 1399 1400 1401
f 1397 1402 1398
f 1403 1404 1405
f 1406 1407 1400
f 1408 1409 1406
f 1410 1411 1402
f 1408 1412 1413
f 1414 1412 1404
f 1415 1405 1416
f 1417 1418 1419
f 1420 1421 1422
f 1423 1417 1424
f 1421 1419 1425
f 1416 1420 1426
f 1427 1428 1429
f 1430 1431 1432
f 1433 1434 1435
f 1434 1436 1432
f 1437 1431 1438
f 1439 1440 1441
f 1442 1443 1441
f 1428 1443 1442
f 1440 1444 1424
f 1437 1445 1446
f 1447 1448 1449
f 1450 1449 1451
f 1452 1453 1454
f 1435 1452 1455
f 1429 1448 1456
f 1446 1457 1451
f 1410 1402 1397
f 1400 1407 1401
f 1406 1409 1407
f 1399 1401 1397
f 1420 1422 1426
f 1426 1415 1416
f 1422 1421 1425
f 1418 1425 1419
f 1417 1423 1418
f 1414 1413 1412
f 1458 1409 1408
f 1403 1414 1404
f 1458 1408 1413
f 1405 1415 1403
f 1410 1459 1411
f 1441 1443 1439
f 1429 1456 1427
f 1428 1427 1443
f 1444 1423 1424
f 1449 1450 1447
f 1432 1436 1430
f 1455 1433 1435
f 1436 1434 1433
f 1437 1438 1445
f 1451 1457 1450
f 1456 1448 1447
f 1460 1446 1445
f 1431 1430 1438
f 1457 1446 1460
f 1455 1452 1454
f 1440 1439 1444
f 1453 1461 1454
f 1411 1459 1462
f 1463 1464 1465
f 1466 1467 1468
f 1469 1464 1463
f 1470 1471 1472
f 1473 1474 1471
f 1475 1465 1466
f 1476 1477 1478
f 1479 1480 1481
f 1482 1478 1480
f 1483 1484 1469
f 1485 1486 1487
f 1467 1474 1468
f 1470 1472 1486
f 1488 1481 1484
f 1487 1489 1490
f 1491 1492 1493
f 1494 1495 1496
f 1495 1497 1493
f 1498 1499 1500
f 1501 1496 1502
f 1503 1504 1505
f 1505 1506 1507
f 1508 1509 1510
f 1511 1503 1500
f 1502 1507 1512
f 1513 1514 1515
f 1516 1517 1515
f 1509 1514 1518
f 1462 1517 1516
f 1490 1489 1492
f 1498 1508 1499
f 1475 1519 1465
f 1469 1463 1483
f 1519 1463 1465
f 1476 1461 1477
f 1466 1468 1475
f 1485 1520 1486
f 1485 1487 1490
f 1521 1473 1471
f 1473 1468 1474
f 1470 1521 1471
f 1520 1470 1486
f 1476 1478 1482
f 1479 1481 1488
f 1480 1479 1482
f 1484 1483 1488
f 1493 1497 1491
f 1522 1492 1491
f 1522 1490 1492
f 1502 1512 1501
f 1505 1504 1506
f 1501 1494 1496
f 1494 1497 1495
f 1504 1503 1511
f 1510 1499 1508
f 1500 1499 1511
f 1518 1514 1513
f 1523 1515 1517
f 1515 1523 1513
f 1518 1510 1509
f 1507 1506 1512
f 1524 1517 1462
f 1462 1459 1524
f 1477 1461 1453
f 1525 1526 1527
f 1528 1527 1529
f 1530 1531 1532
f 1530 1533 1534
f 1535 1536 1537
f 1538 1539 1540
f 1541 1535 1542
f 1540 1539 1537
f 1543 1544 1545
f 1546 1547 1545
f 1548 1526 1549
f 1532 1550 1546
f 1551 1529 1544
f 1548 1552 1542
f 1553 1533 1554
f 1555 1556 1557
f 1557 1558 1559
f 1554 1560 1561
f 1562 1563 1560
f 1564 1565 1566
f 1567 1568 1564
f 1566 1569 1558
f 1556 1555 1562
f 1570 1571 1572
f 1573 1574 1570
f 1575 1576 1577
f 1578 1579 1577
f 1579 1580 1573
f 1581 1582 1572
f 1582 1583 1567
f 1584 1575 1585
f 1549 1552 1548
f 1528 1529 1551
f 1540 1537 1536
f 1528 1525 1527
f 1543 1545 1547
f 1546 1550 1547
f 1550 1532 1531
f 1534 1531 1530
f 1551 1544 1543
f 1533 1553 1534
f 1552 1541 1542
f 1536 1535 1541
f 1586 1549 1526
f 1525 1586 1526
f 1540 1587 1538
f 1559 1555 1557
f 1561 1560 1563
f 1555 1563 1562
f 1564 1568 1565
f 1565 1569 1566
f 1583 1568 1567
f 1588 1583 1582
f 1574 1571 1570
f 1581 1572 1571
f 1580 1574 1573
f 1584 1576 1575
f 1579 1578 1580
f 1588 1582 1581
f 1576 1578 1577
f 1561 1553 1554
f 1559 1558 1569
f 1585 1589 1584
f 1538 1587 1590
f 1591 1592 1593
f 1594 1595 1596
f 1592 1596 1597
f 1598 1599 1600
f 1600 1599 1601
f 1594 1602 1603
f 1601 1603 1602
f 1604 1605 1606
f 1607 1608 1609
f 1604 1606 1608
f 1610 1611 1612
f 1613 1614 1615
f 1609 1611 1616
f 1617 1598 1605
f 1614 1618 1612
f 1619 1620 1621
f 1622 1623 1624
f 1625 1626 1627
f 1628 1629 1630
f 1631 1632 1633
f 1626 1634 1620
f 1619 1635 1623
f 1636 1633 1637
f 1632 1638 1627
f 1639 1640 1641
f 1628 1642 1629
f 1643 1644 1630
f 1645 1639 1644
f 1640 1637 1641
f 1590 1642 1646
f 1613 1615 1622
f 1593 1592 1597
f 1595 1594 1603
f 1596 1595 1597
f 1617 1647 1598
f 1617 1605 1604
f 1599 1598 1647
f 1648 1603 1601
f 1601 1599 1648
f 1609 1649 1607
f 1618 1610 1612
f 1616 1611 1610
f 1649 1609 1616
f 1604 1608 1607
f 1613 1618 1614
f 1593 1589 1591
f 1634 1621 1620
f 1625 1634 1626
f 1622 1624 1650
f 1623 1635 1624
f 1633 1636 1631
f 1645 1644 1643
f 1651 1630 1629
f 1630 1651 1643
f 1627 1638 1625
f 1629 1642 1652
f 1635 1619 1621
f 1636 1637 1640
f 1639 1645 1640
f 1638 1632 1631
f 1650 1613 1622
f 1590 1652 1642
f 1646 1538 1590
f 1591 1589 1585
f 1653 1654 1655
f 1656 1657 1653
f 1658 1659 1660
f 1654 1661 1662
f 1660 1663 1664
f 1664 1665 1661
f 1658 1666 1667
f 1668 1669 1670
f 1671 1672 1670
f 1673 1674 1675
f 1676 1677 1678
f 1679 1671 1677
f 1674 1680 1681
f 1680 1666 1681
f 1682 1675 1669
f 1665 1662 1661
f 1683 1663 1660
f 1659 1658 1667
f 1660 1659 1683
f 1665 1664 1663
f 1655 1654 1662
f 1655 1656 1653
f 1680 1667 1666
f 1670 1684 1668
f 1676 1679 1677
f 1679 1672 1671
f 1684 1670 1672
f 1669 1668 1682
f 1674 1673 1680
f 1675 1682 1673
f 1678 1685 1676
f 1657 1656 1686
f 1685 1687 1688
f 1689 1690 1691
f 1692 1693 1691
f 1692 1694 1693
f 1690 1688 1687
f 1694 1695 1696
f 1697 1698 1695
f 1699 1700 1701
f 1702 1703 1704
f 1705 1701 1703
f 1706 1707 1708
f 1707 1709 1710
f 1686 1709 1711
f 1712 1697 1700
f 1702 1704 1706
f 1688 1690 1713
f 1713 1690 1689
f 1691 1693 1689
f 1696 1695 1698
f 1693 1694 1696
f 1714 1698 1697
f 1688 1715 1685
f 1712 1700 1699
f 1705 1699 1701
f 1697 1712 1714
f 1716 1702 1706
f 1710 1708 1707
f 1706 1708 1716
f 1686 1710 1709
f 1705 1703 1702
f 1711 1657 1686
f 1685 1715 1676
f 1717 1718 1719
f 1720 1721 1722
f 1723 1718 1721
f 1724 1725 1726
f 1724 1727 1728
f 1726 1725 1722
f 1727 1729 1730
f 1729 1731 1732
f 1733 1734 1735
f 1736 1737 1738
f 1737 1739 1740
f 1741 1742 1743
f 1738 1741 1744
f 1745 1735 1740
f 1732 1731 1734
f 1746 1719 1718
f 1721 1720 1723
f 1718 1723 1746
f 1722 1725 1720
f 1747 1725 1724
f 1747 1724 1728
f 1730 1728 1727
f 1732 1730 1729
f 1738 1748 1736
f 1736 1739 1737
f 1734 1733 1732
f 1735 1745 1733
f 1740 1739 1745
f 1744 1748 1738
f 1743 1744 1741
f 1742 1749 1743
f 1717 1719 1750
f 1751 1752 1753
f 1754 1755 1756
f 1754 1757 1755
f 1758 1759 1760
f 1756 1759 1761
f 1762 1763 1760
f 1751 1753 1757
f 1764 1765 1766
f 1767 1768 1769
f 1769 1770 1767
f 1765 1768 1771
f 1772 1770 1773
f 1774 1775 1773
f 1762 1764 1776
f 1750 1777 1774
f 1749 1752 1751
f 1757 1754 1778
f 1756 1761 1754
f 1757 1778 1751
f 1779 1760 1763
f 1759 1758 1761
f 1779 1758 1760
f 1766 1776 1764
f 1767 1771 1768
f 1766 1765 1771
f 1780 1767 1770
f 1777 1775 1774
f 1772 1773 1775
f 1770 1772 1780
f 1776 1763 1762
f 1750 1719 1777
f 1752 1749 1742
f 1781 1782 1783
f 1784 1785 1786
f 1781 1787 1785
f 1788 1789 1790
f 1791 1792 1793
f 1790 1789 1784
f 1793 1788 1794
f 1781 1783 1787
f 1786 1785 1795
f 1795 1785 1787
f 1794 1788 1790
f 1796 1793 1794
f 1790 1784 1786
f 1791 1793 1796
f 1791 1797 1792
f 1798 1783 1782
f 1797 1799 1800
f 1801 1802 1803
f 1804 1801 1799
f 1805 1806 1807
f 1808 1807 1806
f 1809 1810 1803
f 1810 1811 1808
f 1802 1801 1812
f 1804 1799 1797
f 1804 1812 1801
f 1808 1811 1807
f 1798 1805 1807
f 1802 1809 1803
f 1809 1811 1810
f 1798 1782 1805
f 1792 1797 1800
f 1813 1814 1815
f 1816 1817 1818
f 1817 1813 1819
f 1820 1821 1822
f 1823 1824 1825
f 1826 1821 1816
f 1820 1827 1825
f 1813 1815 1819
f 1817 1828 1818
f 1828 1817 1819
f 1821 1826 1822
f 1820 1822 1827
f 1827 1823 1825
f 1826 1816 1818
f 1823 1829 1824
f 1830 1815 1814
f 1831 1832 1833
f 1834 1835 1832
f 1836 1833 1837
f 1838 1835 1839
f 1840 1841 1842
f 1841 1838 1842
f 1843 1840 1844
f 1836 1831 1833
f 1834 1832 1831
f 1837 1829 1836
f 1838 1839 1842
f 1843 1844 1830
f 1844 1840 1842
f 1839 1835 1834
f 1830 1814 1843
f 1824 1829 1837
f 1845 1846 1847
f 1848 1849 1845
f 1849 1850 1851
f 1852 1853 1854
f 1855 1856 1857
f 1858 1857 1853
f 1859 1854 1851
f 1845 1847 1848
f 1860 1851 1850
f 1850 1849 1848
f 1859 1851 1860
f 1858 1853 1852
f 1859 1852 1854
f 1858 1855 1857
f 1855 1861 1856
f 1862 1847 1846
f 1863 1864 1865
f 1866 1867 1868
f 1869 1868 1864
f 1870 1871 1872
f 1873 1872 1874
f 1870 1875 1871
f 1876 1874 1867
f 1869 1864 1863
f 1869 1866 1868
f 1865 1861 1863
f 1875 1870 1862
f 1873 1874 1876
f 1867 1866 1876
f 1873 1870 1872
f 1862 1846 1875
f 1856 1861 1865
f 1877 1878 1879
f 1880 1881 1882
f 1883 1882 1878
f 1884 1885 1886
f 1887 1888 1889
f 1890 1889 1885
f 1884 1886 1881
f 1879 1891 1877
f 1882 1883 1880
f 1883 1878 1877
f 1885 1884 1890
f 1888 1887 1892
f 1887 1889 1890
f 1884 1881 1880
f 1892 1893 1888
f 1894 1891 1879
f 1895 1896 1893
f 1897 1898 1899
f 1900 1899 1896
f 1901 1902 1903
f 1904 1894 1905
f 1906 1905 1902
f 1907 1903 1898
f 1896 1895 1900
f 1898 1897 1907
f 1897 1899 1900
f 1903 1908 1901
f 1905 1906 1904
f 1906 1902 1901
f 1908 1903 1907
f 1904 1891 1894
f 1892 1895 1893
f 2101 2102 2103
f 2102 2101 2104
f 2105 2104 2101
f 2105 2101 2106
f 2107 2108 2109
f 2110 2107 2111
f 2107 2109 2111
f 2109 2108 2112
f 2108 2113 2112
f 2110 2111 2114
f 2115 2116 2114
f 2116 2117 2118
f 2117 2116 2115
f 2114 2111 2115
f 2119 2120 2121
f 2122 2119 2123
f 2122 2123 2124
f 2123 2119 2121
f 2120 2125 2121
f 2126 2127 2128
f 2129 2126 2128
f 2125 2129 2128
f 2130 2128 2127
f 2131 2130 2127
f 2129 2125 2120
f 2132 2133 2134
f 2133 2135 2134
f 2132 2136 2137
f 2136 2132 2134
f 2135 2138 2134
f 2139 2140 2141
f 2142 2141 2143
f 2138 2140 2139
f 2142 2139 2141
f 2144 2142 2143
f 2140 2138 2135
f 2145 2146 2147
f 2146 2148 2149
f 2145 2147 2150
f 2147 2146 2149
f 2148 2151 2149
f 2152 2153 2154
f 2152 2154 2155
f 2151 2153 2152
f 2156 2152 2155
f 2157 2156 2155
f 2153 2151 2148
f 2158 2159 2160
f 2160 2159 2161
f 2158 2162 2163
f 2162 2158 2160
f 2159 2164 2161
f 2165 2166 2167
f 2168 2167 2169
f 2165 2161 2166
f 2168 2165 2167
f 2166 2161 2164
f 2170 2171 2172
f 2171 2173 2172
f 2170 2174 2175
f 2174 2170 2172
f 2173 2176 2172
f 2177 2178 2179
f 2180 2177 2181
f 2176 2180 2181
f 2179 2181 2177
f 2182 2179 2178
f 2180 2176 2173
f 2183 2184 2185
f 2186 2184 2187
f 2188 2189 2190
f 2191 2192 2193
f 2194 2195 2196
f 2197 2193 2198
f 2195 2199 2198
f 2200 2201 2202
f 2202 2203 2204
f 2205 2206 2207
f 2204 2203 2188
f 2208 2196 2190
f 2185 2192 2209
f 2207 2210 2211
f 2212 2200 2206
f 2213 2210 2214
f 2215 2216 2217
f 2218 2219 2216
f 2220 2217 2221
f 2222 2223 2224
f 2225 2223 2226
f 2224 2227 2228
f 2229 2230 2231
f 2231 2230 2227
f 2232 2233 2234
f 2234 2235 2236
f 2229 2233 2237
f 2238 2239 2235
f 2240 2241 2238
f 2219 2218 2214
f 2242 2221 2225
f 2187 2184 2183
f 2208 2194 2196
f 2208 2190 2189
f 2194 2243 2195
f 2201 2244 2202
f 2211 2205 2207
f 2244 2203 2202
f 2212 2201 2200
f 2189 2188 2203
f 2183 2185 2209
f 2191 2193 2197
f 2192 2191 2209
f 2199 2195 2243
f 2212 2206 2205
f 2198 2199 2197
f 2218 2213 2214
f 2226 2242 2225
f 2242 2220 2221
f 2218 2216 2215
f 2228 2222 2224
f 2245 2228 2227
f 2227 2230 2245
f 2226 2223 2222
f 2220 2215 2217
f 2233 2246 2237
f 2246 2233 2232
f 2236 2232 2234
f 2230 2229 2237
f 2239 2236 2235
f 2238 2241 2239
f 2211 2210 2213
f 2240 2247 2241
f 2186 2187 2248
f 2249 2250 2251
f 2252 2253 2254
f 2255 2256 2249
f 2257 2258 2259
f 2260 2261 2251
f 2262 2263 2264
f 2259 2265 2255
f 2257 2263 2266
f 2267 2268 2269
f 2269 2268 2270
f 2267 2271 2272
f 2264 2270 2273
f 2253 2261 2254
f 2274 2275 2276
f 2277 2271 2274
f 2278 2279 2280
f 2281 2275 2279
f 2282 2283 2284
f 2285 2286 2287
f 2288 2289 2283
f 2284 2287 2290
f 2291 2292 2293
f 2285 2292 2294
f 2295 2296 2297
f 2298 2299 2300
f 2301 2302 2300
f 2303 2297 2302
f 2291 2293 2296
f 2304 2305 2306
f 2289 2278 2280
f 2307 2298 2306
f 2261 2260 2254
f 2260 2251 2250
f 2254 2247 2252
f 2265 2259 2258
f 2263 2262 2266
f 2281 2276 2275
f 2256 2250 2249
f 2255 2265 2256
f 2266 2258 2257
f 2264 2273 2262
f 2268 2267 2272
f 2277 2274 2276
f 2271 2277 2272
f 2308 2270 2268
f 2273 2270 2308
f 2301 2303 2302
f 2295 2291 2296
f 2290 2287 2286
f 2289 2288 2309
f 2299 2298 2307
f 2307 2306 2305
f 2304 2248 2305
f 2301 2300 2299
f 2310 2279 2278
f 2289 2309 2278
f 2282 2284 2290
f 2294 2292 2291
f 2285 2294 2286
f 2288 2283 2282
f 2310 2281 2279
f 2297 2303 2295
f 2304 2186 2248
f 2252 2247 2240
f 2311 2312 2313
f 2314 2313 2312
f 2315 2316 2317
f 2318 2319 2320
f 2315 2317 2321
f 2320 2322 2323
f 2315 2323 2322
f 2319 2322 2320
f 2315 2322 2316
f 2320 2324 2318
f 2325 2326 2327
f 2328 2325 2327
f 2329 2328 2330
f 2331 2326 2324
f 2328 2327 2330
f 2329 2330 2332
f 2331 2327 2326
f 2318 2324 2326
f 2333 2334 2335
f 2335 2336 2333
f 2337 2338 2339
f 2339 2340 2341
f 2342 2340 2339
f 2339 2338 2342
f 2343 2344 2345
f 2344 2343 2346
f 2342 2338 2345
f 2345 2338 2343
f 2347 2341 2348
f 2349 2341 2340
f 2350 2351 2347
f 2348 2341 2349
f 2352 2351 2350
f 2353 2352 2354
f 2353 2351 2352
f 2350 2347 2348
f 2355 2346 2356
f 2357 2358 2359
f 2355 2360 2358
f 2356 2361 2360
f 2359 2358 2360
f 2360 2355 2356
f 2346 2343 2356
f 2357 2359 2362
f 2363 2354 2364
f 2354 2365 2353
f 2363 2365 2354
f 2364 2366 2367
f 2368 2367 2366
f 2368 2362 2359
f 2363 2364 2367
f 2366 2362 2368
f 2369 2370 2371
f 2369 2371 2372
f 2371 2370 2373
f 2374 2375 2376
f 2377 2374 2376
f 2378 2375 2374
f 2379 2380 2381
f 2380 2379 2382
f 2383 2384 2385
f 2386 2384 2382
f 2387 2383 2388
f 2389 2382 2379
f 2386 2382 2389
f 2383 2390 2388
f 2385 2384 2391
f 2384 2386 2391
f 2385 2390 2383
f 2388 2392 2387
f 2393 2394 2395
f 2394 2393 2396
f 2397 2393 2395
f 2398 2399 2400
f 2399 2394 2401
f 2398 2400 2402
f 2403 2387 2392
f 2395 2403 2397
f 2394 2396 2401
f 2399 2404 2400
f 2404 2399 2401
f 2395 2387 2403
f 2405 2406 2407
f 2408 2409 2407
f 2405 2407 2409
f 2410 2411 2412
f 2413 2410 2412
f 2414 2411 2410
f 2415 2416 2417
f 2418 2417 2416
f 2419 2420 2421
f 2422 2419 2423
f 2421 2420 2424
f 2423 2425 2422
f 2419 2421 2423
f 2426 2425 2427
f 2426 2422 2425
f 2427 2428 2426
f 2429 2430 2431
f 2432 2433 2429
f 2433 2432 2415
f 2434 2428 2427
f 2429 2431 2432
f 2415 2432 2416
f 2431 2430 2434
f 2430 2428 2434
f 2435 2436 2424
f 2424 2420 2435
f 2437 2438 2439
f 2440 2439 2438
f 2441 2442 2443
f 2444 2445 2446
f 2447 2444 2448
f 2445 2441 2449
f 2441 2443 2449
f 2445 2449 2450
f 2444 2446 2448
f 2450 2446 2445
f 2448 2451 2447
f 2452 2443 2442
f 2438 2437 2453
f 2454 2452 2455
f 2455 2456 2457
f 2453 2451 2438
f 2457 2458 2455
f 2454 2455 2458
f 2454 2443 2452
f 2447 2451 2453
f 2459 2460 2457
f 2457 2456 2459
f 2461 2462 2463
f 2464 2463 2462
f 2465 2466 2467
f 2461 2468 2462
f 2468 2465 2469
f 2467 2466 2470
f 2465 2467 2469
f 2468 2469 2462
f 2471 2472 2473
f 2474 2470 2466
f 2472 2475 2476
f 2474 2477 2478
f 2479 2480 2475
f 2478 2480 2481
f 2479 2475 2472
f 2481 2482 2478
f 2474 2478 2482
f 2479 2481 2480
f 2474 2466 2477
f 2473 2472 2476
f 2483 2484 2471
f 2471 2473 2483
f 2485 2486 2487
f 2488 2486 2485
f 2485 2489 2490
f 2491 2490 2489
f 2488 2485 2490
f 2489 2492 2491
f 2486 2488 2493
f 2493 2494 2495
f 2496 2497 2495
f 2495 2494 2496
f 2493 2495 2486
f 2497 2498 2499
f 2500 2497 2499
f 2498 2497 2501
f 2497 2496 2501
f 2491 2492 2502
f 2502 2503 2504
f 2503 2502 2492
f 2505 2506 2504
f 2504 2503 2505
f 2507 2508 2506
f 2508 2509 2510
f 2509 2508 2507
f 2507 2506 2505
f 2511 2512 2513
f 2498 2514 2515
f 2511 2515 2514
f 2510 2516 2517
f 2516 2510 2509
f 2513 2515 2511
f 2512 2517 2513
f 2512 2510 2517
f 2498 2515 2499
f 2518 2519 2520
f 2520 2521 2518
f 2522 2523 2524
f 2525 2523 2526
f 2522 2524 2527
f 2525 2526 2528
f 2522 2526 2523
f 2528 2529 2525
f 2530 2531 2532
f 2533 2529 2534
f 2534 2535 2533
f 2536 2535 2534
f 2537 2530 2538
f 2539 2538 2530
f 2536 2537 2538
f 2536 2538 2535
f 2530 2532 2539
f 2528 2534 2529
f 2540 2541 2542
f 2542 2543 2540
f 2544 2545 2546
f 2547 2546 2545
f 2548 2549 2550
f 2551 2552 2553
f 2554 2553 2549
f 2550 2555 2548
f 2549 2548 2554
f 2551 2553 2554
f 2551 2556 2552
f 2556 2557 2552
f 2558 2559 2560
f 2544 2559 2558
f 2561 2556 2562
f 2563 2561 2562
f 2560 2561 2563
f 2558 2560 2563
f 2558 2545 2544
f 2557 2556 2561
f 2564 2565 2555
f 2555 2550 2564
f 2566 2567 2568
f 2569 2566 2570
f 2566 2569 2567
f 2567 2571 2568
f 2572 2573 2574
f 2573 2572 2575
f 2568 2571 2574
f 2574 2571 2572
f 2576 2577 2578
f 2570 2577 2569
f 2579 2580 2576
f 2578 2577 2570
f 2578 2579 2576
f 2581 2582 2580
f 2579 2581 2580
f 2580 2582 2583
f 2584 2585 2586
f 2587 2588 2584
f 2586 2585 2575
f 2589 2587 2590
f 2589 2588 2587
f 2587 2584 2586
f 2588 2589 2591
f 2582 2592 2583
f 2592 2593 2583
f 2592 2594 2595
f 2582 2594 2592
f 2596 2591 2597
f 2592 2595 2597
f 2591 2589 2597
f 2597 2595 2596
f 2585 2573 2575
f 2598 2599 2600
f 2598 2600 2601
f 2600 2599 2602
f 2603 2604 2605
f 2606 2603 2605
f 2607 2604 2603
f 2608 2605 2604
f 2605 2608 2609
f 2610 2609 2611
f 2612 2610 2613
f 2614 2612 2615
f 2608 2616 2609
f 2616 2611 2609
f 2617 2613 2610
f 2610 2611 2617
f 2615 2612 2618
f 2618 2612 2613
f 2615 2619 2614
f 2620 2621 2622
f 2622 2623 2624
f 2625 2626 2627
f 2624 2627 2626
f 2624 2628 2627
f 2629 2614 2619
f 2630 2620 2629
f 2622 2621 2631
f 2624 2623 2628
f 2623 2622 2631
f 2630 2621 2620
f 2620 2614 2629
f 2632 2633 2634
f 2635 2633 2632
f 2626 2625 2632
f 2634 2626 2632
f 2636 2637 2638
f 2639 2636 2638
f 2640 2637 2636
f 2641 2642 2643
f 2641 2643 2644
f 2643 2642 2645
f 2646 2647 2648
f 2649 2647 2646
f 2649 2650 2647
f 2651 2647 2650
f 2646 2652 2653
f 2653 2654 2655
f 2656 2657 2658
f 2659 2657 2656
f 2660 2658 2655
f 2661 2656 2658
f 2646 2648 2652
f 2653 2652 2662
f 2655 2654 2663
f 2658 2660 2661
f 2660 2655 2663
f 2654 2653 2662
f 2664 2665 2666
f 2667 2664 2668
f 2668 2664 2669
f 2670 2671 2667
f 2672 2671 2670
f 2673 2667 2668
f 2670 2667 2673
f 2674 2657 2659
f 2675 2665 2674
f 2669 2664 2666
f 2666 2665 2675
f 2665 2657 2674
f 2672 2676 2677
f 2678 2671 2677
f 2672 2677 2671
f 2679 2680 2681
f 2682 2679 2681
f 2683 2680 2679
f 2684 2685 2686
f 2684 2686 2687
f 2686 2685 2688
f 2689 2690 2691
f 2692 2689 2691
f 2693 2690 2689
f 2694 2695 2696
f 2697 2698 2699
f 2700 2698 2697
f 2701 2699 2694
f 2702 2697 2699
f 2703 2696 2695
f 2694 2696 2704
f 2699 2701 2702
f 2694 2704 2701
f 2700 2705 2698
f 2706 2707 2708
f 2709 2710 2705
f 2698 2705 2710
f 2710 2709 2711
f 2712 2713 2714
f 2713 2710 2711
f 2715 2712 2716
f 2713 2711 2717
f 2714 2713 2717
f 2718 2716 2712
f 2718 2712 2714
f 2706 2715 2719
f 2715 2716 2719
f 2706 2708 2715
f 2720 2721 2722
f 2723 2724 2722
f 2720 2722 2724
f 2725 2726 2727
f 2728 2725 2727
f 2729 2726 2725
f 2730 2731 2732
f 2730 2732 2733
f 2732 2731 2734
f 2735 2736 2737
f 2738 2735 2737
f 2739 2736 2735
f 2740 2741 2742
f 2741 2740 2743
f 2744 2740 2742
f 2745 2746 2747
f 2736 2748 2737
f 2749 2747 2741
f 2743 2749 2741
f 2746 2745 2750
f 2745 2747 2751
f 2747 2749 2751
f 2748 2752 2737
f 2753 2744 2742
f 2754 2755 2756
f 2752 2756 2755
f 2757 2756 2752
f 2758 2755 2754
f 2759 2760 2761
f 2760 2755 2758
f 2753 2759 2762
f 2763 2760 2758
f 2764 2759 2761
f 2753 2762 2765
f 2763 2761 2760
f 2759 2764 2762
f 2765 2744 2753
f 2748 2757 2752
f 2766 2767 2768
f 2769 2767 2766
f 2746 2750 2766
f 2768 2746 2766
f 2770 2771 2772
f 2773 2770 2772
f 2774 2771 2770
f 2775 2776 2777
f 2775 2777 2778
f 2777 2776 2779
f 2780 2781 2782
f 2783 2781 2780
f 2783 2784 2781
f 2785 2781 2784
f 2786 2787 2788
f 2789 2787 2786
f 2790 2786 2788
f 2791 2792 2789
f 2793 2794 2795
f 2796 2794 2792
f 2787 2789 2792
f 2796 2792 2791
f 2797 2794 2796
f 2793 2795 2798
f 2798 2799 2793
f 2794 2797 2795
f 2799 2800 2793
f 2801 2790 2788
f 2802 2800 2803
f 2804 2802 2803
f 2805 2806 2807
f 2780 2808 2806
f 2805 2809 2806
f 2806 2808 2807
f 2800 2810 2803
f 2780 2782 2808
f 2809 2805 2811
f 2811 2801 2809
f 2801 2788 2809
f 2799 2810 2800
f 2804 2812 2813
f 2814 2802 2813
f 2804 2813 2802
f 2815 2816 2817
f 2818 2815 2817
f 2819 2816 2815
f 5161 5162 5163
f 5164 5165 5166
f 5165 5161 5167
f 5168 5169 5170
f 5169 5171 5172
f 5173 5164 5174
f 5175 5170 5173
f 5166 5174 5164
f 5165 5167 5166
f 5167 5161 5163
f 5168 5170 5175
f 5169 5168 5171
f 5172 5171 5176
f 5173 5174 5175
f 5176 5177 5172
f 5178 5163 5162
f 5179 5180 5181
f 5182 5183 5179
f 5180 5177 5184
f 5185 5186 5187
f 5183 5182 5188
f 5189 5178 5186
f 5188 5190 5187
f 5177 5191 5184
f 5182 5179 5181
f 5181 5180 5184
f 5190 5185 5187
f 5192 5190 5188
f 5188 5182 5192
f 5186 5185 5189
f 5189 5163 5178
f 5176 5191 5177
f 5241 5242 5243
f 5244 5245 5246
f 5247 5248 5249
f 5250 5251 5244
f 5252 5242 5251
f 5248 5241 5243
f 5253 5245 5254
f 5254 5255 5256
f 5257 5258 5259
f 5260 5261 5258
f 5262 5263 5264
f 5264 5265 5266
f 5259 5263 5267
f 5256 5255 5261
f 5268 5269 5265
f 5270 5249 5248
f 5242 5252 5243
f 5252 5251 5250
f 5270 5248 5243
f 5246 5245 5253
f 5244 5271 5250
f 5244 5246 5271
f 5261 5260 5256
f 5260 5258 5257
f 5263 5262 5267
f 5264 5266 5272
f 5257 5259 5267
f 5264 5272 5262
f 5266 5265 5269
f 5254 5256 5253
f 5268 5273 5269
f 5247 5249 5274
f 5275 5276 5277
f 5278 5279 5280
f 5280 5281 5278
f 5279 5282 5283
f 5284 5285 5286
f 5287 5281 5285
f 5275 5277 5283
f 5288 5289 5290
f 5291 5292 5293
f 5294 5290 5292
f 5293 5295 5291
f 5296 5297 5298
f 5299 5297 5274
f 5286 5289 5300
f 5296 5301 5295
f 5275 5273 5276
f 5278 5282 5279
f 5283 5282 5302
f 5283 5302 5275
f 5284 5303 5285
f 5278 5281 5287
f 5285 5303 5287
f 5288 5300 5289
f 5291 5294 5292
f 5288 5290 5294
f 5301 5291 5295
f 5298 5297 5299
f 5296 5298 5301
f 5274 5304 5299
f 5300 5284 5286
f 5274 5249 5304
f 5276 5273 5268
f 5369 5370 5371
f 5372 5373 5374
f 5375 5369 5371
f 5376 5377 5378
f 5379 5380 5370
f 5381 5374 5378
f 5373 5372 5379
f 5382 5383 5384
f 5385 5384 5386
f 5387 5388 5386
f 5389 5390 5387
f 5391 5392 5393
f 5394 5392 5395
f 5382 5376 5383
f 5396 5389 5391
f 5397 5375 5371
f 5371 5370 5380
f 5398 5380 5379
f 5379 5372 5398
f 5377 5381 5378
f 5372 5374 5399
f 5374 5381 5399
f 5382 5384 5385
f 5387 5390 5388
f 5385 5386 5388
f 5382 5377 5376
f 5400 5393 5392
f 5396 5391 5393
f 5394 5400 5392
f 5390 5389 5396
f 5395 5401 5394
f 5375 5397 5402
f 5403 5404 5405
f 5406 5403 5405
f 5407 5408 5409
f 5407 5409 5410
f 5411 5412 5410
f 5411 5413 5414
f 5415 5406 5408
f 5416 5417 5418
f 5419 5420 5418
f 5421 5413 5422
f 5423 5422 5417
f 5424 5425 5426
f 5427 5425 5424
f 5419 5427 5420
f 5402 5428 5426
f 5401 5404 5403
f 5412 5407 5410
f 5414 5412 5411
f 5406 5415 5403
f 5415 5408 5429
f 5408 5407 5429
f 5413 5430 5414
f 5423 5417 5416
f 5427 5424 5431
f 5422 5423 5421
f 5420 5427 5431
f 5432 5428 5402
f 5426 5428 5424
f 5430 5413 5421
f 5420 5416 5418
f 5402 5397 5432
f 5404 5401 5395
f 5433 5434 5435
f 5436 5437 5435
f 5433 5435 5437
f 5438 5439 5440
f 5439 5438 5441
f 5441 5438 5434
f 5434 5433 5441
f 5437 5436 5442
f 5443 5444 5445
f 5446 5447 5445
f 5443 5445 5447
f 5442 5448 5449
f 5448 5442 5436
f 5449 5448 5444
f 5444 5443 5449
f 5450 5440 5451
f 5451 5452 5450
f 5450 5452 5453
f 5454 5453 5455
f 5454 5456 5457
f 5455 5456 5454
f 5453 5452 5455
f 5451 5440 5439
f 5458 5457 5456
f 5457 5458 5459
f 5459 5458 5460
f 5460 5458 5461
f 5460 5461 5462
f 5463 5464 5462
f 5461 5463 5462
f 5463 5465 5464
f 5466 5447 5446
f 5467 5466 5468
f 5468 5469 5467
f 5466 5446 5468
f 5467 5469 5470
f 5471 5470 5472
f 5472 5473 5471
f 5473 5472 5474
f 5470 5469 5472
f 5475 5474 5476
f 5475 5476 5477
f 5477 5476 5478
f 5477 5478 5479
f 5480 5481 5482
f 5481 5480 5479
f 5478 5481 5479
f 5475 5473 5474
f 5483 5484 5485
f 5486 5484 5487
f 5484 5486 5485
f 5483 5485 5488
f 5465 5489 5490
f 5488 5490 5489
f 5489 5483 5488
f 5465 5490 5464
f 5491 5492 5493
f 5482 5493 5492
f 5491 5493 5494
f 5487 5495 5486
f 5487 5496 5495
f 5494 5495 5496
f 5496 5491 5494
f 5480 5482 5492
usemtl Diffuse_4
f 89 90 91
f 91 90 92
f 93 94 91
f 93 91 92
f 965 966 967
f 968 965 967
f 969 970 966
f 966 970 967
f 969 966 971
f 968 972 965
f 973 974 975
f 976 975 977
f 965 972 973
f 976 973 975
f 977 978 976
f 973 972 974
f 979 980 981
f 980 982 981
f 982 983 984
f 985 984 983
f 986 971 979
f 987 985 983
f 983 982 980
f 988 987 989
f 988 985 987
f 990 989 987
f 980 979 971
f 986 969 971
f 991 978 992
f 993 991 994
f 995 996 993
f 997 998 996
f 992 994 991
f 999 995 993
f 995 1000 996
f 1001 998 997
f 996 1000 997
f 993 994 999
f 998 1001 1002
f 1003 1004 1005
f 990 1004 1006
f 990 1006 1007
f 1006 1004 1003
f 1004 1008 1005
f 990 1007 989
f 1009 1002 1010
f 1002 1009 998
f 1009 1010 1011
f 1012 1005 1008
f 1008 1011 1012
f 1008 1009 1011
f 991 976 978
f 1013 1014 1015
f 1016 1017 1018
f 1019 1015 1017
f 1020 1021 1022
f 1023 1024 1025
f 1020 1022 1024
f 1026 1018 1021
f 1027 1028 1029
f 1030 1031 1032
f 1033 1029 1031
f 1034 1035 1036
f 1037 1038 1039
f 1035 1037 1039
f 1025 1028 1040
f 1034 1030 1032
f 1019 1013 1015
f 1026 1016 1018
f 1019 1017 1016
f 1020 1041 1021
f 1040 1023 1025
f 1020 1024 1023
f 1026 1021 1041
f 1027 1042 1028
f 1030 1033 1031
f 1027 1029 1033
f 1036 1043 1034
f 1044 1039 1038
f 1036 1035 1039
f 1030 1034 1043
f 1040 1028 1042
f 1038 1045 1044
f 1014 1013 1046
f 1047 1048 1049
f 1050 1051 1049
f 1052 1053 1054
f 1055 1048 1056
f 1053 1055 1057
f 1058 1050 1059
f 1045 1052 1060
f 1061 1059 1062
f 1063 1064 1065
f 1066 1062 1064
f 1067 1068 1069
f 1070 1071 1072
f 1070 1069 1071
f 1073 1065 1068
f 1074 1072 1075
f 1060 1076 1045
f 1057 1054 1053
f 1060 1052 1054
f 1047 1056 1048
f 1058 1051 1050
f 1047 1049 1051
f 1057 1055 1056
f 1066 1061 1062
f 1073 1063 1065
f 1066 1064 1063
f 1070 1067 1069
f 1046 1074 1075
f 1070 1072 1074
f 1073 1068 1067
f 1058 1059 1061
f 1075 1014 1046
f 1045 1076 1044
f 1077 1078 1079
f 1078 1077 1080
f 1077 1079 1081
f 1081 1082 1083
f 1082 1081 1079
f 1081 1083 1084
f 1085 1080 1086
f 1086 1080 1087
f 1080 1085 1078
f 1088 1086 1087
f 1089 1090 1088
f 1090 1091 1092
f 1084 1093 1094
f 1084 1083 1093
f 1084 1094 1095
f 1096 1097 1095
f 1098 1097 1099
f 1096 1095 1094
f 1100 1092 1101
f 1102 1100 1103
f 1104 1098 1099
f 1096 1099 1097
f 1105 1099 1106
f 1102 1107 1106
f 1089 1088 1087
f 1108 1109 1110
f 1108 1111 1112
f 1113 1091 1114
f 1113 1110 1115
f 1111 1116 1117
f 1118 1119 1120
f 1118 1121 1116
f 1120 1119 1122
f 1117 1112 1111
f 1121 1117 1116
f 1118 1116 1119
f 1108 1112 1109
f 1113 1123 1091
f 1090 1114 1091
f 1091 1101 1092
f 1103 1100 1124
f 1124 1100 1101
f 1114 1090 1089
f 1125 1126 1123
f 1125 1123 1115
f 1126 1127 1128
f 1127 1126 1125
f 1128 1127 1129
f 1115 1123 1113
f 1110 1109 1115
f 1102 1103 1107
f 1130 1131 1132
f 1133 1134 1131
f 1135 1136 1137
f 1130 1136 1135
f 1135 1137 1138
f 1133 1104 1134
f 1134 1132 1131
f 1105 1139 1134
f 1140 1141 1142
f 1141 1139 1143
f 1132 1136 1130
f 1105 1134 1104
f 1144 1138 1145
f 1138 1144 1135
f 1144 1145 1146
f 1147 1146 1148
f 1146 1147 1144
f 1147 1148 1149
f 1150 1151 1152
f 1153 1151 1150
f 1154 1153 1149
f 1154 1149 1148
f 1149 1153 1150
f 1151 1155 1152
f 1143 1139 1105
f 1142 1141 1143
f 1152 1155 1156
f 1140 1142 1157
f 1140 1157 1158
f 1155 1159 1160
f 1104 1099 1105
f 1155 1160 1156
f 1160 1159 1158
f 1161 1162 1163
f 1164 1163 1162
f 1160 1161 1165
f 1159 1140 1158
f 1163 1166 1161
f 1165 1166 1167
f 1168 1167 1169
f 1170 1171 1172
f 1168 1173 1170
f 1160 1165 1156
f 1169 1173 1168
f 1166 1169 1167
f 1174 1175 1172
f 1171 1174 1172
f 1173 1171 1170
f 1161 1166 1165
f 1172 1175 1176
f 1106 1107 1105
f 1177 1122 1178
f 1179 1177 1178
f 1180 1181 1182
f 1183 1180 1184
f 1179 1185 1181
f 1185 1182 1181
f 1180 1182 1184
f 1186 1187 1183
f 1183 1184 1186
f 1179 1178 1185
f 1122 1119 1178
f 1188 1186 1189
f 1190 1187 1129
f 1190 1183 1187
f 1191 1192 1188
f 1192 1193 1194
f 1187 1186 1188
f 1195 1194 1193
f 1191 1188 1196
f 1196 1189 1197
f 1198 1195 1199
f 1200 1201 1198
f 1201 1202 1203
f 1193 1192 1191
f 1188 1189 1196
f 1129 1127 1190
f 1204 1205 1206
f 1207 1206 1208
f 1204 1206 1207
f 1196 1197 1209
f 1204 1209 1205
f 1209 1197 1205
f 1208 1210 1211
f 1210 1208 1206
f 1211 1210 1212
f 1213 1212 1214
f 1212 1213 1211
f 1214 1212 1215
f 1193 1199 1195
f 1216 1217 1218
f 1216 1219 1201
f 1220 1221 1217
f 1216 1201 1200
f 1215 1221 1220
f 1215 1222 1214
f 1221 1218 1217
f 1219 1216 1223
f 1216 1218 1223
f 1215 1220 1222
f 1200 1198 1199
f 1224 1201 1219
f 1164 1225 1226
f 1225 1164 1162
f 1164 1226 1227
f 1228 1229 1227
f 1229 1230 1231
f 1228 1227 1226
f 1232 1233 1234
f 1235 1236 1233
f 1237 1228 1236
f 1236 1238 1239
f 1228 1237 1229
f 1234 1240 1232
f 1238 1241 1239
f 1242 1243 1244
f 1245 1242 1246
f 1247 1248 1176
f 1246 1176 1248
f 1247 1176 1175
f 1248 1245 1246
f 1249 1231 1230
f 1231 1249 1243
f 1242 1244 1246
f 1243 1249 1244
f 1229 1237 1230
f 1236 1239 1237
f 1203 1202 1250
f 1251 1224 1252
f 1232 1235 1233
f 1250 1232 1240
f 1240 1203 1250
f 1251 1252 1253
f 1251 1253 1254
f 1254 1255 1256
f 1255 1254 1253
f 1252 1224 1257
f 1202 1201 1224
f 1258 1256 1255
f 1259 1260 1261
f 1259 1261 1241
f 1260 1262 1261
f 1262 1260 1263
f 1262 1263 1264
f 1241 1238 1259
f 1265 1258 1266
f 1266 1258 1255
f 1265 1266 1267
f 1264 1267 1268
f 1268 1267 1266
f 1264 1268 1262
f 1238 1236 1235
f 1219 1257 1224
f 1269 1270 1271
f 1272 1273 1274
f 1270 1272 1275
f 1276 1277 1278
f 1279 1280 1281
f 1277 1279 1281
f 1273 1276 1282
f 1283 1284 1285
f 1286 1287 1288
f 1284 1286 1289
f 1290 1291 1292
f 1293 1294 1295
f 1291 1293 1296
f 1287 1290 1292
f 1280 1283 1297
f 1298 1299 1300
f 1301 1302 1303
f 1299 1301 1304
f 1305 1306 1307
f 1308 1309 1310
f 1306 1308 1311
f 1302 1305 1312
f 1313 1314 1315
f 1316 1317 1318
f 1314 1316 1319
f 1320 1321 1322
f 1323 1324 1325
f 1321 1323 1326
f 1317 1320 1318
f 1309 1313 1315
f 1294 1298 1327
f 1271 1270 1275
f 1274 1273 1282
f 1272 1274 1275
f 1283 1328 1297
f 1295 1296 1293
f 1281 1329 1277
f 1280 1297 1281
f 1292 1288 1287
f 1278 1282 1276
f 1328 1283 1285
f 1277 1329 1278
f 1289 1286 1288
f 1292 1291 1296
f 1285 1284 1289
f 1294 1327 1295
f 1299 1304 1300
f 1327 1298 1300
f 1303 1304 1301
f 1305 1330 1312
f 1310 1309 1315
f 1305 1307 1330
f 1310 1311 1308
f 1306 1311 1307
f 1303 1302 1312
f 1319 1316 1331
f 1318 1320 1322
f 1326 1323 1325
f 1321 1326 1322
f 1316 1318 1331
f 1324 1332 1325
f 1314 1319 1315
f 1324 1333 1332
f 1269 1271 1334
f 1335 1333 1336
f 1337 1338 1339
f 1340 1336 1338
f 1341 1342 1343
f 1344 1345 1346
f 1347 1343 1345
f 1348 1339 1342
f 1349 1350 1351
f 1351 1352 1353
f 1346 1354 1355
f 1356 1349 1357
f 1358 1359 1360
f 1358 1357 1359
f 1361 1362 1360
f 1353 1355 1354
f 1363 1364 1365
f 1366 1367 1368
f 1366 1365 1367
f 1369 1370 1371
f 1372 1371 1373
f 1374 1368 1370
f 1375 1376 1377
f 1378 1379 1380
f 1377 1380 1381
f 1376 1382 1383
f 1384 1378 1385
f 1386 1387 1388
f 1389 1385 1387
f 1334 1388 1390
f 1391 1361 1364
f 1372 1373 1383
f 1392 1333 1335
f 1340 1338 1337
f 1336 1340 1335
f 1358 1356 1357
f 1348 1342 1341
f 1352 1351 1393
f 1348 1337 1339
f 1347 1341 1343
f 1344 1347 1345
f 1352 1355 1353
f 1346 1355 1344
f 1350 1349 1356
f 1360 1394 1358
f 1351 1350 1393
f 1362 1394 1360
f 1364 1363 1391
f 1391 1362 1361
f 1366 1368 1395
f 1374 1395 1368
f 1369 1374 1370
f 1371 1372 1369
f 1372 1383 1396
f 1382 1396 1383
f 1377 1381 1375
f 1376 1375 1382
f 1379 1378 1384
f 1389 1387 1386
f 1385 1389 1384
f 1381 1380 1379
f 1388 1334 1386
f 1363 1365 1366
f 1390 1269 1334
f 1333 1392 1332
f 1974 1975 1976
f 1977 1976 1978
f 1979 1980 1981
f 1979 1978 1980
f 1982 1983 1984
f 1983 1985 1986
f 1987 1986 1988
f 1989 1990 1991
f 1991 1992 1993
f 1994 1995 1990
f 1984 1995 1994
f 1992 1996 1993
f 1996 1997 1998
f 1999 1981 1987
f 2000 2001 2002
f 2003 2004 2001
f 2005 2006 2007
f 2008 2009 2010
f 2011 2012 2009
f 2008 2010 2013
f 2014 2015 2013
f 2016 2017 2007
f 2006 2018 2019
f 2019 2018 2014
f 2020 2021 2022
f 2020 2023 2021
f 2024 2022 2025
f 1997 2004 2026
f 2012 2027 2002
f 1999 1987 1988
f 1983 1982 1985
f 1979 1981 1999
f 1990 1989 1994
f 1996 1998 1993
f 2026 2004 2003
f 1998 1997 2026
f 1986 1985 1988
f 1977 1974 1976
f 1977 1979 2028
f 1991 1993 1989
f 1994 2029 1982
f 1982 1984 1994
f 2030 1993 1998
f 1977 1978 1979
f 2027 2012 2011
f 2015 2008 2013
f 2006 2005 2018
f 2027 2000 2002
f 2016 2031 2017
f 2017 2005 2007
f 2032 2031 2033
f 2023 2032 2033
f 2003 2001 2000
f 2034 2011 2008
f 2015 2014 2018
f 2011 2009 2008
f 2035 2018 2005
f 2024 2036 2020
f 2023 2020 2032
f 2022 2024 2020
f 2016 2033 2031
f 2025 2037 2024
f 1975 1974 2038
f 2037 2039 2040
f 2041 2042 2043
f 2044 2040 2042
f 2045 2046 2047
f 2048 2049 2046
f 2041 2043 2049
f 2050 2051 2052
f 2053 2054 2055
f 2056 2047 2051
f 2057 2058 2059
f 2060 2061 2062
f 2063 2057 2059
f 2055 2058 2064
f 2063 2061 2065
f 2053 2052 2054
f 2066 2067 2068
f 2069 2070 2066
f 2071 2072 2073
f 2074 2075 2072
f 2076 2077 2078
f 2078 2077 2075
f 2079 2080 2081
f 2082 2079 2083
f 2084 2080 2085
f 2086 2067 2076
f 2087 2085 2088
f 2089 2090 2091
f 2089 2088 2090
f 2092 2091 2038
f 2069 2062 2070
f 2071 2073 2082
f 2049 2048 2041
f 2046 2045 2093
f 2048 2046 2093
f 2045 2047 2056
f 2064 2053 2055
f 2065 2057 2063
f 2050 2056 2051
f 2060 2065 2061
f 2040 2044 2037
f 2044 2041 2094
f 2053 2095 2050
f 2064 2058 2057
f 2065 2096 2057
f 2052 2053 2050
f 2044 2042 2041
f 2062 2069 2060
f 2074 2078 2075
f 2082 2083 2071
f 2068 2067 2086
f 2084 2081 2080
f 2085 2087 2097
f 2081 2083 2079
f 2068 2069 2066
f 2076 2078 2086
f 2078 2098 2086
f 2071 2074 2072
f 2099 2071 2083
f 2092 2100 2089
f 2089 2091 2092
f 2088 2089 2087
f 2097 2084 2085
f 2038 1974 2092
f 2039 2037 2025
f 5193 5194 5195
f 5196 5193 5195
f 5197 5198 5194
f 5194 5198 5195
f 5197 5194 5199
f 5196 5200 5193
f 5201 5202 5203
f 5204 5203 5205
f 5193 5200 5201
f 5204 5201 5203
f 5205 5206 5204
f 5201 5200 5202
f 5207 5208 5209
f 5210 5208 5207
f 5209 5211 5212
f 5213 5212 5211
f 5214 5199 5210
f 5215 5213 5211
f 5211 5209 5208
f 5216 5215 5217
f 5216 5213 5215
f 5218 5217 5215
f 5208 5210 5199
f 5214 5197 5199
f 5219 5206 5220
f 5221 5219 5222
f 5223 5224 5221
f 5225 5226 5224
f 5220 5222 5219
f 5227 5223 5221
f 5223 5228 5224
f 5229 5226 5225
f 5224 5228 5225
f 5221 5222 5227
f 5226 5229 5230
f 5231 5232 5233
f 5218 5232 5234
f 5218 5234 5235
f 5234 5232 5231
f 5232 5236 5233
f 5218 5235 5217
f 5237 5230 5238
f 5230 5237 5226
f 5237 5238 5239
f 5240 5233 5236
f 5236 5239 5240
f 5236 5237 5239
f 5219 5204 5206
f 5305 5306 5307
f 5308 5309 5310
f 5311 5305 5312
f 5313 5314 5315
f 5316 5306 5314
f 5309 5317 5315
f 5318 5310 5319
f 5320 5321 5322
f 5323 5322 5324
f 5325 5326 5324
f 5327 5328 5329
f 5330 5325 5327
f 5331 5332 5333
f 5320 5319 5321
f 5328 5333 5329
f 5312 5305 5307
f 5316 5334 5306
f 5309 5308 5317
f 5316 5314 5313
f 5313 5315 5317
f 5334 5307 5306
f 5310 5318 5308
f 5318 5319 5320
f 5323 5324 5326
f 5326 5325 5330
f 5329 5335 5327
f 5330 5327 5335
f 5336 5329 5333
f 5333 5332 5336
f 5320 5322 5323
f 5331 5337 5332
f 5311 5312 5338
f 5339 5340 5337
f 5341 5342 5343
f 5344 5345 5346
f 5347 5341 5343
f 5346 5345 5342
f 5348 5347 5349
f 5350 5339 5344
f 5351 5352 5353
f 5354 5355 5356
f 5356 5357 5358
f 5359 5360 5361
f 5357 5338 5362
f 5354 5353 5355
f 5349 5360 5363
f 5352 5359 5361
f 5364 5350 5344
f 5347 5348 5341
f 5365 5342 5341
f 5366 5348 5349
f 5346 5342 5365
f 5350 5340 5339
f 5364 5344 5346
f 5363 5360 5359
f 5363 5366 5349
f 5367 5352 5351
f 5362 5338 5368
f 5367 5359 5352
f 5357 5362 5358
f 5356 5358 5354
f 5354 5351 5353
f 5338 5312 5368
f 5337 5340 5332
