timestamp,sample_idx,segment_id,manual_cmd_rotate,manual_cmd_lift,manual_cmd_tilt,manual_cmd_scoop,sine_cmd_rotate,sine_cmd_lift,sine_cmd_tilt,sine_cmd_scoop,combined_cmd_rotate,combined_cmd_lift,combined_cmd_tilt,combined_cmd_scoop,joint_pos_slew,joint_pos_boom,joint_pos_arm,joint_pos_bucket,joint_vel_slew,joint_vel_boom,joint_vel_arm,joint_vel_bucket,pext_lift,pext_tilt,pext_scoop,pret_lift,pret_tilt,pret_scoop,pump_ps,pump_sine_us,pump_cmd_us,pump_mode,pressure_ts,cmd_stale,cmd_age_s,pressure_stale,sine_enabled,pump_enabled
0.0009468150001339382,0,1,0.0,0.0,0.0,0.0,0.0,0.0,0.0,0.0,0.0,0.0,0.0,0.0,0.86677825,-25.392935,84.8712,-42.06574,,,,,1.45,1.26,1.34,1.6,0.89,1.0,0.68,0.0,1510.0,static,0.0,0,0.000545943999895826,0,0,1
0.010883148000175424,1,1,0.0,0.0,0.0,0.0,0.0,0.0,0.0,0.0,0.0,0.0,0.0,0.0,0.8678984,-25.37165,84.861725,-42.065998,,,,,1.45,1.26,1.34,1.6,0.89,1.0,0.68,0.0,1510.0,static,0.0,0,0.0004206849998809048,0,0,1
0.02085468499990384,2,1,0.0,0.0,0.0,0.0,0.0,0.0,0.0,0.0,0.0,0.0,0.0,0.0,0.8676662,-25.378126,84.87396,-42.074196,,,,,1.45,1.26,1.34,1.6,0.89,1.0,0.68,0.0,1510.0,static,0.0,0,0.0004058879994772724,0,0,1
0.03085707399986859,3,1,0.0,0.0,0.0,0.0,0.0,0.0,0.0,0.0,0.0,0.0,0.0,0.0,0.86627287,-25.383387,84.86391,-42.06687,,,,,1.45,1.26,1.34,1.6,0.89,1.0,0.68,0.0,1510.0,static,0.0,0,0.00040803699994285125,0,0,1
0.04084466699987388,4,1,0.0,0.0,0.0,0.0,0.0,0.0,0.0,0.0,0.0,0.0,0.0,0.0,0.8668603,-25.378168,84.87268,-42.069195,,,,,1.45,1.26,1.34,1.6,0.89,1.0,0.68,0.0,1510.0,static,0.0,0,0.00039596299939148594,0,0,1
0.05084551799973269,5,1,0.0,0.0,0.0,0.0,0.0,0.0,0.0,0.0,0.0,0.0,0.0,0.0,0.8663138,-25.384779,84.8744,-42.066463,,,,,,,,,,,,0.0,1510.0,static,0.0,0,0.0003969999997934792,1,0,1
0.06084596300024714,6,1,0.0,0.0,0.0,0.0,0.0,0.0,0.0,0.0,0.0,0.0,0.0,0.0,0.8653439,-25.390106,84.87301,-42.06977,,,,,1.45,1.26,1.34,1.6,0.88,1.0,0.68,0.0,1510.0,static,0.04639840126037598,0,0.00039824099985708017,0,0,1
0.07084311099970364,7,1,0.0,0.0,0.0,0.0,0.0,0.0,0.0,0.0,0.0,0.0,0.0,0.0,0.86519367,-25.391977,84.87156,-42.06574,,,,,1.45,1.26,1.34,1.6,0.88,1.0,0.68,0.0,1510.0,static,0.04639840126037598,0,0.0003958890001740656,0,0,1
0.08084503700047208,8,1,0.0,0.0,0.0,0.0,0.0,0.0,0.0,0.0,0.0,0.0,0.0,0.0,0.86597234,-25.391554,84.88046,-42.06514,,,,,1.45,1.26,1.34,1.6,0.88,1.0,0.68,0.0,1510.0,static,0.04639840126037598,0,0.00039703699985693675,0,0,1
0.09084598099980212,9,1,0.0,0.0,0.0,0.0,0.0,0.0,0.0,0.0,0.0,0.0,0.0,0.0,0.8641145,-25.39411,84.8838,-42.0666,,,,,1.45,1.26,1.34,1.6,0.88,1.0,0.68,0.0,1510.0,static,0.04639840126037598,0,0.0003988520002167206,0,0,1
0.10084331500002008,10,1,0.0,0.0,0.0,0.0,0.0,0.0,0.0,0.0,0.0,0.0,0.0,0.0,0.8641145,-25.402674,84.88129,-42.063198,,,,,1.45,1.26,1.34,1.6,0.88,1.0,0.68,0.0,1510.0,static,0.04639840126037598,0,0.00039557400032208534,0,0,1
0.11084198099979403,11,1,0.0,0.0,0.0,0.0,0.0,0.0,0.0,0.0,0.0,0.0,0.0,0.0,0.8648385,-25.391596,84.881256,-42.060905,,,,,1.45,1.26,1.34,1.6,0.88,1.0,0.68,0.0,1510.0,static,0.04639840126037598,0,0.0003929449994757306,0,0,1
0.12084122200030833,12,1,0.0,0.0,0.0,0.0,0.0,0.0,0.0,0.0,0.0,0.0,0.0,0.0,0.8648112,-25.394192,84.88404,-42.07182,,,,,1.44,1.26,1.34,1.6,0.88,1.0,0.69,0.0,1510.0,static,0.1183784008026123,0,0.00039368600027955836,0,0,1
0.13084105500001897,13,1,0.0,0.0,0.0,0.0,0.0,0.0,0.0,0.0,0.0,0.0,0.0,0.0,0.86441505,-25.393946,84.87462,-42.06122,,,,,1.44,1.26,1.34,1.6,0.88,1.0,0.69,0.0,1510.0,static,0.1183784008026123,0,0.0003934999995180988,0,0,1
0.14084196299972973,14,1,0.0,0.0,0.0,0.0,0.0,0.0,0.0,0.0,0.0,0.0,0.0,0.0,0.86464727,-25.394875,84.86877,-42.056274,,,,,1.44,1.26,1.34,1.6,0.88,1.0,0.69,0.0,1510.0,static,0.1183784008026123,0,0.0003951480002797325,0,0,1
0.15083490699998947,15,1,0.0,0.0,0.0,0.0,0.0,0.0,0.0,0.0,0.0,0.0,0.0,0.0,0.8648385,-25.388645,84.86864,-42.05936,,,,,1.44,1.26,1.34,1.6,0.88,1.0,0.69,0.0,1510.0,static,0.1183784008026123,0,0.00038770299943280406,0,0,1
0.16083798100044078,16,1,0.0,0.0,0.0,0.0,0.0,0.0,0.0,0.0,0.0,0.0,0.0,0.0,0.863773,-25.390038,84.86273,-42.059155,,,,,1.44,1.26,1.34,1.6,0.88,1.0,0.69,0.0,1510.0,static,0.1183784008026123,0,0.00039131500034272904,0,0,1
0.17084616700049082,17,1,0.0,0.0,0.0,0.0,0.0,0.0,0.0,0.0,0.0,0.0,0.0,0.0,0.86434674,-25.391048,84.86396,-42.056465,,,,,1.44,1.25,1.34,1.59,0.88,1.0,0.68,0.0,1510.0,static,0.16857028007507324,0,0.00039209300030051963,0,0,1
0.18084085200007394,18,1,0.0,0.0,0.0,0.0,0.0,0.0,0.0,0.0,0.0,0.0,0.0,0.0,0.86574006,-25.396486,84.86472,-42.053078,,,,,1.44,1.25,1.34,1.59,0.88,1.0,0.68,0.0,1510.0,static,0.16857028007507324,0,0.0003931299997930182,0,0,1
0.19084033299986913,19,1,0.0,0.0,0.0,0.0,0.0,0.0,0.0,0.0,0.0,0.0,0.0,0.0,0.86519367,-25.384287,84.860054,-42.058514,,,,,1.44,1.25,1.34,1.59,0.88,1.0,0.68,0.0,1510.0,static,0.16857028007507324,0,0.0003925559994968353,0,0,1
0.20083848099966417,20,1,0.0,0.0,0.0,0.0,0.0,0.0,0.0,0.0,0.0,0.0,0.0,0.0,0.865139,-25.390884,84.854675,-42.05372,,,,,1.44,1.25,1.34,1.59,0.88,1.0,0.68,0.0,1510.0,static,0.16857028007507324,0,0.00039161099994089454,0,0,1
0.21083762899979774,21,1,0.0,0.0,0.0,0.0,0.0,0.0,0.0,0.0,0.0,0.0,0.0,0.0,0.8661909,-25.387115,84.86511,-42.05507,,,,,1.44,1.25,1.34,1.59,0.88,1.0,0.68,0.0,1510.0,static,0.16857028007507324,0,0.00039035100053297356,0,0,1
0.22083929600012198,22,1,0.0,0.0,0.0,0.0,0.0,0.0,0.0,0.0,0.0,0.0,0.0,0.0,0.8652347,-25.390366,84.86391,-42.05988,,,,,1.44,1.25,1.34,1.59,0.88,1.0,0.68,0.0,1510.0,static,0.16857028007507324,0,0.00039133399968704907,0,0,1
0.23083868499998061,23,1,0.0,0.0,0.0,0.0,0.0,0.0,0.0,0.0,0.0,0.0,0.0,0.0,0.8668056,-25.383974,84.86339,-42.061653,,,,,1.44,1.25,1.34,1.59,0.88,1.0,0.68,0.0,1510.0,static,0.22947096824645996,0,0.00039203699998324737,0,0,1
0.2408750370004782,24,1,0.0,0.0,0.0,0.0,0.0,0.0,0.0,0.0,0.0,0.0,0.0,0.0,0.8663412,-25.392525,84.86833,-42.06152,,,,,1.44,1.25,1.34,1.59,0.88,1.0,0.68,0.0,1510.0,static,0.22947096824645996,0,0.000396370999624196,0,0,1
0.2508408519997829,25,1,0.0,0.0,0.0,0.0,0.0,0.0,0.0,0.0,0.0,0.0,0.0,0.0,0.86575377,-25.385845,84.86705,-42.05992,,,,,1.44,1.25,1.34,1.59,0.88,1.0,0.68,0.0,1510.0,static,0.22947096824645996,0,0.000393796000025759,0,0,1
0.26084238899966294,26,1,0.0,0.0,0.0,0.0,0.0,0.0,0.0,0.0,0.0,0.0,0.0,0.0,0.8650161,-25.378578,84.85806,-42.05644,,,,,1.44,1.25,1.34,1.59,0.88,1.0,0.68,0.0,1510.0,static,0.22947096824645996,0,0.00039579700023750775,0,0,1
0.27084305500011396,27,1,0.0,0.0,0.0,0.0,0.0,0.0,0.0,0.0,0.0,0.0,0.0,0.0,0.8653986,-25.386404,84.86451,-42.06287,,,,,1.44,1.25,1.34,1.59,0.88,1.0,0.68,0.0,1510.0,static,0.22947096824645996,0,0.0003960739995818585,0,0,1
0.2808521850001853,28,1,0.0,0.0,0.0,0.0,0.0,0.0,0.0,0.0,0.0,0.0,0.0,0.0,0.86578107,-25.384766,84.86358,-42.061653,,,,,1.44,1.25,1.34,1.59,0.88,1.0,0.69,0.0,1510.0,static,0.2789652347564697,0,0.00040524099949834635,0,0,1
0.29084444399995846,29,1,0.0,0.0,0.0,0.0,0.0,0.0,0.0,0.0,0.0,0.0,0.0,0.0,0.86489314,-25.374138,84.856804,-42.059456,,,,,1.44,1.25,1.34,1.59,0.88,1.0,0.69,0.0,1510.0,static,0.2789652347564697,0,0.00039712999932817183,0,0,1
0.3008411660002821,30,1,0.0,0.0,0.0,0.0,0.0,0.0,0.0,0.0,0.0,0.0,0.0,0.0,0.8660133,-25.384546,84.86123,-42.063416,,,,,1.44,1.25,1.34,1.59,0.88,1.0,0.69,0.0,1510.0,static,0.2789652347564697,0,0.0003939260004699463,0,0,1
0.3108472410003742,31,1,0.0,0.0,0.0,0.0,0.0,0.0,0.0,0.0,0.0,0.0,0.0,0.0,0.8663821,-25.390461,84.86942,-42.067474,,,,,1.44,1.25,1.34,1.59,0.88,1.0,0.69,0.0,1510.0,static,0.2789652347564697,0,0.0003932590007025283,0,0,1
0.32084018499972444,32,1,0.0,0.0,0.0,0.0,0.0,0.0,0.0,0.0,0.0,0.0,0.0,0.0,0.8653576,-25.383535,84.864456,-42.062473,,,,,1.44,1.25,1.34,1.59,0.88,1.0,0.69,0.0,1510.0,static,0.2789652347564697,0,0.00039283299975068076,0,0,1
0.33083975899990037,33,1,0.0,0.0,0.0,0.0,0.0,0.0,0.0,0.0,0.0,0.0,0.0,0.0,0.8653303,-25.379915,84.86227,-42.064945,,,,,1.44,1.25,1.34,1.59,0.88,1.0,0.69,0.0,1510.0,static,0.2789652347564697,0,0.000392870000723633,0,0,1
0.34083664799982216,34,1,0.0,0.0,0.0,0.0,0.0,0.0,0.0,0.0,0.0,0.0,0.0,0.0,0.8658767,-25.386158,84.871635,-42.067432,,,,,1.43,1.25,1.34,1.59,0.88,1.0,0.67,0.0,1510.0,static,0.33933115005493164,0,0.00039031400046951603,0,0,1
0.35083494399987103,35,1,0.0,0.0,0.0,0.0,0.0,0.0,0.0,0.0,0.0,0.0,0.0,0.0,0.8655352,-25.38456,84.8674,-42.064537,,,,,1.43,1.25,1.34,1.59,0.88,1.0,0.67,0.0,1510.0,static,0.33933115005493164,0,0.0003873149998980807,0,0,1
0.3608346850005546,36,1,0.0,0.0,0.0,0.0,0.0,0.0,0.0,0.0,0.0,0.0,0.0,0.0,0.865221,-25.373524,84.85986,-42.060287,,,,,1.43,1.25,1.34,1.59,0.88,1.0,0.67,0.0,1510.0,static,0.33933115005493164,0,0.00038816699998278636,0,0,1
0.3708416480003507,37,1,0.0,0.0,0.0,0.0,0.0,0.0,0.0,0.0,0.0,0.0,0.0,0.0,0.86557615,-25.384464,84.86254,-42.057476,,,,,1.43,1.25,1.34,1.59,0.88,1.0,0.67,0.0,1510.0,static,0.33933115005493164,0,0.0003943329993489897,0,0,1
0.38084131499999785,38,1,0.0,0.0,0.0,0.0,0.0,0.0,0.0,0.0,0.0,0.0,0.0,0.0,0.8653303,-25.390024,84.86831,-42.05332,,,,,1.43,1.25,1.34,1.59,0.88,1.0,0.67,0.0,1510.0,static,0.33933115005493164,0,0.0003939260004699463,0,0,1
0.39084346300023753,39,1,0.0,0.0,0.0,0.0,0.0,0.0,0.0,0.0,0.0,0.0,0.0,0.0,0.86512536,-25.394669,84.86358,-42.054935,,,,,1.43,1.25,1.34,1.59,0.88,1.0,0.69,0.0,1510.0,static,0.3905665874481201,0,0.00039677799941273406,0,0,1
0.40083750000030705,40,1,0.0,0.0,0.0,0.0,0.0,0.0,0.0,0.0,0.0,0.0,0.0,0.0,0.8660543,-25.389095,84.87134,-42.06436,,,,,1.43,1.25,1.34,1.59,0.88,1.0,0.69,0.0,1510.0,static,0.3905665874481201,0,0.00039077800011000363,0,0,1
0.41084790700006124,41,1,0.0,0.0,0.0,0.0,0.0,0.0,0.0,0.0,0.0,0.0,0.0,0.0,0.86595863,-25.403698,84.87576,-42.063484,,,,,1.43,1.25,1.34,1.59,0.88,1.0,0.69,0.0,1510.0,static,0.3905665874481201,0,0.00039222299983521225,0,0,1
0.42084194400013075,42,1,0.0,0.0,0.0,0.0,0.0,0.0,0.0,0.0,0.0,0.0,0.0,0.0,0.8660816,-25.391212,84.870026,-42.063705,,,,,1.43,1.25,1.34,1.59,0.88,1.0,0.69,0.0,1510.0,static,0.3905665874481201,0,0.0003936849998353864,0,0,1
0.43084222200013755,43,1,0.0,0.0,0.0,0.0,0.0,0.0,0.0,0.0,0.0,0.0,0.0,0.0,0.866628,-25.390503,84.87412,-42.067585,,,,,1.43,1.25,1.34,1.59,0.88,1.0,0.69,0.0,1510.0,static,0.3905665874481201,0,0.0003950180007450399,0,0,1
0.4408382219999112,44,1,0.0,0.0,0.0,0.0,0.0,0.0,0.0,0.0,0.0,0.0,0.0,0.0,0.86679196,-25.397852,84.878525,-42.07075,,,,,1.43,1.25,1.34,1.59,0.88,1.0,0.69,0.0,1510.0,static,0.3905665874481201,0,0.00039214800017361995,0,0,1
0.4508382590001929,45,1,0.0,0.0,0.0,0.0,0.0,0.0,0.0,0.0,0.0,0.0,0.0,0.0,0.8657674,-25.400175,84.86511,-42.05884,,,,,1.43,1.25,1.34,1.59,0.88,1.0,0.68,0.0,1510.0,static,0.4463839530944824,0,0.00039174099947558716,0,0,1
0.4608375919997343,46,1,0.0,0.0,0.0,0.0,0.0,0.0,0.0,0.0,0.0,0.0,0.0,0.0,0.8661909,-25.383617,84.86336,-42.0607,,,,,1.43,1.25,1.34,1.59,0.88,1.0,0.68,0.0,1510.0,static,0.4463839530944824,0,0.0003906299998561735,0,0,1
0.4708414440001434,47,1,0.0,0.0,0.0,0.0,0.0,0.0,0.0,0.0,0.0,0.0,0.0,0.0,0.8668056,-25.386213,84.86396,-42.0613,,,,,1.43,1.25,1.34,1.59,0.88,1.0,0.68,0.0,1510.0,static,0.4463839530944824,0,0.0003941670001950115,0,0,1
0.4808418519996849,48,1,0.0,0.0,0.0,0.0,0.0,0.0,0.0,0.0,0.0,0.0,0.0,0.0,0.86609524,-25.400257,84.8632,-42.057228,,,,,1.43,1.25,1.34,1.59,0.88,1.0,0.68,0.0,1510.0,static,0.4463839530944824,0,0.0003947039995182422,0,0,1
0.4908404440002414,49,1,0.0,0.0,0.0,0.0,0.0,0.0,0.0,0.0,0.0,0.0,0.0,0.0,0.8662455,-25.397442,84.85877,-42.050453,,,,,1.43,1.25,1.34,1.59,0.88,1.0,0.68,0.0,1510.0,static,0.4463839530944824,0,0.00039385199943353655,0,0,1
0.5008388890000788,50,1,0.0,0.0,0.0,0.0,0.0,0.0,0.0,0.0,0.0,0.0,0.0,0.0,0.8665734,-25.391815,84.86451,-42.05562,,,,,1.43,1.25,1.33,1.59,0.88,1.0,0.67,0.0,1510.0,static,0.49530744552612305,0,0.0003923150006812648,0,0,1
0.5108486480003194,51,1,0.0,0.0,0.0,0.0,0.0,0.0,0.0,0.0,0.0,0.0,0.0,0.0,0.8658904,-25.398085,84.86292,-42.052883,,,,,1.43,1.25,1.33,1.59,0.88,1.0,0.67,0.0,1510.0,static,0.49530744552612305,0,0.00039262999962375034,0,0,1
0.5208389810004519,52,1,0.0,0.0,0.0,0.0,0.0,0.0,0.0,0.0,0.0,0.0,0.0,0.0,0.8660816,-25.391815,84.86003,-42.05581,,,,,1.43,1.25,1.33,1.59,0.88,1.0,0.67,0.0,1510.0,static,0.49530744552612305,0,0.0003917599997294019,0,0,1
0.53084323999974,53,1,0.0,0.0,0.0,0.0,0.0,0.0,0.0,0.0,0.0,0.0,0.0,0.0,0.8675296,-25.389273,84.863525,-42.04551,,,,,1.43,1.25,1.33,1.59,0.88,1.0,0.67,0.0,1510.0,static,0.49530744552612305,0,0.0003962959999626037,0,0,1
0.5408389260001059,54,1,0.0,0.0,0.0,0.0,0.0,0.0,0.0,0.0,0.0,0.0,0.0,0.0,0.8677345,-25.39818,84.87156,-42.050426,,,,,1.43,1.25,1.33,1.59,0.88,1.0,0.67,0.0,1510.0,static,0.49530744552612305,0,0.00039187000038509723,0,0,1
0.5508355920001122,55,1,0.0,0.0,0.0,0.0,0.0,0.0,0.0,0.0,0.0,0.0,0.0,0.0,0.867352,-25.40161,84.86325,-42.04809,,,,,1.43,1.25,1.33,1.59,0.88,1.0,0.67,0.0,1510.0,static,0.49530744552612305,0,0.0003890919997502351,0,0,1
0.5608454260000144,56,1,0.0,0.0,0.0,0.0,0.0,0.0,0.0,0.0,0.0,0.0,0.0,0.0,0.86627287,-25.404942,84.86992,-42.057365,,,,,1.43,1.24,1.34,1.59,0.88,1.0,0.69,0.0,1510.0,static,0.5453038215637207,0,0.00039879599989944836,0,0,1
0.5708406109997668,57,1,0.0,0.0,0.0,0.0,0.0,0.0,0.0,0.0,0.0,0.0,0.0,0.0,0.8665597,-25.394327,84.871994,-42.061832,,,,,1.43,1.24,1.34,1.59,0.88,1.0,0.69,0.0,1510.0,static,0.5453038215637207,0,0.00039399999968736665,0,0,1
0.5808400180003446,58,1,0.0,0.0,0.0,0.0,0.0,0.0,0.0,0.0,0.0,0.0,0.0,0.0,0.86625916,-25.398836,84.864944,-42.054634,,,,,1.43,1.24,1.34,1.59,0.88,1.0,0.69,0.0,1510.0,static,0.5453038215637207,0,0.0003927589996237657,0,0,1
0.5908410740003092,59,1,0.0,0.0,0.0,0.0,0.0,0.0,0.0,0.0,0.0,0.0,0.0,0.0,0.8665324,-25.387566,84.86361,-42.05686,,,,,1.43,1.24,1.34,1.59,0.88,1.0,0.69,0.0,1510.0,static,0.5453038215637207,0,0.0003943699994124472,0,0,1
0.6008407400004216,60,1,0.0,0.0,0.0,0.0,0.0,0.0,0.0,0.0,0.0,0.0,0.0,0.0,0.8662455,-25.385094,84.864944,-42.060043,,,,,1.43,1.24,1.34,1.59,0.88,1.0,0.69,0.0,1510.0,static,0.5453038215637207,0,0.000393871000596846,0,0,1
0.6108417770001324,61,1,0.0,0.0,0.0,0.0,0.0,0.0,0.0,0.0,0.0,0.0,0.0,0.0,0.8650434,-25.383837,84.86845,-42.0572,,,,,1.43,1.24,1.34,1.59,0.88,1.0,0.69,0.0,1510.0,static,0.5453038215637207,0,0.0003948699995817151,0,0,1
0.6218296659999396,62,1,0.0,0.0,0.0,0.0,0.0,0.0,0.0,0.0,0.0,0.0,0.0,0.0,0.8650161,-25.386814,84.86746,-42.057816,,,,,1.42,1.24,1.33,1.58,0.88,1.0,0.68,0.0,1510.0,static,0.6183972358703613,0,0.0004043890003231354,0,0,1
0.6308487770002102,63,1,0.0,0.0,0.0,0.0,0.0,0.0,0.0,0.0,0.0,0.0,0.0,0.0,0.8654259,-25.382019,84.875275,-42.066723,,,,,1.42,1.24,1.33,1.58,0.88,1.0,0.68,0.0,1510.0,static,0.6183972358703613,0,0.0004009810008938075,0,0,1
0.6408496479998576,64,1,0.0,0.0,0.0,0.0,0.0,0.0,0.0,0.0,0.0,0.0,0.0,0.0,0.86541224,-25.384247,84.873276,-42.06037,,,,,1.42,1.24,1.33,1.58,0.88,1.0,0.68,0.0,1510.0,static,0.6183972358703613,0,0.00040198100032284856,0,0,1
0.6508469259997582,65,1,0.0,0.0,0.0,0.0,0.0,0.0,0.0,0.0,0.0,0.0,0.0,0.0,0.8649751,-25.38172,84.866745,-42.059128,,,,,1.42,1.24,1.33,1.58,0.88,1.0,0.68,0.0,1510.0,static,0.6183972358703613,0,0.00039983300030144164,0,0,1
0.6608487220000825,66,1,0.0,0.0,0.0,0.0,0.0,0.0,0.0,0.0,0.0,0.0,0.0,0.0,0.86518,-25.379642,84.86686,-42.06231,,,,,1.42,1.24,1.33,1.58,0.88,1.0,0.68,0.0,1510.0,static,0.6183972358703613,0,0.000403185000322992,0,0,1
0.6708474810002372,67,1,0.0,0.0,0.0,0.0,0.0,0.0,0.0,0.0,0.0,0.0,0.0,0.0,0.8648795,-25.372744,84.87052,-42.067802,,,,,1.42,1.24,1.33,1.58,0.88,1.0,0.68,0.0,1510.0,static,0.6183972358703613,0,0.00040144400009012315,0,0,1
0.680848443999821,68,1,0.0,0.0,0.0,0.0,0.0,0.0,0.0,0.0,0.0,0.0,0.0,0.0,0.8647702,-25.380995,84.86812,-42.06141,,,,,1.42,1.24,1.33,1.58,0.87,1.0,0.69,0.0,1510.0,static,0.6787436008453369,0,0.0004017410001324606,0,0,1
0.6908433879998483,69,1,0.0,0.0,0.0,0.0,0.0,0.0,0.0,0.0,0.0,0.0,0.0,0.0,0.865139,-25.371338,84.87014,-42.063923,,,,,1.42,1.24,1.33,1.58,0.87,1.0,0.69,0.0,1510.0,static,0.6787436008453369,0,0.0003974999999627471,0,0,1
0.7008451849997073,70,1,0.0,0.0,0.0,0.0,0.0,0.0,0.0,0.0,0.0,0.0,0.0,0.0,0.8645926,-25.369467,84.86866,-42.060604,,,,,1.42,1.24,1.33,1.58,0.87,1.0,0.69,0.0,1510.0,static,0.6787436008453369,0,0.00039859299977251794,0,0,1
0.7108454810004332,71,1,0.0,0.0,0.0,0.0,0.0,0.0,0.0,0.0,0.0,0.0,0.0,0.0,0.86365,-25.37079,84.865326,-42.068813,,,,,1.42,1.24,1.33,1.58,0.87,1.0,0.69,0.0,1510.0,static,0.6787436008453369,0,0.000398666999899433,0,0,1
0.7208508510002503,72,1,0.0,0.0,0.0,0.0,0.0,0.0,0.0,0.0,0.0,0.0,0.0,0.0,0.86373204,-25.374535,84.864784,-42.065998,,,,,1.42,1.24,1.33,1.58,0.87,1.0,0.69,0.0,1510.0,static,0.6787436008453369,0,0.0004029259998787893,0,0,1
0.7308438330001081,73,1,0.0,0.0,0.0,0.0,0.0,0.0,0.0,0.0,0.0,0.0,0.0,0.0,0.86457896,-25.372349,84.86975,-42.069168,,,,,1.42,1.24,1.33,1.58,0.87,1.0,0.69,0.0,1510.0,static,0.6787436008453369,0,0.0003965740006606211,0,0,1
0.7408421660002205,74,1,0.0,0.0,0.0,0.0,0.0,0.0,0.0,0.0,0.0,0.0,0.0,0.0,0.8648795,-25.368017,84.869156,-42.06541,,,,,1.42,1.24,1.33,1.58,0.87,1.0,0.68,0.0,1510.0,static,0.7404983043670654,0,0.00039511199975095224,0,0,1
0.7508432029999312,75,1,0.0,0.0,0.0,0.0,0.0,0.0,0.0,0.0,0.0,0.0,0.0,0.0,0.864456,-25.368933,84.869316,-42.066708,,,,,1.42,1.24,1.33,1.58,0.87,1.0,0.68,0.0,1510.0,static,0.7404983043670654,0,0.00039540799934911774,0,0,1
0.7608428330004244,76,1,0.0,0.0,0.0,0.0,0.0,0.0,0.0,0.0,0.0,0.0,0.0,0.0,0.8646336,-25.371132,84.8744,-42.076653,,,,,1.42,1.24,1.33,1.58,0.87,1.0,0.68,0.0,1510.0,static,0.7404983043670654,0,0.00039596299939148594,0,0,1
0.7708439070001987,77,1,0.0,0.0,0.0,0.0,0.0,0.0,0.0,0.0,0.0,0.0,0.0,0.0,0.8647292,-25.3678,84.87675,-42.077965,,,,,1.42,1.24,1.33,1.58,0.87,1.0,0.68,0.0,1510.0,static,0.7404983043670654,0,0.0003956849996029632,0,0,1
0.7808488700002272,78,1,0.0,0.0,0.0,0.0,0.0,0.0,0.0,0.0,0.0,0.0,0.0,0.0,0.86444235,-25.36306,84.87134,-42.07444,,,,,1.42,1.24,1.33,1.58,0.87,1.0,0.68,0.0,1510.0,static,0.7404983043670654,0,0.00040153700047085294,0,0,1
0.7908421110005293,79,1,0.0,0.0,0.0,0.0,0.0,0.0,0.0,0.0,0.0,0.0,0.0,0.0,0.86389595,-25.365355,84.868385,-42.07683,,,,,1.42,1.24,1.33,1.58,0.87,1.0,0.68,0.0,1510.0,static,0.7404983043670654,0,0.000394796999898972,0,0,1
0.8008351110001968,80,1,0.0,0.0,0.0,0.0,0.0,0.0,0.0,0.0,0.0,0.0,0.0,0.0,0.86446965,-25.365026,84.875984,-42.07499,,,,,1.42,1.24,1.33,1.58,0.87,1.0,0.69,0.0,1510.0,static,0.7962620258331299,0,0.00038698099979228573,0,0,1
0.8108453330005432,81,1,0.0,0.0,0.0,0.0,0.0,0.0,0.0,0.0,0.0,0.0,0.0,0.0,0.8650161,-25.361734,84.86926,-42.070465,,,,,1.42,1.24,1.33,1.58,0.87,1.0,0.69,0.0,1510.0,static,0.7962620258331299,0,0.000396092000300996,0,0,1
0.8208477590005714,82,1,0.0,0.0,0.0,0.0,0.0,0.0,0.0,0.0,0.0,0.0,0.0,0.0,0.8657674,-25.357185,84.87052,-42.072773,,,,,1.42,1.24,1.33,1.58,0.87,1.0,0.69,0.0,1510.0,static,0.7962620258331299,0,0.00040011100008996436,0,0,1
0.8308420550001756,83,1,0.0,0.0,0.0,0.0,0.0,0.0,0.0,0.0,0.0,0.0,0.0,0.0,0.8661499,-25.369753,84.87134,-42.071095,,,,,1.42,1.24,1.33,1.58,0.87,1.0,0.69,0.0,1510.0,static,0.7962620258331299,0,0.00039475999983551446,0,0,1
0.8408386850005627,84,1,0.0,0.0,0.0,0.0,0.0,0.0,0.0,0.0,0.0,0.0,0.0,0.0,0.866628,-25.365381,84.871666,-42.06712,,,,,1.42,1.24,1.33,1.58,0.87,1.0,0.69,0.0,1510.0,static,0.7962620258331299,0,0.00039135200040618656,0,0,1
0.8508344809997652,85,1,0.0,0.0,0.0,0.0,0.0,0.0,0.0,0.0,0.0,0.0,0.0,0.0,0.8653713,-25.3637,84.85997,-42.055645,,,,,1.42,1.24,1.33,1.58,0.87,1.0,0.69,0.0,1510.0,static,0.7962620258331299,0,0.00038753700027882587,0,0,1
0.860849999000493,86,1,0.0,0.0,0.0,0.0,0.0,0.0,0.0,0.0,0.0,0.0,0.0,0.0,0.8654259,-25.356585,84.861176,-42.05951,,,,,1.41,1.24,1.33,1.58,0.87,1.0,0.67,0.0,1510.0,static,0.8463642597198486,0,0.0004033519999211421,0,0,1
0.8708411289999276,87,1,0.0,0.0,0.0,0.0,0.0,0.0,0.0,0.0,0.0,0.0,0.0,0.0,0.86489314,-25.359493,84.8597,-42.054962,,,,,1.41,1.24,1.33,1.58,0.87,1.0,0.67,0.0,1510.0,static,0.8463642597198486,0,0.00039440699947590474,0,0,1
0.8808390550002514,88,1,0.0,0.0,0.0,0.0,0.0,0.0,0.0,0.0,0.0,0.0,0.0,0.0,0.8653713,-25.351475,84.857376,-42.054905,,,,,1.41,1.24,1.33,1.58,0.87,1.0,0.67,0.0,1510.0,static,0.8463642597198486,0,0.00039174100038508186,0,0,1
0.8908382219997293,89,1,0.0,0.0,0.0,0.0,0.0,0.0,0.0,0.0,0.0,0.0,0.0,0.0,0.8642101,-25.358154,84.854126,-42.052147,,,,,1.41,1.24,1.33,1.58,0.87,1.0,0.67,0.0,1510.0,static,0.8463642597198486,0,0.0003914069993697922,0,0,1
0.9008358700002645,90,1,0.0,0.0,0.0,0.0,0.0,0.0,0.0,0.0,0.0,0.0,0.0,0.0,0.86375934,-25.365969,84.856964,-42.052258,,,,,1.41,1.24,1.33,1.58,0.87,1.0,0.67,0.0,1510.0,static,0.8463642597198486,0,0.00038907399994059233,0,0,1
0.9108457219999764,91,1,0.0,0.0,0.0,0.0,0.0,0.0,0.0,0.0,0.0,0.0,0.0,0.0,0.8634178,-25.366858,84.85727,-42.052284,,,,,1.41,1.24,1.33,1.58,0.87,1.0,0.67,0.0,1510.0,static,0.8463642597198486,0,0.0003981300005762023,0,0,1
0.9208368509998763,92,1,0.0,0.0,0.0,0.0,0.0,0.0,0.0,0.0,0.0,0.0,0.0,0.0,0.8636227,-25.360779,84.85834,-42.052723,,,,,1.41,1.24,1.33,1.58,0.87,1.0,0.69,0.0,1510.0,static,0.9185636043548584,0,0.00039020300027914345,0,0,1
0.930852870000308,93,1,0.0,0.0,0.0,0.0,0.0,0.0,0.0,0.0,0.0,0.0,0.0,0.0,0.86448336,-25.368483,84.854836,-42.0525,,,,,1.41,1.24,1.33,1.58,0.87,1.0,0.69,0.0,1510.0,static,0.9185636043548584,0,0.00040501800049241865,0,0,1
0.9408427400003347,94,1,0.0,0.0,0.0,0.0,0.0,0.0,0.0,0.0,0.0,0.0,0.0,0.0,0.8653166,-25.363127,84.860245,-42.05783,,,,,1.41,1.24,1.33,1.58,0.87,1.0,0.69,0.0,1510.0,static,0.9185636043548584,0,0.0003952959996240679,0,0,1
0.9508374619999813,95,1,0.0,0.0,0.0,0.0,0.0,0.0,0.0,0.0,0.0,0.0,0.0,0.0,0.86654603,-25.35504,84.86254,-42.060726,,,,,1.41,1.24,1.33,1.58,0.87,1.0,0.69,0.0,1510.0,static,0.9185636043548584,0,0.00039057399953890126,0,0,1
0.9608439619996716,96,1,0.0,0.0,0.0,0.0,0.0,0.0,0.0,0.0,0.0,0.0,0.0,0.0,0.86580837,-25.365887,84.86363,-42.06082,,,,,1.41,1.24,1.33,1.58,0.87,1.0,0.69,0.0,1510.0,static,0.9185636043548584,0,0.00039723999998386716,0,0,1
0.9708382959997834,97,1,0.0,0.0,0.0,0.0,0.0,0.0,0.0,0.0,0.0,0.0,0.0,0.0,0.8657674,-25.373932,84.86994,-42.05917,,,,,1.41,1.23,1.33,1.58,0.87,1.0,0.67,0.0,1510.0,static,0.9683382511138916,0,0.0003914819999408792,0,0,1
0.9808399809999173,98,1,0.0,0.0,0.0,0.0,0.0,0.0,0.0,0.0,0.0,0.0,0.0,0.0,0.8656035,-25.363947,84.869095,-42.05936,,,,,1.41,1.23,1.33,1.58,0.87,1.0,0.67,0.0,1510.0,static,0.9683382511138916,0,0.0003933890002372209,0,0,1
0.9908396290002202,99,1,0.0,0.0,0.0,0.0,0.0,0.0,0.0,0.0,0.0,0.0,0.0,0.0,0.86733836,-25.359522,84.87177,-42.059826,,,,,1.41,1.23,1.33,1.58,0.87,1.0,0.67,0.0,1510.0,static,0.9683382511138916,0,0.00039253700015251525,0,0,1
1.0008409250003751,100,1,0.0,0.0,0.0,0.0,0.0,0.0,0.0,0.0,0.0,0.0,0.0,0.0,0.86654603,-25.377798,84.87374,-42.05634,,,,,1.41,1.23,1.33,1.58,0.87,1.0,0.67,0.0,1510.0,static,0.9683382511138916,0,0.0003936849998353864,0,0,1
1.010838498999874,101,1,0.0,0.0,0.0,0.0,0.0,0.0,0.0,0.0,0.0,0.0,0.0,0.0,0.86701053,-25.377499,84.87675,-42.059837,,,,,1.41,1.23,1.33,1.58,0.87,1.0,0.67,0.0,1510.0,static,0.9683382511138916,0,0.0003913509999620146,0,0,1
1.0208979070002897,102,1,0.0,0.0,0.0,0.0,0.0,0.0,0.0,0.0,0.0,0.0,0.0,0.0,0.8668739,-25.370573,84.87904,-42.05944,,,,,1.41,1.23,1.33,1.57,0.87,0.99,0.68,0.0,1510.0,static,1.0183367729187012,0,0.0004378339999675518,0,0,1
1.0308739250003782,103,1,0.0,0.0,0.0,0.0,0.0,0.0,0.0,0.0,0.0,0.0,0.0,0.0,0.8676116,-25.365463,84.8774,-42.060207,,,,,1.41,1.23,1.33,1.57,0.87,0.99,0.68,0.0,1510.0,static,1.0183367729187012,0,0.0004217220002828981,0,0,1
1.0408667399997285,104,1,0.0,0.0,0.0,0.0,0.0,0.0,0.0,0.0,0.0,0.0,0.0,0.0,0.86623186,-25.374275,84.87713,-42.058964,,,,,1.41,1.23,1.33,1.57,0.87,0.99,0.68,0.0,1510.0,static,1.0183367729187012,0,0.0004153519994360977,0,0,1
1.0508550180002203,105,1,0.0,0.0,0.0,0.0,0.0,0.0,0.0,0.0,0.0,0.0,0.0,0.0,0.8668603,-25.363468,84.88011,-42.06085,,,,,1.41,1.23,1.33,1.57,0.87,0.99,0.68,0.0,1510.0,static,1.0183367729187012,0,0.00040572299985797144,0,0,1
1.0608521849999306,106,1,0.0,0.0,0.0,0.0,0.0,0.0,0.0,0.0,0.0,0.0,0.0,0.0,0.86668265,-25.367334,84.879265,-42.059536,,,,,1.41,1.23,1.33,1.57,0.87,0.99,0.68,0.0,1510.0,static,1.0183367729187012,0,0.00040385200009041,0,0,1
1.0708580359996631,107,1,0.0,0.0,0.0,0.0,0.0,0.0,0.0,0.0,0.0,0.0,0.0,0.0,0.8669968,-25.37437,84.87702,-42.063076,,,,,1.41,1.23,1.33,1.57,0.87,0.99,0.68,0.0,1510.0,static,1.0183367729187012,0,0.0004065930006618146,0,0,1
1.0808562219999658,108,1,0.0,0.0,0.0,0.0,0.0,0.0,0.0,0.0,0.0,0.0,0.0,0.0,0.8663958,-25.371378,84.87418,-42.062912,,,,,1.4,1.23,1.33,1.57,0.87,1.0,0.67,0.0,1510.0,static,1.079136848449707,0,0.0004059630000483594,0,0,1
1.0908601850005653,109,1,0.0,0.0,0.0,0.0,0.0,0.0,0.0,0.0,0.0,0.0,0.0,0.0,0.8658904,-25.369287,84.874565,-42.061,,,,,1.4,1.23,1.33,1.57,0.87,1.0,0.67,0.0,1510.0,static,1.079136848449707,0,0.00041072199928748887,0,0,1
1.1008450549998088,110,1,0.0,0.0,0.0,0.0,0.0,0.0,0.0,0.0,0.0,0.0,0.0,0.0,0.8657264,-25.383564,84.87803,-42.058308,,,,,1.4,1.23,1.33,1.57,0.87,1.0,0.67,0.0,1510.0,static,1.079136848449707,0,0.00039718500011076685,0,0,1
1.110858740000367,111,1,0.0,0.0,0.0,0.0,0.0,0.0,0.0,0.0,0.0,0.0,0.0,0.0,0.86597234,-25.38635,84.88134,-42.063473,,,,,1.4,1.23,1.33,1.57,0.87,1.0,0.67,0.0,1510.0,static,1.079136848449707,0,0.00041013000009115785,0,0,1
1.120859184999972,112,1,0.0,0.0,0.0,0.0,0.0,0.0,0.0,0.0,0.0,0.0,0.0,0.0,0.865303,-25.378796,84.87516,-42.05757,,,,,1.4,1.23,1.33,1.57,0.87,1.0,0.67,0.0,1510.0,static,1.079136848449707,0,0.0004107409995413036,0,0,1
1.1308569809998517,113,1,0.0,0.0,0.0,0.0,0.0,0.0,0.0,0.0,0.0,0.0,0.0,0.0,0.8664504,-25.382238,84.8812,-42.063267,,,,,1.4,1.23,1.33,1.57,0.87,0.99,0.68,0.0,1510.0,static,1.1291313171386719,0,0.00040837100004864624,0,0,1
1.1408530549997522,114,1,0.0,0.0,0.0,0.0,0.0,0.0,0.0,0.0,0.0,0.0,0.0,0.0,0.8669832,-25.393099,84.88445,-42.06515,,,,,1.4,1.23,1.33,1.57,0.87,0.99,0.68,0.0,1510.0,static,1.1291313171386719,0,0.0004055179997521918,0,0,1
1.1508449989996734,115,1,0.0,0.0,0.0,0.0,0.0,0.0,0.0,0.0,0.0,0.0,0.0,0.0,0.8671198,-25.388098,84.88891,-42.06712,,,,,1.4,1.23,1.33,1.57,0.87,0.99,0.68,0.0,1510.0,static,1.1291313171386719,0,0.00039731500055495417,0,0,1
1.1608566840004642,116,1,0.0,0.0,0.0,0.0,0.0,0.0,0.0,0.0,0.0,0.0,0.0,0.0,0.86792576,-25.396322,84.89123,-42.066654,,,,,1.4,1.23,1.33,1.57,0.87,0.99,0.68,0.0,1510.0,static,1.1291313171386719,0,0.0004091479995622649,0,0,1
1.1708504620000895,117,1,0.0,0.0,0.0,0.0,0.0,0.0,0.0,0.0,0.0,0.0,0.0,0.0,0.8688683,-25.398302,84.89746,-42.075836,,,,,1.4,1.23,1.33,1.57,0.87,0.99,0.68,0.0,1510.0,static,1.1291313171386719,0,0.00040190799973061075,0,0,1
1.1808526289996735,118,1,0.0,0.0,0.0,0.0,0.0,0.0,0.0,0.0,0.0,0.0,0.0,0.0,0.8675979,-25.393562,84.88926,-42.07029,,,,,1.4,1.23,1.33,1.57,0.87,0.99,0.68,0.0,1510.0,static,1.1291313171386719,0,0.000405091999709839,0,0,1
1.1908467769999334,119,1,0.0,0.0,0.0,0.0,0.0,0.0,0.0,0.0,0.0,0.0,0.0,0.0,0.86772084,-25.384657,84.883415,-42.06362,,,,,1.4,1.23,1.33,1.57,0.87,0.99,0.68,0.0,1510.0,static,1.1897327899932861,0,0.00039972200011106906,0,0,1
1.2008498880004481,120,1,0.0,0.0,0.0,0.0,0.0,0.0,0.0,0.0,0.0,0.0,0.0,0.0,0.8674886,-25.391787,84.88549,-42.06693,,,,,1.4,1.23,1.33,1.57,0.87,0.99,0.68,0.0,1510.0,static,1.1897327899932861,0,0.0004022590001113713,0,0,1
1.2108663330000127,121,1,0.0,0.0,0.0,0.0,0.0,0.0,0.0,0.0,0.0,0.0,0.0,0.0,0.866628,-25.396936,84.88448,-42.067966,,,,,1.4,1.23,1.33,1.57,0.87,0.99,0.68,0.0,1510.0,static,1.1897327899932861,0,0.0004176859993094695,0,0,1
1.2208497399997214,122,1,0.0,0.0,0.0,0.0,0.0,0.0,0.0,0.0,0.0,0.0,0.0,0.0,0.8660543,-25.38497,84.87161,-42.055958,,,,,1.4,1.23,1.33,1.57,0.87,0.99,0.68,0.0,1510.0,static,1.1897327899932861,0,0.0004014629994344432,0,0,1
1.2308605730004274,123,1,0.0,0.0,0.0,0.0,0.0,0.0,0.0,0.0,0.0,0.0,0.0,0.0,0.86550784,-25.380066,84.87746,-42.059113,,,,,1.4,1.23,1.33,1.57,0.87,0.99,0.68,0.0,1510.0,static,1.1897327899932861,0,0.0004078330002812436,0,0,1
1.2408603140002015,124,1,0.0,0.0,0.0,0.0,0.0,0.0,0.0,0.0,0.0,0.0,0.0,0.0,0.86609524,-25.387115,84.87232,-42.056698,,,,,1.4,1.23,1.33,1.57,0.87,0.99,0.69,0.0,1510.0,static,1.239558458328247,0,0.0004027960003440967,0,0,1
1.25084553600027,125,1,0.0,0.0,0.0,0.0,0.0,0.0,0.0,0.0,0.0,0.0,0.0,0.0,0.86649144,-25.392183,84.87341,-42.05517,,,,,1.4,1.23,1.33,1.57,0.87,0.99,0.69,0.0,1510.0,static,1.239558458328247,0,0.000397351999708917,0,0,1
1.2608424990003186,126,1,0.0,0.0,0.0,0.0,0.0,0.0,0.0,0.0,0.0,0.0,0.0,0.0,0.86772084,-25.3909,84.8779,-42.05608,,,,,1.4,1.23,1.33,1.57,0.87,0.99,0.69,0.0,1510.0,static,1.239558458328247,0,0.0003947589993913425,0,0,1
1.270841018000283,127,1,0.0,0.0,0.0,0.0,0.0,0.0,0.0,0.0,0.0,0.0,0.0,0.0,0.868841,-25.391472,84.88729,-42.06873,,,,,1.4,1.23,1.33,1.57,0.87,0.99,0.69,0.0,1510.0,static,1.239558458328247,0,0.00039290799941227306,0,0,1
1.2808403139997608,128,1,0.0,0.0,0.0,0.0,0.0,0.0,0.0,0.0,0.0,0.0,0.0,0.0,0.8692645,-25.398685,84.88696,-42.074673,,,,,1.4,1.23,1.33,1.57,0.87,0.99,0.69,0.0,1510.0,static,1.239558458328247,0,0.0003938139998354018,0,0,1
1.2908536100003403,129,1,0.0,0.0,0.0,0.0,0.0,0.0,0.0,0.0,0.0,0.0,0.0,0.0,0.86934644,-25.40117,84.88631,-42.068867,,,,,1.4,1.23,1.33,1.57,0.87,0.99,0.69,0.0,1510.0,static,1.239558458328247,0,0.00040490699939255137,0,0,1
1.3008428140001342,130,1,0.0,0.0,0.0,0.0,0.0,0.0,0.0,0.0,0.0,0.0,0.0,0.0,0.8700431,-25.394642,84.89175,-42.077282,,,,,1.4,1.23,1.33,1.57,0.87,0.99,0.68,0.0,1510.0,static,1.296342134475708,0,0.00039444400044885697,0,0,1
1.3108502400000361,131,1,0.0,0.0,0.0,0.0,0.0,0.0,0.0,0.0,0.0,0.0,0.0,0.0,0.8691142,-25.402647,84.88696,-42.06955,,,,,1.4,1.23,1.33,1.57,0.87,0.99,0.68,0.0,1510.0,static,1.296342134475708,0,0.00039505599943367997,0,0,1
1.3208410919996822,132,1,0.0,0.0,0.0,0.0,0.0,0.0,0.0,0.0,0.0,0.0,0.0,0.0,0.8697016,-25.40236,84.87989,-42.062748,,,,,1.4,1.23,1.33,1.57,0.87,0.99,0.68,0.0,1510.0,static,1.296342134475708,0,0.00039331500011030585,0,0,1
1.3308386469998368,133,1,0.0,0.0,0.0,0.0,0.0,0.0,0.0,0.0,0.0,0.0,0.0,0.0,0.8685815,-25.407333,84.88117,-42.063087,,,,,1.4,1.23,1.33,1.57,0.87,0.99,0.68,0.0,1510.0,static,1.296342134475708,0,0.0003919440005120123,0,0,1
1.340859609999825,134,1,0.0,0.0,0.0,0.0,0.0,0.0,0.0,0.0,0.0,0.0,0.0,0.0,0.86934644,-25.398043,84.87861,-42.06768,,,,,1.4,1.23,1.33,1.57,0.87,0.99,0.68,0.0,1510.0,static,1.296342134475708,0,0.0004099080006199074,0,0,1
1.35084914700019,135,1,0.0,0.0,0.0,0.0,0.0,0.0,0.0,0.0,0.0,0.0,0.0,0.0,0.8692371,-25.400011,84.87137,-42.06071,,,,,1.4,1.23,1.33,1.57,0.87,0.99,0.69,0.0,1510.0,static,1.3462765216827393,0,0.0004020179994768114,0,0,1
1.3608408139998573,136,1,0.0,0.0,0.0,0.0,0.0,0.0,0.0,0.0,0.0,0.0,0.0,0.0,0.87016606,-25.398726,84.8773,-42.06317,,,,,1.4,1.23,1.33,1.57,0.87,0.99,0.69,0.0,1510.0,static,1.3462765216827393,0,0.0003947040004277369,0,0,1
1.370846425000309,137,1,0.0,0.0,0.0,0.0,0.0,0.0,0.0,0.0,0.0,0.0,0.0,0.0,0.86866343,-25.40867,84.87336,-42.061028,,,,,1.4,1.23,1.33,1.57,0.87,0.99,0.69,0.0,1510.0,static,1.3462765216827393,0,0.0003993519994764938,0,0,1
1.3808414619998075,138,1,0.0,0.0,0.0,0.0,0.0,0.0,0.0,0.0,0.0,0.0,0.0,0.0,0.86889565,-25.411581,84.86997,-42.06082,,,,,1.4,1.23,1.33,1.57,0.87,0.99,0.69,0.0,1510.0,static,1.3462765216827393,0,0.0003942220000681118,0,0,1
1.390846739999688,139,1,0.0,0.0,0.0,0.0,0.0,0.0,0.0,0.0,0.0,0.0,0.0,0.0,0.8692098,-25.415747,84.86694,-42.055016,,,,,1.4,1.23,1.33,1.57,0.87,0.99,0.69,0.0,1510.0,static,1.3462765216827393,0,0.00039916700006870087,0,0,1
1.400851035999949,140,1,0.0,0.0,0.0,0.0,0.0,0.0,0.0,0.0,0.0,0.0,0.0,0.0,0.8689366,-25.412891,84.87483,-42.060673,,,,,1.39,1.23,1.33,1.57,0.86,0.99,0.67,0.0,1510.0,static,1.3964507579803467,0,0.0004013699999632081,0,0,1
1.410849443999723,141,1,0.0,0.0,0.0,0.0,0.0,0.0,0.0,0.0,0.0,0.0,0.0,0.0,0.8675842,-25.413958,84.86861,-42.056927,,,,,1.39,1.23,1.33,1.57,0.86,0.99,0.67,0.0,1510.0,static,1.3964507579803467,0,0.0003952410006604623,0,0,1
1.4208496290002586,142,1,0.0,0.0,0.0,0.0,0.0,0.0,0.0,0.0,0.0,0.0,0.0,0.0,0.86785746,-25.421402,84.872025,-42.063156,,,,,1.39,1.23,1.33,1.57,0.86,0.99,0.67,0.0,1510.0,static,1.3964507579803467,0,0.0004028329994980595,0,0,1
1.4308415360001163,143,1,0.0,0.0,0.0,0.0,0.0,0.0,0.0,0.0,0.0,0.0,0.0,0.0,0.8682263,-25.420568,84.87341,-42.063923,,,,,1.39,1.23,1.33,1.57,0.86,0.99,0.67,0.0,1510.0,static,1.3964507579803467,0,0.0003933709995180834,0,0,1
1.4408450179998908,144,1,0.0,0.0,0.0,0.0,0.0,0.0,0.0,0.0,0.0,0.0,0.0,0.0,0.8682263,-25.411978,84.87156,-42.066956,,,,,1.39,1.23,1.33,1.57,0.86,0.99,0.67,0.0,1510.0,static,1.3964507579803467,0,0.0003985740004281979,0,0,1
1.4508376660005524,145,1,0.0,0.0,0.0,0.0,0.0,0.0,0.0,0.0,0.0,0.0,0.0,0.0,0.86837655,-25.414272,84.866394,-42.060917,,,,,1.39,1.23,1.33,1.57,0.86,0.99,0.67,0.0,1510.0,static,1.3964507579803467,0,0.0003904069999407511,0,0,1
1.4608822770005645,146,1,0.0,0.0,0.0,0.0,0.0,0.0,0.0,0.0,0.0,0.0,0.0,0.0,0.869524,-25.419327,84.87579,-42.061737,,,,,1.39,1.22,1.33,1.57,0.86,0.99,0.69,0.0,1510.0,static,1.4453721046447754,0,0.00043383399952290347,0,0,1
1.4708426100005454,147,1,0.0,0.0,0.0,0.0,0.0,0.0,0.0,0.0,0.0,0.0,0.0,0.0,0.8700841,-25.406322,84.87817,-42.067528,,,,,1.39,1.22,1.33,1.57,0.86,0.99,0.69,0.0,1510.0,static,1.4453721046447754,0,0.0003952229999413248,0,0,1
1.4808415180004886,148,1,0.0,0.0,0.0,0.0,0.0,0.0,0.0,0.0,0.0,0.0,0.0,0.0,0.8699475,-25.412386,84.878716,-42.060345,,,,,1.39,1.22,1.33,1.57,0.86,0.99,0.69,0.0,1510.0,static,1.4453721046447754,0,0.0003931860001102905,0,0,1
1.4908439809996707,149,1,0.0,0.0,0.0,0.0,0.0,0.0,0.0,0.0,0.0,0.0,0.0,0.0,0.8701797,-25.408424,84.8791,-42.06402,,,,,1.39,1.22,1.33,1.57,0.86,0.99,0.69,0.0,1510.0,static,1.4453721046447754,0,0.00039713000023766654,0,0,1
1.5008403140000155,150,1,0.0,0.0,0.0,0.0,0.0,0.0,0.0,0.0,0.0,0.0,0.0,0.0,0.8698109,-25.414286,84.88038,-42.06985,,,,,1.39,1.22,1.33,1.57,0.86,0.99,0.69,0.0,1510.0,static,1.4453721046447754,0,0.00039327700051217107,0,0,1
1.5108405549999588,151,1,0.0,0.0,0.0,0.0,0.0,0.0,0.0,0.0,0.0,0.0,0.0,0.0,0.86927813,-25.398481,84.870735,-42.064987,,,,,1.39,1.22,1.33,1.57,0.86,0.99,0.69,0.0,1510.0,static,1.4453721046447754,0,0.00039361099970847135,0,0,1
1.520843109999987,152,1,0.0,0.0,0.0,0.0,0.0,0.0,0.0,0.0,0.0,0.0,0.0,0.0,0.86866343,-25.399368,84.87071,-42.06496,,,,,1.39,1.22,1.33,1.56,0.86,0.99,0.67,0.0,1510.0,static,1.5183284282684326,0,0.00039449999985663453,0,0,1
1.5308430730001419,153,1,0.0,0.0,0.0,0.0,0.0,0.0,0.0,0.0,0.0,0.0,0.0,0.0,0.8686088,-25.395338,84.87489,-42.070232,,,,,1.39,1.22,1.33,1.56,0.86,0.99,0.67,0.0,1510.0,static,1.5183284282684326,0,0.00039568600004713517,0,0,1
1.5408425920004447,154,1,0.0,0.0,0.0,0.0,0.0,0.0,0.0,0.0,0.0,0.0,0.0,0.0,0.8675569,-25.391718,84.86484,-42.068142,,,,,1.39,1.22,1.33,1.56,0.86,0.99,0.67,0.0,1510.0,static,1.5183284282684326,0,0.00039622300027986057,0,0,1
1.5508397029998378,155,1,0.0,0.0,0.0,0.0,0.0,0.0,0.0,0.0,0.0,0.0,0.0,0.0,0.86856776,-25.386364,84.86429,-42.062664,,,,,1.39,1.22,1.33,1.56,0.86,0.99,0.67,0.0,1510.0,static,1.5183284282684326,0,0.0003930370003217831,0,0,1
1.5608662949998688,156,1,0.0,0.0,0.0,0.0,0.0,0.0,0.0,0.0,0.0,0.0,0.0,0.0,0.8681853,-25.399956,84.865135,-42.05966,,,,,1.39,1.22,1.33,1.56,0.86,0.99,0.67,0.0,1510.0,static,1.5183284282684326,0,0.0003966670001318562,0,0,1
1.5708427580002535,157,1,0.0,0.0,0.0,0.0,0.0,0.0,0.0,0.0,0.0,0.0,0.0,0.0,0.86844486,-25.394573,84.866745,-42.061165,,,,,1.39,1.22,1.33,1.56,0.86,0.99,0.67,0.0,1510.0,static,1.5183284282684326,0,0.0003947400000470225,0,0,1
1.580838536000556,158,1,0.0,0.0,0.0,0.0,0.0,0.0,0.0,0.0,0.0,0.0,0.0,0.0,0.8675296,-25.39116,84.86109,-42.058594,,,,,1.39,1.22,1.33,1.56,0.86,0.99,0.68,0.0,1510.0,static,1.5792908668518066,0,0.00039155600006779423,0,0,1
1.5908412030003092,159,1,0.0,0.0,0.0,0.0,0.0,0.0,0.0,0.0,0.0,0.0,0.0,0.0,0.868117,-25.394983,84.869865,-42.061028,,,,,1.39,1.22,1.33,1.56,0.86,0.99,0.68,0.0,1510.0,static,1.5792908668518066,0,0.00039409300006809644,0,0,1
1.6008381290002944,160,1,0.0,0.0,0.0,0.0,0.0,0.0,0.0,0.0,0.0,0.0,0.0,0.0,0.86769354,-25.395994,84.86883,-42.06044,,,,,1.39,1.22,1.33,1.56,0.86,0.99,0.68,0.0,1510.0,static,1.5792908668518066,0,0.00039149999975052197,0,0,1
1.6108451469999636,161,1,0.0,0.0,0.0,0.0,0.0,0.0,0.0,0.0,0.0,0.0,0.0,0.0,0.8690459,-25.39624,84.870056,-42.06332,,,,,1.39,1.22,1.33,1.56,0.86,0.99,0.68,0.0,1510.0,static,1.5792908668518066,0,0.0003978340000685421,0,0,1
1.6208405180004775,162,1,0.0,0.0,0.0,0.0,0.0,0.0,0.0,0.0,0.0,0.0,0.0,0.0,0.86927813,-25.394136,84.87079,-42.06141,,,,,1.39,1.22,1.33,1.56,0.86,0.99,0.68,0.0,1510.0,static,1.5792908668518066,0,0.00039355599983537104,0,0,1
1.6308482579997872,163,1,0.0,0.0,0.0,0.0,0.0,0.0,0.0,0.0,0.0,0.0,0.0,0.0,0.8696606,-25.400557,84.87929,-42.069798,,,,,1.38,1.22,1.33,1.56,0.86,0.99,0.67,0.0,1510.0,static,1.6296424865722656,0,0.0004012220006188727,0,0,1
1.640839610000512,164,1,0.0,0.0,0.0,0.0,0.0,0.0,0.0,0.0,0.0,0.0,0.0,0.0,0.86878633,-25.390776,84.869675,-42.069332,,,,,1.38,1.22,1.33,1.56,0.86,0.99,0.67,0.0,1510.0,static,1.6296424865722656,0,0.0003930000002583256,0,0,1
1.6508397770003285,165,1,0.0,0.0,0.0,0.0,0.0,0.0,0.0,0.0,0.0,0.0,0.0,0.0,0.86873174,-25.38411,84.868225,-42.070343,,,,,1.38,1.22,1.33,1.56,0.86,0.99,0.67,0.0,1510.0,static,1.6296424865722656,0,0.00039331500011030585,0,0,1
1.6608483689997229,166,1,0.0,0.0,0.0,0.0,0.0,0.0,0.0,0.0,0.0,0.0,0.0,0.0,0.8684175,-25.39303,84.87631,-42.075043,,,,,1.38,1.22,1.33,1.56,0.86,0.99,0.67,0.0,1510.0,static,1.6296424865722656,0,0.0004023890005555586,0,0,1
1.6708369059997494,167,1,0.0,0.0,0.0,0.0,0.0,0.0,0.0,0.0,0.0,0.0,0.0,0.0,0.86767983,-25.393932,84.875465,-42.07627,,,,,1.38,1.22,1.33,1.56,0.86,0.99,0.67,0.0,1510.0,static,1.6296424865722656,0,0.00039033300072333077,0,0,1
1.680834925000454,168,1,0.0,0.0,0.0,0.0,0.0,0.0,0.0,0.0,0.0,0.0,0.0,0.0,0.86844486,-25.383017,84.87227,-42.076096,,,,,1.38,1.22,1.33,1.56,0.86,0.99,0.67,0.0,1510.0,static,1.6296424865722656,0,0.0003886479998982395,0,0,1
1.6908422579999751,169,1,0.0,0.0,0.0,0.0,0.0,0.0,0.0,0.0,0.0,0.0,0.0,0.0,0.86882734,-25.383223,84.875984,-42.0856,,,,,1.38,1.22,1.33,1.56,0.86,0.99,0.69,0.0,1510.0,static,1.6895387172698975,0,0.00039536999975098297,0,0,1
1.7008382029998756,170,1,0.0,0.0,0.0,0.0,0.0,0.0,0.0,0.0,0.0,0.0,0.0,0.0,0.8681853,-25.388113,84.87306,-42.08041,,,,,1.38,1.22,1.33,1.56,0.86,0.99,0.69,0.0,1510.0,static,1.6895387172698975,0,0.00039209300030051963,0,0,1
1.7108519620005609,171,1,0.0,0.0,0.0,0.0,0.0,0.0,0.0,0.0,0.0,0.0,0.0,0.0,0.86819893,-25.380161,84.86688,-42.08048,,,,,1.38,1.22,1.33,1.56,0.86,0.99,0.69,0.0,1510.0,static,1.6895387172698975,0,0.0003979820003223722,0,0,1
1.7208398510001643,172,1,0.0,0.0,0.0,0.0,0.0,0.0,0.0,0.0,0.0,0.0,0.0,0.0,0.8687454,-25.376925,84.873825,-42.079906,,,,,1.38,1.22,1.33,1.56,0.86,0.99,0.69,0.0,1510.0,static,1.6895387172698975,0,0.0003921109992006677,0,0,1
1.7309334060000765,173,1,0.0,0.0,0.0,0.0,0.0,0.0,0.0,0.0,0.0,0.0,0.0,0.0,0.86856776,-25.385475,84.87751,-42.075016,,,,,1.38,1.22,1.33,1.56,0.86,0.99,0.69,0.0,1510.0,static,1.6895387172698975,0,0.00039966700023796875,0,0,1
1.7415730920001806,174,1,0.0,0.0,0.0,0.0,0.0,0.0,0.0,0.0,0.0,0.0,0.0,0.0,0.8675433,-25.38277,84.86954,-42.06529,,,,,1.38,1.22,1.33,1.56,0.86,0.99,0.68,0.0,1510.0,static,1.7393004894256592,0,0.00040100000023812754,0,0,1
1.7508484250001857,175,1,0.0,0.0,0.0,0.0,0.0,0.0,0.0,0.0,0.0,0.0,0.0,0.0,0.8694967,-25.3731,84.86746,-42.06615,,,,,1.38,1.22,1.33,1.56,0.86,0.99,0.68,0.0,1510.0,static,1.7393004894256592,0,0.0004018520003228332,0,0,1
1.7608435729998746,176,1,0.0,0.0,0.0,0.0,0.0,0.0,0.0,0.0,0.0,0.0,0.0,0.0,0.8694284,-25.363455,84.87205,-42.069412,,,,,1.38,1.22,1.33,1.56,0.86,0.99,0.68,0.0,1510.0,static,1.7393004894256592,0,0.00039609299983567325,0,0,1
1.771624666000207,177,1,0.0,0.0,0.0,0.0,0.0,0.0,0.0,0.0,0.0,0.0,0.0,0.0,0.8683492,-25.375257,84.867134,-42.07029,,,,,1.38,1.22,1.33,1.56,0.86,0.99,0.68,0.0,1510.0,static,1.7393004894256592,0,0.00040222200004791375,0,0,1
1.7816718140002195,178,1,0.0,0.0,0.0,0.0,0.0,0.0,0.0,0.0,0.0,0.0,0.0,0.0,0.8689366,-25.368332,84.866066,-42.062473,,,,,1.38,1.22,1.33,1.56,0.86,0.99,0.68,0.0,1510.0,static,1.7393004894256592,0,0.00040338899998459965,0,0,1
1.7916866289997415,179,1,0.0,0.0,0.0,0.0,0.0,0.0,0.0,0.0,0.0,0.0,0.0,0.0,0.8688137,-25.3678,84.870544,-42.06287,,,,,1.38,1.22,1.33,1.56,0.86,0.99,0.68,0.0,1510.0,static,1.7904720306396484,0,0.0003976479993070825,0,0,1
1.8008452399999442,180,1,0.0,0.0,0.0,0.0,0.0,0.0,0.0,0.0,0.0,0.0,0.0,0.0,0.868117,-25.3581,84.86432,-42.06477,,,,,1.38,1.22,1.33,1.56,0.86,0.99,0.68,0.0,1510.0,static,1.7904720306396484,0,0.00039863000074547017,0,0,1
1.8108430359998238,181,1,0.0,0.0,0.0,0.0,0.0,0.0,0.0,0.0,0.0,0.0,0.0,0.0,0.8682946,-25.357418,84.85921,-42.065166,,,,,1.38,1.22,1.33,1.56,0.86,0.99,0.68,0.0,1510.0,static,1.7904720306396484,0,0.0003962959999626037,0,0,1
1.821752851000383,182,1,0.0,0.0,0.0,0.0,0.0,0.0,0.0,0.0,0.0,0.0,0.0,0.0,0.86903226,-25.356339,84.86825,-42.066586,,,,,1.38,1.22,1.33,1.56,0.86,0.99,0.68,0.0,1510.0,static,1.7904720306396484,0,0.00039833400023780996,0,0,1
1.8308458689998588,183,1,0.0,0.0,0.0,0.0,0.0,0.0,0.0,0.0,0.0,0.0,0.0,0.0,0.8686088,-25.367006,84.86951,-42.05955,,,,,1.38,1.22,1.33,1.56,0.86,0.99,0.68,0.0,1510.0,static,1.7904720306396484,0,0.00040014899968809914,0,0,1
1.8408568320000995,184,1,0.0,0.0,0.0,0.0,0.0,0.0,0.0,0.0,0.0,0.0,0.0,0.0,0.86837655,-25.357882,84.86339,-42.05842,,,,,1.38,1.22,1.33,1.56,0.86,0.99,0.68,0.0,1510.0,static,1.7904720306396484,0,0.00040194400025939103,0,0,1
1.8508480910004437,185,1,0.0,0.0,0.0,0.0,0.0,0.0,0.0,0.0,0.0,0.0,0.0,0.0,0.8684585,-25.355928,84.863144,-42.05663,,,,,1.38,1.21,1.33,1.56,0.86,0.99,0.68,0.0,1510.0,static,1.8461642265319824,0,0.0004009260001112125,0,0,1
1.860844869000175,186,1,0.0,0.0,0.0,0.0,0.0,0.0,0.0,0.0,0.0,0.0,0.0,0.0,0.868117,-25.352938,84.87101,-42.060944,,,,,1.38,1.21,1.33,1.56,0.86,0.99,0.68,0.0,1510.0,static,1.8461642265319824,0,0.0003977779997512698,0,0,1
1.8708456290005415,187,1,0.0,0.0,0.0,0.0,0.0,0.0,0.0,0.0,0.0,0.0,0.0,0.0,0.86799407,-25.359903,84.86836,-42.055508,,,,,1.38,1.21,1.33,1.56,0.86,0.99,0.68,0.0,1510.0,static,1.8461642265319824,0,0.0003993519994764938,0,0,1
1.8808047210004588,188,1,0.0,0.0,0.0,0.0,0.0,0.0,0.0,0.0,0.0,0.0,0.0,0.0,0.8684858,-25.35489,84.871666,-42.061478,,,,,1.38,1.21,1.33,1.56,0.86,0.99,0.68,0.0,1510.0,static,1.8461642265319824,0,0.00039509199996246025,0,0,1
1.8916833690000203,189,1,0.0,0.0,0.0,0.0,0.0,0.0,0.0,0.0,0.0,0.0,0.0,0.0,0.868841,-25.351406,84.870735,-42.05943,,,,,1.38,1.21,1.33,1.56,0.86,0.99,0.68,0.0,1510.0,static,1.8461642265319824,0,0.00040485200042894576,0,0,1
1.90084010999999,190,1,0.0,0.0,0.0,0.0,0.0,0.0,0.0,0.0,0.0,0.0,0.0,0.0,0.86899126,-25.35455,84.86773,-42.05854,,,,,1.38,1.21,1.33,1.56,0.86,0.99,0.68,0.0,1510.0,static,1.8461642265319824,0,0.0003935920003641513,0,0,1
1.9108390910005255,191,1,0.0,0.0,0.0,0.0,0.0,0.0,0.0,0.0,0.0,0.0,0.0,0.0,0.86967427,-25.356707,84.87429,-42.062775,,,,,1.38,1.21,1.33,1.55,0.86,0.99,0.68,0.0,1510.0,static,1.8954579830169678,0,0.00039240699970832793,0,0,1
1.9217491839999639,192,1,0.0,0.0,0.0,0.0,0.0,0.0,0.0,0.0,0.0,0.0,0.0,0.0,0.87050754,-25.35672,84.88303,-42.068867,,,,,1.38,1.21,1.33,1.55,0.86,0.99,0.68,0.0,1510.0,static,1.8954579830169678,0,0.0003980190003858297,0,0,1
1.930845906000286,193,1,0.0,0.0,0.0,0.0,0.0,0.0,0.0,0.0,0.0,0.0,0.0,0.0,0.87009776,-25.36366,84.87918,-42.059113,,,,,1.38,1.21,1.33,1.55,0.86,0.99,0.68,0.0,1510.0,static,1.8954579830169678,0,0.00039975999970920384,0,0,1
1.9408468510000603,194,1,0.0,0.0,0.0,0.0,0.0,0.0,0.0,0.0,0.0,0.0,0.0,0.0,0.86976993,-25.376324,84.88071,-42.059128,,,,,1.38,1.21,1.33,1.55,0.86,0.99,0.68,0.0,1510.0,static,1.8954579830169678,0,0.00040103700030158507,0,0,1
1.9508409620002567,195,1,0.0,0.0,0.0,0.0,0.0,0.0,0.0,0.0,0.0,0.0,0.0,0.0,0.8696196,-25.373701,84.88276,-42.05742,,,,,1.38,1.21,1.33,1.55,0.86,0.99,0.68,0.0,1510.0,static,1.8954579830169678,0,0.0003942780003853841,0,0,1
1.9608405170001788,196,1,0.0,0.0,0.0,0.0,0.0,0.0,0.0,0.0,0.0,0.0,0.0,0.0,0.86875904,-25.371748,84.87721,-42.061134,,,,,1.37,1.21,1.33,1.55,0.86,0.99,0.68,0.0,1510.0,static,1.9462451934814453,0,0.00039385199943353655,0,0,1
1.9708472399997845,197,1,0.0,0.0,0.0,0.0,0.0,0.0,0.0,0.0,0.0,0.0,0.0,0.0,0.8689503,-25.365791,84.87347,-42.060795,,,,,1.37,1.21,1.33,1.55,0.86,0.99,0.68,0.0,1510.0,static,1.9462451934814453,0,0.0004010559996459051,0,0,1
1.9808497579997493,198,1,0.0,0.0,0.0,0.0,0.0,0.0,0.0,0.0,0.0,0.0,0.0,0.0,0.86905956,-25.373974,84.87754,-42.058445,,,,,1.37,1.21,1.33,1.55,0.86,0.99,0.68,0.0,1510.0,static,1.9462451934814453,0,0.00040216700017481344,0,0,1
1.9917016099998364,199,1,0.0,0.0,0.0,0.0,0.0,0.0,0.0,0.0,0.0,0.0,0.0,0.0,0.8685541,-25.368551,84.8774,-42.058678,,,,,1.37,1.21,1.33,1.55,0.86,0.99,0.68,0.0,1510.0,static,1.9462451934814453,0,0.00039977800042834133,0,0,1
2.0008463880003546,200,1,0.0,0.0,0.0,0.0,0.0,0.0,0.0,0.0,0.0,0.0,0.0,0.0,0.86851317,-25.367321,84.87243,-42.058132,,,,,1.37,1.21,1.33,1.55,0.86,0.99,0.68,0.0,1510.0,static,1.9462451934814453,0,0.00039992599977267673,0,0,1
2.0108404620004876,201,1,0.0,0.0,0.0,0.0,0.0,0.0,0.0,0.0,0.0,0.0,0.0,0.0,0.87002945,-25.371857,84.87489,-42.062885,,,,,1.37,1.21,1.33,1.55,0.86,0.99,0.68,0.0,1510.0,static,1.9462451934814453,0,0.00039359299989882857,0,0,1
2.021754202000011,202,1,0.0,0.0,0.0,0.0,0.0,0.0,0.0,0.0,0.0,0.0,0.0,0.0,0.87016606,-25.382225,84.87811,-42.062176,,,,,1.37,1.21,1.33,1.55,0.86,0.99,0.69,0.0,1510.0,static,2.018371105194092,0,0.0003985369994552457,0,0,1
2.030843073000142,203,1,0.0,0.0,0.0,0.0,0.0,0.0,0.0,0.0,0.0,0.0,0.0,0.0,0.87048024,-25.374807,84.87568,-42.06096,,,,,1.37,1.21,1.33,1.55,0.86,0.99,0.69,0.0,1510.0,static,2.018371105194092,0,0.0003963150002164184,0,0,1
2.0408499430004667,204,1,0.0,0.0,0.0,0.0,0.0,0.0,0.0,0.0,0.0,0.0,0.0,0.0,0.8700158,-25.37982,84.87079,-42.06305,,,,,1.37,1.21,1.33,1.55,0.86,0.99,0.69,0.0,1510.0,static,2.018371105194092,0,0.00039505599943367997,0,0,1
2.050846201999775,205,1,0.0,0.0,0.0,0.0,0.0,0.0,0.0,0.0,0.0,0.0,0.0,0.0,0.87007046,-25.373564,84.87516,-42.066055,,,,,1.37,1.21,1.33,1.55,0.86,0.99,0.69,0.0,1510.0,static,2.018371105194092,0,0.000399647999984154,0,0,1
2.0608374620005634,206,1,0.0,0.0,0.0,0.0,0.0,0.0,0.0,0.0,0.0,0.0,0.0,0.0,0.8701387,-25.369303,84.8712,-42.05682,,,,,1.37,1.21,1.33,1.55,0.86,0.99,0.69,0.0,1510.0,static,2.018371105194092,0,0.0003904999994119862,0,0,1
2.0708185169996796,207,1,0.0,0.0,0.0,0.0,0.0,0.0,0.0,0.0,0.0,0.0,0.0,0.0,0.87048024,-25.367458,84.872925,-42.061287,,,,,1.37,1.21,1.33,1.55,0.86,0.99,0.69,0.0,1510.0,static,2.018371105194092,0,0.0003977780006607645,0,0,1
2.080841517000408,208,1,0.0,0.0,0.0,0.0,0.0,0.0,0.0,0.0,0.0,0.0,0.0,0.0,0.8703983,-25.375586,84.86877,-42.05798,,,,,1.37,1.21,1.33,1.55,0.85,0.99,0.67,0.0,1510.0,static,2.0794575214385986,0,0.0003960550002375385,0,0,1
2.091823091000151,209,1,0.0,0.0,0.0,0.0,0.0,0.0,0.0,0.0,0.0,0.0,0.0,0.0,0.8699475,-25.373905,84.86866,-42.070015,,,,,1.37,1.21,1.33,1.55,0.85,0.99,0.67,0.0,1510.0,static,2.0794575214385986,0,0.00040055499994196,0,0,1
2.100842814000316,210,1,0.0,0.0,0.0,0.0,0.0,0.0,0.0,0.0,0.0,0.0,0.0,0.0,0.8702753,-25.371296,84.86544,-42.067406,,,,,1.37,1.21,1.33,1.55,0.85,0.99,0.67,0.0,1510.0,static,2.0794575214385986,0,0.0003964259994972963,0,0,1
2.1108392579999418,211,1,0.0,0.0,0.0,0.0,0.0,0.0,0.0,0.0,0.0,0.0,0.0,0.0,0.8709583,-25.375914,84.87243,-42.071762,,,,,1.37,1.21,1.33,1.55,0.85,0.99,0.67,0.0,1510.0,static,2.0794575214385986,0,0.00039283300066017546,0,0,1
2.120840794999822,212,1,0.0,0.0,0.0,0.0,0.0,0.0,0.0,0.0,0.0,0.0,0.0,0.0,0.8711086,-25.378195,84.86746,-42.065697,,,,,1.37,1.21,1.33,1.55,0.85,0.99,0.67,0.0,1510.0,static,2.0794575214385986,0,0.00039522200040664757,0,0,1
2.130840814000294,213,1,0.0,0.0,0.0,0.0,0.0,0.0,0.0,0.0,0.0,0.0,0.0,0.0,0.8705895,-25.368605,84.869125,-42.071243,,,,,1.37,1.21,1.33,1.55,0.85,0.99,0.67,0.0,1510.0,static,2.0794575214385986,0,0.00039468500017392216,0,0,1
2.1416908319997674,214,1,0.0,0.0,0.0,0.0,0.0,0.0,0.0,0.0,0.0,0.0,0.0,0.0,0.8705895,-25.369316,84.87096,-42.07735,,,,,1.37,1.21,1.33,1.55,0.85,0.99,0.69,0.0,1510.0,static,2.139728307723999,0,0.0012373330000627902,0,0,1
2.150848424999822,215,1,0.0,0.0,0.0,0.0,0.0,0.0,0.0,0.0,0.0,0.0,0.0,0.0,0.8697426,-25.380066,84.87248,-42.076584,,,,,1.37,1.21,1.33,1.55,0.85,0.99,0.69,0.0,1510.0,static,2.139728307723999,0,0.0004018520003228332,0,0,1
2.1608400360000815,216,1,0.0,0.0,0.0,0.0,0.0,0.0,0.0,0.0,0.0,0.0,0.0,0.0,0.8692918,-25.37243,84.87172,-42.07638,,,,,1.37,1.21,1.33,1.55,0.85,0.99,0.69,0.0,1510.0,static,2.139728307723999,0,0.00039301900051214034,0,0,1
2.171727572999771,217,1,0.0,0.0,0.0,0.0,0.0,0.0,0.0,0.0,0.0,0.0,0.0,0.0,0.8689776,-25.36504,84.86992,-42.08104,,,,,1.37,1.21,1.33,1.55,0.85,0.99,0.69,0.0,1510.0,static,2.139728307723999,0,0.0004009260001112125,0,0,1
2.180817610000304,218,1,0.0,0.0,0.0,0.0,0.0,0.0,0.0,0.0,0.0,0.0,0.0,0.0,0.86964697,-25.371706,84.88074,-42.08676,,,,,1.37,1.21,1.33,1.55,0.85,0.99,0.69,0.0,1510.0,static,2.139728307723999,0,0.00039742599983583204,0,0,1
2.190843016999679,219,1,0.0,0.0,0.0,0.0,0.0,0.0,0.0,0.0,0.0,0.0,0.0,0.0,0.8701524,-25.37661,84.87713,-42.07966,,,,,1.37,1.21,1.33,1.55,0.85,0.99,0.69,0.0,1510.0,static,2.139728307723999,0,0.00039688900051260134,0,0,1
2.2008450539997284,220,1,0.0,0.0,0.0,0.0,0.0,0.0,0.0,0.0,0.0,0.0,0.0,0.0,0.8708218,-25.364288,84.87811,-42.080917,,,,,1.37,1.21,1.33,1.55,0.85,0.99,0.69,0.0,1510.0,static,2.196260452270508,0,0.0003979260000050999,0,0,1
2.210838332000094,221,1,0.0,0.0,0.0,0.0,0.0,0.0,0.0,0.0,0.0,0.0,0.0,0.0,0.8708764,-25.377197,84.88093,-42.076927,,,,,1.37,1.21,1.33,1.55,0.85,0.99,0.69,0.0,1510.0,static,2.196260452270508,0,0.0003916850000678096,0,0,1
2.2208426650004185,222,1,0.0,0.0,0.0,0.0,0.0,0.0,0.0,0.0,0.0,0.0,0.0,0.0,0.8719282,-25.37448,84.879425,-42.072186,,,,,1.37,1.21,1.33,1.55,0.85,0.99,0.69,0.0,1510.0,static,2.196260452270508,0,0.000395443999877898,0,0,1
2.2308467020002354,223,1,0.0,0.0,0.0,0.0,0.0,0.0,0.0,0.0,0.0,0.0,0.0,0.0,0.8711496,-25.370012,84.879265,-42.064823,,,,,1.37,1.21,1.33,1.55,0.85,0.99,0.69,0.0,1510.0,static,2.196260452270508,0,0.000399647999984154,0,0,1
2.240849110000454,224,1,0.0,0.0,0.0,0.0,0.0,0.0,0.0,0.0,0.0,0.0,0.0,0.0,0.87050754,-25.36504,84.88055,-42.070507,,,,,1.37,1.21,1.33,1.55,0.85,0.99,0.69,0.0,1510.0,static,2.196260452270508,0,0.0003959440000471659,0,0,1
2.250847258000249,225,1,0.0,0.0,0.0,0.0,0.0,0.0,0.0,0.0,0.0,0.0,0.0,0.0,0.86953765,-25.373072,84.88276,-42.072147,,,,,1.36,1.21,1.33,1.55,0.85,0.99,0.68,0.0,1510.0,static,2.2463579177856445,0,0.0004006850003861473,0,0,1
2.260839980000128,226,1,0.0,0.0,0.0,0.0,0.0,0.0,0.0,0.0,0.0,0.0,0.0,0.0,0.8700431,-25.367252,84.880135,-42.072773,,,,,1.36,1.21,1.33,1.55,0.85,0.99,0.68,0.0,1510.0,static,2.2463579177856445,0,0.00039244399977178546,0,0,1
2.270844276000389,227,1,0.0,0.0,0.0,0.0,0.0,0.0,0.0,0.0,0.0,0.0,0.0,0.0,0.8699202,-25.36504,84.873604,-42.059742,,,,,1.36,1.21,1.33,1.55,0.85,0.99,0.68,0.0,1510.0,static,2.2463579177856445,0,0.00039729600030113943,0,0,1
2.2808430360000784,228,1,0.0,0.0,0.0,0.0,0.0,0.0,0.0,0.0,0.0,0.0,0.0,0.0,0.86901855,-25.372976,84.8732,-42.061996,,,,,1.36,1.21,1.33,1.55,0.85,0.99,0.68,0.0,1510.0,static,2.2463579177856445,0,0.000397093000174209,0,0,1
2.290841535999789,229,1,0.0,0.0,0.0,0.0,0.0,0.0,0.0,0.0,0.0,0.0,0.0,0.0,0.8697972,-25.37687,84.87251,-42.062664,,,,,1.36,1.21,1.33,1.55,0.85,0.99,0.68,0.0,1510.0,static,2.2463579177856445,0,0.0003950750005969894,0,0,1
2.300846072999775,230,1,0.0,0.0,0.0,0.0,0.0,0.0,0.0,0.0,0.0,0.0,0.0,0.0,0.8697426,-25.363878,84.8756,-42.0675,,,,,1.36,1.21,1.33,1.55,0.85,0.99,0.68,0.0,1510.0,static,2.2463579177856445,0,0.0003993520003859885,0,0,1
2.310846369000501,231,1,0.0,0.0,0.0,0.0,0.0,0.0,0.0,0.0,0.0,0.0,0.0,0.0,0.8703436,-25.364658,84.87251,-42.06198,,,,,1.36,1.2,1.33,1.55,0.85,0.99,0.69,0.0,1510.0,static,2.296452522277832,0,0.00039935099994181655,0,0,1
2.3217233499999566,232,1,0.0,0.0,0.0,0.0,0.0,0.0,0.0,0.0,0.0,0.0,0.0,0.0,0.8704256,-25.377594,84.87642,-42.059006,,,,,1.36,1.2,1.33,1.55,0.85,0.99,0.69,0.0,1510.0,static,2.296452522277832,0,0.0003985189996456029,0,0,1
2.3308391840000695,233,1,0.0,0.0,0.0,0.0,0.0,0.0,0.0,0.0,0.0,0.0,0.0,0.0,0.8708901,-25.370968,84.87675,-42.063786,,,,,1.36,1.2,1.33,1.55,0.85,0.99,0.69,0.0,1510.0,static,2.296452522277832,0,0.0003930370003217831,0,0,1
2.3408498320004583,234,1,0.0,0.0,0.0,0.0,0.0,0.0,0.0,0.0,0.0,0.0,0.0,0.0,0.86957866,-25.36948,84.87593,-42.060345,,,,,1.36,1.2,1.33,1.55,0.85,0.99,0.69,0.0,1510.0,static,2.296452522277832,0,0.0003969629997300217,0,0,1
2.3508465730001262,235,1,0.0,0.0,0.0,0.0,0.0,0.0,0.0,0.0,0.0,0.0,0.0,0.0,0.87038463,-25.371939,84.87246,-42.0628,,,,,1.36,1.2,1.33,1.55,0.85,0.99,0.69,0.0,1510.0,static,2.296452522277832,0,0.0003999999998995918,0,0,1
2.360841999000513,236,1,0.0,0.0,0.0,0.0,0.0,0.0,0.0,0.0,0.0,0.0,0.0,0.0,0.8700841,-25.371119,84.868576,-42.06037,,,,,1.36,1.2,1.33,1.55,0.85,0.99,0.69,0.0,1510.0,static,2.296452522277832,0,0.00039507400015281746,0,0,1
2.3708402020001813,237,1,0.0,0.0,0.0,0.0,0.0,0.0,0.0,0.0,0.0,0.0,0.0,0.0,0.8719282,-25.36784,84.87904,-42.067623,,,,,1.36,1.2,1.33,1.54,0.85,0.99,0.68,0.0,1510.0,static,2.368377208709717,0,0.00039453699992009206,0,0,1
2.3808419990000402,238,1,0.0,0.0,0.0,0.0,0.0,0.0,0.0,0.0,0.0,0.0,0.0,0.0,0.87172335,-25.380777,84.87953,-42.066574,,,,,1.36,1.2,1.33,1.54,0.85,0.99,0.68,0.0,1510.0,static,2.368377208709717,0,0.00039527799981442513,0,0,1
2.3908438500002376,239,1,0.0,0.0,0.0,0.0,0.0,0.0,0.0,0.0,0.0,0.0,0.0,0.0,0.8720239,-25.381008,84.879074,-42.068363,,,,,1.36,1.2,1.33,1.54,0.85,0.99,0.68,0.0,1510.0,static,2.368377208709717,0,0.0003974450000896468,0,0,1
2.4008424989997366,240,1,0.0,0.0,0.0,0.0,0.0,0.0,0.0,0.0,0.0,0.0,0.0,0.0,0.8725839,-25.380627,84.87175,-42.06362,,,,,1.36,1.2,1.33,1.54,0.85,0.99,0.68,0.0,1510.0,static,2.368377208709717,0,0.00039609299983567325,0,0,1
2.410840647000441,241,1,0.0,0.0,0.0,0.0,0.0,0.0,0.0,0.0,0.0,0.0,0.0,0.0,0.8734172,-25.380285,84.87522,-42.06586,,,,,1.36,1.2,1.33,1.54,0.85,0.99,0.68,0.0,1510.0,static,2.368377208709717,0,0.0003941490003853687,0,0,1
2.4216848690002735,242,1,0.0,0.0,0.0,0.0,0.0,0.0,0.0,0.0,0.0,0.0,0.0,0.0,0.87281615,-25.38176,84.87262,-42.067364,,,,,1.36,1.2,1.33,1.54,0.85,0.99,0.69,0.0,1510.0,static,2.4182982444763184,0,0.00039957399985723896,0,0,1
2.4308393130004333,243,1,0.0,0.0,0.0,0.0,0.0,0.0,0.0,0.0,0.0,0.0,0.0,0.0,0.87278885,-25.37045,84.870926,-42.06742,,,,,1.36,1.2,1.33,1.54,0.85,0.99,0.69,0.0,1510.0,static,2.4182982444763184,0,0.00039372199989884393,0,0,1
2.4408439429998907,244,1,0.0,0.0,0.0,0.0,0.0,0.0,0.0,0.0,0.0,0.0,0.0,0.0,0.8730347,-25.377443,84.87424,-42.070534,,,,,1.36,1.2,1.33,1.54,0.85,0.99,0.69,0.0,1510.0,static,2.4182982444763184,0,0.00039718500011076685,0,0,1
2.4508424610003203,245,1,0.0,0.0,0.0,0.0,0.0,0.0,0.0,0.0,0.0,0.0,0.0,0.0,0.8732943,-25.386187,84.88008,-42.0822,,,,,1.36,1.2,1.33,1.54,0.85,0.99,0.69,0.0,1510.0,static,2.4182982444763184,0,0.00039614799970877357,0,0,1
2.4608442950002427,246,1,0.0,0.0,0.0,0.0,0.0,0.0,0.0,0.0,0.0,0.0,0.0,0.0,0.8727752,-25.38172,84.86994,-42.07309,,,,,1.36,1.2,1.33,1.54,0.85,0.99,0.69,0.0,1510.0,static,2.4182982444763184,0,0.0003973890006818692,0,0,1
2.470842054000059,247,1,0.0,0.0,0.0,0.0,0.0,0.0,0.0,0.0,0.0,0.0,0.0,0.0,0.8719419,-25.379002,84.87079,-42.071327,,,,,1.36,1.2,1.33,1.54,0.85,0.99,0.69,0.0,1510.0,static,2.4182982444763184,0,0.00039566700070281513,0,0,1
2.4808454060002987,248,1,0.0,0.0,0.0,0.0,0.0,0.0,0.0,0.0,0.0,0.0,0.0,0.0,0.8715594,-25.386364,84.87265,-42.069115,,,,,1.36,1.2,1.32,1.54,0.85,0.99,0.68,0.0,1510.0,static,2.4793927669525146,0,0.00039940799979376607,0,0,1
2.49084460999984,249,1,0.0,0.0,0.0,0.0,0.0,0.0,0.0,0.0,0.0,0.0,0.0,0.0,0.8719009,-25.39695,84.8768,-42.06973,,,,,1.36,1.2,1.32,1.54,0.85,0.99,0.68,0.0,1510.0,static,2.4793927669525146,0,0.0003987399995821761,0,0,1
2.5008436469997832,250,1,0.0,0.0,0.0,0.0,0.0,0.0,0.0,0.0,0.0,0.0,0.0,0.0,0.8722834,-25.391924,84.875656,-42.072666,,,,,1.36,1.2,1.32,1.54,0.85,0.99,0.68,0.0,1510.0,static,2.4793927669525146,0,0.00039716699939162936,0,0,1
2.510844702000213,251,1,0.0,0.0,0.0,0.0,0.0,0.0,0.0,0.0,0.0,0.0,0.0,0.0,0.8734172,-25.397196,84.88096,-42.073746,,,,,1.36,1.2,1.32,1.54,0.85,0.99,0.68,0.0,1510.0,static,2.4793927669525146,0,0.0003979260000050999,0,0,1
2.5208440360001987,252,1,0.0,0.0,0.0,0.0,0.0,0.0,0.0,0.0,0.0,0.0,0.0,0.0,0.87385434,-25.396704,84.88399,-42.076298,,,,,1.36,1.2,1.32,1.54,0.85,0.99,0.68,0.0,1510.0,static,2.4793927669525146,0,0.0003985370003647404,0,0,1
2.5308437390003746,253,1,0.0,0.0,0.0,0.0,0.0,0.0,0.0,0.0,0.0,0.0,0.0,0.0,0.8736768,-25.40348,84.884125,-42.073948,,,,,1.36,1.2,1.32,1.54,0.85,0.99,0.68,0.0,1510.0,static,2.4793927669525146,0,0.0003976480002165772,0,0,1
2.5408462949999375,254,1,0.0,0.0,0.0,0.0,0.0,0.0,0.0,0.0,0.0,0.0,0.0,0.0,0.8738817,-25.397018,84.88568,-42.075615,,,,,1.35,1.2,1.32,1.54,0.85,0.99,0.68,0.0,1510.0,static,2.540466070175171,0,0.0003926110002794303,0,0,1
2.550844239000071,255,1,0.0,0.0,0.0,0.0,0.0,0.0,0.0,0.0,0.0,0.0,0.0,0.0,0.87326694,-25.400747,84.88421,-42.07324,,,,,1.35,1.2,1.32,1.54,0.85,0.99,0.68,0.0,1510.0,static,2.540466070175171,0,0.00039794499934941996,0,0,1
2.5608438500003103,256,1,0.0,0.0,0.0,0.0,0.0,0.0,0.0,0.0,0.0,0.0,0.0,0.0,0.8753297,-25.397593,84.89035,-42.07731,,,,,1.35,1.2,1.32,1.54,0.85,0.99,0.68,0.0,1510.0,static,2.540466070175171,0,0.0003972040003645816,0,0,1
2.570846184000402,257,1,0.0,0.0,0.0,0.0,0.0,0.0,0.0,0.0,0.0,0.0,0.0,0.0,0.87516576,-25.406908,84.889915,-42.072857,,,,,1.35,1.2,1.32,1.54,0.85,0.99,0.68,0.0,1510.0,static,2.540466070175171,0,0.00039957399985723896,0,0,1
2.5808459609997954,258,1,0.0,0.0,0.0,0.0,0.0,0.0,0.0,0.0,0.0,0.0,0.0,0.0,0.87554824,-25.398167,84.88929,-42.072037,,,,,1.35,1.2,1.32,1.54,0.85,0.99,0.68,0.0,1510.0,static,2.540466070175171,0,0.0003998709998995764,0,0,1
2.5914972760001547,259,1,0.0,0.0,0.0,0.0,0.0,0.0,0.0,0.0,0.0,0.0,0.0,0.0,0.8742232,-25.400885,84.88019,-42.06198,,,,,1.35,1.2,1.32,1.54,0.85,0.99,0.69,0.0,1510.0,static,2.5902857780456543,0,0.0004042040000058478,0,0,1
2.6008415730002525,260,1,0.0,0.0,0.0,0.0,0.0,0.0,0.0,0.0,0.0,0.0,0.0,0.0,0.87523407,-25.390352,84.882866,-42.06902,,,,,1.35,1.2,1.32,1.54,0.85,0.99,0.69,0.0,1510.0,static,2.5902857780456543,0,0.00039518500034319004,0,0,1
2.610845258000154,261,1,0.0,0.0,0.0,0.0,0.0,0.0,0.0,0.0,0.0,0.0,0.0,0.0,0.8735948,-25.393644,84.88456,-42.071655,,,,,1.35,1.2,1.32,1.54,0.85,0.99,0.69,0.0,1510.0,static,2.5902857780456543,0,0.00039894400015327847,0,0,1
2.621729387000414,262,1,0.0,0.0,0.0,0.0,0.0,0.0,0.0,0.0,0.0,0.0,0.0,0.0,0.8735538,-25.39478,84.884865,-42.07335,,,,,1.35,1.2,1.32,1.54,0.85,0.99,0.69,0.0,1510.0,static,2.5902857780456543,0,0.0004042029995616758,0,0,1
2.630843795000146,263,1,0.0,0.0,0.0,0.0,0.0,0.0,0.0,0.0,0.0,0.0,0.0,0.0,0.87360847,-25.397333,84.88074,-42.064796,,,,,1.35,1.2,1.32,1.54,0.85,0.99,0.69,0.0,1510.0,static,2.5902857780456543,0,0.0003967040001953137,0,0,1
2.6408550349997313,264,1,0.0,0.0,0.0,0.0,0.0,0.0,0.0,0.0,0.0,0.0,0.0,0.0,0.8738134,-25.392334,84.88601,-42.0766,,,,,1.35,1.2,1.32,1.54,0.85,0.99,0.69,0.0,1510.0,static,2.5902857780456543,0,0.0004023710007459158,0,0,1
2.6508462210003927,265,1,0.0,0.0,0.0,0.0,0.0,0.0,0.0,0.0,0.0,0.0,0.0,0.0,0.87288445,-25.393726,84.8803,-42.071476,,,,,1.35,1.2,1.32,1.54,0.85,0.99,0.69,0.0,1510.0,static,2.6462464332580566,0,0.0003996109999206965,0,0,1
2.660844220999934,266,1,0.0,0.0,0.0,0.0,0.0,0.0,0.0,0.0,0.0,0.0,0.0,0.0,0.8723517,-25.39874,84.87511,-42.06578,,,,,1.35,1.2,1.32,1.54,0.85,0.99,0.69,0.0,1510.0,static,2.6462464332580566,0,0.0003970560001107515,0,0,1
2.670846869000343,267,1,0.0,0.0,0.0,0.0,0.0,0.0,0.0,0.0,0.0,0.0,0.0,0.0,0.87191457,-25.394957,84.87535,-42.07163,,,,,1.35,1.2,1.32,1.54,0.85,0.99,0.69,0.0,1510.0,static,2.6462464332580566,0,0.0004005189994131797,0,0,1
2.680846795000434,268,1,0.0,0.0,0.0,0.0,0.0,0.0,0.0,0.0,0.0,0.0,0.0,0.0,0.871054,-25.392033,84.87503,-42.069633,,,,,1.35,1.2,1.32,1.54,0.85,0.99,0.69,0.0,1510.0,static,2.6462464332580566,0,0.0004011490000266349,0,0,1
2.691682034999758,269,1,0.0,0.0,0.0,0.0,0.0,0.0,0.0,0.0,0.0,0.0,0.0,0.0,0.8708491,-25.39609,84.86781,-42.062733,,,,,1.35,1.2,1.32,1.54,0.85,0.99,0.69,0.0,1510.0,static,2.6462464332580566,0,0.0004016659995613736,0,0,1
2.7008457210004053,270,1,0.0,0.0,0.0,0.0,0.0,0.0,0.0,0.0,0.0,0.0,0.0,0.0,0.87181896,-25.405066,84.87227,-42.06776,,,,,1.35,1.2,1.32,1.54,0.85,0.99,0.69,0.0,1510.0,static,2.6462464332580566,0,0.0003993880000052741,0,0,1
2.7108426280001368,271,1,0.0,0.0,0.0,0.0,0.0,0.0,0.0,0.0,0.0,0.0,0.0,0.0,0.87222874,-25.400434,84.874374,-42.06922,,,,,1.35,1.2,1.32,1.54,0.85,0.99,0.67,0.0,1510.0,static,2.69621205329895,0,0.0003962779992434662,0,0,1
2.7217562759997236,272,1,0.0,0.0,0.0,0.0,0.0,0.0,0.0,0.0,0.0,0.0,0.0,0.0,0.87127256,-25.40221,84.87612,-42.066654,,,,,1.35,1.2,1.32,1.54,0.85,0.99,0.67,0.0,1510.0,static,2.69621205329895,0,0.0003982399994129082,0,0,1
2.730847349999749,273,1,0.0,0.0,0.0,0.0,0.0,0.0,0.0,0.0,0.0,0.0,0.0,0.0,0.8721605,-25.400557,84.87904,-42.069687,,,,,1.35,1.2,1.32,1.54,0.85,0.99,0.67,0.0,1510.0,static,2.69621205329895,0,0.000401870000132476,0,0,1
2.7409155719997216,274,1,0.0,0.0,0.0,0.0,0.0,0.0,0.0,0.0,0.0,0.0,0.0,0.0,0.87250197,-25.406363,84.87656,-42.070904,,,,,1.35,1.2,1.32,1.54,0.85,0.99,0.67,0.0,1510.0,static,2.69621205329895,0,0.0003990740005974658,0,0,1
2.7508507949996783,275,1,0.0,0.0,0.0,0.0,0.0,0.0,0.0,0.0,0.0,0.0,0.0,0.0,0.87333524,-25.398617,84.87718,-42.07119,,,,,1.35,1.2,1.32,1.54,0.85,0.99,0.67,0.0,1510.0,static,2.69621205329895,0,0.00040453800011164276,0,0,1
2.760844258000361,276,1,0.0,0.0,0.0,0.0,0.0,0.0,0.0,0.0,0.0,0.0,0.0,0.0,0.87354016,-25.41087,84.8791,-42.063076,,,,,1.35,1.19,1.32,1.54,0.85,0.98,0.69,0.0,1510.0,static,2.7463481426239014,0,0.0003974999999627471,0,0,1
2.7708469609997337,277,1,0.0,0.0,0.0,0.0,0.0,0.0,0.0,0.0,0.0,0.0,0.0,0.0,0.8738407,-25.406061,84.88631,-42.070423,,,,,1.35,1.19,1.32,1.54,0.85,0.98,0.69,0.0,1510.0,static,2.7463481426239014,0,0.00040138900021702284,0,0,1
2.7808476460004385,278,1,0.0,0.0,0.0,0.0,0.0,0.0,0.0,0.0,0.0,0.0,0.0,0.0,0.8727752,-25.405325,84.87754,-42.06078,,,,,1.35,1.19,1.32,1.54,0.85,0.98,0.69,0.0,1510.0,static,2.7463481426239014,0,0.000401888999476796,0,0,1
2.7916881649998686,279,1,0.0,0.0,0.0,0.0,0.0,0.0,0.0,0.0,0.0,0.0,0.0,0.0,0.87349916,-25.410406,84.878716,-42.059128,,,,,1.35,1.19,1.32,1.54,0.85,0.98,0.69,0.0,1510.0,static,2.7463481426239014,0,0.0004041480005980702,0,0,1
2.8008427390004726,280,1,0.0,0.0,0.0,0.0,0.0,0.0,0.0,0.0,0.0,0.0,0.0,0.0,0.87236536,-25.408424,84.88046,-42.060097,,,,,1.35,1.19,1.32,1.54,0.85,0.98,0.69,0.0,1510.0,static,2.7463481426239014,0,0.00039649999962421134,0,0,1
2.810843276000014,281,1,0.0,0.0,0.0,0.0,0.0,0.0,0.0,0.0,0.0,0.0,0.0,0.0,0.87252927,-25.398384,84.87773,-42.059536,,,,,1.35,1.19,1.32,1.54,0.85,0.98,0.69,0.0,1510.0,static,2.7463481426239014,0,0.0003968330001953291,0,0,1
2.8218020350004736,282,1,0.0,0.0,0.0,0.0,0.0,0.0,0.0,0.0,0.0,0.0,0.0,0.0,0.87302107,-25.402168,84.87516,-42.05533,,,,,1.34,1.19,1.32,1.53,0.85,0.99,0.68,0.0,1510.0,static,2.8183789253234863,0,0.0004054629998790915,0,0,1
2.8308410350000486,283,1,0.0,0.0,0.0,0.0,0.0,0.0,0.0,0.0,0.0,0.0,0.0,0.0,0.87354016,-25.413494,84.88478,-42.062077,,,,,1.34,1.19,1.32,1.53,0.85,0.99,0.68,0.0,1510.0,static,2.8183789253234863,0,0.0003952039996875101,0,0,1
2.840850720999697,284,1,0.0,0.0,0.0,0.0,0.0,0.0,0.0,0.0,0.0,0.0,0.0,0.0,0.8731986,-25.40695,84.87822,-42.063774,,,,,1.34,1.19,1.32,1.53,0.85,0.99,0.68,0.0,1510.0,static,2.8183789253234863,0,0.0003977409996878123,0,0,1
2.850860442999874,285,1,0.0,0.0,0.0,0.0,0.0,0.0,0.0,0.0,0.0,0.0,0.0,0.0,0.8733899,-25.40165,84.87601,-42.054703,,,,,1.34,1.19,1.32,1.53,0.85,0.99,0.68,0.0,1510.0,static,2.8183789253234863,0,0.00041144500028167386,0,0,1
2.8608451090003655,286,1,0.0,0.0,0.0,0.0,0.0,0.0,0.0,0.0,0.0,0.0,0.0,0.0,0.87403196,-25.410147,84.880356,-42.05943,,,,,1.34,1.19,1.32,1.53,0.85,0.99,0.68,0.0,1510.0,static,2.8183789253234863,0,0.00039768499937054,0,0,1
2.8708436650003932,287,1,0.0,0.0,0.0,0.0,0.0,0.0,0.0,0.0,0.0,0.0,0.0,0.0,0.87269324,-25.410229,84.88309,-42.06421,,,,,1.34,1.19,1.32,1.53,0.85,0.99,0.68,0.0,1510.0,static,2.8183789253234863,0,0.00039723999998386716,0,0,1
2.880843294999977,288,1,0.0,0.0,0.0,0.0,0.0,0.0,0.0,0.0,0.0,0.0,0.0,0.0,0.8722834,-25.39501,84.87464,-42.05891,,,,,1.34,1.19,1.32,1.53,0.85,0.99,0.69,0.0,1510.0,static,2.879373073577881,0,0.00039698199998383643,0,0,1
2.8917510350001976,289,1,0.0,0.0,0.0,0.0,0.0,0.0,0.0,0.0,0.0,0.0,0.0,0.0,0.87274784,-25.4046,84.87659,-42.057926,,,,,1.34,1.19,1.32,1.53,0.85,0.99,0.69,0.0,1510.0,static,2.879373073577881,0,0.00039635199937038124,0,0,1
2.9008384059998207,290,1,0.0,0.0,0.0,0.0,0.0,0.0,0.0,0.0,0.0,0.0,0.0,0.0,0.8735812,-25.403439,84.87511,-42.06324,,,,,1.34,1.19,1.32,1.53,0.85,0.99,0.69,0.0,1510.0,static,2.879373073577881,0,0.00039201799972943263,0,0,1
2.9108354979998694,291,1,0.0,0.0,0.0,0.0,0.0,0.0,0.0,0.0,0.0,0.0,0.0,0.0,0.8732533,-25.393795,84.86961,-42.05764,,,,,1.34,1.19,1.32,1.53,0.85,0.99,0.69,0.0,1510.0,static,2.879373073577881,0,0.0003890920006597298,0,0,1
2.920849795000322,292,1,0.0,0.0,0.0,0.0,0.0,0.0,0.0,0.0,0.0,0.0,0.0,0.0,0.8742095,-25.389273,84.87844,-42.060863,,,,,1.34,1.19,1.32,1.53,0.85,0.99,0.69,0.0,1510.0,static,2.879373073577881,0,0.00039625899989914615,0,0,1
2.930838961000518,293,1,0.0,0.0,0.0,0.0,0.0,0.0,0.0,0.0,0.0,0.0,0.0,0.0,0.87415487,-25.398712,84.88188,-42.064087,,,,,1.34,1.19,1.32,1.53,0.85,0.99,0.69,0.0,1510.0,static,2.879373073577881,0,0.00039111099977162667,0,0,1
2.940840869000567,294,1,0.0,0.0,0.0,0.0,0.0,0.0,0.0,0.0,0.0,0.0,0.0,0.0,0.8733899,-25.387579,84.87828,-42.062584,,,,,1.34,1.19,1.32,1.53,0.85,0.98,0.68,0.0,1510.0,static,2.939359188079834,0,0.0003944809996028198,0,0,1
2.9508391090002988,295,1,0.0,0.0,0.0,0.0,0.0,0.0,0.0,0.0,0.0,0.0,0.0,0.0,0.87389535,-25.38445,84.87972,-42.057953,,,,,1.34,1.19,1.32,1.53,0.85,0.98,0.68,0.0,1510.0,static,2.939359188079834,0,0.00039125900002545677,0,0,1
2.9608363870001995,296,1,0.0,0.0,0.0,0.0,0.0,0.0,0.0,0.0,0.0,0.0,0.0,0.0,0.87351286,-25.385586,84.88364,-42.065044,,,,,1.34,1.19,1.32,1.53,0.85,0.98,0.68,0.0,1510.0,static,2.939359188079834,0,0.0003889999998136773,0,0,1
2.9708404980001433,297,1,0.0,0.0,0.0,0.0,0.0,0.0,0.0,0.0,0.0,0.0,0.0,0.0,0.87269324,-25.389696,84.879395,-42.061356,,,,,1.34,1.19,1.32,1.53,0.85,0.98,0.68,0.0,1510.0,static,2.939359188079834,0,0.00039329700030066306,0,0,1
2.980842738999854,298,1,0.0,0.0,0.0,0.0,0.0,0.0,0.0,0.0,0.0,0.0,0.0,0.0,0.8729801,-25.371542,84.87978,-42.064236,,,,,1.34,1.19,1.32,1.53,0.85,0.98,0.68,0.0,1510.0,static,2.939359188079834,0,0.00039635200027987594,0,0,1
2.9908376829998815,299,1,0.0,0.0,0.0,0.0,0.0,0.0,0.0,0.0,0.0,0.0,0.0,0.0,0.8726113,-25.379002,84.887405,-42.06458,,,,,1.34,1.19,1.32,1.53,0.85,0.98,0.68,0.0,1510.0,static,2.939359188079834,0,0.0003907770005753264,0,0,1
3.0008380350000152,300,1,0.0,0.0,0.0,0.0,0.0,0.0,0.0,0.0,0.0,0.0,0.0,0.0,0.87222874,-25.381828,84.88229,-42.063553,,,,,1.34,1.19,1.32,1.53,0.84,0.98,0.68,0.0,1510.0,static,2.9957830905914307,0,0.00039092599945433903,0,0,1
3.0108375170002546,301,1,0.0,0.0,0.0,0.0,0.0,0.0,0.0,0.0,0.0,0.0,0.0,0.0,0.87265223,-25.373728,84.8756,-42.061764,,,,,1.34,1.19,1.32,1.53,0.84,0.98,0.68,0.0,1510.0,static,2.9957830905914307,0,0.00039014799949654844,0,0,1
3.0216413130001456,302,1,0.0,0.0,0.0,0.0,0.0,0.0,0.0,0.0,0.0,0.0,0.0,0.0,0.87349916,-25.372335,84.88451,-42.065178,,,,,1.34,1.19,1.32,1.53,0.84,0.98,0.68,0.0,1510.0,static,2.9957830905914307,0,0.0004003889998784871,0,0,1
3.030837553999845,303,1,0.0,0.0,0.0,0.0,0.0,0.0,0.0,0.0,0.0,0.0,0.0,0.0,0.8729118,-25.380066,84.880516,-42.062927,,,,,1.34,1.19,1.32,1.53,0.84,0.98,0.68,0.0,1510.0,static,2.9957830905914307,0,0.0003911660005542217,0,0,1
3.0408464430001914,304,1,0.0,0.0,0.0,0.0,0.0,0.0,0.0,0.0,0.0,0.0,0.0,0.0,0.87281615,-25.38445,84.8839,-42.060642,,,,,1.34,1.19,1.32,1.53,0.84,0.98,0.68,0.0,1510.0,static,2.9957830905914307,0,0.0003929999993488309,0,0,1
3.0508423319997746,305,1,0.0,0.0,0.0,0.0,0.0,0.0,0.0,0.0,0.0,0.0,0.0,0.0,0.8730621,-25.377075,84.88967,-42.061573,,,,,1.34,1.19,1.32,1.53,0.85,0.98,0.68,0.0,1510.0,static,3.045222759246826,0,0.0003959260002375231,0,0,1
3.0608360910000556,306,1,0.0,0.0,0.0,0.0,0.0,0.0,0.0,0.0,0.0,0.0,0.0,0.0,0.872543,-25.385448,84.889565,-42.061028,,,,,1.34,1.19,1.32,1.53,0.85,0.98,0.68,0.0,1510.0,static,3.045222759246826,0,0.0003892410004482372,0,0,1
3.0708379429997876,307,1,0.0,0.0,0.0,0.0,0.0,0.0,0.0,0.0,0.0,0.0,0.0,0.0,0.8730074,-25.382566,84.88057,-42.057693,,,,,1.34,1.19,1.32,1.53,0.85,0.98,0.68,0.0,1510.0,static,3.045222759246826,0,0.00039246199958142824,0,0,1
3.0808401459999004,308,1,0.0,0.0,0.0,0.0,0.0,0.0,0.0,0.0,0.0,0.0,0.0,0.0,0.87392265,-25.387362,84.880356,-42.055862,,,,,1.34,1.19,1.32,1.53,0.85,0.98,0.68,0.0,1510.0,static,3.045222759246826,0,0.00039438900057575665,0,0,1
3.091762406000271,309,1,0.0,0.0,0.0,0.0,0.0,0.0,0.0,0.0,0.0,0.0,0.0,0.0,0.87405926,-25.381323,84.88292,-42.057503,,,,,1.34,1.19,1.32,1.53,0.85,0.98,0.68,0.0,1510.0,static,3.045222759246826,0,0.00039762899996276246,0,0,1
3.10084116500002,310,1,0.0,0.0,0.0,0.0,0.0,0.0,0.0,0.0,0.0,0.0,0.0,0.0,0.87360847,-25.380722,84.87112,-42.051178,,,,,1.34,1.19,1.32,1.53,0.85,0.98,0.68,0.0,1510.0,static,3.045222759246826,0,0.0003936299999622861,0,0,1
3.110834461000195,311,1,0.0,0.0,0.0,0.0,0.0,0.0,0.0,0.0,0.0,0.0,0.0,0.0,0.87437344,-25.371992,84.87235,-42.050453,,,,,1.33,1.19,1.32,1.53,0.84,0.98,0.69,0.0,1510.0,static,3.0963993072509766,0,0.0003867959994749981,0,0,1
3.120838628000456,312,1,0.0,0.0,0.0,0.0,0.0,0.0,0.0,0.0,0.0,0.0,0.0,0.0,0.8747013,-25.372253,84.87265,-42.045837,,,,,1.33,1.19,1.32,1.53,0.84,0.98,0.69,0.0,1510.0,static,3.0963993072509766,0,0.00039149999975052197,0,0,1
3.1308397570001034,313,1,0.0,0.0,0.0,0.0,0.0,0.0,0.0,0.0,0.0,0.0,0.0,0.0,0.8739363,-25.375546,84.87503,-42.04741,,,,,1.33,1.19,1.32,1.53,0.84,0.98,0.69,0.0,1510.0,static,3.0963993072509766,0,0.00039170400032162433,0,0,1
3.1408380350003426,314,1,0.0,0.0,0.0,0.0,0.0,0.0,0.0,0.0,0.0,0.0,0.0,0.0,0.8741959,-25.37829,84.87445,-42.047626,,,,,1.33,1.19,1.32,1.53,0.84,0.98,0.69,0.0,1510.0,static,3.0963993072509766,0,0.00039135199949669186,0,0,1
3.150835776000349,315,1,0.0,0.0,0.0,0.0,0.0,0.0,0.0,0.0,0.0,0.0,0.0,0.0,0.87446904,-25.370409,84.88385,-42.053185,,,,,1.33,1.19,1.32,1.53,0.84,0.98,0.69,0.0,1510.0,static,3.0963993072509766,0,0.0003890549996867776,0,0,1
3.160834127999806,316,1,0.0,0.0,0.0,0.0,0.0,0.0,0.0,0.0,0.0,0.0,0.0,0.0,0.8743871,-25.377485,84.87882,-42.05007,,,,,1.33,1.19,1.32,1.53,0.84,0.98,0.69,0.0,1510.0,static,3.0963993072509766,0,0.0003876490000038757,0,0,1
3.1708364240002993,317,1,0.0,0.0,0.0,0.0,0.0,0.0,0.0,0.0,0.0,0.0,0.0,0.0,0.87441444,-25.381556,84.88096,-42.050945,,,,,1.33,1.19,1.32,1.53,0.84,0.98,0.67,0.0,1510.0,static,3.1682348251342773,0,0.00038981399939075345,0,0,1
3.180838164999841,318,1,0.0,0.0,0.0,0.0,0.0,0.0,0.0,0.0,0.0,0.0,0.0,0.0,0.8757258,-25.37844,84.8853,-42.05246,,,,,1.33,1.19,1.32,1.53,0.84,0.98,0.67,0.0,1510.0,static,3.1682348251342773,0,0.00039096300042729126,0,0,1
3.1908364239998264,319,1,0.0,0.0,0.0,0.0,0.0,0.0,0.0,0.0,0.0,0.0,0.0,0.0,0.8751521,-25.379232,84.88063,-42.05111,,,,,1.33,1.19,1.32,1.53,0.84,0.98,0.67,0.0,1510.0,static,3.1682348251342773,0,0.0003898149998349254,0,0,1
3.20083557199996,320,1,0.0,0.0,0.0,0.0,0.0,0.0,0.0,0.0,0.0,0.0,0.0,0.0,0.87502915,-25.384724,84.87669,-42.055317,,,,,1.33,1.19,1.32,1.53,0.84,0.98,0.67,0.0,1510.0,static,3.1682348251342773,0,0.00038964800023677526,0,0,1
3.210832980000305,321,1,0.0,0.0,0.0,0.0,0.0,0.0,0.0,0.0,0.0,0.0,0.0,0.0,0.87639517,-25.385366,84.88475,-42.056847,,,,,1.33,1.19,1.32,1.53,0.84,0.98,0.67,0.0,1510.0,static,3.1682348251342773,0,0.0003862039993691724,0,0,1
3.2208356460005234,322,1,0.0,0.0,0.0,0.0,0.0,0.0,0.0,0.0,0.0,0.0,0.0,0.0,0.8766684,-25.380257,84.87986,-42.05301,,,,,1.33,1.19,1.32,1.53,0.84,0.98,0.67,0.0,1510.0,static,3.1682348251342773,0,0.00038862900055391947,0,0,1
3.2322318679998716,323,1,0.0,0.0,0.0,0.0,0.0,0.0,0.0,0.0,0.0,0.0,0.0,0.0,0.87661374,-25.379915,84.874756,-42.05403,,,,,1.33,1.18,1.32,1.53,0.84,0.98,0.69,0.0,1510.0,static,3.230487823486328,0,0.0004391669999677106,0,0,1
3.244215331000305,324,1,0.0,0.0,0.0,0.0,0.0,0.0,0.0,0.0,0.0,0.0,0.0,0.0,0.87665474,-25.388865,84.874344,-42.0619,,,,,1.33,1.18,1.32,1.53,0.84,0.98,0.69,0.0,1510.0,static,3.230487823486328,0,0.0004250369993314962,0,0,1
3.2508536280001863,325,1,0.0,0.0,0.0,0.0,0.0,0.0,0.0,0.0,0.0,0.0,0.0,0.0,0.87665474,-25.388865,84.874344,-42.0619,,,,,1.33,1.18,1.32,1.53,0.84,0.98,0.69,0.0,1510.0,static,3.230487823486328,0,0.000402871000005689,0,0,1
3.2608605719997286,326,1,0.0,0.0,0.0,0.0,0.0,0.0,0.0,0.0,0.0,0.0,0.0,0.0,0.87655914,-25.381855,84.866806,-42.06331,,,,,1.33,1.18,1.32,1.53,0.84,0.98,0.69,0.0,1510.0,static,3.230487823486328,0,0.00040935200013336726,0,0,1
3.2708657020002647,327,1,0.0,0.0,0.0,0.0,0.0,0.0,0.0,0.0,0.0,0.0,0.0,0.0,0.8760537,-25.387087,84.86719,-42.06477,,,,,1.33,1.18,1.32,1.53,0.84,0.98,0.69,0.0,1510.0,static,3.230487823486328,0,0.0004142399993725121,0,0,1
3.2808687200003988,328,1,0.0,0.0,0.0,0.0,0.0,0.0,0.0,0.0,0.0,0.0,0.0,0.0,0.8758624,-25.38523,84.8779,-42.066956,,,,,1.33,1.18,1.32,1.53,0.84,0.98,0.69,0.0,1510.0,static,3.230487823486328,0,0.0004091849996257224,0,0,1
3.290868905000025,329,1,0.0,0.0,0.0,0.0,0.0,0.0,0.0,0.0,0.0,0.0,0.0,0.0,0.87496084,-25.380968,84.871506,-42.066902,,,,,1.33,1.18,1.32,1.53,0.84,0.98,0.67,0.0,1510.0,static,3.2897744178771973,0,0.00040940700000646757,0,0,1
3.3008593499998824,330,1,0.0,0.0,0.0,0.0,0.0,0.0,0.0,0.0,0.0,0.0,0.0,0.0,0.8749472,-25.377348,84.871666,-42.067776,,,,,1.33,1.18,1.32,1.53,0.84,0.98,0.67,0.0,1510.0,static,3.2897744178771973,0,0.0004027780005344539,0,0,1
3.3108623870002702,331,1,0.0,0.0,0.0,0.0,0.0,0.0,0.0,0.0,0.0,0.0,0.0,0.0,0.8751111,-25.38945,84.876884,-42.068882,,,,,1.33,1.18,1.32,1.53,0.84,0.98,0.67,0.0,1510.0,static,3.2897744178771973,0,0.00041020300068339566,0,0,1
3.320866867999939,332,1,0.0,0.0,0.0,0.0,0.0,0.0,0.0,0.0,0.0,0.0,0.0,0.0,0.87405926,-25.386131,84.88385,-42.071793,,,,,1.33,1.18,1.32,1.53,0.84,0.98,0.67,0.0,1510.0,static,3.2897744178771973,0,0.00040692499987926567,0,0,1
3.3308673680003267,333,1,0.0,0.0,0.0,0.0,0.0,0.0,0.0,0.0,0.0,0.0,0.0,0.0,0.87493354,-25.38728,84.88205,-42.074768,,,,,1.33,1.18,1.32,1.53,0.84,0.98,0.67,0.0,1510.0,static,3.2897744178771973,0,0.00041055499968933873,0,0,1
3.34086446099991,334,1,0.0,0.0,0.0,0.0,0.0,0.0,0.0,0.0,0.0,0.0,0.0,0.0,0.87474227,-25.383045,84.88276,-42.076996,,,,,1.33,1.18,1.32,1.53,0.84,0.98,0.67,0.0,1510.0,static,3.2897744178771973,0,0.0004081289998794091,0,0,1
3.3508584789997258,335,1,0.0,0.0,0.0,0.0,0.0,0.0,0.0,0.0,0.0,0.0,0.0,0.0,0.87403196,-25.37978,84.87981,-42.068924,,,,,1.33,1.18,1.32,1.52,0.84,0.98,0.68,0.0,1510.0,static,3.345074415206909,0,0.00040223999985755654,0,0,1
3.360865794000347,336,1,0.0,0.0,0.0,0.0,0.0,0.0,0.0,0.0,0.0,0.0,0.0,0.0,0.87427783,-25.3681,84.875984,-42.06846,,,,,1.33,1.18,1.32,1.52,0.84,0.98,0.68,0.0,1510.0,static,3.345074415206909,0,0.000409685000704485,0,0,1
3.370869368000058,337,1,0.0,0.0,0.0,0.0,0.0,0.0,0.0,0.0,0.0,0.0,0.0,0.0,0.8764362,-25.374834,84.876366,-42.066395,,,,,1.33,1.18,1.32,1.52,0.84,0.98,0.68,0.0,1510.0,static,3.345074415206909,0,0.00041298100040876307,0,0,1
3.3808621830003176,338,1,0.0,0.0,0.0,0.0,0.0,0.0,0.0,0.0,0.0,0.0,0.0,0.0,0.87625855,-25.382853,84.87951,-42.058594,,,,,1.33,1.18,1.32,1.52,0.84,0.98,0.68,0.0,1510.0,static,3.345074415206909,0,0.00041201800013368484,0,0,1
3.3909272939999937,339,1,0.0,0.0,0.0,0.0,0.0,0.0,0.0,0.0,0.0,0.0,0.0,0.0,0.876081,-25.376787,84.876205,-42.053406,,,,,1.33,1.18,1.32,1.52,0.84,0.98,0.68,0.0,1510.0,static,3.345074415206909,0,0.00041053699987969594,0,0,1
3.400857108999844,340,1,0.0,0.0,0.0,0.0,0.0,0.0,0.0,0.0,0.0,0.0,0.0,0.0,0.8765045,-25.376541,84.880516,-42.059387,,,,,1.33,1.18,1.32,1.52,0.84,0.98,0.68,0.0,1510.0,static,3.345074415206909,0,0.0004050370007462334,0,0,1
3.4108647760003805,341,1,0.0,0.0,0.0,0.0,0.0,0.0,0.0,0.0,0.0,0.0,0.0,0.0,0.8770782,-25.382511,84.876884,-42.054237,,,,,1.33,1.18,1.32,1.52,0.84,0.98,0.69,0.0,1510.0,static,3.394925594329834,0,0.00041329699979542056,0,0,1
3.4208618680004292,342,1,0.0,0.0,0.0,0.0,0.0,0.0,0.0,0.0,0.0,0.0,0.0,0.0,0.87634057,-25.378237,84.87609,-42.057186,,,,,1.33,1.18,1.32,1.52,0.84,0.98,0.69,0.0,1510.0,static,3.394925594329834,0,0.00041175900059897685,0,0,1
3.4308781279996765,343,1,0.0,0.0,0.0,0.0,0.0,0.0,0.0,0.0,0.0,0.0,0.0,0.0,0.87661374,-25.36336,84.872925,-42.054195,,,,,1.33,1.18,1.32,1.52,0.84,0.98,0.69,0.0,1510.0,static,3.394925594329834,0,0.0004172220005784766,0,0,1
3.4408518870004627,344,1,0.0,0.0,0.0,0.0,0.0,0.0,0.0,0.0,0.0,0.0,0.0,0.0,0.8766411,-25.369589,84.87415,-42.056355,,,,,1.33,1.18,1.32,1.52,0.84,0.98,0.69,0.0,1510.0,static,3.394925594329834,0,0.00040229699970950605,0,0,1
3.450841072000003,345,1,0.0,0.0,0.0,0.0,0.0,0.0,0.0,0.0,0.0,0.0,0.0,0.0,0.87724215,-25.368673,84.86831,-42.055428,,,,,1.33,1.18,1.32,1.52,0.84,0.98,0.69,0.0,1510.0,static,3.394925594329834,0,0.00039351800023723627,0,0,1
3.4608454609997352,346,1,0.0,0.0,0.0,0.0,0.0,0.0,0.0,0.0,0.0,0.0,0.0,0.0,0.87634057,-25.360245,84.86691,-42.06167,,,,,1.33,1.18,1.32,1.52,0.84,0.98,0.69,0.0,1510.0,static,3.394925594329834,0,0.000397351999708917,0,0,1
3.4708434789999956,347,1,0.0,0.0,0.0,0.0,0.0,0.0,0.0,0.0,0.0,0.0,0.0,0.0,0.87634057,-25.36004,84.8726,-42.06122,,,,,1.32,1.18,1.32,1.52,0.84,0.98,0.68,0.0,1510.0,static,3.4680609703063965,0,0.0003934440001103212,0,0,1
3.4808431090004888,348,1,0.0,0.0,0.0,0.0,0.0,0.0,0.0,0.0,0.0,0.0,0.0,0.0,0.8759171,-25.373755,84.87224,-42.055233,,,,,1.32,1.18,1.32,1.52,0.84,0.98,0.68,0.0,1510.0,static,3.4680609703063965,0,0.0003954069998144405,0,0,1
3.4908405719997972,349,1,0.0,0.0,0.0,0.0,0.0,0.0,0.0,0.0,0.0,0.0,0.0,0.0,0.8762449,-25.360395,84.87478,-42.058514,,,,,1.32,1.18,1.32,1.52,0.84,0.98,0.68,0.0,1510.0,static,3.4680609703063965,0,0.00039309200019488344,0,0,1
3.5008369980005227,350,1,0.0,0.0,0.0,0.0,0.0,0.0,0.0,0.0,0.0,0.0,0.0,0.0,0.876081,-25.363892,84.874916,-42.059032,,,,,1.32,1.18,1.32,1.52,0.84,0.98,0.68,0.0,1510.0,static,3.4680609703063965,0,0.0003902590005964157,0,0,1
3.510842515999684,351,1,0.0,0.0,0.0,0.0,0.0,0.0,0.0,0.0,0.0,0.0,0.0,0.0,0.8765454,-25.360641,84.881065,-42.061886,,,,,1.32,1.18,1.32,1.52,0.84,0.98,0.68,0.0,1510.0,static,3.4680609703063965,0,0.0003946110000470071,0,0,1
3.5208421460001773,352,1,0.0,0.0,0.0,0.0,0.0,0.0,0.0,0.0,0.0,0.0,0.0,0.0,0.87710553,-25.359686,84.87659,-42.058815,,,,,1.32,1.18,1.32,1.52,0.84,0.98,0.68,0.0,1510.0,static,3.4680609703063965,0,0.00039429599928553216,0,0,1
3.5308496090001427,353,1,0.0,0.0,0.0,0.0,0.0,0.0,0.0,0.0,0.0,0.0,0.0,0.0,0.8770509,-25.352486,84.8797,-42.065247,,,,,1.32,1.18,1.32,1.52,0.84,0.98,0.69,0.0,1510.0,static,3.5288209915161133,0,0.00040103699939209037,0,0,1
3.540838775999873,354,1,0.0,0.0,0.0,0.0,0.0,0.0,0.0,0.0,0.0,0.0,0.0,0.0,0.8770919,-25.35668,84.87839,-42.064087,,,,,1.32,1.18,1.32,1.52,0.84,0.98,0.69,0.0,1510.0,static,3.5288209915161133,0,0.0003907589998561889,0,0,1
3.5508370529996682,355,1,0.0,0.0,0.0,0.0,0.0,0.0,0.0,0.0,0.0,0.0,0.0,0.0,0.8762449,-25.354658,84.88366,-42.069565,,,,,1.32,1.18,1.32,1.52,0.84,0.98,0.69,0.0,1510.0,static,3.5288209915161133,0,0.0003905559997292585,0,0,1
3.5608949790002953,356,1,0.0,0.0,0.0,0.0,0.0,0.0,0.0,0.0,0.0,0.0,0.0,0.0,0.8770509,-25.345984,84.87915,-42.0713,,,,,1.32,1.18,1.32,1.52,0.84,0.98,0.69,0.0,1510.0,static,3.5288209915161133,0,0.0004011110004285001,0,0,1
3.570840145999682,357,1,0.0,0.0,0.0,0.0,0.0,0.0,0.0,0.0,0.0,0.0,0.0,0.0,0.8766411,-25.349249,84.87956,-42.072857,,,,,1.32,1.18,1.32,1.52,0.84,0.98,0.69,0.0,1510.0,static,3.5288209915161133,0,0.000392480999835243,0,0,1
3.58119616499971,358,1,0.0,0.0,0.0,0.0,0.0,0.0,0.0,0.0,0.0,0.0,0.0,0.0,0.8768323,-25.358183,84.876724,-42.067913,,,,,1.32,1.18,1.32,1.52,0.84,0.98,0.68,0.0,1510.0,static,3.5788991451263428,0,0.000399239999751444,0,0,1
3.590831461000562,359,1,0.0,0.0,0.0,0.0,0.0,0.0,0.0,0.0,0.0,0.0,0.0,0.0,0.87651813,-25.354208,84.8838,-42.07101,,,,,1.32,1.18,1.32,1.52,0.84,0.98,0.68,0.0,1510.0,static,3.5788991451263428,0,0.00040050000006885966,0,0,1
3.6008427759998085,360,1,0.0,0.0,0.0,0.0,0.0,0.0,0.0,0.0,0.0,0.0,0.0,0.0,0.8765045,-25.35321,84.881805,-42.064087,,,,,1.32,1.18,1.32,1.52,0.84,0.98,0.68,0.0,1510.0,static,3.5788991451263428,0,0.0003964079996876535,0,0,1
3.610843350000323,361,1,0.0,0.0,0.0,0.0,0.0,0.0,0.0,0.0,0.0,0.0,0.0,0.0,0.87629956,-25.36056,84.87904,-42.06619,,,,,1.32,1.18,1.32,1.52,0.84,0.98,0.68,0.0,1510.0,static,3.5788991451263428,0,0.00039605599977221573,0,0,1
3.620842571999674,362,1,0.0,0.0,0.0,0.0,0.0,0.0,0.0,0.0,0.0,0.0,0.0,0.0,0.876764,-25.352718,84.881256,-42.06764,,,,,1.32,1.18,1.32,1.52,0.84,0.98,0.68,0.0,1510.0,static,3.5788991451263428,0,0.00039463000030082185,0,0,1
3.6308395900005053,363,1,0.0,0.0,0.0,0.0,0.0,0.0,0.0,0.0,0.0,0.0,0.0,0.0,0.87722844,-25.356556,84.88527,-42.06641,,,,,1.32,1.18,1.32,1.52,0.84,0.98,0.68,0.0,1510.0,static,3.5788991451263428,0,0.00039224100055434974,0,0,1
3.640837998000279,364,1,0.0,0.0,0.0,0.0,0.0,0.0,0.0,0.0,0.0,0.0,0.0,0.0,0.87769294,-25.35649,84.887405,-42.06586,,,,,1.32,1.18,1.32,1.52,0.84,0.98,0.68,0.0,1510.0,static,3.6394050121307373,0,0.0003910179993908969,0,0,1
3.650836460999926,365,1,0.0,0.0,0.0,0.0,0.0,0.0,0.0,0.0,0.0,0.0,0.0,0.0,0.8775563,-25.358265,84.88587,-42.06802,,,,,1.32,1.18,1.32,1.52,0.84,0.98,0.68,0.0,1510.0,static,3.6394050121307373,0,0.0003890550005962723,0,0,1
3.66084249800042,366,1,0.0,0.0,0.0,0.0,0.0,0.0,0.0,0.0,0.0,0.0,0.0,0.0,0.8779115,-25.34933,84.88874,-42.07392,,,,,1.32,1.18,1.32,1.52,0.84,0.98,0.68,0.0,1510.0,static,3.6394050121307373,0,0.0003957959997933358,0,0,1
3.6708380720001514,367,1,0.0,0.0,0.0,0.0,0.0,0.0,0.0,0.0,0.0,0.0,0.0,0.0,0.8777066,-25.350752,84.88642,-42.069317,,,,,1.32,1.18,1.32,1.52,0.84,0.98,0.68,0.0,1510.0,static,3.6394050121307373,0,0.00039098099932743935,0,0,1
3.6808387760002006,368,1,0.0,0.0,0.0,0.0,0.0,0.0,0.0,0.0,0.0,0.0,0.0,0.0,0.8781574,-25.34619,84.88705,-42.0741,,,,,1.32,1.18,1.32,1.52,0.84,0.98,0.68,0.0,1510.0,static,3.6394050121307373,0,0.00039135199949669186,0,0,1
3.690836646000207,369,1,0.0,0.0,0.0,0.0,0.0,0.0,0.0,0.0,0.0,0.0,0.0,0.0,0.8772558,-25.347431,84.87765,-42.079823,,,,,1.32,1.18,1.32,1.52,0.84,0.98,0.68,0.0,1510.0,static,3.6394050121307373,0,0.0003898699997080257,0,0,1
3.7008377199999813,370,1,0.0,0.0,0.0,0.0,0.0,0.0,0.0,0.0,0.0,0.0,0.0,0.0,0.87769294,-25.341448,84.88751,-42.080494,,,,,1.32,1.17,1.32,1.52,0.84,0.98,0.67,0.0,1510.0,static,3.696263551712036,0,0.00039150000066001667,0,0,1
3.7108474980004758,371,1,0.0,0.0,0.0,0.0,0.0,0.0,0.0,0.0,0.0,0.0,0.0,0.0,0.8778432,-25.35306,84.886665,-42.07489,,,,,1.32,1.17,1.32,1.52,0.84,0.98,0.67,0.0,1510.0,static,3.696263551712036,0,0.00039307400038524065,0,0,1
3.720839831000376,372,1,0.0,0.0,0.0,0.0,0.0,0.0,0.0,0.0,0.0,0.0,0.0,0.0,0.8781027,-25.340574,84.88631,-42.077663,,,,,1.32,1.17,1.32,1.52,0.84,0.98,0.67,0.0,1510.0,static,3.696263551712036,0,0.0003923329995814129,0,0,1
3.7308381089997056,373,1,0.0,0.0,0.0,0.0,0.0,0.0,0.0,0.0,0.0,0.0,0.0,0.0,0.8788814,-25.339441,84.88549,-42.0775,,,,,1.32,1.17,1.32,1.52,0.84,0.98,0.67,0.0,1510.0,static,3.696263551712036,0,0.00039122199996199924,0,0,1
3.740835997999966,374,1,0.0,0.0,0.0,0.0,0.0,0.0,0.0,0.0,0.0,0.0,0.0,0.0,0.87909997,-25.34235,84.89216,-42.08276,,,,,1.32,1.17,1.32,1.52,0.84,0.98,0.67,0.0,1510.0,static,3.696263551712036,0,0.0003890369998771348,0,0,1
3.7508318130003317,375,1,0.0,0.0,0.0,0.0,0.0,0.0,0.0,0.0,0.0,0.0,0.0,0.0,0.8768733,-25.347624,84.88046,-42.067883,,,,,1.32,1.17,1.32,1.52,0.84,0.98,0.67,0.0,1510.0,static,3.696263551712036,0,0.0003848890000881511,0,0,1
3.7608354049998525,376,1,0.0,0.0,0.0,0.0,0.0,0.0,0.0,0.0,0.0,0.0,0.0,0.0,0.87729675,-25.340656,84.88079,-42.072174,,,,,1.31,1.17,1.32,1.52,0.84,0.98,0.69,0.0,1510.0,static,3.7455573081970215,0,0.00038907399994059233,0,0,1
3.770835313000134,377,1,0.0,0.0,0.0,0.0,0.0,0.0,0.0,0.0,0.0,0.0,0.0,0.0,0.8776383,-25.34291,84.88347,-42.068607,,,,,1.31,1.17,1.32,1.52,0.84,0.98,0.69,0.0,1510.0,static,3.7455573081970215,0,0.0003883519993905793,0,0,1
3.780839813000057,378,1,0.0,0.0,0.0,0.0,0.0,0.0,0.0,0.0,0.0,0.0,0.0,0.0,0.87750167,-25.344398,84.888084,-42.0719,,,,,1.31,1.17,1.32,1.52,0.84,0.98,0.69,0.0,1510.0,static,3.7455573081970215,0,0.00039259200002561556,0,0,1
3.790836238000338,379,1,0.0,0.0,0.0,0.0,0.0,0.0,0.0,0.0,0.0,0.0,0.0,0.0,0.8766411,-25.34772,84.88024,-42.062775,,,,,1.31,1.17,1.32,1.52,0.84,0.98,0.69,0.0,1510.0,static,3.7455573081970215,0,0.00038925900025787996,0,0,1
3.8008333500001754,380,1,0.0,0.0,0.0,0.0,0.0,0.0,0.0,0.0,0.0,0.0,0.0,0.0,0.87655914,-25.343033,84.88295,-42.06578,,,,,1.31,1.17,1.32,1.52,0.84,0.98,0.69,0.0,1510.0,static,3.7455573081970215,0,0.00038618500002485234,0,0,1
3.810843424000268,381,1,0.0,0.0,0.0,0.0,0.0,0.0,0.0,0.0,0.0,0.0,0.0,0.0,0.87672305,-25.339127,84.88008,-42.06563,,,,,1.31,1.17,1.32,1.52,0.83,0.98,0.67,0.0,1510.0,static,3.7952685356140137,0,0.00039575899972987827,0,0,1
3.8216361830000096,382,1,0.0,0.0,0.0,0.0,0.0,0.0,0.0,0.0,0.0,0.0,0.0,0.0,0.87636787,-25.3413,84.87975,-42.069904,,,,,1.31,1.17,1.32,1.52,0.83,0.98,0.67,0.0,1510.0,static,3.7952685356140137,0,0.0003962959999626037,0,0,1
3.830844590000197,383,1,0.0,0.0,0.0,0.0,0.0,0.0,0.0,0.0,0.0,0.0,0.0,0.0,0.87726945,-25.335411,84.88008,-42.067093,,,,,1.31,1.17,1.32,1.52,0.83,0.98,0.67,0.0,1510.0,static,3.7952685356140137,0,0.0003979260000050999,0,0,1
3.8408200350004336,384,1,0.0,0.0,0.0,0.0,0.0,0.0,0.0,0.0,0.0,0.0,0.0,0.0,0.8786492,-25.337076,84.88713,-42.07544,,,,,1.31,1.17,1.32,1.52,0.83,0.98,0.67,0.0,1510.0,static,3.7952685356140137,0,0.00039355599983537104,0,0,1
3.850837201000104,385,1,0.0,0.0,0.0,0.0,0.0,0.0,0.0,0.0,0.0,0.0,0.0,0.0,0.87922287,-25.326448,84.889534,-42.077282,,,,,1.31,1.17,1.32,1.52,0.83,0.98,0.67,0.0,1510.0,static,3.7952685356140137,0,0.0003908339995177812,0,0,1
3.8608388869997725,386,1,0.0,0.0,0.0,0.0,0.0,0.0,0.0,0.0,0.0,0.0,0.0,0.0,0.8797693,-25.337568,84.88552,-42.07272,,,,,1.31,1.17,1.32,1.52,0.83,0.98,0.67,0.0,1510.0,static,3.7952685356140137,0,0.00039188899972941726,0,0,1
3.871699035000347,387,1,0.0,0.0,0.0,0.0,0.0,0.0,0.0,0.0,0.0,0.0,0.0,0.0,0.8809577,-25.331982,84.89254,-42.07358,,,,,1.31,1.17,1.32,1.51,0.83,0.98,0.69,0.0,1510.0,static,3.8682761192321777,0,0.0003964439993069391,0,0,1
3.8808454050004,388,1,0.0,0.0,0.0,0.0,0.0,0.0,0.0,0.0,0.0,0.0,0.0,0.0,0.8799469,-25.333553,84.89008,-42.06731,,,,,1.31,1.17,1.32,1.51,0.83,0.98,0.69,0.0,1510.0,static,3.8682761192321777,0,0.0003985369994552457,0,0,1
3.8908381090004696,389,1,0.0,0.0,0.0,0.0,0.0,0.0,0.0,0.0,0.0,0.0,0.0,0.0,0.8810807,-25.338661,84.89303,-42.074673,,,,,1.31,1.17,1.32,1.51,0.83,0.98,0.69,0.0,1510.0,static,3.8682761192321777,0,0.0003907589998561889,0,0,1
3.900837682999736,390,1,0.0,0.0,0.0,0.0,0.0,0.0,0.0,0.0,0.0,0.0,0.0,0.0,0.8807392,-25.338608,84.89415,-42.07499,,,,,1.31,1.17,1.32,1.51,0.83,0.98,0.69,0.0,1510.0,static,3.8682761192321777,0,0.0003902219996234635,0,0,1
3.9108394610002506,391,1,0.0,0.0,0.0,0.0,0.0,0.0,0.0,0.0,0.0,0.0,0.0,0.0,0.88047963,-25.331244,84.89074,-42.072556,,,,,1.31,1.17,1.32,1.51,0.83,0.98,0.69,0.0,1510.0,static,3.8682761192321777,0,0.00039053699947544374,0,0,1
3.9208376830001725,392,1,0.0,0.0,0.0,0.0,0.0,0.0,0.0,0.0,0.0,0.0,0.0,0.0,0.88019276,-25.337952,84.88325,-42.05708,,,,,1.31,1.17,1.32,1.51,0.83,0.98,0.69,0.0,1510.0,static,3.8682761192321777,0,0.0003903520000676508,0,0,1
3.9308364420003272,393,1,0.0,0.0,0.0,0.0,0.0,0.0,0.0,0.0,0.0,0.0,0.0,0.0,0.8809304,-25.33981,84.89199,-42.06496,,,,,1.31,1.17,1.32,1.51,0.83,0.98,0.68,0.0,1510.0,static,3.9294471740722656,0,0.0003893329994753003,0,0,1
3.9408322569997836,394,1,0.0,0.0,0.0,0.0,0.0,0.0,0.0,0.0,0.0,0.0,0.0,0.0,0.87837595,-25.331886,84.88331,-42.05608,,,,,1.31,1.17,1.32,1.51,0.83,0.98,0.68,0.0,1510.0,static,3.9294471740722656,0,0.0003848890000881511,0,0,1
3.950835405000362,395,1,0.0,0.0,0.0,0.0,0.0,0.0,0.0,0.0,0.0,0.0,0.0,0.0,0.8786628,-25.331463,84.87806,-42.054127,,,,,1.31,1.17,1.32,1.51,0.83,0.98,0.68,0.0,1510.0,static,3.9294471740722656,0,0.00038866700015205424,0,0,1
3.9608392010004536,396,1,0.0,0.0,0.0,0.0,0.0,0.0,0.0,0.0,0.0,0.0,0.0,0.0,0.87937313,-25.338047,84.87828,-42.052666,,,,,1.31,1.17,1.32,1.51,0.83,0.98,0.68,0.0,1510.0,static,3.9294471740722656,0,0.0003907039999830886,0,0,1
3.970839163999699,397,1,0.0,0.0,0.0,0.0,0.0,0.0,0.0,0.0,0.0,0.0,0.0,0.0,0.87922287,-25.339003,84.8847,-42.054058,,,,,1.31,1.17,1.32,1.51,0.83,0.98,0.68,0.0,1510.0,static,3.9294471740722656,0,0.0003920740000467049,0,0,1
3.9808370529999593,398,1,0.0,0.0,0.0,0.0,0.0,0.0,0.0,0.0,0.0,0.0,0.0,0.0,0.8779115,-25.331476,84.87702,-42.048515,,,,,1.31,1.17,1.32,1.51,0.83,0.98,0.69,0.0,1510.0,static,3.9787728786468506,0,0.00039037099941197084,0,0,1
3.990837774999818,399,1,0.0,0.0,0.0,0.0,0.0,0.0,0.0,0.0,0.0,0.0,0.0,0.0,0.87726945,-25.342419,84.877815,-42.050823,,,,,1.31,1.17,1.32,1.51,0.83,0.98,0.69,0.0,1510.0,static,3.9787728786468506,0,0.00039027799994073575,0,0,1
4.00083659000029,400,1,0.0,0.0,0.0,0.0,0.0,0.0,0.0,0.0,0.0,0.0,0.0,0.0,0.8780071,-25.341135,84.8782,-42.050877,,,,,1.31,1.17,1.32,1.51,0.83,0.98,0.69,0.0,1510.0,static,3.9787728786468506,0,0.0003887779994329321,0,0,1
4.010852979000447,401,1,0.0,0.0,0.0,0.0,0.0,0.0,0.0,0.0,0.0,0.0,0.0,0.0,0.87774754,-25.336393,84.872185,-42.04861,,,,,1.31,1.17,1.32,1.51,0.83,0.98,0.69,0.0,1510.0,static,3.9787728786468506,0,0.0003978710001319996,0,0,1
4.02147718300057,402,1,0.0,0.0,0.0,0.0,0.0,0.0,0.0,0.0,0.0,0.0,0.0,0.0,0.8778432,-25.330124,84.87251,-42.04876,,,,,1.31,1.17,1.32,1.51,0.83,0.98,0.69,0.0,1510.0,static,3.9787728786468506,0,0.00039335200017376337,0,0,1
4.030840331000036,403,1,0.0,0.0,0.0,0.0,0.0,0.0,0.0,0.0,0.0,0.0,0.0,0.0,0.87853986,-25.345068,84.8815,-42.058075,,,,,1.31,1.17,1.32,1.51,0.83,0.98,0.68,0.0,1510.0,static,4.028700351715088,0,0.00039414799994119676,0,0,1
4.040839664000487,404,1,0.0,0.0,0.0,0.0,0.0,0.0,0.0,0.0,0.0,0.0,0.0,0.0,0.8788131,-25.33298,84.88139,-42.060165,,,,,1.31,1.17,1.32,1.51,0.83,0.98,0.68,0.0,1510.0,static,4.028700351715088,0,0.0003936670000257436,0,0,1
4.050843609000367,405,1,0.0,0.0,0.0,0.0,0.0,0.0,0.0,0.0,0.0,0.0,0.0,0.0,0.8787174,-25.34022,84.87904,-42.055523,,,,,1.31,1.17,1.32,1.51,0.83,0.98,0.68,0.0,1510.0,static,4.028700351715088,0,0.00039727799958200194,0,0,1
4.060837830999844,406,1,0.0,0.0,0.0,0.0,0.0,0.0,0.0,0.0,0.0,0.0,0.0,0.0,0.8799742,-25.340384,84.88473,-42.068924,,,,,1.31,1.17,1.32,1.51,0.83,0.98,0.68,0.0,1510.0,static,4.028700351715088,0,0.00038998200034257025,0,0,1
4.0717029790002925,407,1,0.0,0.0,0.0,0.0,0.0,0.0,0.0,0.0,0.0,0.0,0.0,0.0,0.87912726,-25.341654,84.88276,-42.06738,,,,,1.31,1.17,1.32,1.51,0.83,0.98,0.68,0.0,1510.0,static,4.028700351715088,0,0.00039996300074562896,0,0,1
4.080838552999921,408,1,0.0,0.0,0.0,0.0,0.0,0.0,0.0,0.0,0.0,0.0,0.0,0.0,0.88019276,-25.33119,84.882706,-42.068348,,,,,1.31,1.17,1.32,1.51,0.83,0.98,0.68,0.0,1510.0,static,4.028700351715088,0,0.00039318499966611853,0,0,1
4.090839497999696,409,1,0.0,0.0,0.0,0.0,0.0,0.0,0.0,0.0,0.0,0.0,0.0,0.0,0.8800425,-25.34149,84.88497,-42.06727,,,,,1.3,1.17,1.32,1.51,0.83,0.98,0.69,0.0,1510.0,static,4.090616226196289,0,0.0003935369995815563,0,0,1
4.100843053000062,410,1,0.0,0.0,0.0,0.0,0.0,0.0,0.0,0.0,0.0,0.0,0.0,0.0,0.8797966,-25.342882,84.88675,-42.078144,,,,,1.3,1.17,1.32,1.51,0.83,0.98,0.69,0.0,1510.0,static,4.090616226196289,0,0.0003965920004702639,0,0,1
4.110835645999941,411,1,0.0,0.0,0.0,0.0,0.0,0.0,0.0,0.0,0.0,0.0,0.0,0.0,0.8792092,-25.336065,84.87975,-42.071846,,,,,1.3,1.17,1.32,1.51,0.83,0.98,0.69,0.0,1510.0,static,4.090616226196289,0,0.0003888520004693419,0,0,1
4.120840237999801,412,1,0.0,0.0,0.0,0.0,0.0,0.0,0.0,0.0,0.0,0.0,0.0,0.0,0.8793595,-25.34261,84.88675,-42.07638,,,,,1.3,1.17,1.32,1.51,0.83,0.98,0.69,0.0,1510.0,static,4.090616226196289,0,0.0003941850000046543,0,0,1
4.131689552999887,413,1,0.0,0.0,0.0,0.0,0.0,0.0,0.0,0.0,0.0,0.0,0.0,0.0,0.87795246,-25.357159,84.888,-42.075535,,,,,1.3,1.17,1.32,1.51,0.83,0.98,0.69,0.0,1510.0,static,4.090616226196289,0,0.00040525900021748384,0,0,1
4.140847683000175,414,1,0.0,0.0,0.0,0.0,0.0,0.0,0.0,0.0,0.0,0.0,0.0,0.0,0.87840325,-25.347172,84.88768,-42.073063,,,,,1.3,1.17,1.32,1.51,0.83,0.98,0.68,0.0,1510.0,static,4.140458583831787,0,0.0003923700005543651,0,0,1
4.150843534999694,415,1,0.0,0.0,0.0,0.0,0.0,0.0,0.0,0.0,0.0,0.0,0.0,0.0,0.8788814,-25.343647,84.88331,-42.07343,,,,,1.3,1.17,1.32,1.51,0.83,0.98,0.68,0.0,1510.0,static,4.140458583831787,0,0.00039664799987804145,0,0,1
4.160837127000377,416,1,0.0,0.0,0.0,0.0,0.0,0.0,0.0,0.0,0.0,0.0,0.0,0.0,0.87856716,-25.353128,84.890465,-42.080177,,,,,1.3,1.17,1.32,1.51,0.83,0.98,0.68,0.0,1510.0,static,4.140458583831787,0,0.00039027799994073575,0,0,1
4.170837294000194,417,1,0.0,0.0,0.0,0.0,0.0,0.0,0.0,0.0,0.0,0.0,0.0,0.0,0.87795246,-25.343853,84.88136,-42.071915,,,,,1.3,1.17,1.32,1.51,0.83,0.98,0.68,0.0,1510.0,static,4.140458583831787,0,0.000391259999560134,0,0,1
4.180842220000159,418,1,0.0,0.0,0.0,0.0,0.0,0.0,0.0,0.0,0.0,0.0,0.0,0.0,0.8778022,-25.343922,84.88153,-42.07182,,,,,1.3,1.17,1.32,1.51,0.83,0.98,0.68,0.0,1510.0,static,4.140458583831787,0,0.00039561100038554287,0,0,1
4.190840608999679,419,1,0.0,0.0,0.0,0.0,0.0,0.0,0.0,0.0,0.0,0.0,0.0,0.0,0.8779798,-25.34642,84.88371,-42.075672,,,,,1.3,1.17,1.32,1.51,0.83,0.98,0.68,0.0,1510.0,static,4.140458583831787,0,0.000393481999708456,0,0,1
4.200844942000003,420,1,0.0,0.0,0.0,0.0,0.0,0.0,0.0,0.0,0.0,0.0,0.0,0.0,0.8772558,-25.348879,84.8812,-42.07507,,,,,1.3,1.16,1.32,1.51,0.83,0.98,0.69,0.0,1510.0,static,4.195226430892944,0,0.00039825900057621766,0,0,1
4.210838979000073,421,1,0.0,0.0,0.0,0.0,0.0,0.0,0.0,0.0,0.0,0.0,0.0,0.0,0.876764,-25.339195,84.87894,-42.068798,,,,,1.3,1.16,1.32,1.51,0.83,0.98,0.69,0.0,1510.0,static,4.195226430892944,0,0.00039220300004672026,0,0,1
4.221706535000521,422,1,0.0,0.0,0.0,0.0,0.0,0.0,0.0,0.0,0.0,0.0,0.0,0.0,0.8773787,-25.341967,84.886635,-42.074932,,,,,1.3,1.16,1.32,1.51,0.83,0.98,0.69,0.0,1510.0,static,4.195226430892944,0,0.00040331399941351265,0,0,1
4.230803794000167,423,1,0.0,0.0,0.0,0.0,0.0,0.0,0.0,0.0,0.0,0.0,0.0,0.0,0.8779115,-25.349318,84.889175,-42.074497,,,,,1.3,1.16,1.32,1.51,0.83,0.98,0.69,0.0,1510.0,static,4.195226430892944,0,0.00039340799958154093,0,0,1
4.240852552999968,424,1,0.0,0.0,0.0,0.0,0.0,0.0,0.0,0.0,0.0,0.0,0.0,0.0,0.8778432,-25.347158,84.883575,-42.069347,,,,,1.3,1.16,1.32,1.51,0.83,0.98,0.69,0.0,1510.0,static,4.195226430892944,0,0.0003985370003647404,0,0,1
4.250844367999889,425,1,0.0,0.0,0.0,0.0,0.0,0.0,0.0,0.0,0.0,0.0,0.0,0.0,0.87903166,-25.34414,84.889015,-42.074455,,,,,1.3,1.16,1.32,1.51,0.83,0.98,0.69,0.0,1510.0,static,4.195226430892944,0,0.00039742600074532675,0,0,1
4.260844811999959,426,1,0.0,0.0,0.0,0.0,0.0,0.0,0.0,0.0,0.0,0.0,0.0,0.0,0.87833494,-25.353743,84.88672,-42.074112,,,,,1.3,1.16,1.31,1.51,0.83,0.98,0.67,0.0,1510.0,static,4.246333837509155,0,0.00039877799918031087,0,0,1
4.270837942000071,427,1,0.0,0.0,0.0,0.0,0.0,0.0,0.0,0.0,0.0,0.0,0.0,0.0,0.8794005,-25.346476,84.88765,-42.075916,,,,,1.3,1.16,1.31,1.51,0.83,0.98,0.67,0.0,1510.0,static,4.246333837509155,0,0.0003910180003003916,0,0,1
4.280840293999972,428,1,0.0,0.0,0.0,0.0,0.0,0.0,0.0,0.0,0.0,0.0,0.0,0.0,0.8798786,-25.351229,84.888794,-42.071,,,,,1.3,1.16,1.31,1.51,0.83,0.98,0.67,0.0,1510.0,static,4.246333837509155,0,0.0003927970001313952,0,0,1
4.290840960000423,429,1,0.0,0.0,0.0,0.0,0.0,0.0,0.0,0.0,0.0,0.0,0.0,0.0,0.8796327,-25.35646,84.89478,-42.07887,,,,,1.3,1.16,1.31,1.51,0.83,0.98,0.67,0.0,1510.0,static,4.246333837509155,0,0.0003948339999624295,0,0,1
4.300842849000219,430,1,0.0,0.0,0.0,0.0,0.0,0.0,0.0,0.0,0.0,0.0,0.0,0.0,0.87837595,-25.361229,84.887566,-42.076504,,,,,1.3,1.16,1.31,1.51,0.83,0.98,0.67,0.0,1510.0,static,4.246333837509155,0,0.00039635200027987594,0,0,1
4.310951164000471,431,1,0.0,0.0,0.0,0.0,0.0,0.0,0.0,0.0,0.0,0.0,0.0,0.0,0.8791136,-25.351051,84.88609,-42.076134,,,,,1.3,1.16,1.31,1.51,0.83,0.98,0.69,0.0,1510.0,static,4.296367645263672,0,0.0004207400006634998,0,0,1
4.320846516000529,432,1,0.0,0.0,0.0,0.0,0.0,0.0,0.0,0.0,0.0,0.0,0.0,0.0,0.8795644,-25.357553,84.88696,-42.076626,,,,,1.3,1.16,1.31,1.51,0.83,0.98,0.69,0.0,1510.0,static,4.296367645263672,0,0.000397017999603122,0,0,1
4.330855701000473,433,1,0.0,0.0,0.0,0.0,0.0,0.0,0.0,0.0,0.0,0.0,0.0,0.0,0.8786628,-25.362226,84.88169,-42.072693,,,,,1.3,1.16,1.31,1.51,0.83,0.98,0.69,0.0,1510.0,static,4.296367645263672,0,0.0004090550000910298,0,0,1
4.340853312000036,434,1,0.0,0.0,0.0,0.0,0.0,0.0,0.0,0.0,0.0,0.0,0.0,0.0,0.87941414,-25.358114,84.87932,-42.068268,,,,,1.3,1.16,1.31,1.51,0.83,0.98,0.69,0.0,1510.0,static,4.296367645263672,0,0.0004019620000690338,0,0,1
4.350846516000274,435,1,0.0,0.0,0.0,0.0,0.0,0.0,0.0,0.0,0.0,0.0,0.0,0.0,0.8794005,-25.35362,84.88262,-42.0691,,,,,1.3,1.16,1.31,1.51,0.83,0.98,0.69,0.0,1510.0,static,4.296367645263672,0,0.00040074100070341956,0,0,1
4.360915516000205,436,1,0.0,0.0,0.0,0.0,0.0,0.0,0.0,0.0,0.0,0.0,0.0,0.0,0.8780344,-25.363674,84.879974,-42.068184,,,,,1.3,1.16,1.31,1.51,0.83,0.98,0.69,0.0,1510.0,static,4.296367645263672,0,0.00040779599930829136,0,0,1
4.370858496999972,437,1,0.0,0.0,0.0,0.0,0.0,0.0,0.0,0.0,0.0,0.0,0.0,0.0,0.87762463,-25.370285,84.8744,-42.063732,,,,,1.29,1.16,1.31,1.5,0.83,0.98,0.67,0.0,1510.0,static,4.3683295249938965,0,0.00040592599998490186,0,0,1
4.380853108000338,438,1,0.0,0.0,0.0,0.0,0.0,0.0,0.0,0.0,0.0,0.0,0.0,0.0,0.87792516,-25.366488,84.88298,-42.070454,,,,,1.29,1.16,1.31,1.5,0.83,0.98,0.67,0.0,1510.0,static,4.3683295249938965,0,0.0004035739993923926,0,0,1
4.390848738000386,439,1,0.0,0.0,0.0,0.0,0.0,0.0,0.0,0.0,0.0,0.0,0.0,0.0,0.8770509,-25.365995,84.88188,-42.075314,,,,,1.29,1.16,1.31,1.5,0.83,0.98,0.67,0.0,1510.0,static,4.3683295249938965,0,0.0004029629999422468,0,0,1
4.400888312000461,440,1,0.0,0.0,0.0,0.0,0.0,0.0,0.0,0.0,0.0,0.0,0.0,0.0,0.876764,-25.369411,84.87724,-42.074318,,,,,1.29,1.16,1.31,1.5,0.83,0.98,0.67,0.0,1510.0,static,4.3683295249938965,0,0.0003988520002167206,0,0,1
4.4108492380000826,441,1,0.0,0.0,0.0,0.0,0.0,0.0,0.0,0.0,0.0,0.0,0.0,0.0,0.8765454,-25.378195,84.88331,-42.06824,,,,,1.29,1.16,1.31,1.5,0.83,0.98,0.67,0.0,1510.0,static,4.3683295249938965,0,0.0004009260001112125,0,0,1
4.4208495709999625,442,1,0.0,0.0,0.0,0.0,0.0,0.0,0.0,0.0,0.0,0.0,0.0,0.0,0.8764225,-25.370026,84.88806,-42.075233,,,,,1.29,1.16,1.31,1.5,0.83,0.98,0.67,0.0,1510.0,static,4.3683295249938965,0,0.000401221999709378,0,0,1
4.430850515999737,443,1,0.0,0.0,0.0,0.0,0.0,0.0,0.0,0.0,0.0,0.0,0.0,0.0,0.8761903,-25.377266,84.883194,-42.0684,,,,,1.29,1.16,1.32,1.5,0.83,0.98,0.69,0.0,1510.0,static,4.428858757019043,0,0.00040103699939209037,0,0,1
4.440877720000572,444,1,0.0,0.0,0.0,0.0,0.0,0.0,0.0,0.0,0.0,0.0,0.0,0.0,0.8769962,-25.374357,84.885544,-42.06712,,,,,1.29,1.16,1.32,1.5,0.83,0.98,0.69,0.0,1510.0,static,4.428858757019043,0,0.00040157399962481577,0,0,1
4.45084381200013,445,1,0.0,0.0,0.0,0.0,0.0,0.0,0.0,0.0,0.0,0.0,0.0,0.0,0.8761493,-25.377321,84.88155,-42.06563,,,,,1.29,1.16,1.32,1.5,0.83,0.98,0.69,0.0,1510.0,static,4.428858757019043,0,0.00039501900027971715,0,0,1
4.4608530710002015,446,1,0.0,0.0,0.0,0.0,0.0,0.0,0.0,0.0,0.0,0.0,0.0,0.0,0.87675035,-25.372458,84.882866,-42.067856,,,,,1.29,1.16,1.32,1.5,0.83,0.98,0.69,0.0,1510.0,static,4.428858757019043,0,0.00040325900044990703,0,0,1
4.470848867999848,447,1,0.0,0.0,0.0,0.0,0.0,0.0,0.0,0.0,0.0,0.0,0.0,0.0,0.87750167,-25.37486,84.88516,-42.06761,,,,,1.29,1.16,1.32,1.5,0.83,0.98,0.69,0.0,1510.0,static,4.428858757019043,0,0.00039996299983613426,0,0,1
4.480849497000236,448,1,0.0,0.0,0.0,0.0,0.0,0.0,0.0,0.0,0.0,0.0,0.0,0.0,0.87740606,-25.374971,84.893005,-42.071846,,,,,1.29,1.16,1.32,1.5,0.83,0.98,0.69,0.0,1510.0,static,4.428858757019043,0,0.0003994819999206811,0,0,1
4.490849812000306,449,1,0.0,0.0,0.0,0.0,0.0,0.0,0.0,0.0,0.0,0.0,0.0,0.0,0.87679136,-25.376446,84.887596,-42.071503,,,,,1.29,1.16,1.31,1.5,0.83,0.98,0.68,0.0,1510.0,static,4.489464998245239,0,0.00040103699939209037,0,0,1
4.500844349000545,450,1,0.0,0.0,0.0,0.0,0.0,0.0,0.0,0.0,0.0,0.0,0.0,0.0,0.87684596,-25.379711,84.88696,-42.06895,,,,,1.29,1.16,1.31,1.5,0.83,0.98,0.68,0.0,1510.0,static,4.489464998245239,0,0.00039901899981487077,0,0,1
4.51085181200051,451,1,0.0,0.0,0.0,0.0,0.0,0.0,0.0,0.0,0.0,0.0,0.0,0.0,0.8776793,-25.374357,84.88533,-42.06928,,,,,1.29,1.16,1.31,1.5,0.83,0.98,0.68,0.0,1510.0,static,4.489464998245239,0,0.0004028329994980595,0,0,1
4.520847200999924,452,1,0.0,0.0,0.0,0.0,0.0,0.0,0.0,0.0,0.0,0.0,0.0,0.0,0.87668204,-25.367662,84.882484,-42.06873,,,,,1.29,1.16,1.31,1.5,0.83,0.98,0.68,0.0,1510.0,static,4.489464998245239,0,0.0004010740003650426,0,0,1
4.530853293999826,453,1,0.0,0.0,0.0,0.0,0.0,0.0,0.0,0.0,0.0,0.0,0.0,0.0,0.8766274,-25.366543,84.88194,-42.065533,,,,,1.29,1.16,1.31,1.5,0.83,0.98,0.68,0.0,1510.0,static,4.489464998245239,0,0.0004044999996040133,0,0,1
4.540846757000509,454,1,0.0,0.0,0.0,0.0,0.0,0.0,0.0,0.0,0.0,0.0,0.0,0.0,0.87681866,-25.377853,84.89112,-42.067883,,,,,1.29,1.16,1.31,1.5,0.83,0.98,0.68,0.0,1510.0,static,4.489464998245239,0,0.00040140700002666563,0,0,1
4.550849608000135,455,1,0.0,0.0,0.0,0.0,0.0,0.0,0.0,0.0,0.0,0.0,0.0,0.0,0.87668204,-25.370544,84.886505,-42.065834,,,,,1.29,1.16,1.31,1.5,0.83,0.98,0.68,0.0,1510.0,static,4.545285701751709,0,0.00040109299970936263,0,0,1
4.560853349000354,456,1,0.0,0.0,0.0,0.0,0.0,0.0,0.0,0.0,0.0,0.0,0.0,0.0,0.8766001,-25.371843,84.88164,-42.05745,,,,,1.29,1.16,1.31,1.5,0.83,0.98,0.68,0.0,1510.0,static,4.545285701751709,0,0.0004072030005772831,0,0,1
4.570901459999732,457,1,0.0,0.0,0.0,0.0,0.0,0.0,0.0,0.0,0.0,0.0,0.0,0.0,0.87675035,-25.369875,84.88371,-42.05887,,,,,1.29,1.16,1.31,1.5,0.83,0.98,0.68,0.0,1510.0,static,4.545285701751709,0,0.0004032399992865976,0,0,1
4.58084755300024,458,1,0.0,0.0,0.0,0.0,0.0,0.0,0.0,0.0,0.0,0.0,0.0,0.0,0.87613565,-25.37575,84.88186,-42.05652,,,,,1.29,1.16,1.31,1.5,0.83,0.98,0.68,0.0,1510.0,static,4.545285701751709,0,0.00039746299989928957,0,0,1
4.590869090000524,459,1,0.0,0.0,0.0,0.0,0.0,0.0,0.0,0.0,0.0,0.0,0.0,0.0,0.8760537,-25.36097,84.8792,-42.057816,,,,,1.29,1.16,1.31,1.5,0.83,0.98,0.68,0.0,1510.0,static,4.545285701751709,0,0.0003984630002378253,0,0,1
4.600844645000507,460,1,0.0,0.0,0.0,0.0,0.0,0.0,0.0,0.0,0.0,0.0,0.0,0.0,0.8757258,-25.367964,84.881226,-42.05686,,,,,1.29,1.16,1.31,1.5,0.83,0.98,0.68,0.0,1510.0,static,4.545285701751709,0,0.00039898199975141324,0,0,1
4.610855404999711,461,1,0.0,0.0,0.0,0.0,0.0,0.0,0.0,0.0,0.0,0.0,0.0,0.0,0.87580776,-25.366323,84.88055,-42.05846,,,,,1.29,1.16,1.31,1.5,0.83,0.98,0.69,0.0,1510.0,static,4.5952842235565186,0,0.0004061479994561523,0,0,1
4.6208430710003086,462,1,0.0,0.0,0.0,0.0,0.0,0.0,0.0,0.0,0.0,0.0,0.0,0.0,0.87554824,-25.367853,84.8735,-42.05797,,,,,1.29,1.16,1.31,1.5,0.83,0.98,0.69,0.0,1510.0,static,4.5952842235565186,0,0.0004046670001116581,0,0,1
4.630852070999936,463,1,0.0,0.0,0.0,0.0,0.0,0.0,0.0,0.0,0.0,0.0,0.0,0.0,0.8764771,-25.365667,84.87481,-42.058567,,,,,1.29,1.16,1.31,1.5,0.83,0.98,0.69,0.0,1510.0,static,4.5952842235565186,0,0.00040314799935003975,0,0,1
4.640852608000387,464,1,0.0,0.0,0.0,0.0,0.0,0.0,0.0,0.0,0.0,0.0,0.0,0.0,0.87632686,-25.368496,84.87374,-42.057487,,,,,1.29,1.16,1.31,1.5,0.83,0.98,0.69,0.0,1510.0,static,4.5952842235565186,0,0.0004040929998154752,0,0,1
4.650847570999758,465,1,0.0,0.0,0.0,0.0,0.0,0.0,0.0,0.0,0.0,0.0,0.0,0.0,0.8751794,-25.363455,84.8726,-42.05988,,,,,1.29,1.16,1.31,1.5,0.83,0.98,0.69,0.0,1510.0,static,4.5952842235565186,0,0.0003990739996879711,0,0,1
4.660856442000295,466,1,0.0,0.0,0.0,0.0,0.0,0.0,0.0,0.0,0.0,0.0,0.0,0.0,0.8757258,-25.353264,84.87549,-42.064796,,,,,1.29,1.16,1.31,1.5,0.82,0.97,0.68,0.0,1510.0,static,4.644731283187866,0,0.000405091999709839,0,0,1
4.6708506080003644,467,1,0.0,0.0,0.0,0.0,0.0,0.0,0.0,0.0,0.0,0.0,0.0,0.0,0.8757668,-25.358646,84.87986,-42.06242,,,,,1.29,1.16,1.31,1.5,0.82,0.97,0.68,0.0,1510.0,static,4.644731283187866,0,0.0004011490000266349,0,0,1
4.6808489969998845,468,1,0.0,0.0,0.0,0.0,0.0,0.0,0.0,0.0,0.0,0.0,0.0,0.0,0.8753707,-25.359604,84.87746,-42.06335,,,,,1.29,1.16,1.31,1.5,0.82,0.97,0.68,0.0,1510.0,static,4.644731283187866,0,0.0004004439997515874,0,0,1
4.690845645000081,469,1,0.0,0.0,0.0,0.0,0.0,0.0,0.0,0.0,0.0,0.0,0.0,0.0,0.8751384,-25.356693,84.883766,-42.065685,,,,,1.29,1.16,1.31,1.5,0.82,0.97,0.68,0.0,1510.0,static,4.644731283187866,0,0.00039933300013217377,0,0,1
4.700847590000194,470,1,0.0,0.0,0.0,0.0,0.0,0.0,0.0,0.0,0.0,0.0,0.0,0.0,0.87651813,-25.368551,84.886284,-42.06395,,,,,1.29,1.16,1.31,1.5,0.82,0.97,0.68,0.0,1510.0,static,4.644731283187866,0,0.0003990930008512805,0,0,1
4.710854423000455,471,1,0.0,0.0,0.0,0.0,0.0,0.0,0.0,0.0,0.0,0.0,0.0,0.0,0.8758624,-25.37314,84.880516,-42.06357,,,,,1.29,1.16,1.31,1.5,0.82,0.97,0.68,0.0,1510.0,static,4.644731283187866,0,0.00040755500049272086,0,0,1
4.720858534000399,472,1,0.0,0.0,0.0,0.0,0.0,0.0,0.0,0.0,0.0,0.0,0.0,0.0,0.8764498,-25.356966,84.878525,-42.06764,,,,,1.28,1.15,1.31,1.5,0.82,0.98,0.68,0.0,1510.0,static,4.718322515487671,0,0.0004000180006187293,0,0,1
4.730846053000278,473,1,0.0,0.0,0.0,0.0,0.0,0.0,0.0,0.0,0.0,0.0,0.0,0.0,0.8768323,-25.356365,84.875,-42.066628,,,,,1.28,1.15,1.31,1.5,0.82,0.98,0.68,0.0,1510.0,static,4.718322515487671,0,0.00039953699979378143,0,0,1
4.740853960000095,474,1,0.0,0.0,0.0,0.0,0.0,0.0,0.0,0.0,0.0,0.0,0.0,0.0,0.87720114,-25.362267,84.875984,-42.063976,,,,,1.28,1.15,1.31,1.5,0.82,0.98,0.68,0.0,1510.0,static,4.718322515487671,0,0.0004013150000901078,0,0,1
4.750844774999678,475,1,0.0,0.0,0.0,0.0,0.0,0.0,0.0,0.0,0.0,0.0,0.0,0.0,0.8756575,-25.355341,84.86997,-42.06865,,,,,1.28,1.15,1.31,1.5,0.82,0.98,0.68,0.0,1510.0,static,4.718322515487671,0,0.000398925999434141,0,0,1
4.7608597750004265,476,1,0.0,0.0,0.0,0.0,0.0,0.0,0.0,0.0,0.0,0.0,0.0,0.0,0.87672305,-25.351215,84.87623,-42.068443,,,,,1.28,1.15,1.31,1.5,0.82,0.98,0.68,0.0,1510.0,static,4.718322515487671,0,0.0004087409997737268,0,0,1
4.7708500710004955,477,1,0.0,0.0,0.0,0.0,0.0,0.0,0.0,0.0,0.0,0.0,0.0,0.0,0.8761903,-25.361488,84.87913,-42.061394,,,,,1.28,1.15,1.31,1.5,0.82,0.98,0.68,0.0,1510.0,static,4.718322515487671,0,0.0003992970005128882,0,0,1
4.7808506450001005,478,1,0.0,0.0,0.0,0.0,0.0,0.0,0.0,0.0,0.0,0.0,0.0,0.0,0.87623125,-25.352882,84.876335,-42.06611,,,,,1.28,1.15,1.31,1.5,0.82,0.98,0.69,0.0,1510.0,static,4.7797911167144775,0,0.00040055600038613193,0,0,1
4.79085279300034,479,1,0.0,0.0,0.0,0.0,0.0,0.0,0.0,0.0,0.0,0.0,0.0,0.0,0.87554824,-25.353033,84.869865,-42.06022,,,,,1.28,1.15,1.31,1.5,0.82,0.98,0.69,0.0,1510.0,static,4.7797911167144775,0,0.0004020180003863061,0,0,1
4.800843423000515,480,1,0.0,0.0,0.0,0.0,0.0,0.0,0.0,0.0,0.0,0.0,0.0,0.0,0.8743051,-25.361528,84.8721,-42.05824,,,,,1.28,1.15,1.31,1.5,0.82,0.98,0.69,0.0,1510.0,static,4.7797911167144775,0,0.0003942030007237918,0,0,1
4.810853885999677,481,1,0.0,0.0,0.0,0.0,0.0,0.0,0.0,0.0,0.0,0.0,0.0,0.0,0.87446904,-25.36381,84.869865,-42.058266,,,,,1.28,1.15,1.31,1.5,0.82,0.98,0.69,0.0,1510.0,static,4.7797911167144775,0,0.00040774099943519104,0,0,1
4.8208489600001485,482,1,0.0,0.0,0.0,0.0,0.0,0.0,0.0,0.0,0.0,0.0,0.0,0.0,0.8748789,-25.362799,84.87085,-42.05906,,,,,1.28,1.15,1.31,1.5,0.82,0.98,0.69,0.0,1510.0,static,4.7797911167144775,0,0.00040044500019575935,0,0,1
4.830846329999986,483,1,0.0,0.0,0.0,0.0,0.0,0.0,0.0,0.0,0.0,0.0,0.0,0.0,0.8752477,-25.358538,84.871445,-42.058514,,,,,1.28,1.15,1.31,1.5,0.82,0.98,0.69,0.0,1510.0,static,4.7797911167144775,0,0.0004006850003861473,0,0,1
4.840849830000479,484,1,0.0,0.0,0.0,0.0,0.0,0.0,0.0,0.0,0.0,0.0,0.0,0.0,0.8759034,-25.36325,84.87008,-42.059673,,,,,1.28,1.15,1.31,1.5,0.82,0.97,0.67,0.0,1510.0,static,4.839860677719116,0,0.0004009260001112125,0,0,1
4.850839182000527,485,1,0.0,0.0,0.0,0.0,0.0,0.0,0.0,0.0,0.0,0.0,0.0,0.0,0.8768733,-25.355669,84.876144,-42.071026,,,,,1.28,1.15,1.31,1.5,0.82,0.97,0.67,0.0,1510.0,static,4.839860677719116,0,0.00039385200034303125,0,0,1
4.860857812000177,486,1,0.0,0.0,0.0,0.0,0.0,0.0,0.0,0.0,0.0,0.0,0.0,0.0,0.8770099,-25.356884,84.88027,-42.06384,,,,,1.28,1.15,1.31,1.5,0.82,0.97,0.67,0.0,1510.0,static,4.839860677719116,0,0.00040724100017541787,0,0,1
4.8708492010000555,487,1,0.0,0.0,0.0,0.0,0.0,0.0,0.0,0.0,0.0,0.0,0.0,0.0,0.87602633,-25.366611,84.87978,-42.063786,,,,,1.28,1.15,1.31,1.5,0.82,0.97,0.67,0.0,1510.0,static,4.839860677719116,0,0.000400630000513047,0,0,1
4.880847145000189,488,1,0.0,0.0,0.0,0.0,0.0,0.0,0.0,0.0,0.0,0.0,0.0,0.0,0.875357,-25.369999,84.88352,-42.074276,,,,,1.28,1.15,1.31,1.5,0.82,0.97,0.67,0.0,1510.0,static,4.839860677719116,0,0.0004010740003650426,0,0,1
4.890849663999688,489,1,0.0,0.0,0.0,0.0,0.0,0.0,0.0,0.0,0.0,0.0,0.0,0.0,0.8757258,-25.355751,84.883965,-42.072884,,,,,1.28,1.15,1.31,1.5,0.82,0.97,0.67,0.0,1510.0,static,4.839860677719116,0,0.00040079599966702517,0,0,1
4.900839793000159,490,1,0.0,0.0,0.0,0.0,0.0,0.0,0.0,0.0,0.0,0.0,0.0,0.0,0.8753024,-25.362349,84.88445,-42.06951,,,,,1.28,1.15,1.31,1.49,0.82,0.97,0.67,0.0,1510.0,static,4.896379232406616,0,0.00039400000059686136,0,0,1
4.910853571000189,491,1,0.0,0.0,0.0,0.0,0.0,0.0,0.0,0.0,0.0,0.0,0.0,0.0,0.8754116,-25.362349,84.88423,-42.07287,,,,,1.28,1.15,1.31,1.49,0.82,0.97,0.67,0.0,1510.0,static,4.896379232406616,0,0.0004083339999851887,0,0,1
4.920853053000428,492,1,0.0,0.0,0.0,0.0,0.0,0.0,0.0,0.0,0.0,0.0,0.0,0.0,0.87496084,-25.361952,84.88295,-42.071465,,,,,1.28,1.15,1.31,1.49,0.82,0.97,0.67,0.0,1510.0,static,4.896379232406616,0,0.0004016660004708683,0,0,1
4.930847127000561,493,1,0.0,0.0,0.0,0.0,0.0,0.0,0.0,0.0,0.0,0.0,0.0,0.0,0.87620395,-25.360136,84.88221,-42.06687,,,,,1.28,1.15,1.31,1.49,0.82,0.97,0.67,0.0,1510.0,static,4.896379232406616,0,0.00039820399979362264,0,0,1
4.940845533999891,494,1,0.0,0.0,0.0,0.0,0.0,0.0,0.0,0.0,0.0,0.0,0.0,0.0,0.87379974,-25.362144,84.87918,-42.073715,,,,,1.28,1.15,1.31,1.49,0.82,0.97,0.67,0.0,1510.0,static,4.896379232406616,0,0.0004002030000265222,0,0,1
4.950844607999898,495,1,0.0,0.0,0.0,0.0,0.0,0.0,0.0,0.0,0.0,0.0,0.0,0.0,0.87408656,-25.35776,84.88254,-42.077732,,,,,1.28,1.15,1.31,1.49,0.82,0.97,0.69,0.0,1510.0,static,4.946298837661743,0,0.0003932589997930336,0,0,1
4.960852404000434,496,1,0.0,0.0,0.0,0.0,0.0,0.0,0.0,0.0,0.0,0.0,0.0,0.0,0.87403196,-25.36586,84.88331,-42.072487,,,,,1.28,1.15,1.31,1.49,0.82,0.97,0.69,0.0,1510.0,static,4.946298837661743,0,0.0004062220004925621,0,0,1
4.97085234899987,497,1,0.0,0.0,0.0,0.0,0.0,0.0,0.0,0.0,0.0,0.0,0.0,0.0,0.8742642,-25.364452,84.88841,-42.078007,,,,,1.28,1.15,1.31,1.49,0.82,0.97,0.69,0.0,1510.0,static,4.946298837661743,0,0.0004037219996462227,0,0,1
4.980843719000404,498,1,0.0,0.0,0.0,0.0,0.0,0.0,0.0,0.0,0.0,0.0,0.0,0.0,0.87299377,-25.363277,84.881256,-42.07996,,,,,1.28,1.15,1.31,1.49,0.82,0.97,0.69,0.0,1510.0,static,4.946298837661743,0,0.0003981479994763504,0,0,1
4.990849886000433,499,1,0.0,0.0,0.0,0.0,0.0,0.0,0.0,0.0,0.0,0.0,0.0,0.0,0.8724883,-25.353592,84.87896,-42.07854,,,,,1.28,1.15,1.31,1.49,0.82,0.97,0.69,0.0,1510.0,static,4.946298837661743,0,0.0004013520001535653,0,0,1
5.000841664000291,500,1,0.0,0.0,0.0,0.0,0.0,0.0,0.0,0.0,0.0,0.0,0.0,0.0,0.8727069,-25.359467,84.87822,-42.0757,,,,,1.28,1.15,1.31,1.49,0.82,0.97,0.69,0.0,1510.0,static,4.946298837661743,0,0.0003959260002375231,0,0,1
5.010863792999771,501,1,0.0,0.0,0.0,0.0,0.0,0.0,0.0,0.0,0.0,0.0,0.0,0.0,0.8730347,-25.35866,84.87609,-42.075985,,,,,1.28,1.15,1.31,1.49,0.82,0.97,0.68,0.0,1510.0,static,4.995300769805908,0,0.0004125180003029527,0,0,1
5.02084910800022,502,1,0.0,0.0,0.0,0.0,0.0,0.0,0.0,0.0,0.0,0.0,0.0,0.0,0.8734309,-25.355354,84.87347,-42.069386,,,,,1.28,1.15,1.31,1.49,0.82,0.97,0.68,0.0,1510.0,static,4.995300769805908,0,0.00040294499922310933,0,0,1
5.03093023800011,503,1,0.0,0.0,0.0,0.0,0.0,0.0,0.0,0.0,0.0,0.0,0.0,0.0,0.8747559,-25.353565,84.87669,-42.06496,,,,,1.28,1.15,1.31,1.49,0.82,0.97,0.68,0.0,1510.0,static,4.995300769805908,0,0.00039759199989930494,0,0,1
5.040845978000107,504,1,0.0,0.0,0.0,0.0,0.0,0.0,0.0,0.0,0.0,0.0,0.0,0.0,0.87498814,-25.361187,84.8773,-42.064114,,,,,1.28,1.15,1.31,1.49,0.82,0.97,0.68,0.0,1510.0,static,4.995300769805908,0,0.0003976110001531197,0,0,1
5.050849885999924,505,1,0.0,0.0,0.0,0.0,0.0,0.0,0.0,0.0,0.0,0.0,0.0,0.0,0.875275,-25.370298,84.87981,-42.06739,,,,,1.28,1.15,1.31,1.49,0.82,0.97,0.68,0.0,1510.0,static,4.995300769805908,0,0.00039942599960340885,0,0,1
5.060850830000163,506,1,0.0,0.0,0.0,0.0,0.0,0.0,0.0,0.0,0.0,0.0,0.0,0.0,0.87571216,-25.35933,84.87626,-42.06433,,,,,1.28,1.15,1.31,1.49,0.82,0.97,0.68,0.0,1510.0,static,4.995300769805908,0,0.0004020749993287609,0,0,1
5.070847701000275,507,1,0.0,0.0,0.0,0.0,0.0,0.0,0.0,0.0,0.0,0.0,0.0,0.0,0.87489253,-25.361202,84.87967,-42.068104,,,,,1.28,1.15,1.31,1.49,0.82,0.97,0.69,0.0,1510.0,static,5.068408489227295,0,0.0003984630002378253,0,0,1
5.080848440999944,508,1,0.0,0.0,0.0,0.0,0.0,0.0,0.0,0.0,0.0,0.0,0.0,0.0,0.8762176,-25.3606,84.87757,-42.061134,,,,,1.28,1.15,1.31,1.49,0.82,0.97,0.69,0.0,1510.0,static,5.068408489227295,0,0.0004000180006187293,0,0,1
5.090844664000542,509,1,0.0,0.0,0.0,0.0,0.0,0.0,0.0,0.0,0.0,0.0,0.0,0.0,0.87550724,-25.359467,84.87505,-42.06201,,,,,1.28,1.15,1.31,1.49,0.82,0.97,0.69,0.0,1510.0,static,5.068408489227295,0,0.00039640699924348155,0,0,1
5.100845607999872,510,1,0.0,0.0,0.0,0.0,0.0,0.0,0.0,0.0,0.0,0.0,0.0,0.0,0.8750155,-25.34989,84.876724,-42.064003,,,,,1.28,1.15,1.31,1.49,0.82,0.97,0.69,0.0,1510.0,static,5.068408489227295,0,0.00039668499994149897,0,0,1
5.110846849000154,511,1,0.0,0.0,0.0,0.0,0.0,0.0,0.0,0.0,0.0,0.0,0.0,0.0,0.87405926,-25.351871,84.87467,-42.068268,,,,,1.28,1.15,1.31,1.49,0.82,0.97,0.69,0.0,1510.0,static,5.068408489227295,0,0.0004007780007668771,0,0,1
5.1208461819996955,512,1,0.0,0.0,0.0,0.0,0.0,0.0,0.0,0.0,0.0,0.0,0.0,0.0,0.87382704,-25.355068,84.87467,-42.0613,,,,,1.28,1.15,1.31,1.49,0.82,0.97,0.69,0.0,1510.0,static,5.068408489227295,0,0.00039792499956092797,0,0,1
5.130842571000358,513,1,0.0,0.0,0.0,0.0,0.0,0.0,0.0,0.0,0.0,0.0,0.0,0.0,0.87323964,-25.366297,84.87901,-42.06253,,,,,1.27,1.15,1.31,1.49,0.82,0.97,0.68,0.0,1510.0,static,5.129484176635742,0,0.00039664799987804145,0,0,1
5.14084586700028,514,1,0.0,0.0,0.0,0.0,0.0,0.0,0.0,0.0,0.0,0.0,0.0,0.0,0.8732533,-25.35291,84.87593,-42.06198,,,,,1.27,1.15,1.31,1.49,0.82,0.97,0.68,0.0,1510.0,static,5.129484176635742,0,0.0003968339997300063,0,0,1
5.150843719000477,515,1,0.0,0.0,0.0,0.0,0.0,0.0,0.0,0.0,0.0,0.0,0.0,0.0,0.87299377,-25.362963,84.87243,-42.057503,,,,,1.27,1.15,1.31,1.49,0.82,0.97,0.68,0.0,1510.0,static,5.129484176635742,0,0.0003982399994129082,0,0,1
5.160849923000569,516,1,0.0,0.0,0.0,0.0,0.0,0.0,0.0,0.0,0.0,0.0,0.0,0.0,0.87382704,-25.353687,84.876854,-42.05764,,,,,1.27,1.15,1.31,1.49,0.82,0.97,0.68,0.0,1510.0,static,5.129484176635742,0,0.0003992039992226637,0,0,1
5.170843218999835,517,1,0.0,0.0,0.0,0.0,0.0,0.0,0.0,0.0,0.0,0.0,0.0,0.0,0.8727342,-25.357664,84.87538,-42.05765,,,,,1.27,1.15,1.31,1.49,0.82,0.97,0.68,0.0,1510.0,static,5.129484176635742,0,0.0003981480003858451,0,0,1
5.180847867000011,518,1,0.0,0.0,0.0,0.0,0.0,0.0,0.0,0.0,0.0,0.0,0.0,0.0,0.8719009,-25.357868,84.873856,-42.06242,,,,,1.27,1.14,1.31,1.49,0.82,0.97,0.69,0.0,1510.0,static,5.179380655288696,0,0.00039514899981440976,0,0,1
5.190844775000187,519,1,0.0,0.0,0.0,0.0,0.0,0.0,0.0,0.0,0.0,0.0,0.0,0.0,0.8721878,-25.362814,84.87795,-42.061176,,,,,1.27,1.14,1.31,1.49,0.82,0.97,0.69,0.0,1510.0,static,5.179380655288696,0,0.0003993520003859885,0,0,1
5.200848274999771,520,1,0.0,0.0,0.0,0.0,0.0,0.0,0.0,0.0,0.0,0.0,0.0,0.0,0.8715731,-25.352036,84.8809,-42.067448,,,,,1.27,1.14,1.31,1.49,0.82,0.97,0.69,0.0,1510.0,static,5.179380655288696,0,0.00039801799994165776,0,0,1
5.210824552000304,521,1,0.0,0.0,0.0,0.0,0.0,0.0,0.0,0.0,0.0,0.0,0.0,0.0,0.8708218,-25.351353,84.87353,-42.068077,,,,,1.27,1.14,1.31,1.49,0.82,0.97,0.69,0.0,1510.0,static,5.179380655288696,0,0.0004034999992654775,0,0,1
5.221822274999795,522,1,0.0,0.0,0.0,0.0,0.0,0.0,0.0,0.0,0.0,0.0,0.0,0.0,0.8713135,-25.353046,84.87817,-42.072803,,,,,1.27,1.14,1.31,1.49,0.82,0.97,0.69,0.0,1510.0,static,5.179380655288696,0,0.00041055499968933873,0,0,1
5.230831312000191,523,1,0.0,0.0,0.0,0.0,0.0,0.0,0.0,0.0,0.0,0.0,0.0,0.0,0.8712862,-25.349426,84.880844,-42.07264,,,,,1.27,1.14,1.31,1.49,0.82,0.97,0.69,0.0,1510.0,static,5.179380655288696,0,0.0003992590000052587,0,0,1
5.240847218999988,524,1,0.0,0.0,0.0,0.0,0.0,0.0,0.0,0.0,0.0,0.0,0.0,0.0,0.8718053,-25.348934,84.882484,-42.07365,,,,,1.27,1.14,1.31,1.49,0.82,0.97,0.68,0.0,1510.0,static,5.240850448608398,0,0.0003969079998569214,0,0,1
5.250848034000228,525,1,0.0,0.0,0.0,0.0,0.0,0.0,0.0,0.0,0.0,0.0,0.0,0.0,0.87229705,-25.354877,84.87839,-42.069607,,,,,1.27,1.14,1.31,1.49,0.82,0.97,0.68,0.0,1510.0,static,5.240850448608398,0,0.0003985559997090604,0,0,1
5.26093527500052,526,1,0.0,0.0,0.0,0.0,0.0,0.0,0.0,0.0,0.0,0.0,0.0,0.0,0.8727752,-25.353374,84.88442,-42.08033,,,,,1.27,1.14,1.31,1.49,0.82,0.97,0.68,0.0,1510.0,static,5.240850448608398,0,0.0003988519993072259,0,0,1
5.270844255999691,527,1,0.0,0.0,0.0,0.0,0.0,0.0,0.0,0.0,0.0,0.0,0.0,0.0,0.8726113,-25.338102,84.87552,-42.07291,,,,,1.27,1.14,1.31,1.49,0.82,0.97,0.68,0.0,1510.0,static,5.240850448608398,0,0.0003958890001740656,0,0,1
5.280832440999802,528,1,0.0,0.0,0.0,0.0,0.0,0.0,0.0,0.0,0.0,0.0,0.0,0.0,0.8726386,-25.336626,84.87344,-42.07238,,,,,1.27,1.14,1.31,1.49,0.82,0.97,0.68,0.0,1510.0,static,5.240850448608398,0,0.000403593000555702,0,0,1
5.290819644999829,529,1,0.0,0.0,0.0,0.0,0.0,0.0,0.0,0.0,0.0,0.0,0.0,0.0,0.8729391,-25.341326,84.87828,-42.073376,,,,,1.27,1.14,1.31,1.49,0.82,0.97,0.68,0.0,1510.0,static,5.240850448608398,0,0.0004000190001534065,0,0,1
5.300849182000093,530,1,0.0,0.0,0.0,0.0,0.0,0.0,0.0,0.0,0.0,0.0,0.0,0.0,0.8719419,-25.34037,84.87885,-42.073704,,,,,1.27,1.14,1.31,1.49,0.82,0.97,0.69,0.0,1510.0,static,5.2963666915893555,0,0.0004001480001534219,0,0,1
5.310940682000364,531,1,0.0,0.0,0.0,0.0,0.0,0.0,0.0,0.0,0.0,0.0,0.0,0.0,0.87132716,-25.333061,84.874344,-42.069305,,,,,1.27,1.14,1.31,1.49,0.82,0.97,0.69,0.0,1510.0,static,5.2963666915893555,0,0.00041890700049407315,0,0,1
5.320879460000469,532,1,0.0,0.0,0.0,0.0,0.0,0.0,0.0,0.0,0.0,0.0,0.0,0.0,0.87191457,-25.347664,84.87847,-42.067654,,,,,1.27,1.14,1.31,1.49,0.82,0.97,0.69,0.0,1510.0,static,5.2963666915893555,0,0.0004329069997766055,0,0,1
5.330852682000113,533,1,0.0,0.0,0.0,0.0,0.0,0.0,0.0,0.0,0.0,0.0,0.0,0.0,0.8713545,-25.344522,84.881744,-42.068882,,,,,1.27,1.14,1.31,1.49,0.82,0.97,0.69,0.0,1510.0,static,5.2963666915893555,0,0.00040274099956150167,0,0,1
5.340851830000247,534,1,0.0,0.0,0.0,0.0,0.0,0.0,0.0,0.0,0.0,0.0,0.0,0.0,0.8707671,-25.338867,84.870735,-42.0666,,,,,1.27,1.14,1.31,1.49,0.82,0.97,0.69,0.0,1510.0,static,5.2963666915893555,0,0.0004052220001540263,0,0,1
5.350850071000423,535,1,0.0,0.0,0.0,0.0,0.0,0.0,0.0,0.0,0.0,0.0,0.0,0.0,0.8711769,-25.34817,84.88011,-42.074467,,,,,1.27,1.14,1.31,1.49,0.81,0.97,0.67,0.0,1510.0,static,5.346342325210571,0,0.00040353700023842975,0,0,1
5.360858701000325,536,1,0.0,0.0,0.0,0.0,0.0,0.0,0.0,0.0,0.0,0.0,0.0,0.0,0.87129986,-25.347828,84.88046,-42.071327,,,,,1.27,1.14,1.31,1.49,0.81,0.97,0.67,0.0,1510.0,static,5.346342325210571,0,0.00040855600036593387,0,0,1
5.370853014999739,537,1,0.0,0.0,0.0,0.0,0.0,0.0,0.0,0.0,0.0,0.0,0.0,0.0,0.87149113,-25.34556,84.87675,-42.07082,,,,,1.27,1.14,1.31,1.49,0.81,0.97,0.67,0.0,1510.0,static,5.346342325210571,0,0.00040364800042880233,0,0,1
5.380858219000402,538,1,0.0,0.0,0.0,0.0,0.0,0.0,0.0,0.0,0.0,0.0,0.0,0.0,0.8713135,-25.350834,84.87861,-42.07343,,,,,1.27,1.14,1.31,1.49,0.81,0.97,0.67,0.0,1510.0,static,5.346342325210571,0,0.0004046300000482006,0,0,1
5.390856423000514,539,1,0.0,0.0,0.0,0.0,0.0,0.0,0.0,0.0,0.0,0.0,0.0,0.0,0.8708218,-25.35411,84.88281,-42.07309,,,,,1.27,1.14,1.31,1.49,0.81,0.97,0.67,0.0,1510.0,static,5.346342325210571,0,0.000407055000323453,0,0,1
5.4008443120001175,540,1,0.0,0.0,0.0,0.0,0.0,0.0,0.0,0.0,0.0,0.0,0.0,0.0,0.87002945,-25.34153,84.8732,-42.065125,,,,,1.27,1.14,1.31,1.49,0.81,0.97,0.67,0.0,1510.0,static,5.346342325210571,0,0.00039737099996273173,0,0,1
5.410854237999956,541,1,0.0,0.0,0.0,0.0,0.0,0.0,0.0,0.0,0.0,0.0,0.0,0.0,0.8706578,-25.34112,84.877075,-42.069115,,,,,1.27,1.14,1.31,1.49,0.82,0.97,0.69,0.0,1510.0,static,5.39527440071106,0,0.00040446300045005046,0,0,1
5.420850792999772,542,1,0.0,0.0,0.0,0.0,0.0,0.0,0.0,0.0,0.0,0.0,0.0,0.0,0.8704939,-25.349016,84.881584,-42.072502,,,,,1.27,1.14,1.31,1.49,0.82,0.97,0.69,0.0,1510.0,static,5.39527440071106,0,0.000401221999709378,0,0,1
5.432580644999689,543,1,0.0,0.0,0.0,0.0,0.0,0.0,0.0,0.0,0.0,0.0,0.0,0.0,0.8696333,-25.349876,84.87659,-42.070656,,,,,1.27,1.14,1.31,1.49,0.82,0.97,0.69,0.0,1510.0,static,5.39527440071106,0,0.0005741850000049453,0,0,1
5.4408758489998945,544,1,0.0,0.0,0.0,0.0,0.0,0.0,0.0,0.0,0.0,0.0,0.0,0.0,0.87078077,-25.34045,84.8779,-42.0701,,,,,1.27,1.14,1.31,1.49,0.82,0.97,0.69,0.0,1510.0,static,5.39527440071106,0,0.0004161850001764833,0,0,1
5.4508589970000685,545,1,0.0,0.0,0.0,0.0,0.0,0.0,0.0,0.0,0.0,0.0,0.0,0.0,0.8718326,-25.350492,84.88513,-42.07646,,,,,1.27,1.14,1.31,1.49,0.82,0.97,0.69,0.0,1510.0,static,5.39527440071106,0,0.0004075369997735834,0,0,1
5.460867736999717,546,1,0.0,0.0,0.0,0.0,0.0,0.0,0.0,0.0,0.0,0.0,0.0,0.0,0.87188727,-25.346857,84.87877,-42.07366,,,,,1.27,1.14,1.31,1.49,0.81,0.97,0.67,0.0,1510.0,static,5.445967674255371,0,0.0004147590007050894,0,0,1
5.47087123700021,547,1,0.0,0.0,0.0,0.0,0.0,0.0,0.0,0.0,0.0,0.0,0.0,0.0,0.8716414,-25.337528,84.876205,-42.073948,,,,,1.27,1.14,1.31,1.49,0.81,0.97,0.67,0.0,1510.0,static,5.445967674255371,0,0.0004124630004298524,0,0,1
5.480867422999836,548,1,0.0,0.0,0.0,0.0,0.0,0.0,0.0,0.0,0.0,0.0,0.0,0.0,0.872543,-25.33739,84.88407,-42.085342,,,,,1.27,1.14,1.31,1.49,0.81,0.97,0.67,0.0,1510.0,static,5.445967674255371,0,0.00040968600023916224,0,0,1
5.49087177399997,549,1,0.0,0.0,0.0,0.0,0.0,0.0,0.0,0.0,0.0,0.0,0.0,0.0,0.87179166,-25.344057,84.87929,-42.079494,,,,,1.27,1.14,1.31,1.49,0.81,0.97,0.67,0.0,1510.0,static,5.445967674255371,0,0.0004145190005147015,0,0,1
5.500864219000505,550,1,0.0,0.0,0.0,0.0,0.0,0.0,0.0,0.0,0.0,0.0,0.0,0.0,0.8714365,-25.333498,84.87235,-42.072968,,,,,1.27,1.14,1.31,1.49,0.81,0.97,0.67,0.0,1510.0,static,5.445967674255371,0,0.0004061479994561523,0,0,1
5.510867662999772,551,1,0.0,0.0,0.0,0.0,0.0,0.0,0.0,0.0,0.0,0.0,0.0,0.0,0.8729664,-25.341763,84.881035,-42.073063,,,,,1.27,1.14,1.31,1.49,0.81,0.97,0.67,0.0,1510.0,static,5.445967674255371,0,0.0004165740001553786,0,0,1
5.5208577370003695,552,1,0.0,0.0,0.0,0.0,0.0,0.0,0.0,0.0,0.0,0.0,0.0,0.0,0.87203753,-25.343798,84.880844,-42.071503,,,,,1.26,1.14,1.31,1.49,0.81,0.97,0.68,0.0,1510.0,static,5.518685817718506,0,0.00040681500013306504,0,0,1
5.530854663000355,553,1,0.0,0.0,0.0,0.0,0.0,0.0,0.0,0.0,0.0,0.0,0.0,0.0,0.87151843,-25.344358,84.87462,-42.06515,,,,,1.26,1.14,1.31,1.49,0.81,0.97,0.68,0.0,1510.0,static,5.518685817718506,0,0.00040525899930798914,0,0,1
5.540851978000319,554,1,0.0,0.0,0.0,0.0,0.0,0.0,0.0,0.0,0.0,0.0,0.0,0.0,0.87229705,-25.339113,84.88024,-42.071175,,,,,1.26,1.14,1.31,1.49,0.81,0.97,0.68,0.0,1510.0,static,5.518685817718506,0,0.000401870000132476,0,0,1
5.550848144999691,555,1,0.0,0.0,0.0,0.0,0.0,0.0,0.0,0.0,0.0,0.0,0.0,0.0,0.87191457,-25.343443,84.877106,-42.068703,,,,,1.26,1.14,1.31,1.49,0.81,0.97,0.68,0.0,1510.0,static,5.518685817718506,0,0.0004005370001323172,0,0,1
5.560861236999699,556,1,0.0,0.0,0.0,0.0,0.0,0.0,0.0,0.0,0.0,0.0,0.0,0.0,0.8721605,-25.334988,84.87046,-42.070057,,,,,1.26,1.14,1.31,1.49,0.81,0.97,0.68,0.0,1510.0,static,5.518685817718506,0,0.00040490699939255137,0,0,1
5.570864774000256,557,1,0.0,0.0,0.0,0.0,0.0,0.0,0.0,0.0,0.0,0.0,0.0,0.0,0.87385434,-25.329973,84.87216,-42.061626,,,,,1.26,1.14,1.31,1.48,0.81,0.97,0.68,0.0,1510.0,static,5.568459510803223,0,0.0004085930004293914,0,0,1
5.580870904000221,558,1,0.0,0.0,0.0,0.0,0.0,0.0,0.0,0.0,0.0,0.0,0.0,0.0,0.8743871,-25.335806,84.880844,-42.070724,,,,,1.26,1.14,1.31,1.48,0.81,0.97,0.68,0.0,1510.0,static,5.568459510803223,0,0.0004145929997321218,0,0,1
5.59086784900046,559,1,0.0,0.0,0.0,0.0,0.0,0.0,0.0,0.0,0.0,0.0,0.0,0.0,0.87382704,-25.341845,84.86883,-42.063156,,,,,1.26,1.14,1.31,1.48,0.81,0.97,0.68,0.0,1510.0,static,5.568459510803223,0,0.0004097970004295348,0,0,1
5.600861756000086,560,1,0.0,0.0,0.0,0.0,0.0,0.0,0.0,0.0,0.0,0.0,0.0,0.0,0.87399095,-25.339672,84.87281,-42.0663,,,,,1.26,1.14,1.31,1.48,0.81,0.97,0.68,0.0,1510.0,static,5.568459510803223,0,0.00040579600045020925,0,0,1
5.610863460000473,561,1,0.0,0.0,0.0,0.0,0.0,0.0,0.0,0.0,0.0,0.0,0.0,0.0,0.87403196,-25.327816,84.87429,-42.071243,,,,,1.26,1.14,1.31,1.48,0.81,0.97,0.68,0.0,1510.0,static,5.568459510803223,0,0.00041240700011258014,0,0,1
5.620868941000481,562,1,0.0,0.0,0.0,0.0,0.0,0.0,0.0,0.0,0.0,0.0,0.0,0.0,0.8731167,-25.329044,84.87079,-42.063812,,,,,1.26,1.14,1.31,1.48,0.81,0.97,0.69,0.0,1510.0,static,5.618666410446167,0,0.00041101900023932103,0,0,1
5.630871497000044,563,1,0.0,0.0,0.0,0.0,0.0,0.0,0.0,0.0,0.0,0.0,0.0,0.0,0.87356746,-25.332582,84.87118,-42.064457,,,,,1.26,1.14,1.31,1.48,0.81,0.97,0.69,0.0,1510.0,static,5.618666410446167,0,0.00041396300002816133,0,0,1
5.6408630890000495,564,1,0.0,0.0,0.0,0.0,0.0,0.0,0.0,0.0,0.0,0.0,0.0,0.0,0.87382704,-25.327747,84.876144,-42.067257,,,,,1.26,1.14,1.31,1.48,0.81,0.97,0.69,0.0,1510.0,static,5.618666410446167,0,0.00041277800028183265,0,0,1
5.650864404000458,565,1,0.0,0.0,0.0,0.0,0.0,0.0,0.0,0.0,0.0,0.0,0.0,0.0,0.8724473,-25.31947,84.8744,-42.06488,,,,,1.26,1.14,1.31,1.48,0.81,0.97,0.69,0.0,1510.0,static,5.618666410446167,0,0.0004026850001537241,0,0,1
5.660890089000532,566,1,0.0,0.0,0.0,0.0,0.0,0.0,0.0,0.0,0.0,0.0,0.0,0.0,0.8731713,-25.322296,84.87224,-42.057804,,,,,1.26,1.14,1.31,1.48,0.81,0.97,0.69,0.0,1510.0,static,5.618666410446167,0,0.000404518999857828,0,0,1
5.670845829999962,567,1,0.0,0.0,0.0,0.0,0.0,0.0,0.0,0.0,0.0,0.0,0.0,0.0,0.8741139,-25.323841,84.8821,-42.065014,,,,,1.26,1.14,1.31,1.48,0.81,0.97,0.69,0.0,1510.0,static,5.618666410446167,0,0.0003965739997511264,0,0,1
5.680843441000434,568,1,0.0,0.0,0.0,0.0,0.0,0.0,0.0,0.0,0.0,0.0,0.0,0.0,0.87399095,-25.326681,84.879074,-42.06458,,,,,1.26,1.14,1.31,1.48,0.81,0.97,0.68,0.0,1510.0,static,5.679287672042847,0,0.0003950179998355452,0,0,1
5.6910929969999415,569,1,0.0,0.0,0.0,0.0,0.0,0.0,0.0,0.0,0.0,0.0,0.0,0.0,0.87328064,-25.3191,84.872406,-42.058636,,,,,1.26,1.14,1.31,1.48,0.81,0.97,0.68,0.0,1510.0,static,5.679287672042847,0,0.0006448340000133612,0,0,1
5.700845348000257,570,1,0.0,0.0,0.0,0.0,0.0,0.0,0.0,0.0,0.0,0.0,0.0,0.0,0.87403196,-25.325453,84.87216,-42.058514,,,,,1.26,1.14,1.31,1.48,0.81,0.97,0.68,0.0,1510.0,static,5.679287672042847,0,0.00039651799943385413,0,0,1
5.710844348000137,571,1,0.0,0.0,0.0,0.0,0.0,0.0,0.0,0.0,0.0,0.0,0.0,0.0,0.8737724,-25.320507,84.87965,-42.06757,,,,,1.26,1.14,1.31,1.48,0.81,0.97,0.68,0.0,1510.0,static,5.679287672042847,0,0.00039694399947620695,0,0,1
5.720847923000292,572,1,0.0,0.0,0.0,0.0,0.0,0.0,0.0,0.0,0.0,0.0,0.0,0.0,0.87304837,-25.324524,84.871506,-42.057285,,,,,1.26,1.14,1.31,1.48,0.81,0.97,0.68,0.0,1510.0,static,5.679287672042847,0,0.00039944400032254634,0,0,1
5.730841941000108,573,1,0.0,0.0,0.0,0.0,0.0,0.0,0.0,0.0,0.0,0.0,0.0,0.0,0.8734582,-25.320972,84.87341,-42.06133,,,,,1.26,1.14,1.31,1.48,0.81,0.97,0.68,0.0,1510.0,static,5.679287672042847,0,0.00039468500017392216,0,0,1
5.740849329999946,574,1,0.0,0.0,0.0,0.0,0.0,0.0,0.0,0.0,0.0,0.0,0.0,0.0,0.8737724,-25.318758,84.87325,-42.062214,,,,,1.26,1.14,1.31,1.48,0.81,0.97,0.69,0.0,1510.0,static,5.739579916000366,0,0.0004020370006401208,0,0,1
5.750839422000354,575,1,0.0,0.0,0.0,0.0,0.0,0.0,0.0,0.0,0.0,0.0,0.0,0.0,0.87392265,-25.314714,84.86956,-42.068893,,,,,1.26,1.14,1.31,1.48,0.81,0.97,0.69,0.0,1510.0,static,5.739579916000366,0,0.0003926480003428878,0,0,1
5.760842589000276,576,1,0.0,0.0,0.0,0.0,0.0,0.0,0.0,0.0,0.0,0.0,0.0,0.0,0.8741412,-25.318007,84.87022,-42.066982,,,,,1.26,1.14,1.31,1.48,0.81,0.97,0.69,0.0,1510.0,static,5.739579916000366,0,0.00039557399941259064,0,0,1
5.770841163000114,577,1,0.0,0.0,0.0,0.0,0.0,0.0,0.0,0.0,0.0,0.0,0.0,0.0,0.87460566,-25.313868,84.878685,-42.073307,,,,,1.26,1.14,1.31,1.48,0.81,0.97,0.69,0.0,1510.0,static,5.739579916000366,0,0.00039385200034303125,0,0,1
5.78084060800029,578,1,0.0,0.0,0.0,0.0,0.0,0.0,0.0,0.0,0.0,0.0,0.0,0.0,0.8741959,-25.304033,84.872925,-42.069496,,,,,1.26,1.14,1.31,1.48,0.81,0.97,0.69,0.0,1510.0,static,5.739579916000366,0,0.0003934259993911837,0,0,1
5.790838756000085,579,1,0.0,0.0,0.0,0.0,0.0,0.0,0.0,0.0,0.0,0.0,0.0,0.0,0.8736221,-25.309141,84.87248,-42.07384,,,,,1.26,1.14,1.31,1.48,0.81,0.97,0.69,0.0,1510.0,static,5.739579916000366,0,0.00039137000021582935,0,0,1
5.800837329999922,580,1,0.0,0.0,0.0,0.0,0.0,0.0,0.0,0.0,0.0,0.0,0.0,0.0,0.8741412,-25.310152,84.878494,-42.08108,,,,,1.26,1.14,1.31,1.48,0.81,0.97,0.68,0.0,1510.0,static,5.795388698577881,0,0.00039059200025803875,0,0,1
5.810848793000332,581,1,0.0,0.0,0.0,0.0,0.0,0.0,0.0,0.0,0.0,0.0,0.0,0.0,0.8742915,-25.30529,84.87519,-42.080204,,,,,1.26,1.14,1.31,1.48,0.81,0.97,0.68,0.0,1510.0,static,5.795388698577881,0,0.0004011860000900924,0,0,1
5.821668515000056,582,1,0.0,0.0,0.0,0.0,0.0,0.0,0.0,0.0,0.0,0.0,0.0,0.0,0.8747013,-25.296041,84.87079,-42.075943,,,,,1.26,1.14,1.31,1.48,0.81,0.97,0.68,0.0,1510.0,static,5.795388698577881,0,0.00040496300061931834,0,0,1
5.831674793000275,583,1,0.0,0.0,0.0,0.0,0.0,0.0,0.0,0.0,0.0,0.0,0.0,0.0,0.8750428,-25.306519,84.87415,-42.077885,,,,,1.26,1.14,1.31,1.48,0.81,0.97,0.68,0.0,1510.0,static,5.795388698577881,0,0.0004042590007884428,0,0,1
5.84083940399978,584,1,0.0,0.0,0.0,0.0,0.0,0.0,0.0,0.0,0.0,0.0,0.0,0.0,0.8736768,-25.303732,84.871994,-42.084305,,,,,1.26,1.14,1.31,1.48,0.81,0.97,0.68,0.0,1510.0,static,5.795388698577881,0,0.0003924630000256002,0,0,1
5.8508409969999775,585,1,0.0,0.0,0.0,0.0,0.0,0.0,0.0,0.0,0.0,0.0,0.0,0.0,0.8731167,-25.29947,84.866615,-42.07918,,,,,1.25,1.13,1.31,1.48,0.81,0.97,0.69,0.0,1510.0,static,5.845229387283325,0,0.00039470299998356495,0,0,1
5.8608379590004915,586,1,0.0,0.0,0.0,0.0,0.0,0.0,0.0,0.0,0.0,0.0,0.0,0.0,0.87395,-25.288979,84.87396,-42.079987,,,,,1.25,1.13,1.31,1.48,0.81,0.97,0.69,0.0,1510.0,static,5.845229387283325,0,0.0003906659994754591,0,0,1
5.870841941000435,587,1,0.0,0.0,0.0,0.0,0.0,0.0,0.0,0.0,0.0,0.0,0.0,0.0,0.87425053,-25.30533,84.87972,-42.082214,,,,,1.25,1.13,1.31,1.48,0.81,0.97,0.69,0.0,1510.0,static,5.845229387283325,0,0.00039503700008935994,0,0,1
5.880849033999766,588,1,0.0,0.0,0.0,0.0,0.0,0.0,0.0,0.0,0.0,0.0,0.0,0.0,0.8736904,-25.298883,84.8783,-42.076885,,,,,1.25,1.13,1.31,1.48,0.81,0.97,0.69,0.0,1510.0,static,5.845229387283325,0,0.0004018890003862907,0,0,1
5.891625070999908,589,1,0.0,0.0,0.0,0.0,0.0,0.0,0.0,0.0,0.0,0.0,0.0,0.0,0.87274784,-25.300331,84.8721,-42.068703,,,,,1.25,1.13,1.31,1.48,0.81,0.97,0.69,0.0,1510.0,static,5.845229387283325,0,0.0003982399994129082,0,0,1
5.900845144999948,590,1,0.0,0.0,0.0,0.0,0.0,0.0,0.0,0.0,0.0,0.0,0.0,0.0,0.8731577,-25.30257,84.88129,-42.076122,,,,,1.25,1.13,1.31,1.48,0.81,0.97,0.67,0.0,1510.0,static,5.894730567932129,0,0.000398000000132015,0,0,1
5.910836310999912,591,1,0.0,0.0,0.0,0.0,0.0,0.0,0.0,0.0,0.0,0.0,0.0,0.0,0.87323964,-25.30253,84.87814,-42.07354,,,,,1.25,1.13,1.31,1.48,0.81,0.97,0.67,0.0,1510.0,static,5.894730567932129,0,0.00038966700049059,0,0,1
5.92083982999975,592,1,0.0,0.0,0.0,0.0,0.0,0.0,0.0,0.0,0.0,0.0,0.0,0.0,0.8737177,-25.298021,84.87626,-42.075397,,,,,1.25,1.13,1.31,1.48,0.81,0.97,0.67,0.0,1510.0,static,5.894730567932129,0,0.0003932409999833908,0,0,1
5.9308440149998205,593,1,0.0,0.0,0.0,0.0,0.0,0.0,0.0,0.0,0.0,0.0,0.0,0.0,0.87269324,-25.3116,84.881226,-42.06999,,,,,1.25,1.13,1.31,1.48,0.81,0.97,0.67,0.0,1510.0,static,5.894730567932129,0,0.0003973520006184117,0,0,1
5.94084544100042,594,1,0.0,0.0,0.0,0.0,0.0,0.0,0.0,0.0,0.0,0.0,0.0,0.0,0.87265223,-25.31626,84.88229,-42.07443,,,,,1.25,1.13,1.31,1.48,0.81,0.97,0.67,0.0,1510.0,static,5.894730567932129,0,0.0003987780000898056,0,0,1
5.950841847999982,595,1,0.0,0.0,0.0,0.0,0.0,0.0,0.0,0.0,0.0,0.0,0.0,0.0,0.8735538,-25.306122,84.87992,-42.07257,,,,,1.25,1.13,1.31,1.48,0.81,0.97,0.67,0.0,1510.0,static,5.894730567932129,0,0.0003941670001950115,0,0,1
5.960840089000158,596,1,0.0,0.0,0.0,0.0,0.0,0.0,0.0,0.0,0.0,0.0,0.0,0.0,0.87392265,-25.308567,84.884285,-42.07228,,,,,1.25,1.13,1.31,1.48,0.81,0.97,0.69,0.0,1510.0,static,5.9464497566223145,0,0.0003935189997719135,0,0,1
5.970838236999953,597,1,0.0,0.0,0.0,0.0,0.0,0.0,0.0,0.0,0.0,0.0,0.0,0.0,0.8738817,-25.316545,84.88101,-42.071983,,,,,1.25,1.13,1.31,1.48,0.81,0.97,0.69,0.0,1510.0,static,5.9464497566223145,0,0.0003910180003003916,0,0,1
5.98083681099979,598,1,0.0,0.0,0.0,0.0,0.0,0.0,0.0,0.0,0.0,0.0,0.0,0.0,0.87385434,-25.306437,84.881256,-42.073322,,,,,1.25,1.13,1.31,1.48,0.81,0.97,0.69,0.0,1510.0,static,5.9464497566223145,0,0.00038876000053278403,0,0,1
5.990839996000432,599,1,0.0,0.0,0.0,0.0,0.0,0.0,0.0,0.0,0.0,0.0,0.0,0.0,0.8740729,-25.298923,84.886475,-42.07384,,,,,1.25,1.13,1.31,1.48,0.81,0.97,0.69,0.0,1510.0,static,5.9464497566223145,0,0.00039277799987758044,0,0,1
6.000837182000396,600,1,0.0,0.0,0.0,0.0,0.0,0.0,0.0,0.0,0.0,0.0,0.0,0.0,0.8735538,-25.311258,84.88872,-42.077965,,,,,1.25,1.13,1.31,1.48,0.81,0.97,0.69,0.0,1510.0,static,5.9464497566223145,0,0.00039029599975037854,0,0,1
6.010845292999875,601,1,0.0,0.0,0.0,0.0,0.0,0.0,0.0,0.0,0.0,0.0,0.0,0.0,0.8736221,-25.309538,84.8868,-42.077377,,,,,1.25,1.13,1.31,1.48,0.81,0.97,0.67,0.0,1510.0,static,5.99538254737854,0,0.0003907959999196464,0,0,1
6.020837682000092,602,1,0.0,0.0,0.0,0.0,0.0,0.0,0.0,0.0,0.0,0.0,0.0,0.0,0.87272054,-25.303076,84.888115,-42.078705,,,,,1.25,1.13,1.31,1.48,0.81,0.97,0.67,0.0,1510.0,static,5.99538254737854,0,0.0003906479996658163,0,0,1
6.030835477999972,603,1,0.0,0.0,0.0,0.0,0.0,0.0,0.0,0.0,0.0,0.0,0.0,0.0,0.8744964,-25.312351,84.89836,-42.086983,,,,,1.25,1.13,1.31,1.48,0.81,0.97,0.67,0.0,1510.0,static,5.99538254737854,0,0.0003885550004270044,0,0,1
6.040836719000254,604,1,0.0,0.0,0.0,0.0,0.0,0.0,0.0,0.0,0.0,0.0,0.0,0.0,0.8742368,-25.324072,84.89336,-42.087254,,,,,1.25,1.13,1.31,1.48,0.81,0.97,0.67,0.0,1510.0,static,5.99538254737854,0,0.0003900920000887709,0,0,1
6.050837644999774,605,1,0.0,0.0,0.0,0.0,0.0,0.0,0.0,0.0,0.0,0.0,0.0,0.0,0.87464666,-25.317202,84.89183,-42.08623,,,,,1.25,1.13,1.31,1.48,0.81,0.97,0.67,0.0,1510.0,static,5.99538254737854,0,0.0003906479996658163,0,0,1
6.060841645000437,606,1,0.0,0.0,0.0,0.0,0.0,0.0,0.0,0.0,0.0,0.0,0.0,0.0,0.8746603,-25.323143,84.89292,-42.082485,,,,,1.25,1.13,1.31,1.48,0.81,0.97,0.67,0.0,1510.0,static,5.99538254737854,0,0.00038774099994043354,0,0,1
6.070835792999787,607,1,0.0,0.0,0.0,0.0,0.0,0.0,0.0,0.0,0.0,0.0,0.0,0.0,0.875275,-25.31966,84.89041,-42.084305,,,,,1.25,1.13,1.31,1.48,0.81,0.97,0.69,0.0,1510.0,static,6.068375110626221,0,0.0003885930000251392,0,0,1
6.080837589000112,608,1,0.0,0.0,0.0,0.0,0.0,0.0,0.0,0.0,0.0,0.0,0.0,0.0,0.8741822,-25.32265,84.884865,-42.07791,,,,,1.25,1.13,1.31,1.48,0.81,0.97,0.69,0.0,1510.0,static,6.068375110626221,0,0.0003906110005118535,0,0,1
6.090839866999886,609,1,0.0,0.0,0.0,0.0,0.0,0.0,0.0,0.0,0.0,0.0,0.0,0.0,0.87401825,-25.315262,84.88683,-42.075684,,,,,1.25,1.13,1.31,1.48,0.81,0.97,0.69,0.0,1510.0,static,6.068375110626221,0,0.00039244399977178546,0,0,1
6.100837644999956,610,1,0.0,0.0,0.0,0.0,0.0,0.0,0.0,0.0,0.0,0.0,0.0,0.0,0.87323964,-25.327541,84.883415,-42.068787,,,,,1.25,1.13,1.31,1.48,0.81,0.97,0.69,0.0,1510.0,static,6.068375110626221,0,0.00039112899958126945,0,0,1
6.1108334040000045,611,1,0.0,0.0,0.0,0.0,0.0,0.0,0.0,0.0,0.0,0.0,0.0,0.0,0.87385434,-25.328266,84.8835,-42.07078,,,,,1.25,1.13,1.31,1.48,0.81,0.97,0.69,0.0,1510.0,static,6.068375110626221,0,0.0003862229996229871,0,0,1
6.120839867000541,612,1,0.0,0.0,0.0,0.0,0.0,0.0,0.0,0.0,0.0,0.0,0.0,0.0,0.8735265,-25.321955,84.881805,-42.06439,,,,,1.25,1.13,1.31,1.47,0.81,0.97,0.68,0.0,1510.0,static,6.118390083312988,0,0.0003933890002372209,0,0,1
6.130840922000061,613,1,0.0,0.0,0.0,0.0,0.0,0.0,0.0,0.0,0.0,0.0,0.0,0.0,0.8730347,-25.324688,84.88172,-42.0619,,,,,1.25,1.13,1.31,1.47,0.81,0.97,0.68,0.0,1510.0,static,6.118390083312988,0,0.00039348099926428404,0,0,1
6.14083727399975,614,1,0.0,0.0,0.0,0.0,0.0,0.0,0.0,0.0,0.0,0.0,0.0,0.0,0.8731986,-25.334892,84.87894,-42.06563,,,,,1.25,1.13,1.31,1.47,0.81,0.97,0.68,0.0,1510.0,static,6.118390083312988,0,0.00039098099932743935,0,0,1
6.150832737000201,615,1,0.0,0.0,0.0,0.0,0.0,0.0,0.0,0.0,0.0,0.0,0.0,0.0,0.8740729,-25.32022,84.88164,-42.06713,,,,,1.25,1.13,1.31,1.47,0.81,0.97,0.68,0.0,1510.0,static,6.118390083312988,0,0.0003859070002363296,0,0,1
6.160837848000483,616,1,0.0,0.0,0.0,0.0,0.0,0.0,0.0,0.0,0.0,0.0,0.0,0.0,0.8737177,-25.319332,84.87735,-42.06507,,,,,1.25,1.13,1.31,1.47,0.81,0.97,0.68,0.0,1510.0,static,6.118390083312988,0,0.00039122199996199924,0,0,1
6.170840107000004,617,1,0.0,0.0,0.0,0.0,0.0,0.0,0.0,0.0,0.0,0.0,0.0,0.0,0.87410027,-25.326258,84.879944,-42.068226,,,,,1.24,1.13,1.31,1.47,0.81,0.97,0.69,0.0,1510.0,static,6.1683433055877686,0,0.000393481999708456,0,0,1
