5.516666666
5.549999999333333
5.583333332666666
5.6166666659999995
5.649999999333333
7.783333333333333
7.816666666666666
7.85
7.883333333333333
7.916666666666666
7.949999999999999
7.9833333333333325
8.016666666666666
8.049999999999999
8.083333333333332
8.116666666666665
8.149999999999999
8.183333333333332
8.216666666666665
8.249999999999998
8.283333333333331
8.316666666666665
8.349999999999998
8.383333333333331
8.416666666666664
8.449999999999998
8.48333333333333
8.516666666666664
8.549999999999997
8.58333333333333
8.616666666666664
8.649999999999997
8.68333333333333
8.716666666666663
8.749999999999996
8.78333333333333
8.816666666666663
8.849999999999996
8.88333333333333
8.916666666666663
8.949999999999996
8.983333333333329
9.016666666666662
9.049999999999995
9.083333333333329
9.116666666666662
9.149999999999995
9.183333333333328
9.216666666666661
9.249999999999995
9.283333333333328
9.316666666666661
9.349999999999994
9.383333333333328
9.41666666666666
9.449999999999994
9.483333333333327
9.51666666666666
9.549999999999994
9.583333333333327
9.61666666666666
9.649999999999993
9.683333333333326
9.71666666666666
9.749999999999993
9.783333333333326
9.81666666666666
9.849999999999993
9.883333333333326
9.916666666666659
9.949999999999992
9.983333333333325
10.016666666666659
10.049999999999992
10.083333333333325
10.116666666666658
10.149999999999991
10.183333333333325
10.216666666666658
10.249999999999991
10.283333333333324
10.316666666666658
10.34999999999999
10.383333333333324
10.416666666666657
10.44999999999999
10.483333333333324
10.516666666666657
10.54999999999999
10.583333333333323
10.616666666666656
10.64999999999999
10.683333333333323
10.716666666666656
10.74999999999999
10.783333333333323
10.816666666666656
10.849999999999989
10.883333333333322
10.916666666666655
10.949999999999989
10.983333333333322
11.016666666666655
11.049999999999988
11.083333333333321
11.116666666666655
11.149999999999988
11.183333333333321
11.216666666666654
11.249999999999988
11.28333333333332
11.316666666666654
11.349999999999987
11.38333333333332
11.416666666666654
11.449999999999987
11.48333333333332
11.516666666666653
11.549999999999986
11.58333333333332
11.616666666666653
11.649999999999986
11.68333333333332
11.716666666666653
11.749999999999986
11.783333333333319
11.816666666666652
11.849999999999985
11.883333333333319
11.916666666666652
11.949999999999985
11.983333333333318
12.016666666666652
12.049999999999985
12.083333333333318
12.116666666666651
12.149999999999984
12.183333333333318
12.21666666666665
12.249999999999984
12.283333333333317
12.31666666666665
12.349999999999984
12.383333333333317
12.41666666666665
12.449999999999983
12.483333333333317
12.51666666666665
12.549999999999983
12.583333333333316
12.61666666666665
12.649999999999983
12.683333333333316
12.716666666666649
12.749999999999982
12.783333333333315
12.816666666666649
12.849999999999982
12.883333333333315
12.916666666666648
12.949999999999982
12.983333333333315
13.016666666666648
13.049999999999981
13.083333333333314
13.116666666666648
13.14999999999998
13.183333333333314
13.216666666666647
13.24999999999998
13.283333333333314
13.316666666666647
13.34999999999998
13.383333333333313
13.416666666666647
13.44999999999998
13.483333333333313
13.516666666666646
13.54999999999998
13.583333333333313
13.616666666666646
13.649999999999979
13.683333333333312
13.716666666666645
13.749999999999979
13.783333333333312
13.816666666666645
13.849999999999978
13.883333333333312
13.916666666666645
13.949999999999978
13.983333333333311
14.016666666666644
14.049999999999978
14.08333333333331
14.116666666666644
14.149999999999977
14.18333333333331
14.216666666666644
14.249999999999977
14.28333333333331
14.316666666666643
14.349999999999977
14.38333333333331
14.416666666666643
14.449999999999976
14.48333333333331
14.516666666666643
14.549999999999976
14.583333333333309
14.616666666666642
14.649999999999975
14.683333333333309
14.716666666666642
14.749999999999975
14.783333333333308
14.816666666666642
14.849999999999975
14.883333333333308
14.916666666666641
14.949999999999974
14.983333333333308
15.01666666666664
15.049999999999974
15.083333333333307
15.11666666666664
15.149999999999974
15.183333333333307
15.21666666666664
15.249999999999973
15.283333333333307
15.31666666666664
15.349999999999973
15.383333333333306
15.41666666666664
15.449999999999973
15.483333333333306
15.516666666666639
15.549999999999972
15.583333333333306
15.616666666666639
15.649999999999972
15.683333333333305
15.716666666666638
15.749999999999972
15.783333333333305
15.816666666666638
15.849999999999971
15.883333333333304
15.916666666666638
15.94999999999997
15.983333333333304
16.016666666666637
16.049999999999972
16.083333333333307
16.116666666666642
16.149999999999977
16.183333333333312
16.216666666666647
16.249999999999982
16.283333333333317
16.316666666666652
16.349999999999987
16.383333333333322
16.416666666666657
16.449999999999992
16.483333333333327
16.516666666666662
16.549999999999997
16.583333333333332
16.616666666666667
16.650000000000002
16.683333333333337
16.716666666666672
16.750000000000007
16.783333333333342
16.816666666666677
16.850000000000012
16.883333333333347
16.916666666666682
16.950000000000017
16.983333333333352
17.016666666666687
17.050000000000022
17.083333333333357
17.116666666666692
17.150000000000027
17.183333333333362
17.216666666666697
17.250000000000032
17.283333333333367
17.316666666666702
17.350000000000037
17.383333333333372
17.416666666666707
17.450000000000042
17.483333333333377
17.516666666666712
17.550000000000047
17.583333333333382
17.616666666666717
17.650000000000052
17.683333333333387
17.716666666666722
17.750000000000057
17.783333333333392
17.816666666666727
17.850000000000062
17.883333333333397
17.916666666666732
17.950000000000067
17.983333333333402
18.016666666666737
18.05000000000007
18.083333333333407
18.11666666666674
18.150000000000077
18.18333333333341
18.216666666666747
18.25000000000008
18.283333333333417
18.31666666666675
18.350000000000087
18.38333333333342
18.416666666666757
18.45000000000009
18.483333333333427
18.51666666666676
18.550000000000097
18.58333333333343
18.616666666666767
18.6500000000001
18.683333333333437
18.71666666666677
18.750000000000107
18.78333333333344
18.816666666666777
18.85000000000011
18.883333333333447
18.91666666666678
18.950000000000117
18.98333333333345
19.016666666666787
19.05000000000012
19.083333333333456
19.11666666666679
19.150000000000126
19.18333333333346
19.216666666666796
19.25000000000013
19.283333333333466
19.3166666666668
19.350000000000136
19.38333333333347
19.416666666666806
19.45000000000014
19.483333333333476
19.51666666666681
19.550000000000146
19.58333333333348
19.616666666666816
19.65000000000015
19.683333333333486
19.71666666666682
19.750000000000156
19.78333333333349
19.816666666666826
19.85000000000016
19.883333333333496
19.91666666666683
19.950000000000166
19.9833333333335
20.016666666666836
20.05000000000017
20.083333333333506
20.11666666666684
20.150000000000176
20.18333333333351
20.216666666666846
20.25000000000018
20.283333333333516
20.31666666666685
20.350000000000186
20.38333333333352
20.416666666666856
20.45000000000019
20.483333333333526
20.51666666666686
20.550000000000196
20.58333333333353
20.616666666666866
20.6500000000002
20.683333333333536
20.71666666666687
20.750000000000206
20.78333333333354
20.816666666666876
20.85000000000021
20.883333333333546
20.91666666666688
20.950000000000216
20.98333333333355
21.016666666666886
21.05000000000022
21.083333333333556
21.11666666666689
21.150000000000226
21.18333333333356
21.216666666666896
21.25000000000023
21.283333333333566
21.3166666666669
21.350000000000236
21.38333333333357
21.416666666666906
21.45000000000024
21.483333333333576
21.51666666666691
21.550000000000246
21.58333333333358
21.616666666666916
21.65000000000025
21.683333333333586
21.71666666666692
21.750000000000256
21.78333333333359
21.816666666666926
21.85000000000026
21.883333333333596
21.91666666666693
21.950000000000266
21.9833333333336
22.016666666666936
22.05000000000027
22.083333333333606
22.11666666666694
22.150000000000276
22.18333333333361
22.216666666666946
22.25000000000028
22.283333333333616
22.31666666666695
22.350000000000286
22.38333333333362
22.416666666666956
22.45000000000029
22.483333333333626
22.51666666666696
22.550000000000296
22.58333333333363
22.616666666666966
22.6500000000003
22.683333333333636
22.71666666666697
22.750000000000306
22.78333333333364
22.816666666666976
22.85000000000031
22.883333333333645
22.91666666666698
22.950000000000315
22.98333333333365
23.016666666666985
23.05000000000032
23.083333333333655
23.11666666666699
23.150000000000325
23.18333333333366
23.216666666666995
23.25000000000033
23.283333333333665
23.316666666667
23.350000000000335
23.38333333333367
23.416666666667005
23.45000000000034
23.483333333333675
23.51666666666701
23.550000000000345
23.58333333333368
23.616666666667015
23.65000000000035
23.683333333333685
23.71666666666702
23.750000000000355
23.78333333333369
23.816666666667025
23.85000000000036
23.883333333333695
23.91666666666703
23.950000000000365
23.9833333333337
24.016666666667035
24.05000000000037
24.083333333333705
24.11666666666704
24.150000000000375
24.18333333333371
24.216666666667045
24.25000000000038
24.283333333333715
24.31666666666705
24.350000000000385
24.38333333333372
24.416666666667055
24.45000000000039
24.483333333333725
24.51666666666706
24.550000000000395
24.58333333333373
24.616666666667065
24.6500000000004
24.683333333333735
24.71666666666707
24.750000000000405
24.78333333333374
24.816666666667075
24.85000000000041
24.883333333333745
24.91666666666708
24.950000000000415
24.98333333333375
25.016666666667085
25.05000000000042
25.083333333333755
25.11666666666709
25.150000000000425
25.18333333333376
25.216666666667095
25.25000000000043
25.283333333333765
25.3166666666671
25.350000000000435
25.38333333333377
25.416666666667105
25.45000000000044
25.483333333333775
25.51666666666711
25.550000000000445
25.58333333333378
25.616666666667115
25.65000000000045
25.683333333333785
25.71666666666712
25.750000000000455
25.78333333333379
25.816666666667125
25.85000000000046
25.883333333333795
25.91666666666713
25.950000000000465
25.9833333333338
26.016666666667135
26.05000000000047
26.083333333333805
26.11666666666714
26.150000000000475
26.18333333333381
26.216666666667145
26.25000000000048
26.283333333333815
26.31666666666715
26.350000000000485
26.38333333333382
26.416666666667155
26.45000000000049
26.483333333333825
26.51666666666716
26.550000000000495
26.58333333333383
26.616666666667165
26.6500000000005
26.683333333333835
26.71666666666717
26.750000000000504
26.78333333333384
26.816666666667174
26.85000000000051
26.883333333333844
26.91666666666718
26.950000000000514
26.98333333333385
27.016666666667184
27.05000000000052
27.083333333333854
27.11666666666719
27.150000000000524
27.18333333333386
27.216666666667194
27.25000000000053
27.283333333333864
27.3166666666672
27.350000000000534
27.38333333333387
27.416666666667204
27.45000000000054
27.483333333333874
27.51666666666721
27.550000000000544
27.58333333333388
27.616666666667214
27.65000000000055
27.683333333333884
27.71666666666722
27.750000000000554
27.78333333333389
27.816666666667224
27.85000000000056
27.883333333333894
27.91666666666723
27.950000000000564
27.9833333333339
28.016666666667234
28.05000000000057
28.083333333333904
28.11666666666724
28.150000000000574
28.18333333333391
28.216666666667244
28.25000000000058
28.283333333333914
28.31666666666725
28.350000000000584
28.38333333333392
28.416666666667254
28.45000000000059
28.483333333333924
28.51666666666726
28.550000000000594
28.58333333333393
28.616666666667264
28.6500000000006
28.683333333333934
28.71666666666727
28.750000000000604
28.78333333333394
28.816666666667274
28.85000000000061
28.883333333333944
28.91666666666728
28.950000000000614
28.98333333333395
29.016666666667284
29.05000000000062
29.083333333333954
29.11666666666729
29.150000000000624
29.18333333333396
29.216666666667294
29.25000000000063
29.283333333333964
29.3166666666673
29.350000000000634
29.38333333333397
29.416666666667304
29.45000000000064
29.483333333333974
29.51666666666731
29.550000000000644
29.58333333333398
29.616666666667314
29.65000000000065
29.683333333333984
29.71666666666732
29.750000000000654
29.78333333333399
29.816666666667324
29.85000000000066
29.883333333333994
29.91666666666733
29.950000000000664
29.983333333334
30.016666666667334
30.05000000000067
30.083333333334004
30.11666666666734
30.150000000000674
30.18333333333401
30.216666666667344
30.25000000000068
30.283333333334014
30.31666666666735
30.350000000000684
30.38333333333402
30.416666666667354
30.45000000000069
30.483333333334024
30.51666666666736
30.550000000000693
30.58333333333403
30.616666666667363
30.6500000000007
30.683333333334033
30.71666666666737
30.750000000000703
30.78333333333404
30.816666666667373
30.85000000000071
30.883333333334043
30.91666666666738
30.950000000000713
30.98333333333405
31.016666666667383
31.05000000000072
31.083333333334053
31.11666666666739
31.150000000000723
31.18333333333406
31.216666666667393
31.25000000000073
31.283333333334063
31.3166666666674
31.350000000000733
31.38333333333407
31.416666666667403
31.45000000000074
31.483333333334073
31.51666666666741
31.550000000000743
31.583333333334078
31.616666666667413
31.650000000000748
31.683333333334083
31.716666666667418
31.750000000000753
31.783333333334088
31.816666666667423
31.850000000000758
31.883333333334093
31.916666666667428
31.950000000000763
31.983333333334098
32.01666666666743
32.050000000000765
32.083333333334096
32.11666666666743
32.15000000000076
32.18333333333409
32.21666666666742
32.25000000000075
32.283333333334085
32.316666666667416
32.35000000000075
32.38333333333408
32.41666666666741
32.45000000000074
32.48333333333407
32.516666666667405
32.550000000000736
32.58333333333407
32.6166666666674
32.65000000000073
32.68333333333406
32.71666666666739
32.750000000000725
32.783333333334056
32.81666666666739
32.85000000000072
32.88333333333405
32.91666666666738
32.95000000000071
32.983333333334045
33.016666666667376
33.05000000000071
33.08333333333404
33.11666666666737
33.1500000000007
33.18333333333403
33.216666666667365
33.250000000000696
33.28333333333403
33.31666666666736
33.35000000000069
33.38333333333402
33.41666666666735
33.450000000000685
33.483333333334016
33.51666666666735
33.55000000000068
33.58333333333401
33.61666666666734
33.650000000000674
33.683333333334005
33.71666666666734
33.75000000000067
33.783333333334
33.81666666666733
33.85000000000066
33.883333333333994
33.916666666667325
33.95000000000066
33.98333333333399
34.01666666666732
34.05000000000065
34.08333333333398
34.116666666667314
34.150000000000645
34.18333333333398
34.21666666666731
34.25000000000064
34.28333333333397
34.3166666666673
34.350000000000634
34.383333333333965
34.4166666666673
34.45000000000063
34.48333333333396
34.51666666666729
34.55000000000062
34.583333333333954
34.616666666667285
34.65000000000062
34.68333333333395
34.71666666666728
34.75000000000061
34.78333333333394
34.816666666667274
34.850000000000605
34.88333333333394
34.91666666666727
34.9500000000006
34.98333333333393
35.01666666666726
35.050000000000594
35.083333333333925
35.11666666666726
35.15000000000059
35.18333333333392
35.21666666666725
35.25000000000058
35.283333333333914
35.316666666667246
35.35000000000058
35.38333333333391
35.41666666666724
35.45000000000057
35.4833333333339
35.516666666667234
35.550000000000566
35.5833333333339
35.61666666666723
35.65000000000056
35.68333333333389
35.71666666666722
35.750000000000554
35.783333333333886
35.81666666666722
35.85000000000055
35.88333333333388
35.91666666666721
35.95000000000054
35.983333333333874
36.016666666667206
36.05000000000054
36.08333333333387
36.1166666666672
36.15000000000053
36.18333333333386
36.216666666667194
36.250000000000526
36.28333333333386
36.31666666666719
36.35000000000052
36.38333333333385
36.41666666666718
36.450000000000514
36.483333333333846
36.51666666666718
36.55000000000051
36.58333333333384
36.61666666666717
36.6500000000005
36.683333333333835
36.716666666667166
36.7500000000005
36.78333333333383
36.81666666666716
36.85000000000049
36.88333333333382
36.916666666667155
36.950000000000486
36.98333333333382
37.01666666666715
37.05000000000048
37.08333333333381
37.11666666666714
37.150000000000475
37.183333333333806
37.21666666666714
37.25000000000047
37.2833333333338
37.31666666666713
37.35000000000046
37.383333333333795
37.416666666667126
37.45000000000046
37.48333333333379
37.51666666666712
37.55000000000045
37.58333333333378
37.616666666667115
37.650000000000446
37.68333333333378
37.71666666666711
37.75000000000044
37.78333333333377
37.8166666666671
37.850000000000435
37.883333333333766
37.9166666666671
37.95000000000043
37.98333333333376
38.01666666666709
38.05000000000042
38.083333333333755
38.116666666667086
38.15000000000042
38.18333333333375
38.21666666666708
38.25000000000041
38.283333333333744
38.316666666667075
38.350000000000406
38.38333333333374
38.41666666666707
38.4500000000004
38.48333333333373
38.516666666667064
38.550000000000395
38.58333333333373
38.61666666666706
38.65000000000039
38.68333333333372
67.233333333
67.26666666633334
67.29999999966667
67.333333333
67.36666666633333
79.64999999933333
79.68333333266666
79.716666666
79.74999999933333
79.78333333266666
79.81666666599999
79.84999999933332
79.88333333266665
79.91666666599998
79.94999999933331
79.98333333266665
80.01666666599998
80.04999999933331
80.08333333266664
80.11666666599997
80.1499999993333
80.18333333266663
80.21666666599997
80.2499999993333
80.28333333266663
80.31666666599996
80.34999999933329
80.38333333266662
80.41666666599995
80.44999999933329
80.48333333266662
80.51666666599995
80.54999999933328
80.58333333266661
80.61666666599994
80.64999999933328
80.6833333326666
80.71666666599994
80.74999999933327
80.7833333326666
80.81666666599993
80.84999999933326
80.8833333326666
80.91666666599993
80.94999999933326
80.98333333266659
81.01666666599992
81.04999999933325
81.08333333266658
81.11666666599992
81.14999999933325
81.18333333266658
81.21666666599991
81.24999999933324
81.28333333266657
81.3166666659999
81.34999999933324
81.38333333266657
81.4166666659999
81.44999999933323
81.48333333266656
81.51666666599989
81.54999999933322
81.58333333266656
81.61666666599989
81.64999999933322
81.68333333266655
81.71666666599988
81.74999999933321
81.78333333266654
81.81666666599988
81.8499999993332
81.88333333266654
81.91666666599987
81.9499999993332
81.98333333266653
82.01666666599986
82.0499999993332
82.08333333266653
82.11666666599986
82.14999999933319
82.18333333266652
82.21666666599985
82.24999999933318
82.28333333266652
82.31666666599985
82.34999999933318
82.38333333266651
82.41666666599984
82.44999999933317
82.4833333326665
82.51666666599984
82.54999999933317
82.5833333326665
82.61666666599983
82.64999999933316
82.68333333266649
82.71666666599982
82.74999999933316
82.78333333266649
82.81666666599982
82.84999999933315
82.88333333266648
82.91666666599981
82.94999999933314
82.98333333266648
83.01666666599981
83.04999999933314
83.08333333266647
83.1166666659998
83.14999999933313
83.18333333266646
83.2166666659998
83.24999999933313
83.28333333266646
83.31666666599979
83.34999999933312
83.38333333266645
83.41666666599978
83.44999999933312
83.48333333266645
83.51666666599978
83.54999999933311
83.58333333266644
83.61666666599977
83.6499999993331
83.68333333266644
83.71666666599977
83.7499999993331
83.78333333266643
83.81666666599976
83.8499999993331
83.88333333266642
83.91666666599976
83.94999999933309
83.98333333266642
84.01666666599975
84.04999999933308
84.08333333266641
84.11666666599974
84.14999999933308
84.18333333266641
84.21666666599974
84.24999999933307
84.2833333326664
84.31666666599973
84.34999999933306
84.3833333326664
84.41666666599973
84.44999999933306
84.48333333266639
84.51666666599972
84.54999999933305
84.58333333266638
84.61666666599972
84.64999999933305
84.68333333266638
84.71666666599971
84.74999999933304
84.78333333266637
84.8166666659997
84.84999999933304
84.88333333266637
84.9166666659997
84.94999999933303
84.98333333266636
85.0166666659997
85.04999999933302
85.08333333266636
85.11666666599969
85.14999999933302
85.18333333266635
85.21666666599968
85.24999999933301
85.28333333266634
85.31666666599968
85.34999999933301
85.38333333266634
85.41666666599967
85.449999999333
85.48333333266633
85.51666666599967
85.549999999333
85.58333333266633
85.61666666599966
85.64999999933299
85.68333333266632
85.71666666599965
85.74999999933299
85.78333333266632
85.81666666599965
85.84999999933298
85.88333333266631
85.91666666599964
85.94999999933297
85.9833333326663
86.01666666599964
86.04999999933297
86.0833333326663
86.11666666599963
86.14999999933296
86.1833333326663
86.21666666599963
86.24999999933296
86.28333333266629
86.31666666599962
86.34999999933295
86.38333333266628
86.41666666599961
86.44999999933295
86.48333333266628
86.51666666599961
86.54999999933294
86.58333333266627
86.6166666659996
86.64999999933293
86.68333333266627
86.7166666659996
86.74999999933293
86.78333333266626
86.81666666599959
86.84999999933292
86.88333333266625
86.91666666599959
86.94999999933292
86.98333333266625
87.01666666599958
87.04999999933291
87.08333333266624
87.11666666599957
87.1499999993329
87.18333333266624
87.21666666599957
87.2499999993329
87.28333333266623
87.31666666599956
87.3499999993329
87.38333333266623
87.41666666599956
87.44999999933289
87.48333333266622
87.51666666599955
87.54999999933288
87.58333333266621
87.61666666599955
87.64999999933288
87.68333333266621
87.71666666599954
87.74999999933287
87.7833333326662
87.81666666599953
87.84999999933287
87.8833333326662
87.91666666599953
87.94999999933286
87.98333333266619
88.01666666599952
88.04999999933285
88.08333333266619
88.11666666599952
88.14999999933285
88.18333333266618
88.21666666599951
88.24999999933284
88.28333333266617
88.3166666659995
88.34999999933284
88.38333333266617
88.4166666659995
88.44999999933283
88.48333333266616
88.5166666659995
88.54999999933283
88.58333333266616
88.61666666599949
88.64999999933282
88.68333333266615
88.71666666599948
88.74999999933281
88.78333333266615
88.81666666599948
88.84999999933281
88.88333333266614
88.91666666599947
88.9499999993328
88.98333333266613
89.01666666599947
89.0499999993328
89.08333333266613
89.11666666599946
89.14999999933279
89.18333333266612
89.21666666599945
89.24999999933279
89.28333333266612
89.31666666599945
89.34999999933278
89.38333333266611
89.41666666599944
89.44999999933277
89.4833333326661
89.51666666599944
89.54999999933277
89.5833333326661
89.61666666599943
89.64999999933276
89.6833333326661
89.71666666599943
89.74999999933276
89.78333333266609
89.81666666599942
89.84999999933275
89.88333333266608
89.91666666599941
89.94999999933275
89.98333333266608
90.01666666599941
90.04999999933274
90.08333333266607
90.1166666659994
90.14999999933274
90.18333333266607
90.2166666659994
90.24999999933273
90.28333333266606
90.31666666599939
90.34999999933272
90.38333333266606
90.41666666599939
90.44999999933272
90.48333333266605
90.51666666599938
90.54999999933271
90.58333333266604
90.61666666599938
90.6499999993327
90.68333333266604
90.71666666599937
90.7499999993327
90.78333333266603
90.81666666599936
90.8499999993327
90.88333333266603
90.91666666599936
90.94999999933269
90.98333333266602
91.01666666599935
91.04999999933268
91.08333333266602
91.11666666599935
91.14999999933268
91.18333333266601
91.21666666599934
91.24999999933267
91.283333332666
91.31666666599934
91.34999999933267
91.383333332666
91.41666666599933
91.44999999933266
91.48333333266599
91.51666666599932
91.54999999933266
91.58333333266599
91.61666666599932
91.64999999933265
91.68333333266598
91.71666666599931
91.74999999933264
91.78333333266598
91.8166666659993
91.84999999933264
91.88333333266597
91.9166666659993
91.94999999933263
91.98333333266596
92.0166666659993
92.04999999933263
92.08333333266596
92.11666666599929
92.14999999933262
92.18333333266595
92.21666666599928
92.24999999933262
92.28333333266595
92.31666666599928
92.34999999933261
92.38333333266594
92.41666666599927
92.4499999993326
92.48333333266594
92.51666666599927
92.5499999993326
92.58333333266593
92.61666666599926
92.64999999933259
92.68333333266592
92.71666666599926
92.74999999933259
92.78333333266592
92.81666666599925
92.84999999933258
92.88333333266591
92.91666666599924
92.94999999933258
92.98333333266591
93.01666666599924
93.04999999933257
93.0833333326659
93.11666666599923
93.14999999933256
93.1833333326659
93.21666666599923
93.24999999933256
93.28333333266589
93.31666666599922
93.34999999933255
93.38333333266588
93.41666666599922
93.44999999933255
93.48333333266588
93.51666666599921
93.54999999933254
93.58333333266587
93.6166666659992
93.64999999933254
93.68333333266587
93.7166666659992
93.74999999933253
93.78333333266586
93.8166666659992
93.84999999933252
93.88333333266586
93.91666666599919
93.94999999933252
93.98333333266585
94.01666666599918
94.04999999933251
94.08333333266584
94.11666666599918
94.14999999933251
94.18333333266584
94.21666666599917
94.2499999993325
94.28333333266583
94.31666666599916
94.3499999993325
94.38333333266583
94.41666666599916
94.44999999933249
94.48333333266582
94.51666666599915
94.54999999933248
94.58333333266582
94.61666666599915
94.64999999933248
94.68333333266581
94.71666666599914
94.74999999933247
94.7833333326658
94.81666666599914
94.84999999933247
94.8833333326658
94.91666666599913
94.94999999933246
94.9833333326658
95.01666666599913
95.04999999933246
95.08333333266579
95.11666666599912
95.14999999933245
95.18333333266578
95.21666666599911
95.24999999933245
95.28333333266578
95.31666666599911
95.34999999933244
95.38333333266577
95.4166666659991
95.44999999933243
95.48333333266577
95.5166666659991
95.54999999933243
95.58333333266576
95.61666666599909
95.64999999933242
95.68333333266575
95.71666666599909
95.74999999933242
95.78333333266575
95.81666666599908
95.84999999933241
95.88333333266574
95.91666666599907
95.9499999993324
95.98333333266574
96.01666666599907
96.0499999993324
96.08333333266573
96.11666666599906
96.1499999993324
96.18333333266573
96.21666666599906
96.24999999933239
96.28333333266572
96.31666666599905
96.34999999933238
96.38333333266571
96.41666666599905
96.44999999933238
96.48333333266571
96.51666666599904
96.54999999933237
96.5833333326657
96.61666666599903
96.64999999933237
96.6833333326657
96.71666666599903
96.74999999933236
96.78333333266569
96.81666666599902
96.84999999933235
96.88333333266569
96.91666666599902
96.94999999933235
96.98333333266568
97.01666666599901
97.04999999933234
97.08333333266567
97.116666665999
97.14999999933234
97.18333333266567
97.216666665999
97.24999999933233
97.28333333266566
97.316666665999
97.34999999933233
97.38333333266566
97.41666666599899
97.44999999933232
97.48333333266565
97.51666666599898
97.54999999933231
97.58333333266565
97.61666666599898
97.64999999933231
97.68333333266564
97.71666666599897
97.7499999993323
97.78333333266563
97.81666666599897
97.8499999993323
97.88333333266563
97.91666666599896
97.94999999933229
97.98333333266562
98.01666666599895
98.04999999933229
98.08333333266562
98.11666666599895
98.14999999933228
98.18333333266561
98.21666666599894
98.24999999933227
98.2833333326656
98.31666666599894
98.34999999933227
98.3833333326656
98.41666666599893
98.44999999933226
98.4833333326656
98.51666666599893
98.54999999933226
98.58333333266559
98.61666666599892
98.64999999933225
98.68333333266558
98.71666666599891
98.74999999933225
98.78333333266558
98.81666666599891
98.84999999933224
98.88333333266557
98.9166666659989
98.94999999933223
98.98333333266557
99.0166666659989
99.04999999933223
99.08333333266556
99.11666666599889
99.14999999933222
99.18333333266555
99.21666666599889
99.24999999933222
99.28333333266555
99.31666666599888
99.34999999933221
99.38333333266554
99.41666666599887
99.4499999993322
99.48333333266554
99.51666666599887
99.5499999993322
99.58333333266553
99.61666666599886
99.6499999993322
99.68333333266553
99.71666666599886
99.74999999933219
99.78333333266552
99.81666666599885
99.84999999933218
99.88333333266552
99.91666666599885
99.94999999933218
99.98333333266551
100.01666666599884
100.04999999933217
100.0833333326655
100.11666666599884
100.14999999933217
100.1833333326655
100.21666666599883
100.24999999933216
100.28333333266549
100.31666666599882
100.34999999933216
100.38333333266549
100.41666666599882
100.44999999933215
100.48333333266548
100.51666666599881
100.54999999933214
100.58333333266548
100.6166666659988
100.64999999933214
100.68333333266547
100.7166666659988
100.74999999933213
100.78333333266546
100.8166666659988
100.84999999933213
100.88333333266546
100.91666666599879
100.94999999933212
100.98333333266545
101.01666666599878
101.04999999933212
101.08333333266545
101.11666666599878
101.14999999933211
101.18333333266544
101.21666666599877
101.2499999993321
101.28333333266544
101.31666666599877
101.3499999993321
101.38333333266543
101.41666666599876
101.44999999933209
101.48333333266542
101.51666666599876
101.54999999933209
101.58333333266542
101.61666666599875
101.64999999933208
101.68333333266541
101.71666666599874
101.74999999933208
101.7833333326654
101.81666666599874
101.84999999933207
101.8833333326654
101.91666666599873
101.94999999933206
101.9833333326654
102.01666666599873
102.04999999933206
102.08333333266539
102.11666666599872
102.14999999933205
102.18333333266538
102.21666666599872
102.24999999933205
102.28333333266538
102.31666666599871
102.34999999933204
102.38333333266537
102.4166666659987
102.44999999933204
102.48333333266537
102.5166666659987
102.54999999933203
102.58333333266536
102.6166666659987
102.64999999933202
102.68333333266536
102.71666666599869
102.74999999933202
102.78333333266535
102.81666666599868
102.84999999933201
102.88333333266534
102.91666666599868
102.94999999933201
102.98333333266534
103.01666666599867
103.049999999332
103.08333333266533
103.11666666599866
103.149999999332
103.18333333266533
103.21666666599866
103.24999999933199
103.28333333266532
103.31666666599865
103.34999999933198
103.38333333266532
103.41666666599865
103.44999999933198
103.48333333266531
103.51666666599864
103.54999999933197
103.5833333326653
103.61666666599864
103.64999999933197
103.6833333326653
103.71666666599863
103.74999999933196
103.7833333326653
103.81666666599862
103.84999999933196
103.88333333266529
103.91666666599862
103.94999999933195
103.98333333266528
104.01666666599861
104.04999999933194
104.08333333266528
104.11666666599861
104.14999999933194
104.18333333266527
104.2166666659986
104.24999999933193
104.28333333266526
104.3166666659986
104.34999999933193
104.38333333266526
104.41666666599859
104.44999999933192
104.48333333266525
104.51666666599859
104.54999999933192
104.58333333266525
104.61666666599858
104.64999999933191
104.68333333266524
104.71666666599857
104.7499999993319
104.78333333266524
104.81666666599857
104.8499999993319
104.88333333266523
104.91666666599856
104.9499999993319
104.98333333266523
105.01666666599856
105.04999999933189
105.08333333266522
105.11666666599855
105.14999999933188
105.18333333266521
105.21666666599855
105.24999999933188
105.28333333266521
105.31666666599854
105.34999999933187
105.3833333326652
105.41666666599853
105.44999999933187
105.4833333326652
105.51666666599853
105.54999999933186
105.58333333266519
105.61666666599852
105.64999999933185
105.68333333266519
105.71666666599852
105.74999999933185
105.78333333266518
105.81666666599851
105.84999999933184
105.88333333266517
105.9166666659985
105.94999999933184
105.98333333266517
106.0166666659985
106.04999999933183
106.08333333266516
106.1166666659985
106.14999999933183
106.18333333266516
106.21666666599849
106.24999999933182
106.28333333266515
106.31666666599848
106.34999999933181
106.38333333266515
106.41666666599848
106.44999999933181
106.48333333266514
106.51666666599847
106.5499999993318
106.58333333266513
106.61666666599847
106.6499999993318
106.68333333266513
106.71666666599846
106.74999999933179
106.78333333266512
106.81666666599845
106.84999999933179
106.88333333266512
106.91666666599845
106.94999999933178
106.98333333266511
107.01666666599844
107.04999999933177
107.0833333326651
107.11666666599844
107.14999999933177
107.1833333326651
107.21666666599843
107.24999999933176
107.2833333326651
107.31666666599843
107.34999999933176
107.38333333266509
107.41666666599842
107.44999999933175
107.48333333266508
107.51666666599841
107.54999999933175
107.58333333266508
107.61666666599841
107.64999999933174
107.68333333266507
107.7166666659984
107.74999999933173
107.78333333266507
107.8166666659984
107.84999999933173
107.88333333266506
107.91666666599839
107.94999999933172
107.98333333266505
108.01666666599839
108.04999999933172
108.08333333266505
108.11666666599838
108.14999999933171
108.18333333266504
108.21666666599837
108.2499999993317
108.28333333266504
108.31666666599837
108.3499999993317
108.38333333266503
108.41666666599836
108.4499999993317
108.48333333266503
108.51666666599836
108.54999999933169
108.58333333266502
108.61666666599835
108.64999999933168
108.68333333266501
108.71666666599835
108.74999999933168
108.78333333266501
108.81666666599834
108.84999999933167
108.883333332665
108.91666666599833
108.94999999933167
108.983333332665
109.01666666599833
109.04999999933166
109.08333333266499
109.11666666599832
109.14999999933165
109.18333333266499
109.21666666599832
109.24999999933165
109.28333333266498
109.31666666599831
109.34999999933164
109.38333333266498
109.4166666659983
109.44999999933164
109.48333333266497
109.5166666659983
109.54999999933163
109.58333333266496
109.6166666659983
109.64999999933163
109.68333333266496
109.71666666599829
109.74999999933162
109.78333333266495
109.81666666599828
109.84999999933162
109.88333333266495
109.91666666599828
109.94999999933161
109.98333333266494
110.01666666599827
110.0499999993316
110.08333333266494
110.11666666599827
110.1499999993316
110.18333333266493
110.21666666599826
110.24999999933159
110.28333333266492
110.31666666599826
110.34999999933159
110.38333333266492
110.41666666599825
110.44999999933158
110.48333333266491
110.51666666599824
110.54999999933158
110.5833333326649
110.61666666599824
110.64999999933157
110.6833333326649
110.71666666599823
110.74999999933156
110.7833333326649
110.81666666599823
110.84999999933156
110.88333333266489
110.91666666599822
110.94999999933155
110.98333333266488
111.01666666599822
111.04999999933155
111.08333333266488
111.11666666599821
111.14999999933154
0.48333333300000003
0.5166666663333334
0.5499999996666667
0.583333333
0.6166666663333333
0.6499999996666667
0.683333333
0.7166666663333333
0.7499999996666666
0.783333333
0.8166666663333333
0.8499999996666666
0.8833333329999999
0.9166666663333333
0.9499999996666666
0.9833333329999999
1.0166666663333332
1.0499999996666667
1.0833333330000001
1.1166666663333336
1.149999999666667
1.1833333330000004
1.2166666663333339
1.2499999996666673
1.2833333330000007
1.3166666663333342
1.3499999996666676
1.383333333000001
1.4166666663333345
1.449999999666668
1.4833333330000014
1.5166666663333348
1.5499999996666682
1.5833333330000017
1.6166666663333351
1.6499999996666685
1.683333333000002
1.7166666663333354
1.7499999996666689
1.7833333330000023
1.8166666663333357
1.8499999996666692
1.8833333330000026
1.916666666333336
1.9499999996666695
1.983333333000003
2.0166666663333364
2.0499999996666696
2.083333333000003
2.116666666333336
2.149999999666669
2.1833333330000024
2.2166666663333356
2.249999999666669
2.283333333000002
2.3166666663333353
2.3499999996666685
2.3833333330000017
2.416666666333335
2.449999999666668
2.4833333330000014
2.5166666663333346
2.549999999666668
2.583333333000001
2.6166666663333342
2.6499999996666674
2.6833333330000007
2.716666666333334
2.749999999666667
2.7833333330000003
2.8166666663333335
2.8499999996666667
2.883333333
2.916666666333333
2.9499999996666664
2.9833333329999996
3.016666666333333
3.049999999666666
3.0833333329999992
3.1166666663333324
3.1499999996666657
3.183333332999999
3.216666666333332
3.2499999996666653
3.2833333329999985
3.3166666663333317
3.349999999666665
3.383333332999998
3.4166666663333314
3.4499999996666646
3.483333332999998
3.516666666333331
3.5499999996666642
3.5833333329999975
3.6166666663333307
3.649999999666664
3.683333332999997
3.7166666663333303
3.7499999996666635
3.7833333329999967
3.81666666633333
3.849999999666663
3.8833333329999964
3.9166666663333296
3.949999999666663
0.08333333300000001
0.11666666633333334
0.14999999966666666
0.183333333
0.2166666663333333
0.24999999966666664
0.28333333299999997
0.3166666663333333
0.3499999996666666
0.38333333299999994
0.41666666633333327
0.4499999996666666
0.4833333329999999
0.5166666663333332
0.5499999996666666
0.5833333329999999
0.6166666663333332
0.6499999996666666
0.6833333329999999
0.7166666663333332
0.7499999996666665
0.7833333329999999
0.8166666663333332
0.8499999996666665
0.8833333329999998
0.9166666663333332
0.9499999996666665
0.9833333329999998
1.0166666663333332
1.0499999996666667
1.0833333330000001
1.1166666663333336
1.149999999666667
1.1833333330000004
1.2166666663333339
1.2499999996666673
1.2833333330000007
1.3166666663333342
1.3499999996666676
1.383333333000001
1.4166666663333345
1.449999999666668
1.4833333330000014
1.5166666663333348
1.5499999996666682
1.5833333330000017
1.6166666663333351
1.6499999996666685
1.683333333000002
1.7166666663333354
1.7499999996666689
1.7833333330000023
1.8166666663333357
1.8499999996666692
1.8833333330000026
1.916666666333336
1.9499999996666695
1.983333333000003
2.0166666663333364
2.0499999996666696
2.083333333000003
2.116666666333336
2.149999999666669
2.1833333330000024
2.2166666663333356
2.249999999666669
2.283333333000002
2.3166666663333353
2.3499999996666685
2.3833333330000017
2.416666666333335
2.449999999666668
2.4833333330000014
2.5166666663333346
2.549999999666668
2.583333333000001
2.6166666663333342
2.6499999996666674
2.6833333330000007
2.716666666333334
2.749999999666667
2.7833333330000003
2.8166666663333335
2.8499999996666667
2.883333333
2.916666666333333
2.9499999996666664
2.9833333329999996
3.016666666333333
3.049999999666666
3.0833333329999992
3.1166666663333324
3.1499999996666657
3.183333332999999
3.216666666333332
3.2499999996666653
3.2833333329999985
3.3166666663333317
3.349999999666665
3.383333332999998
3.4166666663333314
3.4499999996666646
3.483333332999998
3.516666666333331
3.5499999996666642
3.5833333329999975
3.6166666663333307
3.649999999666664
3.683333332999997
3.7166666663333303
3.7499999996666635
3.7833333329999967
3.81666666633333
3.849999999666663
3.8833333329999964
3.9166666663333296
3.949999999666663
3.983333332999996
4.01666666633333
4.049999999666663
4.083333332999996
4.116666666333329
4.1499999996666626
4.183333332999996
4.216666666333329
4.249999999666662
4.283333332999995
4.316666666333329
4.349999999666662
4.383333332999995
4.416666666333328
4.4499999996666615
4.483333332999995
4.516666666333328
4.549999999666661
4.583333332999994
4.616666666333328
4.649999999666661
4.683333332999994
4.716666666333327
4.74999999966666
4.783333332999994
4.816666666333327
4.84999999966666
4.883333332999993
4.9166666663333265
4.94999999966666
4.983333332999993
5.016666666333326
5.049999999666659
5.083333332999993
5.116666666333326
5.149999999666659
5.183333332999992
5.216666666333325
5.249999999666659
5.283333332999992
5.316666666333325
5.349999999666658
5.3833333329999915
5.416666666333325
5.449999999666658
5.483333332999991
5.516666666333324
5.549999999666658
5.583333332999991
5.616666666333324
5.649999999666657
5.68333333299999
5.716666666333324
5.749999999666657
5.78333333299999
5.816666666333323
5.8499999996666565
5.88333333299999
5.916666666333323
5.949999999666656
5.983333332999989
6.016666666333323
6.049999999666656
6.083333332999989
6.116666666333322
6.1499999996666554
6.183333332999989
6.216666666333322
6.249999999666655
6.283333332999988
6.3166666663333215
6.349999999666655
6.383333332999988
6.416666666333321
6.449999999666654
6.483333332999988
6.516666666333321
6.549999999666654
6.583333332999987
6.6166666663333205
6.649999999666654
0.233333333
0.26666666633333336
0.2999999996666667
0.333333333
0.36666666633333334
0.39999999966666666
0.433333333
0.4666666663333333
0.49999999966666664
0.533333333
0.5666666663333333
0.5999999996666666
0.6333333329999999
0.6666666663333333
0.6999999996666666
0.7333333329999999
0.7666666663333332
0.7999999996666666
0.8333333329999999
0.8666666663333332
0.8999999996666666
0.9333333329999999
0.9666666663333332
0.9999999996666665
1.0333333329999999
1.0666666663333333
1.0999999996666667
1.1333333330000002
1.1666666663333336
1.199999999666667
1.2333333330000005
1.266666666333334
1.2999999996666673
1.3333333330000008
1.3666666663333342
1.3999999996666677
1.433333333000001
1.4666666663333345
1.499999999666668
1.5333333330000014
1.5666666663333348
1.5999999996666683
1.6333333330000017
1.6666666663333352
1.6999999996666686
1.733333333000002
1.7666666663333355
1.799999999666669
1.8333333330000023
1.8666666663333358
1.8999999996666692
1.9333333330000027
1.966666666333336
1.9999999996666695
2.033333333000003
2.066666666333336
2.0999999996666694
2.1333333330000026
2.166666666333336
2.199999999666669
2.2333333330000023
2.2666666663333355
2.2999999996666687
2.333333333000002
2.366666666333335
2.3999999996666683
2.4333333330000015
2.4666666663333348
2.499999999666668
2.533333333000001
2.5666666663333344
2.5999999996666676
2.633333333000001
2.666666666333334
2.6999999996666673
2.7333333330000005
2.7666666663333337
2.799999999666667
2.833333333
2.8666666663333333
2.8999999996666666
2.9333333329999998
2.966666666333333
2.999999999666666
3.0333333329999994
3.0666666663333326
3.099999999666666
3.133333332999999
3.1666666663333323
3.1999999996666655
3.2333333329999987
3.266666666333332
3.299999999666665
3.3333333329999983
3.3666666663333316
3.3999999996666648
3.433333332999998
3.466666666333331
3.4999999996666644
3.5333333329999976
3.566666666333331
3.599999999666664
3.6333333329999973
3.6666666663333305
3.6999999996666637
3.733333332999997
3.76666666633333
3.7999999996666634
3.8333333329999966
3.86666666633333
3.899999999666663
3.933333332999996
3.9666666663333294
3.9999999996666626
4.033333332999996
4.0666666663333295
4.099999999666663
4.133333332999996
4.166666666333329
4.199999999666662
4.233333332999996
4.266666666333329
4.299999999666662
4.333333332999995
4.3666666663333285
4.399999999666662
4.433333332999995
4.466666666333328
4.499999999666661
4.5333333329999945
4.566666666333328
4.599999999666661
4.633333332999994
4.666666666333327
4.699999999666661
4.733333332999994
4.766666666333327
4.79999999966666
4.8333333329999935
4.866666666333327
4.89999999966666
4.933333332999993
4.966666666333326
4.9999999996666595
5.033333332999993
5.066666666333326
5.099999999666659
5.133333332999992
5.166666666333326
5.199999999666659
5.233333332999992
5.266666666333325
5.2999999996666585
5.333333332999992
5.366666666333325
5.399999999666658
5.433333332999991
5.4666666663333245
5.499999999666658
5.533333332999991
5.566666666333324
5.599999999666657
5.633333332999991
5.666666666333324
5.699999999666657
5.73333333299999
5.7666666663333235
5.799999999666657
5.83333333299999
5.866666666333323
5.899999999666656
5.9333333329999896
5.966666666333323
5.999999999666656
6.033333332999989
6.066666666333322
6.099999999666656
6.133333332999989
6.166666666333322
6.199999999666655
6.2333333329999885
6.266666666333322
6.299999999666655
6.333333332999988
6.366666666333321
6.399999999666655
6.433333332999988
6.466666666333321
6.499999999666654
6.533333332999987
6.566666666333321
6.599999999666654
6.633333332999987
6.66666666633332
6.6999999996666535
6.733333332999987
6.76666666633332
6.799999999666653
6.833333332999986
6.86666666633332
6.899999999666653
6.933333332999986
6.966666666333319
6.999999999666652
7.033333332999986
7.066666666333319
7.099999999666652
7.133333332999985
7.1666666663333185
7.199999999666652
7.233333332999985
7.266666666333318
7.299999999666651
7.333333332999985
7.366666666333318
7.399999999666651
7.433333332999984
7.466666666333317
7.499999999666651
7.533333332999984
7.566666666333317
7.59999999966665
7.6333333329999835
7.666666666333317
7.69999999966665
7.733333332999983
7.766666666333316
7.79999999966665
7.833333332999983
7.866666666333316
7.899999999666649
7.9333333329999824
7.966666666333316
7.999999999666649
8.033333332999982
8.066666666333315
8.099999999666649
8.133333332999982
8.166666666333315
8.199999999666648
8.233333332999981
8.266666666333315
8.299999999666648
8.333333332999981
8.366666666333314
8.399999999666647
8.43333333299998
8.466666666333314
8.499999999666647
8.53333333299998
8.566666666333314
8.599999999666647
8.63333333299998
8.666666666333313
8.699999999666646
8.73333333299998
8.766666666333313
8.799999999666646
8.83333333299998
8.866666666333312
8.899999999666646
8.933333332999979
8.966666666333312
8.999999999666645
9.033333332999979
9.066666666333312
9.099999999666645
9.133333332999978
9.166666666333311
9.199999999666645
9.233333332999978
9.266666666333311
9.299999999666644
9.333333332999977
9.36666666633331
0.08333333300000001
0.11666666633333334
0.14999999966666666
0.183333333
0.2166666663333333
0.24999999966666664
0.28333333299999997
0.3166666663333333
0.3499999996666666
0.38333333299999994
0.41666666633333327
0.4499999996666666
0.4833333329999999
0.5166666663333332
0.5499999996666666
0.5833333329999999
0.6166666663333332
0.6499999996666666
0.6833333329999999
0.7166666663333332
0.7499999996666665
0.7833333329999999
0.8166666663333332
0.8499999996666665
0.8833333329999998
0.9166666663333332
0.9499999996666665
0.9833333329999998
1.0166666663333332
1.0499999996666667
1.0833333330000001
1.1166666663333336
1.149999999666667
1.1833333330000004
1.2166666663333339
1.2499999996666673
1.2833333330000007
1.3166666663333342
1.3499999996666676
1.383333333000001
1.4166666663333345
1.449999999666668
1.4833333330000014
1.5166666663333348
1.5499999996666682
1.5833333330000017
1.6166666663333351
1.6499999996666685
1.683333333000002
1.7166666663333354
1.7499999996666689
1.7833333330000023
1.8166666663333357
1.8499999996666692
1.8833333330000026
1.916666666333336
1.9499999996666695
1.983333333000003
2.0166666663333364
2.0499999996666696
2.083333333000003
2.116666666333336
2.149999999666669
2.1833333330000024
2.2166666663333356
2.249999999666669
2.283333333000002
2.3166666663333353
2.3499999996666685
2.3833333330000017
2.416666666333335
2.449999999666668
2.4833333330000014
2.5166666663333346
2.549999999666668
2.583333333000001
2.6166666663333342
2.6499999996666674
2.6833333330000007
2.716666666333334
2.749999999666667
2.7833333330000003
2.8166666663333335
2.8499999996666667
2.883333333
2.916666666333333
2.9499999996666664
2.9833333329999996
3.016666666333333
3.049999999666666
3.0833333329999992
3.1166666663333324
3.1499999996666657
3.183333332999999
3.216666666333332
3.2499999996666653
3.2833333329999985
3.3166666663333317
3.349999999666665
3.383333332999998
3.4166666663333314
3.4499999996666646
3.483333332999998
3.516666666333331
3.5499999996666642
3.5833333329999975
3.6166666663333307
3.649999999666664
3.683333332999997
3.7166666663333303
3.7499999996666635
3.7833333329999967
3.81666666633333
3.849999999666663
3.8833333329999964
3.9166666663333296
3.949999999666663
3.983333332999996
4.01666666633333
4.049999999666663
4.083333332999996
4.116666666333329
4.1499999996666626
4.183333332999996
4.216666666333329
4.249999999666662
4.283333332999995
4.316666666333329
4.349999999666662
4.383333332999995
4.416666666333328
4.4499999996666615
4.483333332999995
4.516666666333328
4.549999999666661
4.583333332999994
4.616666666333328
4.649999999666661
4.683333332999994
4.716666666333327
4.74999999966666
4.783333332999994
4.816666666333327
4.84999999966666
4.883333332999993
4.9166666663333265
4.94999999966666
4.983333332999993
5.016666666333326
5.049999999666659
5.083333332999993
5.116666666333326
5.149999999666659
5.183333332999992
5.216666666333325
5.249999999666659
5.283333332999992
5.316666666333325
5.349999999666658
5.3833333329999915
5.416666666333325
5.449999999666658
5.483333332999991
5.516666666333324
5.549999999666658
5.583333332999991
5.616666666333324
5.649999999666657
5.68333333299999
5.716666666333324
5.749999999666657
5.78333333299999
5.816666666333323
5.8499999996666565
5.88333333299999
5.916666666333323
5.949999999666656
5.983333332999989
6.016666666333323
6.049999999666656
6.083333332999989
6.116666666333322
6.1499999996666554
6.183333332999989
6.216666666333322
6.249999999666655
6.283333332999988
6.3166666663333215
6.349999999666655
6.383333332999988
6.416666666333321
6.449999999666654
6.483333332999988
6.516666666333321
6.549999999666654
6.583333332999987
6.6166666663333205
6.649999999666654
6.683333332999987
6.71666666633332
6.749999999666653
6.7833333329999865
6.81666666633332
6.849999999666653
6.883333332999986
6.916666666333319
6.949999999666653
6.983333332999986
7.016666666333319
7.049999999666652
7.0833333329999855
7.116666666333319
7.149999999666652
7.183333332999985
7.216666666333318
7.2499999996666515
7.283333332999985
7.316666666333318
7.349999999666651
7.383333332999984
7.416666666333318
7.449999999666651
7.483333332999984
7.516666666333317
7.5499999996666505
7.583333332999984
7.616666666333317
7.64999999966665
7.683333332999983
7.7166666663333165
7.74999999966665
7.783333332999983
7.816666666333316
7.849999999666649
7.883333332999983
7.916666666333316
7.949999999666649
7.983333332999982
8.016666666333316
8.04999999966665
8.083333332999983
8.116666666333316
8.14999999966665
8.183333332999982
8.216666666333316
8.249999999666649
8.283333332999982
8.316666666333315
8.349999999666649
8.383333332999982
8.416666666333315
8.449999999666648
8.483333332999981
8.516666666333315
8.549999999666648
8.583333332999981
8.616666666333314
8.649999999666647
8.68333333299998
8.716666666333314
8.749999999666647
8.78333333299998
8.816666666333314
8.849999999666647
8.88333333299998
8.916666666333313
8.949999999666646
8.98333333299998
9.016666666333313
9.049999999666646
9.08333333299998
9.116666666333312
9.149999999666646
9.183333332999979
9.216666666333312
9.249999999666645
9.283333332999979
9.316666666333312
9.349999999666645
9.383333332999978
9.416666666333311
9.449999999666645
9.483333332999978
9.516666666333311
9.549999999666644
9.583333332999977
9.61666666633331
9.649999999666644
9.683333332999977
9.71666666633331
9.749999999666644
9.783333332999977
9.81666666633331
9.849999999666643
9.883333332999976
9.91666666633331
9.949999999666643
9.983333332999976
10.01666666633331
10.049999999666642
10.083333332999976
10.116666666333309
10.149999999666642
10.183333332999975
10.216666666333309
10.249999999666642
10.283333332999975
10.316666666333308
10.349999999666641
10.383333332999975
10.416666666333308
10.449999999666641
10.483333332999974
10.516666666333307
10.54999999966664
10.583333332999974
10.616666666333307
10.64999999966664
10.683333332999974
10.716666666333307
10.74999999966664
10.783333332999973
10.816666666333306
10.84999999966664
10.883333332999973
10.916666666333306
10.94999999966664
10.983333332999972
11.016666666333306
11.049999999666639
11.083333332999972
11.116666666333305
11.149999999666639
11.183333332999972
11.216666666333305
11.249999999666638
11.283333332999971
11.316666666333305
11.349999999666638
11.383333332999971
11.416666666333304
11.449999999666638
11.48333333299997
11.516666666333304
11.549999999666637
11.58333333299997
11.616666666333304
11.649999999666637
11.68333333299997
11.716666666333303
11.749999999666636
11.78333333299997
11.816666666333303
11.849999999666636
11.88333333299997
11.916666666333303
11.949999999666636
11.983333332999969
12.016666666333302
12.049999999666635
12.083333332999969
12.116666666333302
12.149999999666635
12.183333332999968
12.216666666333301
12.249999999666635
12.283333332999968
12.316666666333301
12.349999999666634
12.383333332999968
12.4166666663333
12.449999999666634
12.483333332999967
12.5166666663333
12.549999999666634
12.583333332999967
12.6166666663333
12.649999999666633
12.683333332999966
12.7166666663333
12.749999999666633
12.783333332999966
12.8166666663333
12.849999999666633
12.883333332999966
12.916666666333299
12.949999999666632
12.983333332999965
13.016666666333299
13.049999999666632
13.083333332999965
13.116666666333298
13.149999999666631
13.183333332999965
13.216666666333298
13.249999999666631
13.283333332999964
13.316666666333298
13.34999999966663
13.383333332999964
13.416666666333297
13.44999999966663
13.483333332999964
13.516666666333297
13.54999999966663
13.583333332999963
13.616666666333296
13.64999999966663
13.683333332999963
13.716666666333296
13.74999999966663
13.783333332999963
13.816666666333296
13.849999999666629
13.883333332999962
13.916666666333295
13.949999999666629
13.983333332999962
14.016666666333295
14.049999999666628
14.083333332999961
14.116666666333295
14.149999999666628
14.183333332999961
14.216666666333294
14.249999999666628
14.28333333299996
14.316666666333294
14.349999999666627
14.38333333299996
14.416666666333294
14.449999999666627
14.48333333299996
14.516666666333293
14.549999999666626
14.58333333299996
14.616666666333293
14.649999999666626
14.68333333299996
14.716666666333293
14.749999999666626
14.783333332999959
14.816666666333292
14.849999999666625
14.883333332999959
14.916666666333292
14.949999999666625
14.983333332999958
15.016666666333292
15.049999999666625
15.083333332999958
15.116666666333291
15.149999999666624
15.183333332999958
15.21666666633329
15.249999999666624
15.283333332999957
15.31666666633329
15.349999999666624
15.383333332999957
15.41666666633329
15.449999999666623
15.483333332999957
15.51666666633329
15.549999999666623
15.583333332999956
15.61666666633329
15.649999999666623
15.683333332999956
15.716666666333289
15.749999999666622
15.783333332999955
15.816666666333289
15.849999999666622
15.883333332999955
15.916666666333288
15.949999999666622
15.983333332999955
16.01666666633329
16.049999999666625
16.08333333299996
16.116666666333295
16.14999999966663
16.183333332999965
16.2166666663333
16.249999999666635
16.28333333299997
16.316666666333305
16.34999999966664
16.383333332999975
16.41666666633331
16.449999999666645
16.48333333299998
16.516666666333315
16.54999999966665
16.583333332999985
16.61666666633332
16.649999999666655
16.68333333299999
16.716666666333325
16.74999999966666
16.783333332999995
16.81666666633333
16.849999999666665
16.883333333
16.916666666333334
16.94999999966667
16.983333333000004
17.01666666633334
17.049999999666674
17.08333333300001
17.116666666333344
17.14999999966668
17.183333333000014
17.21666666633335
17.249999999666684
17.28333333300002
17.316666666333354
17.34999999966669
17.383333333000024
17.41666666633336
17.449999999666694
17.48333333300003
17.516666666333364
17.5499999996667
17.583333333000034
17.61666666633337
17.649999999666704
17.68333333300004
17.716666666333374
17.74999999966671
17.783333333000044
17.81666666633338
17.849999999666714
17.88333333300005
17.916666666333384
17.94999999966672
17.983333333000054
18.01666666633339
18.049999999666724
18.08333333300006
18.116666666333394
18.14999999966673
18.183333333000064
18.2166666663334
18.249999999666734
18.28333333300007
18.316666666333404
18.34999999966674
18.383333333000074
18.41666666633341
18.449999999666744
18.48333333300008
18.516666666333414
18.54999999966675
18.583333333000084
18.61666666633342
18.649999999666754
18.68333333300009
18.716666666333424
18.74999999966676
18.783333333000094
18.81666666633343
18.849999999666764
18.8833333330001
18.916666666333434
18.94999999966677
18.983333333000104
19.01666666633344
19.049999999666774
19.08333333300011
19.116666666333444
19.14999999966678
19.183333333000114
19.21666666633345
19.249999999666784
19.28333333300012
0.066666666
0.09999999933333334
0.13333333266666667
0.166666666
0.19999999933333332
0.23333333266666664
0.266666666
0.2999999993333333
0.33333333266666665
0.366666666
0.3999999993333333
0.4333333326666666
0.46666666599999995
0.4999999993333333
0.5333333326666666
0.5666666659999999
0.5999999993333333
0.6333333326666666
0.6666666659999999
0.6999999993333332
0.7333333326666666
0.7666666659999999
0.7999999993333332
0.8333333326666665
0.8666666659999999
0.8999999993333332
0.9333333326666665
0.9666666659999998
0.9999999993333332
1.0333333326666665
1.066666666
1.0999999993333334
1.1333333326666668
1.1666666660000002
1.1999999993333337
1.2333333326666671
1.2666666660000006
1.299999999333334
1.3333333326666674
1.3666666660000009
1.3999999993333343
1.4333333326666677
1.4666666660000012
1.4999999993333346
1.533333332666668
1.5666666660000015
1.599999999333335
1.6333333326666684
1.6666666660000018
1.6999999993333352
1.7333333326666687
1.766666666000002
1.7999999993333355
1.833333332666669
1.8666666660000024
1.8999999993333359
1.9333333326666693
1.9666666660000027
1.9999999993333362
2.0333333326666696
2.066666666000003
2.099999999333336
2.1333333326666692
2.1666666660000025
2.1999999993333357
2.233333332666669
2.266666666000002
2.2999999993333353
2.3333333326666685
2.3666666660000018
2.399999999333335
2.433333332666668
2.4666666660000014
2.4999999993333346
2.533333332666668
2.566666666000001
2.5999999993333343
2.6333333326666675
2.6666666660000007
2.699999999333334
2.733333332666667
2.7666666660000003
2.7999999993333335
2.8333333326666668
2.866666666
2.899999999333333
2.9333333326666664
2.9666666659999996
2.999999999333333
3.033333332666666
3.0666666659999993
3.0999999993333325
3.1333333326666657
3.166666665999999
3.199999999333332
3.2333333326666653
3.2666666659999986
3.2999999993333318
3.333333332666665
3.366666665999998
3.3999999993333314
3.4333333326666646
3.466666665999998
3.499999999333331
3.5333333326666643
3.5666666659999975
3.5999999993333307
3.633333332666664
3.666666665999997
3.6999999993333303
3.7333333326666636
3.7666666659999968
3.79999999933333
3.833333332666663
3.8666666659999964
3.8999999993333296
3.933333332666663
3.966666665999996
3.9999999993333293
4.033333332666663
4.066666665999996
4.099999999333329
4.133333332666663
4.166666665999996
4.199999999333329
4.233333332666662
4.2666666659999954
4.299999999333329
4.333333332666662
4.366666665999995
4.399999999333328
4.4333333326666615
4.466666665999995
4.499999999333328
4.533333332666661
4.566666665999994
4.599999999333328
4.633333332666661
4.666666665999994
4.699999999333327
4.7333333326666605
4.766666665999994
4.799999999333327
4.83333333266666
4.866666665999993
4.8999999993333265
4.93333333266666
4.966666665999993
4.999999999333326
5.033333332666659
5.066666665999993
5.099999999333326
5.133333332666659
5.166666665999992
5.1999999993333255
5.233333332666659
5.266666665999992
5.299999999333325
5.333333332666658
5.3666666659999915
5.399999999333325
5.433333332666658
5.466666665999991
5.499999999333324
5.533333332666658
5.566666665999991
5.599999999333324
5.633333332666657
5.6666666659999905
5.699999999333324
5.733333332666657
5.76666666599999
5.799999999333323
5.8333333326666565
5.86666666599999
5.899999999333323
5.933333332666656
5.966666665999989
5.999999999333323
6.033333332666656
6.066666665999989
6.099999999333322
6.1333333326666555
6.166666665999989
6.199999999333322
6.233333332666655
6.266666665999988
6.2999999993333216
6.333333332666655
6.366666665999988
6.399999999333321
6.433333332666654
6.466666665999988
6.499999999333321
6.533333332666654
6.566666665999987
6.5999999993333205
6.633333332666654
6.666666665999987
6.69999999933332
6.733333332666653
6.766666665999987
6.79999999933332
6.833333332666653
6.866666665999986
6.899999999333319
6.933333332666653
6.966666665999986
6.999999999333319
7.033333332666652
7.0666666659999855
7.099999999333319
7.133333332666652
7.166666665999985
7.199999999333318
7.233333332666652
7.266666665999985
7.299999999333318
7.333333332666651
7.366666665999984
7.399999999333318
7.433333332666651
7.466666665999984
7.499999999333317
7.5333333326666505
7.566666665999984
7.599999999333317
7.63333333266665
7.666666665999983
7.699999999333317
7.73333333266665
7.766666665999983
7.799999999333316
7.833333332666649
7.866666665999983
7.899999999333316
7.933333332666649
7.966666665999982
7.9999999993333155
8.033333332666649
8.066666665999982
8.099999999333315
8.133333332666648
8.166666665999982
8.199999999333315
8.233333332666648
8.266666665999981
8.299999999333314
8.333333332666648
8.36666666599998
8.399999999333314
8.433333332666647
8.46666666599998
8.499999999333314
8.533333332666647
8.56666666599998
8.599999999333313
8.633333332666647
8.66666666599998
8.699999999333313
8.733333332666646
8.76666666599998
8.799999999333313
8.833333332666646
8.866666665999979
8.899999999333312
8.933333332666646
8.966666665999979
8.999999999333312
9.033333332666645
9.066666665999978
9.099999999333312
9.133333332666645
9.166666665999978
9.199999999333311
9.233333332666644
9.266666665999978
9.299999999333311
9.333333332666644
9.366666665999977
9.39999999933331
9.433333332666644
9.466666665999977
9.49999999933331
9.533333332666643
9.566666665999977
9.59999999933331
9.633333332666643
9.666666665999976
9.69999999933331
9.733333332666643
9.766666665999976
9.79999999933331
9.833333332666642
9.866666665999976
9.899999999333309
9.933333332666642
9.966666665999975
9.999999999333308
10.033333332666642
10.066666665999975
10.099999999333308
10.133333332666641
10.166666665999974
10.199999999333308
10.233333332666641
10.266666665999974
10.299999999333307
10.33333333266664
10.366666665999974
10.399999999333307
10.43333333266664
10.466666665999973
10.499999999333307
10.53333333266664
10.566666665999973
10.599999999333306
10.63333333266664
10.666666665999973
10.699999999333306
10.73333333266664
10.766666665999972
10.799999999333306
10.833333332666639
10.866666665999972
10.899999999333305
10.933333332666638
10.966666665999972
10.999999999333305
11.033333332666638
11.066666665999971
11.099999999333305
11.133333332666638
11.166666665999971
11.199999999333304
11.233333332666637
11.26666666599997
11.299999999333304
11.333333332666637
11.36666666599997
11.399999999333303
11.433333332666637
11.46666666599997
11.499999999333303
11.533333332666636
11.56666666599997
11.599999999333303
11.633333332666636
11.66666666599997
11.699999999333302
11.733333332666636
11.766666665999969
11.799999999333302
11.833333332666635
11.866666665999968
11.899999999333302
11.933333332666635
11.966666665999968
11.999999999333301
12.033333332666635
12.066666665999968
12.099999999333301
12.133333332666634
12.166666665999967
12.1999999993333
12.233333332666634
12.266666665999967
12.2999999993333
12.333333332666633
12.366666665999967
12.3999999993333
12.433333332666633
12.466666665999966
12.4999999993333
12.533333332666633
12.566666665999966
12.5999999993333
12.633333332666632
12.666666665999966
12.699999999333299
12.733333332666632
12.766666665999965
12.799999999333298
12.833333332666632
12.866666665999965
12.899999999333298
12.933333332666631
12.966666665999965
12.999999999333298
13.033333332666631
13.066666665999964
13.099999999333297
13.13333333266663
13.166666665999964
13.199999999333297
13.23333333266663
13.266666665999963
13.299999999333297
13.33333333266663
13.366666665999963
13.399999999333296
13.43333333266663
13.466666665999963
13.499999999333296
13.53333333266663
13.566666665999962
13.599999999333296
13.633333332666629
13.666666665999962
13.699999999333295
13.733333332666628
13.766666665999962
13.799999999333295
13.833333332666628
13.866666665999961
13.899999999333295
13.933333332666628
13.966666665999961
13.999999999333294
14.033333332666627
14.06666666599996
14.099999999333294
14.133333332666627
14.16666666599996
14.199999999333293
14.233333332666627
14.26666666599996
14.299999999333293
14.333333332666626
14.36666666599996
14.399999999333293
14.433333332666626
14.46666666599996
14.499999999333292
14.533333332666626
14.566666665999959
14.599999999333292
14.633333332666625
14.666666665999958
14.699999999333292
14.733333332666625
14.766666665999958
14.799999999333291
14.833333332666625
14.866666665999958
14.899999999333291
14.933333332666624
14.966666665999957
14.99999999933329
15.033333332666624
15.066666665999957
15.09999999933329
15.133333332666624
15.166666665999957
15.19999999933329
15.233333332666623
15.266666665999956
15.29999999933329
15.333333332666623
15.366666665999956
15.39999999933329
15.433333332666622
15.466666665999956
15.499999999333289
15.533333332666622
15.566666665999955
15.599999999333289
15.633333332666622
15.666666665999955
15.699999999333288
15.733333332666621
15.766666665999955
15.799999999333288
15.833333332666621
15.866666665999954
15.899999999333287
15.93333333266662
15.966666665999954
15.999999999333287
16.033333332666622
16.066666665999957
16.099999999333292
16.133333332666627
16.166666665999962
16.199999999333297
16.233333332666632
16.266666665999967
16.299999999333302
16.333333332666637
16.366666665999972
16.399999999333307
16.433333332666642
16.466666665999977
16.499999999333312
16.533333332666647
16.566666665999982
16.599999999333317
16.633333332666652
16.666666665999987
16.699999999333322
16.733333332666657
16.766666665999992
16.799999999333327
16.833333332666662
16.866666665999997
16.899999999333332
16.933333332666667
16.966666666000002
16.999999999333337
17.033333332666672
17.066666666000007
17.099999999333342
17.133333332666677
17.166666666000012
17.199999999333347
17.23333333266668
17.266666666000017
17.29999999933335
17.333333332666687
17.36666666600002
17.399999999333357
17.43333333266669
17.466666666000027
17.49999999933336
17.533333332666697
17.56666666600003
17.599999999333367
17.6333333326667
17.666666666000037
17.69999999933337
17.733333332666707
17.76666666600004
17.799999999333377
17.83333333266671
17.866666666000047
17.89999999933338
17.933333332666717
17.96666666600005
17.999999999333387
18.03333333266672
18.066666666000057
18.09999999933339
18.133333332666727
18.16666666600006
18.199999999333397
18.23333333266673
18.266666666000066
18.2999999993334
18.333333332666736
18.36666666600007
18.399999999333406
18.43333333266674
18.466666666000076
18.49999999933341
18.533333332666746
18.56666666600008
18.599999999333416
18.63333333266675
18.666666666000086
18.69999999933342
18.733333332666756
18.76666666600009
18.799999999333426
18.83333333266676
18.866666666000096
18.89999999933343
18.933333332666766
18.9666666660001
18.999999999333436
19.03333333266677
19.066666666000106
19.09999999933344
19.133333332666776
19.16666666600011
19.199999999333446
19.23333333266678
19.266666666000116
19.29999999933345
19.333333332666786
19.36666666600012
19.399999999333456
19.43333333266679
19.466666666000126
19.49999999933346
19.533333332666796
19.56666666600013
19.599999999333466
19.6333333326668
19.666666666000136
19.69999999933347
19.733333332666806
19.76666666600014
19.799999999333476
19.83333333266681
19.866666666000146
19.89999999933348
19.933333332666816
19.96666666600015
19.999999999333486
20.03333333266682
20.066666666000156
20.09999999933349
20.133333332666826
20.16666666600016
20.199999999333496
20.23333333266683
20.266666666000166
20.2999999993335
20.333333332666836
20.36666666600017
20.399999999333506
20.43333333266684
20.466666666000176
20.49999999933351
20.533333332666846
20.56666666600018
20.599999999333516
20.63333333266685
20.666666666000186
20.69999999933352
20.733333332666856
20.76666666600019
20.799999999333526
20.83333333266686
20.866666666000196
20.89999999933353
20.933333332666866
20.9666666660002
20.999999999333536
21.03333333266687
21.066666666000206
21.09999999933354
21.133333332666876
21.16666666600021
21.199999999333546
21.23333333266688
21.266666666000216
21.29999999933355
21.333333332666886
21.36666666600022
21.399999999333556
21.43333333266689
21.466666666000226
21.49999999933356
21.533333332666896
21.56666666600023
21.599999999333566
21.6333333326669
21.666666666000236
21.69999999933357
21.733333332666906
21.76666666600024
21.799999999333576
21.83333333266691
21.866666666000246
21.89999999933358
21.933333332666916
21.96666666600025
21.999999999333586
22.03333333266692
22.066666666000256
22.09999999933359
22.133333332666925
22.16666666600026
22.199999999333595
22.23333333266693
22.266666666000265
22.2999999993336
22.333333332666935
22.36666666600027
22.399999999333605
22.43333333266694
22.466666666000275
22.49999999933361
22.533333332666945
22.56666666600028
22.599999999333615
22.63333333266695
22.666666666000285
22.69999999933362
22.733333332666955
22.76666666600029
22.799999999333625
22.83333333266696
22.866666666000295
22.89999999933363
22.933333332666965
22.9666666660003
22.999999999333635
23.03333333266697
23.066666666000305
23.09999999933364
23.133333332666975
23.16666666600031
23.199999999333645
23.23333333266698
23.266666666000315
23.29999999933365
23.333333332666985
23.36666666600032
23.399999999333655
23.43333333266699
23.466666666000325
23.49999999933366
23.533333332666995
23.56666666600033
23.599999999333665
23.633333332667
23.666666666000335
23.69999999933367
23.733333332667005
23.76666666600034
23.799999999333675
23.83333333266701
23.866666666000345
23.89999999933368
23.933333332667015
23.96666666600035
23.999999999333685
24.03333333266702
24.066666666000355
24.09999999933369
24.133333332667025
24.16666666600036
24.199999999333695
24.23333333266703
24.266666666000365
24.2999999993337
24.333333332667035
24.36666666600037
24.399999999333705
24.43333333266704
24.466666666000375
24.49999999933371
24.533333332667045
24.56666666600038
24.599999999333715
24.63333333266705
24.666666666000385
24.69999999933372
24.733333332667055
24.76666666600039
24.799999999333725
24.83333333266706
24.866666666000395
24.89999999933373
24.933333332667065
24.9666666660004
24.999999999333735
25.03333333266707
25.066666666000405
25.09999999933374
25.133333332667075
25.16666666600041
25.199999999333745
25.23333333266708
25.266666666000415
25.29999999933375
25.333333332667085
25.36666666600042
25.399999999333755
25.43333333266709
25.466666666000425
25.49999999933376
25.533333332667095
25.56666666600043
25.599999999333765
25.6333333326671
25.666666666000435
25.69999999933377
25.733333332667105
25.76666666600044
25.799999999333775
25.83333333266711
25.866666666000445
25.89999999933378
25.933333332667114
25.96666666600045
25.999999999333784
26.03333333266712
26.066666666000454
26.09999999933379
26.133333332667124
26.16666666600046
26.199999999333794
26.23333333266713
26.266666666000464
26.2999999993338
26.333333332667134
26.36666666600047
26.399999999333804
26.43333333266714
26.466666666000474
26.49999999933381
26.533333332667144
26.56666666600048
26.599999999333814
26.63333333266715
26.666666666000484
26.69999999933382
26.733333332667154
26.76666666600049
26.799999999333824
26.83333333266716
26.866666666000494
26.89999999933383
26.933333332667164
26.9666666660005
26.999999999333834
27.03333333266717
27.066666666000504
27.09999999933384
27.133333332667174
27.16666666600051
27.199999999333844
27.23333333266718
27.266666666000514
27.29999999933385
27.333333332667184
27.36666666600052
27.399999999333854
27.43333333266719
27.466666666000524
27.49999999933386
27.533333332667194
27.56666666600053
27.599999999333864
27.6333333326672
27.666666666000534
27.69999999933387
27.733333332667204
27.76666666600054
27.799999999333874
27.83333333266721
27.866666666000544
27.89999999933388
27.933333332667214
27.96666666600055
27.999999999333884
28.03333333266722
28.066666666000554
28.09999999933389
28.133333332667224
28.16666666600056
28.199999999333894
28.23333333266723
28.266666666000564
28.2999999993339
28.333333332667234
28.36666666600057
28.399999999333904
28.43333333266724
28.466666666000574
28.49999999933391
28.533333332667244
28.56666666600058
28.599999999333914
28.63333333266725
28.666666666000584
28.69999999933392
28.733333332667254
28.76666666600059
28.799999999333924
28.83333333266726
28.866666666000594
28.89999999933393
28.933333332667264
28.9666666660006
28.999999999333934
29.03333333266727
29.066666666000604
29.09999999933394
29.133333332667274
29.16666666600061
29.199999999333944
29.23333333266728
29.266666666000614
29.29999999933395
29.333333332667284
29.36666666600062
29.399999999333954
29.43333333266729
29.466666666000624
29.49999999933396
29.533333332667294
29.56666666600063
29.599999999333964
29.6333333326673
29.666666666000634
29.69999999933397
29.733333332667303
29.76666666600064
29.799999999333973
29.83333333266731
29.866666666000643
29.89999999933398
29.933333332667313
29.96666666600065
29.999999999333983
30.03333333266732
30.066666666000653
30.09999999933399
30.133333332667323
30.16666666600066
30.199999999333993
30.23333333266733
30.266666666000663
30.299999999334
30.333333332667333
30.36666666600067
30.399999999334003
30.43333333266734
30.466666666000673
30.49999999933401
30.533333332667343
30.56666666600068
30.599999999334013
30.63333333266735
30.666666666000683
30.69999999933402
30.733333332667353
30.76666666600069
30.799999999334023
30.833333332667358
30.866666666000693
30.899999999334028
30.933333332667363
30.966666666000698
30.999999999334033
31.033333332667368
31.066666666000703
31.099999999334038
31.133333332667373
31.166666666000708
31.199999999334043
31.233333332667378
31.266666666000713
31.299999999334048
31.333333332667383
31.366666666000718
31.399999999334053
31.433333332667388
31.466666666000723
31.499999999334058
31.533333332667393
31.566666666000728
31.599999999334063
31.633333332667398
31.666666666000733
31.699999999334068
31.733333332667403
31.766666666000738
31.799999999334073
31.833333332667408
31.866666666000743
31.899999999334078
31.933333332667413
31.966666666000748
31.999999999334083
32.03333333266742
32.06666666600075
32.09999999933408
32.13333333266741
32.166666666000744
32.199999999334075
32.23333333266741
32.26666666600074
32.29999999933407
32.3333333326674
32.36666666600073
32.399999999334064
32.433333332667395
32.46666666600073
32.49999999933406
32.53333333266739
32.56666666600072
32.59999999933405
32.633333332667384
32.666666666000715
32.69999999933405
32.73333333266738
32.76666666600071
32.79999999933404
32.83333333266737
32.866666666000704
32.899999999334035
32.93333333266737
32.9666666660007
32.99999999933403
33.03333333266736
33.06666666600069
33.099999999334024
33.133333332667355
33.16666666600069
33.19999999933402
33.23333333266735
33.26666666600068
33.29999999933401
33.333333332667344
33.366666666000675
33.39999999933401
33.43333333266734
33.46666666600067
33.499999999334
33.53333333266733
33.566666666000664
33.599999999333996
33.63333333266733
33.66666666600066
33.69999999933399
33.73333333266732
33.76666666600065
33.799999999333984
33.833333332667316
33.86666666600065
33.89999999933398
33.93333333266731
33.96666666600064
33.99999999933397
34.033333332667304
34.066666666000636
34.09999999933397
34.1333333326673
34.16666666600063
34.19999999933396
34.23333333266729
34.266666666000624
34.299999999333956
34.33333333266729
34.36666666600062
34.39999999933395
34.43333333266728
34.46666666600061
34.499999999333944
34.533333332667276
34.56666666600061
34.59999999933394
34.63333333266727
34.6666666660006
34.69999999933393
34.733333332667264
34.766666666000596
34.79999999933393
34.83333333266726
34.86666666600059
34.89999999933392
34.93333333266725
34.966666666000584
34.999999999333916
35.03333333266725
35.06666666600058
35.09999999933391
35.13333333266724
35.16666666600057
35.199999999333905
35.233333332667236
35.26666666600057
35.2999999993339
35.33333333266723
35.36666666600056
35.39999999933389
35.433333332667225
35.466666666000556
35.49999999933389
35.53333333266722
35.56666666600055
35.59999999933388
35.63333333266721
35.666666666000545
35.699999999333876
35.73333333266721
35.76666666600054
35.79999999933387
35.8333333326672
35.86666666600053
35.899999999333865
35.933333332667196
35.96666666600053
35.99999999933386
36.03333333266719
36.06666666600052
36.09999999933385
36.133333332667185
36.166666666000516
36.19999999933385
36.23333333266718
36.26666666600051
36.29999999933384
36.33333333266717
36.366666666000505
36.399999999333836
36.43333333266717
36.4666666660005
36.49999999933383
36.53333333266716
0.08333333300000001
0.11666666633333334
0.14999999966666666
0.183333333
0.2166666663333333
1.4166666663333334
1.4499999996666668
1.4833333330000003
1.5166666663333337
1.5499999996666671
1.5833333330000006
1.616666666333334
1.6499999996666674
1.6833333330000009
1.7166666663333343
1.7499999996666677
1.7833333330000012
1.8166666663333346
1.849999999666668
1.8833333330000015
1.916666666333335
1.9499999996666684
1.9833333330000018
2.016666666333335
2.0499999996666682
2.0833333330000015
2.1166666663333347
2.149999999666668
2.183333333000001
2.2166666663333343
2.2499999996666675
2.2833333330000007
2.316666666333334
2.349999999666667
2.3833333330000004
2.4166666663333336
2.449999999666667
2.483333333
2.5166666663333332
2.5499999996666665
2.5833333329999997
2.616666666333333
2.649999999666666
2.6833333329999993
2.7166666663333325
2.7499999996666658
2.783333332999999
2.816666666333332
2.8499999996666654
2.8833333329999986
2.916666666333332
2.949999999666665
2.9833333329999983
3.0166666663333315
3.0499999996666647
3.083333332999998
3.116666666333331
3.1499999996666643
3.1833333329999975
3.2166666663333308
3.249999999666664
3.283333332999997
3.3166666663333304
3.3499999996666636
3.383333332999997
3.41666666633333
3.4499999996666633
3.4833333329999965
3.5166666663333297
3.549999999666663
3.583333332999996
3.6166666663333293
3.6499999996666626
3.6833333329999958
3.716666666333329
3.749999999666662
3.7833333329999954
3.8166666663333286
3.849999999666662
3.883333332999995
3.9166666663333283
3.9499999996666615
3.9833333329999947
4.016666666333328
4.049999999666661
4.083333332999994
4.116666666333328
4.149999999666661
4.183333332999994
4.216666666333327
4.24999999966666
4.283333332999994
4.316666666333327
4.34999999966666
4.383333332999993
4.4166666663333265
4.44999999966666
4.483333332999993
4.516666666333326
4.549999999666659
4.583333332999993
4.616666666333326
4.649999999666659
4.683333332999992
4.716666666333325
4.749999999666659
4.783333332999992
4.816666666333325
4.849999999666658
4.8833333329999915
4.916666666333325
4.949999999666658
4.983333332999991
5.016666666333324
5.049999999666658
5.083333332999991
5.116666666333324
5.149999999666657
5.18333333299999
5.216666666333324
5.249999999666657
5.28333333299999
5.316666666333323
5.3499999996666565
5.38333333299999
5.416666666333323
5.449999999666656
5.483333332999989
5.516666666333323
5.549999999666656
5.583333332999989
5.616666666333322
5.6499999996666554
5.683333332999989
5.716666666333322
5.749999999666655
5.783333332999988
5.8166666663333215
5.849999999666655
5.883333332999988
5.916666666333321
5.949999999666654
5.983333332999988
6.016666666333321
6.049999999666654
6.083333332999987
6.1166666663333205
6.149999999666654
6.183333332999987
6.21666666633332
6.249999999666653
6.2833333329999865
6.31666666633332
6.349999999666653
6.383333332999986
6.416666666333319
6.449999999666653
6.483333332999986
6.516666666333319
6.549999999666652
6.5833333329999855
6.616666666333319
6.649999999666652
6.683333332999985
6.716666666333318
6.7499999996666515
6.783333332999985
6.816666666333318
6.849999999666651
6.883333332999984
6.916666666333318
6.949999999666651
6.983333332999984
7.016666666333317
7.0499999996666505
7.083333332999984
7.116666666333317
7.14999999966665
7.183333332999983
7.2166666663333165
7.24999999966665
7.283333332999983
7.316666666333316
7.349999999666649
7.383333332999983
7.416666666333316
7.449999999666649
7.483333332999982
7.5166666663333155
7.549999999666649
7.583333332999982
7.616666666333315
7.649999999666648
7.683333332999982
7.716666666333315
7.749999999666648
7.783333332999981
7.816666666333314
7.849999999666648
7.883333332999981
7.916666666333314
7.949999999666647
7.9833333329999805
8.016666666333315
8.049999999666648
8.083333332999981
8.116666666333314
8.149999999666647
8.18333333299998
8.216666666333314
8.249999999666647
8.28333333299998
8.316666666333314
8.349999999666647
8.38333333299998
8.416666666333313
8.449999999666646
8.48333333299998
8.516666666333313
8.549999999666646
8.58333333299998
8.616666666333312
8.649999999666646
8.683333332999979
8.716666666333312
8.749999999666645
8.783333332999979
8.816666666333312
8.849999999666645
8.883333332999978
8.916666666333311
8.949999999666645
8.983333332999978
9.016666666333311
9.049999999666644
9.083333332999977
9.11666666633331
9.149999999666644
9.183333332999977
9.21666666633331
9.249999999666644
9.283333332999977
9.31666666633331
9.349999999666643
9.383333332999976
9.41666666633331
9.449999999666643
9.483333332999976
9.51666666633331
9.549999999666642
9.583333332999976
9.616666666333309
9.649999999666642
9.683333332999975
9.716666666333309
9.749999999666642
9.783333332999975
9.816666666333308
9.849999999666641
9.883333332999975
9.916666666333308
9.949999999666641
9.983333332999974
10.016666666333307
10.04999999966664
10.083333332999974
10.116666666333307
10.14999999966664
10.183333332999974
10.216666666333307
10.24999999966664
10.283333332999973
10.316666666333306
10.34999999966664
10.383333332999973
10.416666666333306
10.44999999966664
10.483333332999972
10.516666666333306
10.549999999666639
10.583333332999972
10.616666666333305
10.649999999666639
10.683333332999972
10.716666666333305
10.749999999666638
10.783333332999971
10.816666666333305
10.849999999666638
10.883333332999971
10.916666666333304
10.949999999666638
10.98333333299997
11.016666666333304
11.049999999666637
11.08333333299997
11.116666666333304
11.149999999666637
11.18333333299997
11.216666666333303
11.249999999666636
11.28333333299997
11.316666666333303
11.349999999666636
11.38333333299997
11.416666666333303
11.449999999666636
11.483333332999969
11.516666666333302
11.549999999666635
11.583333332999969
11.616666666333302
11.649999999666635
11.683333332999968
11.716666666333301
11.749999999666635
11.783333332999968
11.816666666333301
11.849999999666634
11.883333332999968
11.9166666663333
11.949999999666634
11.983333332999967
12.0166666663333
12.049999999666634
12.083333332999967
12.1166666663333
12.149999999666633
12.183333332999966
12.2166666663333
12.249999999666633
12.283333332999966
12.3166666663333
12.349999999666633
12.383333332999966
12.416666666333299
12.449999999666632
12.483333332999965
12.516666666333299
12.549999999666632
12.583333332999965
12.616666666333298
12.649999999666631
12.683333332999965
12.716666666333298
12.749999999666631
12.783333332999964
12.816666666333298
12.84999999966663
12.883333332999964
12.916666666333297
12.94999999966663
12.983333332999964
13.016666666333297
13.04999999966663
13.083333332999963
13.116666666333296
13.14999999966663
13.183333332999963
13.216666666333296
13.24999999966663
13.283333332999963
13.316666666333296
13.349999999666629
13.383333332999962
13.416666666333295
13.449999999666629
13.483333332999962
13.516666666333295
13.549999999666628
13.583333332999961
13.616666666333295
13.649999999666628
13.683333332999961
13.716666666333294
13.749999999666628
13.78333333299996
13.816666666333294
13.849999999666627
13.88333333299996
13.916666666333294
13.949999999666627
13.98333333299996
14.016666666333293
14.049999999666626
14.08333333299996
14.116666666333293
14.149999999666626
14.18333333299996
14.216666666333293
14.249999999666626
14.283333332999959
14.316666666333292
14.349999999666625
14.383333332999959
14.416666666333292
14.449999999666625
14.483333332999958
14.516666666333292
14.549999999666625
14.583333332999958
14.616666666333291
14.649999999666624
14.683333332999958
14.71666666633329
14.749999999666624
14.783333332999957
14.81666666633329
14.849999999666624
14.883333332999957
14.91666666633329
14.949999999666623
14.983333332999957
15.01666666633329
15.049999999666623
15.083333332999956
15.11666666633329
15.149999999666623
15.183333332999956
15.216666666333289
15.249999999666622
15.283333332999955
15.316666666333289
15.349999999666622
15.383333332999955
15.416666666333288
15.449999999666622
15.483333332999955
15.516666666333288
15.549999999666621
15.583333332999954
15.616666666333288
15.64999999966662
15.683333332999954
15.716666666333287
15.74999999966662
15.783333332999954
15.816666666333287
15.84999999966662
15.883333332999953
15.916666666333287
15.94999999966662
15.983333332999953
16.016666666333286
16.04999999966662
16.083333332999956
16.11666666633329
16.149999999666626
16.18333333299996
16.216666666333296
16.24999999966663
16.283333332999966
16.3166666663333
16.349999999666636
16.38333333299997
16.416666666333306
16.44999999966664
16.483333332999976
16.51666666633331
16.549999999666646
16.58333333299998
16.616666666333316
16.64999999966665
16.683333332999986
16.71666666633332
16.749999999666656
16.78333333299999
16.816666666333326
16.84999999966666
16.883333332999996
16.91666666633333
16.949999999666666
16.983333333
17.016666666333336
17.04999999966667
17.083333333000006
17.11666666633334
17.149999999666676
17.18333333300001
17.216666666333346
17.24999999966668
17.283333333000016
17.31666666633335
17.349999999666686
17.38333333300002
17.416666666333356
17.44999999966669
17.483333333000026
17.51666666633336
17.549999999666696
17.58333333300003
17.616666666333366
17.6499999996667
17.683333333000036
17.71666666633337
17.749999999666706
17.78333333300004
17.816666666333376
17.84999999966671
17.883333333000046
17.91666666633338
17.949999999666716
17.98333333300005
18.016666666333386
18.04999999966672
18.083333333000056
18.11666666633339
18.149999999666726
18.18333333300006
18.216666666333396
18.24999999966673
18.283333333000066
18.3166666663334
18.349999999666736
18.38333333300007
18.416666666333406
18.44999999966674
18.483333333000076
18.51666666633341
18.549999999666746
18.58333333300008
18.616666666333415
18.64999999966675
18.683333333000085
18.71666666633342
18.749999999666755
18.78333333300009
18.816666666333425
18.84999999966676
18.883333333000095
18.91666666633343
18.949999999666765
18.9833333330001
19.016666666333435
19.04999999966677
19.083333333000105
19.11666666633344
19.149999999666775
19.18333333300011
19.216666666333445
19.24999999966678
19.283333333000115
19.31666666633345
19.349999999666785
19.38333333300012
19.416666666333455
19.44999999966679
19.483333333000125
19.51666666633346
19.549999999666795
19.58333333300013
19.616666666333465
19.6499999996668
19.683333333000135
19.71666666633347
19.749999999666805
19.78333333300014
19.816666666333475
19.84999999966681
19.883333333000145
19.91666666633348
19.949999999666815
19.98333333300015
20.016666666333485
20.04999999966682
20.083333333000155
20.11666666633349
20.149999999666825
20.18333333300016
20.216666666333495
20.24999999966683
20.283333333000165
20.3166666663335
20.349999999666835
20.38333333300017
20.416666666333505
20.44999999966684
20.483333333000175
20.51666666633351
20.549999999666845
20.58333333300018
20.616666666333515
20.64999999966685
20.683333333000185
20.71666666633352
20.749999999666855
20.78333333300019
20.816666666333525
20.84999999966686
20.883333333000195
20.91666666633353
20.949999999666865
20.9833333330002
21.016666666333535
21.04999999966687
21.083333333000205
21.11666666633354
21.149999999666875
21.18333333300021
21.216666666333545
21.24999999966688
21.283333333000215
21.31666666633355
21.349999999666885
21.38333333300022
21.416666666333555
21.44999999966689
21.483333333000225
21.51666666633356
21.549999999666895
21.58333333300023
21.616666666333565
21.6499999996669
21.683333333000235
21.71666666633357
21.749999999666905
21.78333333300024
21.816666666333575
21.84999999966691
21.883333333000245
21.91666666633358
21.949999999666915
21.98333333300025
22.016666666333585
22.04999999966692
22.083333333000255
22.11666666633359
22.149999999666925
22.18333333300026
22.216666666333595
22.24999999966693
22.283333333000265
22.3166666663336
22.349999999666935
22.38333333300027
22.416666666333604
22.44999999966694
22.483333333000274
22.51666666633361
22.549999999666944
22.58333333300028
22.616666666333614
22.64999999966695
22.683333333000284
22.71666666633362
22.749999999666954
22.78333333300029
22.816666666333624
22.84999999966696
22.883333333000294
22.91666666633363
22.949999999666964
22.9833333330003
23.016666666333634
23.04999999966697
23.083333333000304
23.11666666633364
23.149999999666974
23.18333333300031
23.216666666333644
23.24999999966698
23.283333333000314
23.31666666633365
23.349999999666984
23.38333333300032
23.416666666333654
23.44999999966699
23.483333333000324
23.51666666633366
23.549999999666994
23.58333333300033
23.616666666333664
23.649999999667
23.683333333000334
23.71666666633367
23.749999999667004
23.78333333300034
23.816666666333674
23.84999999966701
23.883333333000344
23.91666666633368
23.949999999667014
23.98333333300035
24.016666666333684
24.04999999966702
24.083333333000354
24.11666666633369
24.149999999667024
24.18333333300036
24.216666666333694
24.24999999966703
24.283333333000364
24.3166666663337
24.349999999667034
24.38333333300037
24.416666666333704
24.44999999966704
24.483333333000374
24.51666666633371
24.549999999667044
24.58333333300038
24.616666666333714
24.64999999966705
24.683333333000384
24.71666666633372
24.749999999667054
24.78333333300039
24.816666666333724
24.84999999966706
24.883333333000394
24.91666666633373
24.949999999667064
24.9833333330004
25.016666666333734
25.04999999966707
25.083333333000404
25.11666666633374
25.149999999667074
25.18333333300041
25.216666666333744
25.24999999966708
25.283333333000414
25.31666666633375
25.349999999667084
25.38333333300042
25.416666666333754
25.44999999966709
25.483333333000424
25.51666666633376
25.549999999667094
25.58333333300043
25.616666666333764
25.6499999996671
25.683333333000434
25.71666666633377
25.749999999667104
25.78333333300044
25.816666666333774
25.84999999966711
25.883333333000444
25.91666666633378
25.949999999667114
25.98333333300045
26.016666666333784
26.04999999966712
26.083333333000454
26.11666666633379
26.149999999667124
26.18333333300046
26.216666666333794
26.24999999966713
26.283333333000463
26.3166666663338
26.349999999667133
26.38333333300047
26.416666666333803
26.44999999966714
26.483333333000473
26.51666666633381
26.549999999667143
26.58333333300048
26.616666666333813
26.64999999966715
26.683333333000483
26.71666666633382
26.749999999667153
26.78333333300049
26.816666666333823
26.84999999966716
26.883333333000493
26.91666666633383
26.949999999667163
26.9833333330005
27.016666666333833
27.04999999966717
27.083333333000503
27.11666666633384
27.149999999667173
27.18333333300051
27.216666666333843
27.24999999966718
27.283333333000513
27.316666666333848
27.349999999667183
27.383333333000518
27.416666666333853
27.449999999667188
27.483333333000523
27.516666666333858
27.549999999667193
27.583333333000528
27.616666666333863
27.649999999667198
27.683333333000533
27.716666666333868
27.749999999667203
27.783333333000538
27.816666666333873
27.849999999667208
27.883333333000543
27.916666666333878
27.949999999667213
27.983333333000548
28.016666666333883
28.049999999667218
28.083333333000553
28.116666666333888
28.149999999667223
28.183333333000558
28.216666666333893
28.249999999667228
28.283333333000563
28.316666666333898
28.349999999667233
28.383333333000568
28.416666666333903
28.449999999667238
28.483333333000573
28.516666666333908
28.549999999667243
28.583333333000578
28.616666666333913
28.649999999667248
28.683333333000583
28.716666666333918
28.749999999667253
28.783333333000588
28.816666666333923
28.849999999667258
28.883333333000593
28.916666666333928
28.949999999667263
28.983333333000598
29.016666666333933
29.049999999667268
29.083333333000603
29.116666666333938
29.149999999667273
29.183333333000608
29.216666666333943
29.249999999667278
29.283333333000613
29.316666666333948
29.349999999667283
29.383333333000618
29.416666666333953
29.449999999667288
29.483333333000623
29.516666666333958
29.549999999667293
29.583333333000628
29.616666666333963
29.649999999667298
29.683333333000633
29.716666666333968
29.749999999667303
29.783333333000638
29.816666666333973
29.849999999667308
29.883333333000643
29.916666666333978
29.949999999667313
29.983333333000648
30.016666666333983
30.049999999667317
30.083333333000652
30.116666666333987
30.149999999667322
30.183333333000657
30.216666666333992
30.249999999667327
30.283333333000662
30.316666666333997
30.349999999667332
30.383333333000667
30.416666666334002
30.449999999667337
30.483333333000672
30.516666666334007
30.549999999667342
30.583333333000677
30.616666666334012
30.649999999667347
30.683333333000682
30.716666666334017
30.749999999667352
30.783333333000687
30.816666666334022
30.849999999667357
30.883333333000692
30.916666666334027
30.949999999667362
30.983333333000697
31.016666666334032
31.049999999667367
31.083333333000702
31.116666666334037
31.149999999667372
31.183333333000707
31.216666666334042
31.249999999667377
31.283333333000712
31.316666666334047
31.349999999667382
31.383333333000717
31.416666666334052
31.449999999667387
31.483333333000722
31.516666666334057
31.549999999667392
31.583333333000727
31.616666666334062
31.649999999667397
31.683333333000732
31.716666666334067
31.749999999667402
31.783333333000737
31.816666666334072
31.849999999667407
31.883333333000742
31.916666666334077
31.949999999667412
31.983333333000747
32.01666666633408
32.04999999966741
32.083333333000745
32.116666666334076
32.14999999966741
32.18333333300074
32.21666666633407
32.2499999996674
32.28333333300073
32.316666666334065
32.349999999667396
32.38333333300073
32.41666666633406
32.44999999966739
32.48333333300072
32.516666666334054
32.549999999667385
32.583333333000716
32.61666666633405
32.64999999966738
32.68333333300071
32.71666666633404
32.749999999667374
32.783333333000705
32.81666666633404
32.84999999966737
32.8833333330007
32.91666666633403
32.94999999966736
32.983333333000694
33.016666666334025
33.04999999966736
33.08333333300069
33.11666666633402
33.14999999966735
33.18333333300068
33.216666666334014
33.249999999667345
33.28333333300068
33.31666666633401
33.34999999966734
33.38333333300067
33.416666666334
33.449999999667334
33.483333333000665
33.516666666334
33.54999999966733
33.58333333300066
33.61666666633399
33.64999999966732
33.683333333000654
33.716666666333985
33.74999999966732
33.78333333300065
33.81666666633398
33.84999999966731
33.88333333300064
33.916666666333974
33.949999999667305
33.98333333300064
34.01666666633397
34.0499999996673
34.08333333300063
34.11666666633396
34.149999999667294
34.183333333000625
34.21666666633396
34.24999999966729
34.28333333300062
34.31666666633395
34.34999999966728
34.383333333000614
34.416666666333946
34.44999999966728
34.48333333300061
34.51666666633394
34.54999999966727
34.5833333330006
34.616666666333934
34.649999999667266
34.6833333330006
34.71666666633393
34.74999999966726
34.78333333300059
34.81666666633392
34.849999999667254
34.883333333000586
34.91666666633392
34.94999999966725
34.98333333300058
35.01666666633391
35.04999999966724
35.083333333000574
35.116666666333906
35.14999999966724
35.18333333300057
35.2166666663339
35.24999999966723
35.28333333300056
35.316666666333894
35.349999999667226
35.38333333300056
35.41666666633389
35.44999999966722
35.48333333300055
35.51666666633388
35.549999999667214
35.583333333000546
35.61666666633388
35.64999999966721
35.68333333300054
35.71666666633387
35.7499999996672
35.783333333000535
35.816666666333866
35.8499999996672
35.88333333300053
35.91666666633386
35.94999999966719
35.98333333300052
36.016666666333855
36.049999999667186
36.08333333300052
36.11666666633385
36.14999999966718
36.18333333300051
36.21666666633384
36.249999999667175
36.283333333000506
36.31666666633384
36.34999999966717
36.3833333330005
36.41666666633383
36.44999999966716
36.483333333000495
36.516666666333826
36.54999999966716
36.58333333300049
36.61666666633382
36.64999999966715
36.68333333300048
36.716666666333815
36.749999999667146
36.78333333300048
36.81666666633381
36.84999999966714
36.88333333300047
36.9166666663338
36.949999999667135
36.983333333000466
37.0166666663338
37.04999999966713
37.08333333300046
37.11666666633379
37.14999999966712
37.183333333000455
37.216666666333786
37.24999999966712
37.28333333300045
37.31666666633378
37.34999999966711
37.383333333000444
37.416666666333775
37.44999999966711
37.48333333300044
37.51666666633377
37.5499999996671
37.58333333300043
37.616666666333764
37.649999999667095
37.68333333300043
37.71666666633376
37.74999999966709
37.78333333300042
37.81666666633375
37.849999999667084
37.883333333000415
37.91666666633375
37.94999999966708
37.98333333300041
38.01666666633374
38.04999999966707
38.083333333000404
38.116666666333735
38.14999999966707
38.1833333330004
38.21666666633373
38.24999999966706
38.28333333300039
38.316666666333724
38.349999999667055
38.38333333300039
38.41666666633372
38.44999999966705
38.48333333300038
38.51666666633371
38.549999999667044
38.583333333000375
38.61666666633371
38.64999999966704
38.68333333300037
38.7166666663337
38.74999999966703
38.783333333000364
38.816666666333695
38.84999999966703
38.88333333300036
38.91666666633369
38.94999999966702
38.98333333300035
39.016666666333684
39.049999999667016
39.08333333300035
39.11666666633368
39.14999999966701
39.18333333300034
39.21666666633367
39.249999999667004
39.283333333000336
39.31666666633367
39.349999999667
39.38333333300033
39.41666666633366
39.44999999966699
39.483333333000324
39.516666666333656
39.54999999966699
39.58333333300032
39.61666666633365
39.64999999966698
39.68333333300031
39.716666666333644
39.749999999666976
39.78333333300031
39.81666666633364
39.84999999966697
39.8833333330003
39.91666666633363
39.949999999666964
39.983333333000296
40.01666666633363
40.04999999966696
40.08333333300029
40.11666666633362
40.14999999966695
40.183333333000284
40.216666666333616
40.24999999966695
40.28333333300028
40.31666666633361
40.34999999966694
40.38333333300027
40.416666666333604
40.449999999666936
40.48333333300027
40.5166666663336
40.54999999966693
40.58333333300026
40.61666666633359
40.649999999666925
40.683333333000256
40.71666666633359
40.74999999966692
40.78333333300025
40.81666666633358
40.84999999966691
40.883333333000245
40.916666666333576
40.94999999966691
40.98333333300024
41.01666666633357
41.0499999996669
41.08333333300023
41.116666666333565
41.149999999666896
41.18333333300023
41.21666666633356
41.24999999966689
41.28333333300022
41.31666666633355
41.349999999666885
41.383333333000216
41.41666666633355
41.44999999966688
41.48333333300021
41.51666666633354
41.54999999966687
41.583333333000205
41.616666666333536
41.64999999966687
41.6833333330002
41.71666666633353
41.74999999966686
41.78333333300019
41.816666666333525
41.849999999666856
41.88333333300019
41.91666666633352
41.94999999966685
41.98333333300018
42.01666666633351
42.049999999666845
42.083333333000176
42.11666666633351
42.14999999966684
42.18333333300017
42.2166666663335
42.249999999666834
42.283333333000165
42.3166666663335
42.34999999966683
42.38333333300016
42.41666666633349
42.44999999966682
42.483333333000154
42.516666666333485
42.54999999966682
42.58333333300015
42.61666666633348
42.64999999966681
42.68333333300014
42.716666666333474
42.749999999666805
42.78333333300014
42.81666666633347
42.8499999996668
42.88333333300013
42.91666666633346
42.949999999666794
42.983333333000125
43.01666666633346
43.04999999966679
43.08333333300012
43.11666666633345
43.14999999966678
43.183333333000114
43.216666666333445
43.24999999966678
43.28333333300011
43.31666666633344
43.34999999966677
43.3833333330001
43.416666666333434
43.449999999666765
43.4833333330001
43.51666666633343
43.54999999966676
43.58333333300009
43.61666666633342
43.649999999666754
43.683333333000085
43.71666666633342
43.74999999966675
43.78333333300008
43.81666666633341
43.84999999966674
43.883333333000074
43.916666666333406
43.94999999966674
43.98333333300007
44.0166666663334
44.04999999966673
44.08333333300006
44.116666666333394
44.149999999666726
44.18333333300006
44.21666666633339
44.24999999966672
44.28333333300005
44.31666666633338
44.349999999666714
44.383333333000046
44.41666666633338
44.44999999966671
44.48333333300004
44.51666666633337
44.5499999996667
44.583333333000034
44.616666666333366
44.6499999996667
44.68333333300003
44.71666666633336
44.74999999966669
44.78333333300002
44.816666666333354
44.849999999666686
44.88333333300002
44.91666666633335
44.94999999966668
44.98333333300001
45.01666666633334
45.049999999666674
45.083333333000006
45.11666666633334
45.14999999966667
45.183333333
45.21666666633333
45.24999999966666
45.283333332999995
45.316666666333326
45.34999999966666
45.38333333299999
45.41666666633332
45.44999999966665
45.48333333299998
45.516666666333315
45.549999999666646
45.58333333299998
45.61666666633331
45.64999999966664
45.68333333299997
45.7166666663333
45.749999999666635
45.783333332999966
45.8166666663333
45.84999999966663
45.88333333299996
45.91666666633329
45.94999999966662
45.983333332999955
46.016666666333286
46.04999999966662
46.08333333299995
46.11666666633328
46.14999999966661
46.18333333299994
46.216666666333275
46.249999999666606
46.28333333299994
46.31666666633327
46.3499999996666
46.38333333299993
46.41666666633326
46.449999999666595
46.483333332999926
46.51666666633326
46.54999999966659
46.58333333299992
46.61666666633325
46.64999999966658
46.683333332999915
46.716666666333246
46.74999999966658
46.78333333299991
46.81666666633324
46.84999999966657
46.883333332999904
46.916666666333235
46.94999999966657
46.9833333329999
47.01666666633323
47.04999999966656
47.08333333299989
47.116666666333224
47.149999999666555
47.18333333299989
47.21666666633322
47.24999999966655
47.28333333299988
47.31666666633321
47.349999999666544
47.383333332999875
47.41666666633321
47.44999999966654
47.48333333299987
47.5166666663332
47.54999999966653
47.583333332999864
47.616666666333195
47.64999999966653
47.68333333299986
47.71666666633319
47.74999999966652
47.78333333299985
47.816666666333184
47.849999999666515
47.88333333299985
47.91666666633318
47.94999999966651
47.98333333299984
48.01666666633317
48.049999999666504
48.083333332999835
48.11666666633317
48.1499999996665
48.18333333299983
48.21666666633316
48.24999999966649
48.283333332999824
48.316666666333155
48.34999999966649
48.38333333299982
48.41666666633315
48.44999999966648
48.48333333299981
48.516666666333144
48.549999999666476
48.58333333299981
48.61666666633314
48.64999999966647
48.6833333329998
48.71666666633313
48.749999999666464
48.783333332999796
48.81666666633313
48.84999999966646
48.88333333299979
48.91666666633312
48.94999999966645
48.983333332999784
49.016666666333116
49.04999999966645
49.08333333299978
49.11666666633311
49.14999999966644
49.18333333299977
49.216666666333104
49.249999999666436
49.28333333299977
49.3166666663331
49.34999999966643
49.38333333299976
49.41666666633309
49.449999999666424
49.483333332999756
49.51666666633309
49.54999999966642
49.58333333299975
49.61666666633308
49.64999999966641
49.683333332999744
49.716666666333076
49.74999999966641
49.78333333299974
49.81666666633307
49.8499999996664
49.88333333299973
49.916666666333064
49.949999999666396
49.98333333299973
50.01666666633306
50.04999999966639
50.08333333299972
50.11666666633305
50.149999999666385
50.183333332999716
50.21666666633305
50.24999999966638
50.28333333299971
50.31666666633304
50.34999999966637
50.383333332999705
50.416666666333036
50.44999999966637
50.4833333329997
50.51666666633303
50.54999999966636
50.58333333299969
50.616666666333025
50.649999999666356
50.68333333299969
50.71666666633302
50.74999999966635
50.78333333299968
50.81666666633301
50.849999999666345
50.883333332999676
50.91666666633301
50.94999999966634
50.98333333299967
51.016666666333
51.04999999966633
51.083333332999665
51.116666666332996
51.14999999966633
51.18333333299966
51.21666666633299
51.24999999966632
51.28333333299965
51.316666666332985
51.349999999666316
51.38333333299965
51.41666666633298
51.44999999966631
51.48333333299964
51.51666666633297
51.549999999666305
51.583333332999636
51.61666666633297
51.6499999996663
51.68333333299963
51.71666666633296
51.749999999666294
51.783333332999625
51.81666666633296
51.84999999966629
51.88333333299962
51.91666666633295
51.94999999966628
51.983333332999614
52.016666666332945
52.04999999966628
52.08333333299961
52.11666666633294
52.14999999966627
52.1833333329996
52.216666666332934
52.249999999666265
52.2833333329996
52.31666666633293
52.34999999966626
52.38333333299959
52.41666666633292
52.449999999666254
52.483333332999585
52.51666666633292
52.54999999966625
52.58333333299958
52.61666666633291
52.64999999966624
52.683333332999574
52.716666666332905
52.74999999966624
52.78333333299957
52.8166666663329
52.84999999966623
52.88333333299956
52.916666666332894
52.949999999666225
52.98333333299956
53.01666666633289
53.04999999966622
53.08333333299955
53.11666666633288
53.149999999666214
53.183333332999545
53.21666666633288
53.24999999966621
53.28333333299954
53.31666666633287
53.3499999996662
53.383333332999534
53.416666666332866
53.4499999996662
53.48333333299953
53.51666666633286
53.54999999966619
53.58333333299952
53.616666666332854
53.649999999666186
53.68333333299952
53.71666666633285
53.74999999966618
53.78333333299951
53.81666666633284
53.849999999666174
53.883333332999506
53.91666666633284
53.94999999966617
53.9833333329995
54.01666666633283
54.04999999966616
54.083333332999494
54.116666666332826
54.14999999966616
54.18333333299949
54.21666666633282
54.24999999966615
54.28333333299948
54.316666666332814
54.349999999666146
54.38333333299948
54.41666666633281
54.44999999966614
54.48333333299947
54.5166666663328
54.549999999666134
54.583333332999466
54.6166666663328
54.64999999966613
54.68333333299946
54.71666666633279
54.74999999966612
54.783333332999455
54.816666666332786
54.84999999966612
54.88333333299945
54.91666666633278
54.94999999966611
54.98333333299944
55.016666666332775
55.049999999666106
55.08333333299944
55.11666666633277
55.1499999996661
55.18333333299943
55.21666666633276
55.249999999666095
55.283333332999426
55.31666666633276
55.34999999966609
55.38333333299942
55.41666666633275
55.44999999966608
55.483333332999415
55.516666666332746
55.54999999966608
55.58333333299941
55.61666666633274
55.64999999966607
55.6833333329994
55.716666666332735
55.749999999666066
55.7833333329994
55.81666666633273
55.84999999966606
55.88333333299939
55.91666666633272
55.949999999666055
55.983333332999386
56.01666666633272
56.04999999966605
56.08333333299938
56.11666666633271
56.14999999966604
56.183333332999375
56.216666666332706
56.24999999966604
56.28333333299937
56.3166666663327
56.34999999966603
56.383333332999364
56.416666666332695
56.449999999666026
56.48333333299936
56.51666666633269
56.54999999966602
56.58333333299935
56.616666666332684
56.649999999666015
56.68333333299935
56.71666666633268
56.74999999966601
56.78333333299934
56.81666666633267
56.849999999666004
56.883333332999335
56.91666666633267
56.949999999666
56.98333333299933
57.01666666633266
57.04999999966599
57.083333332999324
57.116666666332655
57.14999999966599
57.18333333299932
57.21666666633265
57.24999999966598
57.28333333299931
57.316666666332644
57.349999999665975
57.38333333299931
57.41666666633264
57.44999999966597
57.4833333329993
57.51666666633263
57.549999999665964
57.583333332999295
57.61666666633263
57.64999999966596
57.68333333299929
57.71666666633262
57.74999999966595
57.783333332999284
57.816666666332615
57.84999999966595
57.88333333299928
57.91666666633261
57.94999999966594
57.98333333299927
58.016666666332604
58.049999999665935
58.08333333299927
58.1166666663326
58.14999999966593
58.18333333299926
58.21666666633259
58.249999999665924
58.283333332999256
58.31666666633259
58.34999999966592
58.38333333299925
58.41666666633258
58.44999999966591
58.483333332999244
58.516666666332576
58.54999999966591
58.58333333299924
58.61666666633257
58.6499999996659
58.68333333299923
58.716666666332564
58.749999999665896
58.78333333299923
58.81666666633256
58.84999999966589
58.88333333299922
58.91666666633255
58.949999999665884
58.983333332999216
59.01666666633255
59.04999999966588
59.08333333299921
59.11666666633254
59.14999999966587
59.183333332999204
59.216666666332536
59.24999999966587
59.2833333329992
59.31666666633253
59.34999999966586
59.38333333299919
59.416666666332524
59.449999999665856
59.48333333299919
59.51666666633252
59.54999999966585
59.58333333299918
59.61666666633251
59.649999999665845
59.683333332999176
59.71666666633251
59.74999999966584
59.78333333299917
59.8166666663325
59.84999999966583
59.883333332999165
59.916666666332496
59.94999999966583
59.98333333299916
60.01666666633249
60.04999999966582
60.08333333299915
60.116666666332485
60.149999999665816
60.18333333299915
60.21666666633248
60.24999999966581
60.28333333299914
60.31666666633247
60.349999999665805
60.383333332999136
60.41666666633247
60.4499999996658
60.48333333299913
60.51666666633246
60.54999999966579
60.583333332999125
60.616666666332456
60.64999999966579
60.68333333299912
60.71666666633245
60.74999999966578
60.78333333299911
60.816666666332445
60.849999999665776
60.88333333299911
60.91666666633244
60.94999999966577
60.9833333329991
61.01666666633243
61.049999999665765
61.083333332999096
61.11666666633243
61.14999999966576
61.18333333299909
61.21666666633242
61.249999999665754
61.283333332999085
61.31666666633242
61.34999999966575
61.38333333299908
61.41666666633241
61.44999999966574
61.483333332999074
61.516666666332405
61.54999999966574
61.58333333299907
61.6166666663324
61.64999999966573
61.68333333299906
61.716666666332394
61.749999999665725
61.78333333299906
61.81666666633239
61.84999999966572
61.88333333299905
61.91666666633238
61.949999999665714
61.983333332999045
62.01666666633238
62.04999999966571
62.08333333299904
62.11666666633237
62.1499999996657
62.183333332999034
62.216666666332365
62.2499999996657
62.28333333299903
62.31666666633236
62.34999999966569
62.38333333299902
62.416666666332354
62.449999999665685
62.48333333299902
62.51666666633235
62.54999999966568
62.58333333299901
62.61666666633234
62.649999999665674
62.683333332999005
62.71666666633234
62.74999999966567
62.783333332999
62.81666666633233
62.84999999966566
62.883333332998994
62.916666666332326
62.94999999966566
62.98333333299899
63.01666666633232
63.04999999966565
63.08333333299898
63.116666666332314
63.149999999665646
63.18333333299898
63.21666666633231
63.24999999966564
63.28333333299897
63.3166666663323
63.349999999665634
63.383333332998966
63.4166666663323
63.44999999966563
63.48333333299896
63.51666666633229
63.54999999966562
63.583333332998954
63.616666666332286
63.64999999966562
63.68333333299895
63.71666666633228
63.74999999966561
63.78333333299894
63.816666666332274
63.849999999665606
63.88333333299894
63.91666666633227
63.9499999996656
63.98333333299893
64.01666666633227
64.0499999996656
64.08333333299893
64.11666666633226
64.1499999996656
64.18333333299893
64.21666666633226
64.24999999966559
64.28333333299892
64.31666666633225
64.34999999966558
64.38333333299892
64.41666666633225
64.44999999966558
64.48333333299891
64.51666666633224
64.54999999966557
64.5833333329989
64.61666666633224
64.64999999966557
64.6833333329989
64.71666666633223
64.74999999966556
64.7833333329989
64.81666666633222
64.84999999966556
64.88333333299889
64.91666666633222
64.94999999966555
64.98333333299888
65.01666666633221
65.04999999966554
65.08333333299888
65.11666666633221
65.14999999966554
65.18333333299887
65.2166666663322
65.24999999966553
65.28333333299886
65.3166666663322
65.34999999966553
65.38333333299886
65.41666666633219
65.44999999966552
65.48333333299885
65.51666666633218
65.54999999966552
65.58333333299885
65.61666666633218
65.64999999966551
65.68333333299884
65.71666666633217
65.7499999996655
65.78333333299884
65.81666666633217
65.8499999996655
65.88333333299883
65.91666666633216
65.9499999996655
65.98333333299882
66.01666666633216
66.04999999966549
66.08333333299882
66.11666666633215
66.14999999966548
66.18333333299881
66.21666666633215
66.24999999966548
66.28333333299881
66.31666666633214
66.34999999966547
66.3833333329988
66.41666666633213
66.44999999966547
66.4833333329988
66.51666666633213
66.54999999966546
66.58333333299879
66.61666666633212
66.64999999966545
66.68333333299879
66.71666666633212
66.74999999966545
66.78333333299878
66.81666666633211
66.84999999966544
66.88333333299877
66.9166666663321
66.94999999966544
66.98333333299877
67.0166666663321
67.04999999966543
67.08333333299876
67.1166666663321
67.14999999966543
67.18333333299876
67.21666666633209
67.24999999966542
67.28333333299875
67.31666666633208
67.34999999966541
67.38333333299875
67.41666666633208
67.44999999966541
67.48333333299874
67.51666666633207
67.5499999996654
67.58333333299873
67.61666666633207
67.6499999996654
67.68333333299873
67.71666666633206
67.74999999966539
67.78333333299872
67.81666666633205
67.84999999966539
67.88333333299872
67.91666666633205
67.94999999966538
67.98333333299871
68.01666666633204
68.04999999966537
68.0833333329987
68.11666666633204
68.14999999966537
68.1833333329987
68.21666666633203
68.24999999966536
68.2833333329987
68.31666666633203
68.34999999966536
68.38333333299869
68.41666666633202
68.44999999966535
68.48333333299868
68.51666666633201
68.54999999966535
68.58333333299868
68.61666666633201
68.64999999966534
68.68333333299867
68.716666666332
68.74999999966533
68.78333333299867
68.816666666332
68.84999999966533
68.88333333299866
68.91666666633199
68.94999999966532
68.98333333299865
69.01666666633199
69.04999999966532
69.08333333299865
69.11666666633198
69.14999999966531
69.18333333299864
69.21666666633197
69.2499999996653
69.28333333299864
69.31666666633197
69.3499999996653
69.38333333299863
69.41666666633196
69.4499999996653
69.48333333299863
69.51666666633196
69.54999999966529
69.58333333299862
69.61666666633195
69.64999999966528
69.68333333299861
69.71666666633195
69.74999999966528
69.78333333299861
69.81666666633194
69.84999999966527
69.8833333329986
69.91666666633193
69.94999999966527
69.9833333329986
70.01666666633193
70.04999999966526
70.08333333299859
70.11666666633192
70.14999999966525
70.18333333299859
70.21666666633192
70.24999999966525
70.28333333299858
70.31666666633191
70.34999999966524
70.38333333299857
70.4166666663319
70.44999999966524
70.48333333299857
70.5166666663319
70.54999999966523
70.58333333299856
70.6166666663319
70.64999999966523
70.68333333299856
70.71666666633189
70.74999999966522
70.78333333299855
70.81666666633188
70.84999999966522
70.88333333299855
70.91666666633188
70.94999999966521
70.98333333299854
71.01666666633187
71.0499999996652
71.08333333299854
71.11666666633187
71.1499999996652
71.18333333299853
71.21666666633186
71.24999999966519
71.28333333299852
71.31666666633186
71.34999999966519
71.38333333299852
71.41666666633185
71.44999999966518
71.48333333299851
71.51666666633184
71.54999999966518
71.5833333329985
71.61666666633184
71.64999999966517
71.6833333329985
71.71666666633183
71.74999999966516
71.7833333329985
71.81666666633183
71.84999999966516
71.88333333299849
71.91666666633182
71.94999999966515
71.98333333299848
72.01666666633182
72.04999999966515
72.08333333299848
72.11666666633181
72.14999999966514
72.18333333299847
72.2166666663318
72.24999999966514
72.28333333299847
72.3166666663318
72.34999999966513
72.38333333299846
72.41666666633179
72.44999999966512
72.48333333299846
72.51666666633179
72.54999999966512
72.58333333299845
72.61666666633178
72.64999999966511
72.68333333299844
72.71666666633178
72.7499999996651
72.78333333299844
72.81666666633177
72.8499999996651
72.88333333299843
72.91666666633176
72.9499999996651
72.98333333299843
73.01666666633176
73.04999999966509
73.08333333299842
73.11666666633175
73.14999999966508
73.18333333299842
73.21666666633175
73.24999999966508
73.28333333299841
73.31666666633174
73.34999999966507
73.3833333329984
73.41666666633174
73.44999999966507
73.4833333329984
73.51666666633173
73.54999999966506
73.5833333329984
73.61666666633172
73.64999999966506
73.68333333299839
73.71666666633172
73.74999999966505
73.78333333299838
73.81666666633171
73.84999999966504
73.88333333299838
73.91666666633171
73.94999999966504
73.98333333299837
74.0166666663317
74.04999999966503
74.08333333299836
74.1166666663317
74.14999999966503
74.18333333299836
74.21666666633169
74.24999999966502
74.28333333299835
74.31666666633168
74.34999999966502
74.38333333299835
74.41666666633168
74.44999999966501
74.48333333299834
74.51666666633167
74.549999999665
74.58333333299834
74.61666666633167
74.649999999665
74.68333333299833
74.71666666633166
74.749999999665
74.78333333299832
74.81666666633166
74.84999999966499
74.88333333299832
74.91666666633165
74.94999999966498
74.98333333299831
75.01666666633164
75.04999999966498
75.08333333299831
75.11666666633164
75.14999999966497
75.1833333329983
75.21666666633163
75.24999999966496
75.2833333329983
75.31666666633163
75.34999999966496
75.38333333299829
75.41666666633162
75.44999999966495
75.48333333299828
75.51666666633162
75.54999999966495
75.58333333299828
75.61666666633161
75.64999999966494
75.68333333299827
75.7166666663316
75.74999999966494
75.78333333299827
75.8166666663316
75.84999999966493
75.88333333299826
75.9166666663316
75.94999999966493
75.98333333299826
76.01666666633159
76.04999999966492
76.08333333299825
76.11666666633158
76.14999999966491
76.18333333299825
76.21666666633158
76.24999999966491
76.28333333299824
76.31666666633157
76.3499999996649
76.38333333299823
76.41666666633157
76.4499999996649
76.48333333299823
76.51666666633156
76.54999999966489
76.58333333299822
76.61666666633155
76.64999999966489
76.68333333299822
76.71666666633155
76.74999999966488
76.78333333299821
76.81666666633154
76.84999999966487
76.8833333329982
76.91666666633154
76.94999999966487
76.9833333329982
77.01666666633153
77.04999999966486
77.0833333329982
77.11666666633153
77.14999999966486
77.18333333299819
77.21666666633152
77.24999999966485
77.28333333299818
77.31666666633151
77.34999999966485
77.38333333299818
77.41666666633151
77.44999999966484
77.48333333299817
77.5166666663315
77.54999999966483
77.58333333299817
77.6166666663315
77.64999999966483
77.68333333299816
77.71666666633149
77.74999999966482
77.78333333299815
77.81666666633149
77.84999999966482
77.88333333299815
77.91666666633148
77.94999999966481
77.98333333299814
78.01666666633147
78.0499999996648
78.08333333299814
78.11666666633147
78.1499999996648
78.18333333299813
78.21666666633146
78.2499999996648
78.28333333299813
78.31666666633146
78.34999999966479
78.38333333299812
78.41666666633145
78.44999999966478
78.48333333299811
78.51666666633145
78.54999999966478
78.58333333299811
78.61666666633144
78.64999999966477
78.6833333329981
78.71666666633143
78.74999999966477
78.7833333329981
78.81666666633143
78.84999999966476
78.88333333299809
78.91666666633142
78.94999999966475
78.98333333299809
79.01666666633142
79.04999999966475
79.08333333299808
79.11666666633141
79.14999999966474
79.18333333299807
79.2166666663314
79.24999999966474
79.28333333299807
79.3166666663314
79.34999999966473
79.38333333299806
79.4166666663314
79.44999999966473
79.48333333299806
79.51666666633139
79.54999999966472
79.58333333299805
79.61666666633138
79.64999999966471
79.68333333299805
79.71666666633138
79.74999999966471
79.78333333299804
79.81666666633137
79.8499999996647
79.88333333299803
79.91666666633137
79.9499999996647
79.98333333299803
80.01666666633136
80.04999999966469
80.08333333299802
80.11666666633135
80.14999999966469
80.18333333299802
80.21666666633135
80.24999999966468
80.28333333299801
80.31666666633134
80.34999999966467
80.383333332998
80.41666666633134
80.44999999966467
80.483333332998
80.51666666633133
80.54999999966466
80.583333332998
80.61666666633133
80.64999999966466
80.68333333299799
80.71666666633132
80.74999999966465
80.78333333299798
80.81666666633132
80.84999999966465
80.88333333299798
80.91666666633131
80.94999999966464
80.98333333299797
81.0166666663313
81.04999999966464
81.08333333299797
81.1166666663313
81.14999999966463
81.18333333299796
81.21666666633129
81.24999999966462
81.28333333299796
81.31666666633129
81.34999999966462
81.38333333299795
81.41666666633128
81.44999999966461
81.48333333299794
81.51666666633128
81.5499999996646
81.58333333299794
81.61666666633127
81.6499999996646
81.68333333299793
81.71666666633126
81.7499999996646
81.78333333299793
81.81666666633126
81.84999999966459
81.88333333299792
81.91666666633125
81.94999999966458
81.98333333299792
82.01666666633125
82.04999999966458
82.08333333299791
82.11666666633124
82.14999999966457
82.1833333329979
82.21666666633124
82.24999999966457
82.2833333329979
82.31666666633123
82.34999999966456
82.38333333299789
82.41666666633122
82.44999999966456
82.48333333299789
82.51666666633122
82.54999999966455
82.58333333299788
82.61666666633121
82.64999999966454
82.68333333299788
82.71666666633121
82.74999999966454
82.78333333299787
82.8166666663312
82.84999999966453
82.88333333299786
82.9166666663312
82.94999999966453
82.98333333299786
83.01666666633119
83.04999999966452
83.08333333299785
83.11666666633118
83.14999999966452
83.18333333299785
83.21666666633118
83.24999999966451
83.28333333299784
83.31666666633117
83.3499999996645
83.38333333299784
83.41666666633117
83.4499999996645
83.48333333299783
83.51666666633116
83.5499999996645
83.58333333299782
83.61666666633116
83.64999999966449
83.68333333299782
83.71666666633115
83.74999999966448
83.78333333299781
83.81666666633114
83.84999999966448
83.88333333299781
83.91666666633114
83.94999999966447
83.9833333329978
84.01666666633113
84.04999999966446
84.0833333329978
84.11666666633113
84.14999999966446
84.18333333299779
84.21666666633112
84.24999999966445
84.28333333299778
84.31666666633112
84.34999999966445
84.38333333299778
84.41666666633111
84.44999999966444
84.48333333299777
84.5166666663311
84.54999999966444
84.58333333299777
84.6166666663311
84.64999999966443
84.68333333299776
84.7166666663311
84.74999999966442
84.78333333299776
84.81666666633109
84.84999999966442
84.88333333299775
84.91666666633108
84.94999999966441
84.98333333299774
85.01666666633108
85.04999999966441
85.08333333299774
85.11666666633107
85.1499999996644
85.18333333299773
85.21666666633107
85.2499999996644
85.28333333299773
85.31666666633106
85.34999999966439
85.38333333299772
85.41666666633105
85.44999999966439
85.48333333299772
85.51666666633105
85.54999999966438
85.58333333299771
85.61666666633104
85.64999999966437
85.6833333329977
85.71666666633104
85.74999999966437
85.7833333329977
85.81666666633103
85.84999999966436
85.8833333329977
85.91666666633103
85.94999999966436
85.98333333299769
86.01666666633102
86.04999999966435
86.08333333299768
86.11666666633101
86.14999999966435
86.18333333299768
86.21666666633101
86.24999999966434
86.28333333299767
86.316666666331
86.34999999966433
86.38333333299767
86.416666666331
86.44999999966433
86.48333333299766
86.51666666633099
86.54999999966432
86.58333333299765
86.61666666633099
86.64999999966432
86.68333333299765
86.71666666633098
86.74999999966431
86.78333333299764
86.81666666633097
86.8499999996643
86.88333333299764
86.91666666633097
86.9499999996643
86.98333333299763
87.01666666633096
87.0499999996643
87.08333333299763
87.11666666633096
87.14999999966429
87.18333333299762
87.21666666633095
87.24999999966428
87.28333333299761
87.31666666633095
87.34999999966428
87.38333333299761
87.41666666633094
87.44999999966427
87.4833333329976
87.51666666633093
87.54999999966427
87.5833333329976
87.61666666633093
87.64999999966426
87.68333333299759
87.71666666633092
87.74999999966425
87.78333333299759
87.81666666633092
87.84999999966425
87.88333333299758
87.91666666633091
87.94999999966424
87.98333333299757
88.0166666663309
88.04999999966424
88.08333333299757
88.1166666663309
88.14999999966423
88.18333333299756
88.2166666663309
88.24999999966423
88.28333333299756
88.31666666633089
88.34999999966422
88.38333333299755
88.41666666633088
88.44999999966421
88.48333333299755
88.51666666633088
88.54999999966421
88.58333333299754
88.61666666633087
88.6499999996642
88.68333333299753
88.71666666633087
88.7499999996642
88.78333333299753
88.81666666633086
88.84999999966419
88.88333333299752
88.91666666633085
88.94999999966419
88.98333333299752
89.01666666633085
89.04999999966418
89.08333333299751
89.11666666633084
89.14999999966417
89.1833333329975
89.21666666633084
89.24999999966417
89.2833333329975
89.31666666633083
89.34999999966416
89.3833333329975
89.41666666633083
89.44999999966416
89.48333333299749
89.51666666633082
89.54999999966415
89.58333333299748
89.61666666633081
89.64999999966415
89.68333333299748
89.71666666633081
89.74999999966414
89.78333333299747
89.8166666663308
89.84999999966413
89.88333333299747
89.9166666663308
89.94999999966413
89.98333333299746
90.01666666633079
90.04999999966412
90.08333333299746
90.11666666633079
90.14999999966412
90.18333333299745
90.21666666633078
90.24999999966411
90.28333333299744
90.31666666633078
90.3499999996641
90.38333333299744
90.41666666633077
90.4499999996641
90.48333333299743
90.51666666633076
90.5499999996641
90.58333333299743
90.61666666633076
90.64999999966409
90.68333333299742
90.71666666633075
90.74999999966408
90.78333333299742
90.81666666633075
90.84999999966408
90.88333333299741
90.91666666633074
90.94999999966407
90.9833333329974
91.01666666633074
91.04999999966407
91.0833333329974
91.11666666633073
91.14999999966406
91.18333333299739
91.21666666633072
91.24999999966406
91.28333333299739
91.31666666633072
91.34999999966405
91.38333333299738
91.41666666633071
91.44999999966404
91.48333333299738
91.5166666663307
91.54999999966404
91.58333333299737
91.6166666663307
91.64999999966403
91.68333333299736
91.7166666663307
91.74999999966403
91.78333333299736
91.81666666633069
91.84999999966402
91.88333333299735
91.91666666633068
91.94999999966402
91.98333333299735
92.01666666633068
92.04999999966401
92.08333333299734
92.11666666633067
92.149999999664
92.18333333299734
92.21666666633067
92.249999999664
92.28333333299733
92.31666666633066
92.34999999966399
92.38333333299732
92.41666666633066
92.44999999966399
92.48333333299732
92.51666666633065
92.54999999966398
92.58333333299731
92.61666666633064
92.64999999966398
92.68333333299731
92.71666666633064
92.74999999966397
92.7833333329973
92.81666666633063
92.84999999966396
92.8833333329973
92.91666666633063
92.94999999966396
0.08333333300000001
0.11666666633333334
0.14999999966666666
0.183333333
0.2166666663333333
3.416666666333333
3.4499999996666664
3.4833333329999996
3.516666666333333
3.549999999666666
3.5833333329999992
3.6166666663333324
3.6499999996666657
3.683333332999999
3.716666666333332
3.7499999996666653
3.7833333329999985
3.8166666663333317
3.849999999666665
3.883333332999998
3.9166666663333314
3.9499999996666646
3.983333332999998
4.0166666663333315
4.049999999666665
4.083333332999998
4.116666666333331
4.149999999666664
4.1833333329999975
4.216666666333331
4.249999999666664
4.283333332999997
4.31666666633333
4.349999999666664
4.383333332999997
4.41666666633333
4.449999999666663
4.4833333329999965
4.51666666633333
4.549999999666663
4.583333332999996
4.616666666333329
4.6499999996666626
4.683333332999996
4.716666666333329
4.749999999666662
4.783333332999995
4.816666666333329
4.849999999666662
4.883333332999995
4.916666666333328
4.9499999996666615
4.983333332999995
5.016666666333328
5.049999999666661
5.083333332999994
5.116666666333328
5.149999999666661
5.183333332999994
5.216666666333327
5.24999999966666
5.283333332999994
5.316666666333327
5.34999999966666
5.383333332999993
5.4166666663333265
5.44999999966666
5.483333332999993
5.516666666333326
5.549999999666659
5.583333332999993
5.616666666333326
5.649999999666659
5.683333332999992
5.716666666333325
5.749999999666659
5.783333332999992
5.816666666333325
5.849999999666658
5.8833333329999915
5.916666666333325
5.949999999666658
5.983333332999991
6.016666666333324
6.049999999666658
6.083333332999991
6.116666666333324
6.149999999666657
6.18333333299999
6.216666666333324
6.249999999666657
6.28333333299999
6.316666666333323
6.3499999996666565
6.38333333299999
6.416666666333323
6.449999999666656
6.483333332999989
6.516666666333323
6.549999999666656
6.583333332999989
6.616666666333322
6.6499999996666554
6.683333332999989
6.716666666333322
6.749999999666655
6.783333332999988
6.8166666663333215
6.849999999666655
6.883333332999988
6.916666666333321
6.949999999666654
6.983333332999988
7.016666666333321
7.049999999666654
7.083333332999987
7.1166666663333205
7.149999999666654
7.183333332999987
7.21666666633332
7.249999999666653
7.2833333329999865
7.31666666633332
7.349999999666653
7.383333332999986
7.416666666333319
7.449999999666653
7.483333332999986
7.516666666333319
7.549999999666652
7.5833333329999855
7.616666666333319
7.649999999666652
7.683333332999985
7.716666666333318
7.7499999996666515
7.783333332999985
7.816666666333318
7.849999999666651
7.883333332999984
7.916666666333318
7.949999999666651
7.983333332999984
8.016666666333318
8.049999999666651
8.083333332999985
8.116666666333318
8.149999999666651
8.183333332999984
8.216666666333317
8.24999999966665
8.283333332999984
8.316666666333317
8.34999999966665
8.383333332999984
8.416666666333317
8.44999999966665
8.483333332999983
8.516666666333316
8.54999999966665
8.583333332999983
8.616666666333316
8.64999999966665
8.683333332999982
8.716666666333316
8.749999999666649
8.783333332999982
8.816666666333315
8.849999999666649
8.883333332999982
8.916666666333315
8.949999999666648
8.983333332999981
9.016666666333315
9.049999999666648
9.083333332999981
9.116666666333314
9.149999999666647
9.18333333299998
9.216666666333314
9.249999999666647
9.28333333299998
9.316666666333314
9.349999999666647
9.38333333299998
9.416666666333313
9.449999999666646
9.48333333299998
9.516666666333313
9.549999999666646
9.58333333299998
9.616666666333312
9.649999999666646
9.683333332999979
9.716666666333312
9.749999999666645
9.783333332999979
9.816666666333312
9.849999999666645
9.883333332999978
9.916666666333311
9.949999999666645
9.983333332999978
10.016666666333311
10.049999999666644
10.083333332999977
10.11666666633331
10.149999999666644
10.183333332999977
10.21666666633331
10.249999999666644
10.283333332999977
10.31666666633331
10.349999999666643
10.383333332999976
10.41666666633331
10.449999999666643
10.483333332999976
10.51666666633331
10.549999999666642
10.583333332999976
10.616666666333309
10.649999999666642
10.683333332999975
10.716666666333309
10.749999999666642
10.783333332999975
10.816666666333308
10.849999999666641
10.883333332999975
10.916666666333308
10.949999999666641
10.983333332999974
11.016666666333307
11.04999999966664
11.083333332999974
11.116666666333307
11.14999999966664
11.183333332999974
11.216666666333307
11.24999999966664
11.283333332999973
11.316666666333306
11.34999999966664
11.383333332999973
11.416666666333306
11.44999999966664
11.483333332999972
11.516666666333306
11.549999999666639
11.583333332999972
11.616666666333305
11.649999999666639
11.683333332999972
11.716666666333305
11.749999999666638
11.783333332999971
11.816666666333305
11.849999999666638
11.883333332999971
11.916666666333304
11.949999999666638
11.98333333299997
12.016666666333304
12.049999999666637
12.08333333299997
12.116666666333304
12.149999999666637
12.18333333299997
12.216666666333303
12.249999999666636
12.28333333299997
12.316666666333303
12.349999999666636
12.38333333299997
12.416666666333303
12.449999999666636
12.483333332999969
12.516666666333302
12.549999999666635
12.583333332999969
12.616666666333302
12.649999999666635
12.683333332999968
12.716666666333301
12.749999999666635
12.783333332999968
12.816666666333301
12.849999999666634
12.883333332999968
12.9166666663333
12.949999999666634
12.983333332999967
13.0166666663333
13.049999999666634
13.083333332999967
13.1166666663333
13.149999999666633
13.183333332999966
13.2166666663333
13.249999999666633
13.283333332999966
13.3166666663333
13.349999999666633
13.383333332999966
13.416666666333299
13.449999999666632
13.483333332999965
13.516666666333299
13.549999999666632
13.583333332999965
13.616666666333298
13.649999999666631
13.683333332999965
13.716666666333298
13.749999999666631
13.783333332999964
13.816666666333298
13.84999999966663
13.883333332999964
13.916666666333297
13.94999999966663
13.983333332999964
14.016666666333297
14.04999999966663
14.083333332999963
14.116666666333296
14.14999999966663
14.183333332999963
14.216666666333296
14.24999999966663
14.283333332999963
14.316666666333296
14.349999999666629
14.383333332999962
14.416666666333295
14.449999999666629
14.483333332999962
14.516666666333295
14.549999999666628
14.583333332999961
14.616666666333295
14.649999999666628
14.683333332999961
14.716666666333294
14.749999999666628
14.78333333299996
14.816666666333294
14.849999999666627
14.88333333299996
14.916666666333294
14.949999999666627
14.98333333299996
15.016666666333293
15.049999999666626
15.08333333299996
15.116666666333293
15.149999999666626
15.18333333299996
15.216666666333293
15.249999999666626
15.283333332999959
15.316666666333292
15.349999999666625
15.383333332999959
15.416666666333292
15.449999999666625
15.483333332999958
15.516666666333292
15.549999999666625
15.583333332999958
15.616666666333291
15.649999999666624
15.683333332999958
15.71666666633329
15.749999999666624
15.783333332999957
15.81666666633329
15.849999999666624
15.883333332999957
15.91666666633329
15.949999999666623
15.983333332999957
16.01666666633329
16.049999999666625
16.08333333299996
16.116666666333295
16.14999999966663
16.183333332999965
16.2166666663333
16.249999999666635
16.28333333299997
16.316666666333305
16.34999999966664
16.383333332999975
16.41666666633331
16.449999999666645
16.48333333299998
16.516666666333315
16.54999999966665
16.583333332999985
16.61666666633332
16.649999999666655
16.68333333299999
16.716666666333325
16.74999999966666
16.783333332999995
16.81666666633333
16.849999999666665
16.883333333
16.916666666333334
16.94999999966667
16.983333333000004
17.01666666633334
17.049999999666674
17.08333333300001
17.116666666333344
17.14999999966668
17.183333333000014
17.21666666633335
17.249999999666684
17.28333333300002
17.316666666333354
17.34999999966669
17.383333333000024
17.41666666633336
17.449999999666694
17.48333333300003
17.516666666333364
17.5499999996667
17.583333333000034
17.61666666633337
17.649999999666704
17.68333333300004
17.716666666333374
17.74999999966671
17.783333333000044
17.81666666633338
17.849999999666714
17.88333333300005
17.916666666333384
17.94999999966672
17.983333333000054
18.01666666633339
18.049999999666724
18.08333333300006
18.116666666333394
18.14999999966673
18.183333333000064
18.2166666663334
18.249999999666734
18.28333333300007
18.316666666333404
18.34999999966674
18.383333333000074
18.41666666633341
18.449999999666744
18.48333333300008
18.516666666333414
18.54999999966675
18.583333333000084
18.61666666633342
18.649999999666754
18.68333333300009
18.716666666333424
18.74999999966676
18.783333333000094
18.81666666633343
18.849999999666764
18.8833333330001
18.916666666333434
18.94999999966677
18.983333333000104
19.01666666633344
19.049999999666774
19.08333333300011
19.116666666333444
19.14999999966678
19.183333333000114
19.21666666633345
19.249999999666784
19.28333333300012
19.316666666333454
19.34999999966679
19.383333333000124
19.41666666633346
19.449999999666794
19.48333333300013
19.516666666333464
19.5499999996668
19.583333333000134
19.61666666633347
19.649999999666804
19.68333333300014
19.716666666333474
19.74999999966681
19.783333333000144
19.81666666633348
19.849999999666814
19.88333333300015
19.916666666333484
19.94999999966682
19.983333333000154
20.01666666633349
20.049999999666824
20.08333333300016
20.116666666333494
20.14999999966683
20.183333333000164
20.2166666663335
20.249999999666834
20.28333333300017
20.316666666333504
20.34999999966684
20.383333333000174
20.41666666633351
20.449999999666844
20.48333333300018
20.516666666333514
20.54999999966685
20.583333333000184
20.61666666633352
20.649999999666854
20.68333333300019
20.716666666333523
20.74999999966686
20.783333333000193
20.81666666633353
20.849999999666863
20.8833333330002
20.916666666333533
20.94999999966687
20.983333333000203
21.01666666633354
21.049999999666873
21.08333333300021
21.116666666333543
21.14999999966688
21.183333333000213
21.21666666633355
21.249999999666883
21.28333333300022
21.316666666333553
21.34999999966689
21.383333333000223
21.41666666633356
21.449999999666893
21.48333333300023
21.516666666333563
21.5499999996669
21.583333333000233
21.61666666633357
21.649999999666903
21.68333333300024
21.716666666333573
21.749999999666908
21.783333333000243
21.816666666333578
21.849999999666913
21.883333333000248
21.916666666333583
21.949999999666918
21.983333333000253
22.016666666333588
22.049999999666923
22.083333333000258
22.116666666333593
22.149999999666928
22.183333333000263
22.216666666333598
22.249999999666933
22.283333333000268
22.316666666333603
22.349999999666938
22.383333333000273
22.416666666333608
22.449999999666943
22.483333333000278
22.516666666333613
22.549999999666948
22.583333333000283
22.616666666333618
22.649999999666953
22.683333333000288
22.716666666333623
22.749999999666958
22.783333333000293
22.816666666333628
22.849999999666963
22.883333333000298
22.916666666333633
22.949999999666968
22.983333333000303
23.016666666333638
23.049999999666973
23.083333333000308
23.116666666333643
23.149999999666978
23.183333333000313
23.216666666333648
23.249999999666983
23.283333333000318
23.316666666333653
23.349999999666988
23.383333333000323
23.416666666333658
23.449999999666993
23.483333333000328
23.516666666333663
23.549999999666998
23.583333333000333
23.616666666333668
23.649999999667003
23.683333333000338
23.716666666333673
23.749999999667008
23.783333333000343
23.816666666333678
23.849999999667013
23.883333333000348
23.916666666333683
23.949999999667018
23.983333333000353
24.016666666333688
24.049999999667023
24.083333333000358
24.116666666333693
24.149999999667028
24.183333333000363
24.216666666333698
24.249999999667033
24.283333333000368
24.316666666333703
24.349999999667038
24.383333333000373
24.416666666333708
24.449999999667043
24.483333333000378
24.516666666333712
24.549999999667047
24.583333333000382
24.616666666333717
24.649999999667052
24.683333333000387
24.716666666333722
24.749999999667057
24.783333333000392
24.816666666333727
24.849999999667062
24.883333333000397
24.916666666333732
24.949999999667067
24.983333333000402
25.016666666333737
25.049999999667072
25.083333333000407
25.116666666333742
25.149999999667077
25.183333333000412
25.216666666333747
25.249999999667082
25.283333333000417
25.316666666333752
25.349999999667087
25.383333333000422
25.416666666333757
25.449999999667092
25.483333333000427
25.516666666333762
25.549999999667097
25.583333333000432
25.616666666333767
25.649999999667102
25.683333333000437
25.716666666333772
25.749999999667107
25.783333333000442
25.816666666333777
25.849999999667112
25.883333333000447
25.916666666333782
25.949999999667117
25.983333333000452
26.016666666333787
26.049999999667122
26.083333333000457
26.116666666333792
26.149999999667127
26.183333333000462
26.216666666333797
26.249999999667132
26.283333333000467
26.316666666333802
26.349999999667137
26.383333333000472
26.416666666333807
26.449999999667142
26.483333333000477
26.516666666333812
26.549999999667147
26.583333333000482
26.616666666333817
26.649999999667152
26.683333333000487
26.716666666333822
26.749999999667157
26.783333333000492
26.816666666333827
26.849999999667162
26.883333333000497
26.916666666333832
26.949999999667167
26.983333333000502
27.016666666333837
27.049999999667172
27.083333333000507
27.116666666333842
27.149999999667177
27.183333333000512
27.216666666333847
27.249999999667182
27.283333333000517
27.31666666633385
27.349999999667187
27.38333333300052
27.416666666333857
27.44999999966719
27.483333333000527
27.51666666633386
27.549999999667197
27.58333333300053
27.616666666333867
27.6499999996672
27.683333333000537
27.71666666633387
27.749999999667207
27.78333333300054
27.816666666333877
27.84999999966721
27.883333333000547
27.91666666633388
27.949999999667217
27.98333333300055
28.016666666333887
28.04999999966722
28.083333333000557
28.11666666633389
28.149999999667227
28.18333333300056
28.216666666333897
28.24999999966723
28.283333333000567
28.3166666663339
28.349999999667236
28.38333333300057
28.416666666333906
28.44999999966724
28.483333333000576
28.51666666633391
28.549999999667246
28.58333333300058
28.616666666333916
28.64999999966725
28.683333333000586
28.71666666633392
28.749999999667256
28.78333333300059
28.816666666333926
28.84999999966726
28.883333333000596
28.91666666633393
28.949999999667266
28.9833333330006
29.016666666333936
29.04999999966727
29.083333333000606
29.11666666633394
29.149999999667276
29.18333333300061
29.216666666333946
29.24999999966728
29.283333333000616
29.31666666633395
29.349999999667286
29.38333333300062
29.416666666333956
29.44999999966729
29.483333333000626
29.51666666633396
29.549999999667296
29.58333333300063
29.616666666333966
29.6499999996673
29.683333333000636
29.71666666633397
29.749999999667306
29.78333333300064
29.816666666333976
29.84999999966731
29.883333333000646
29.91666666633398
29.949999999667316
29.98333333300065
30.016666666333986
30.04999999966732
30.083333333000656
30.11666666633399
30.149999999667326
30.18333333300066
30.216666666333996
30.24999999966733
30.283333333000666
30.316666666334
30.349999999667336
30.38333333300067
30.416666666334006
30.44999999966734
30.483333333000676
30.51666666633401
30.549999999667346
30.58333333300068
30.616666666334016
30.64999999966735
30.683333333000686
30.71666666633402
30.749999999667356
30.78333333300069
30.816666666334026
30.84999999966736
30.883333333000696
30.91666666633403
30.949999999667366
30.9833333330007
31.016666666334036
31.04999999966737
31.083333333000706
31.11666666633404
31.149999999667376
31.18333333300071
31.216666666334046
31.24999999966738
31.283333333000716
31.31666666633405
31.349999999667386
31.38333333300072
31.416666666334056
31.44999999966739
31.483333333000726
31.51666666633406
31.549999999667396
31.58333333300073
31.616666666334066
31.6499999996674
31.683333333000736
31.71666666633407
31.749999999667406
31.78333333300074
31.816666666334076
31.84999999966741
31.883333333000746
31.91666666633408
31.949999999667416
31.98333333300075
32.01666666633408
32.04999999966741
32.083333333000745
32.116666666334076
32.14999999966741
32.18333333300074
32.21666666633407
32.2499999996674
32.28333333300073
32.316666666334065
32.349999999667396
32.38333333300073
32.41666666633406
32.44999999966739
32.48333333300072
32.516666666334054
32.549999999667385
32.583333333000716
32.61666666633405
32.64999999966738
32.68333333300071
32.71666666633404
32.749999999667374
32.783333333000705
32.81666666633404
32.84999999966737
32.8833333330007
32.91666666633403
32.94999999966736
32.983333333000694
33.016666666334025
33.04999999966736
33.08333333300069
33.11666666633402
33.14999999966735
33.18333333300068
33.216666666334014
33.249999999667345
33.28333333300068
33.31666666633401
33.34999999966734
33.38333333300067
33.416666666334
33.449999999667334
33.483333333000665
33.516666666334
33.54999999966733
33.58333333300066
33.61666666633399
33.64999999966732
33.683333333000654
33.716666666333985
33.74999999966732
33.78333333300065
33.81666666633398
33.84999999966731
33.88333333300064
33.916666666333974
33.949999999667305
33.98333333300064
34.01666666633397
34.0499999996673
34.08333333300063
34.11666666633396
34.149999999667294
34.183333333000625
34.21666666633396
34.24999999966729
34.28333333300062
34.31666666633395
34.34999999966728
34.383333333000614
34.416666666333946
34.44999999966728
34.48333333300061
34.51666666633394
34.54999999966727
34.5833333330006
34.616666666333934
34.649999999667266
34.6833333330006
34.71666666633393
34.74999999966726
34.78333333300059
34.81666666633392
34.849999999667254
34.883333333000586
34.91666666633392
34.94999999966725
34.98333333300058
35.01666666633391
35.04999999966724
35.083333333000574
35.116666666333906
35.14999999966724
35.18333333300057
35.2166666663339
35.24999999966723
35.28333333300056
35.316666666333894
35.349999999667226
35.38333333300056
35.41666666633389
35.44999999966722
35.48333333300055
35.51666666633388
35.549999999667214
35.583333333000546
35.61666666633388
35.64999999966721
35.68333333300054
35.71666666633387
35.7499999996672
35.783333333000535
35.816666666333866
35.8499999996672
35.88333333300053
35.91666666633386
35.94999999966719
35.98333333300052
36.016666666333855
36.049999999667186
36.08333333300052
36.11666666633385
36.14999999966718
36.18333333300051
36.21666666633384
36.249999999667175
36.283333333000506
36.31666666633384
36.34999999966717
36.3833333330005
36.41666666633383
36.44999999966716
36.483333333000495
36.516666666333826
36.54999999966716
36.58333333300049
36.61666666633382
36.64999999966715
36.68333333300048
36.716666666333815
36.749999999667146
36.78333333300048
36.81666666633381
36.84999999966714
36.88333333300047
36.9166666663338
36.949999999667135
36.983333333000466
37.0166666663338
37.04999999966713
37.08333333300046
37.11666666633379
37.14999999966712
37.183333333000455
37.216666666333786
37.24999999966712
37.28333333300045
37.31666666633378
37.34999999966711
37.383333333000444
37.416666666333775
37.44999999966711
37.48333333300044
37.51666666633377
37.5499999996671
37.58333333300043
37.616666666333764
37.649999999667095
37.68333333300043
37.71666666633376
37.74999999966709
37.78333333300042
37.81666666633375
37.849999999667084
37.883333333000415
37.91666666633375
37.94999999966708
37.98333333300041
38.01666666633374
38.04999999966707
38.083333333000404
38.116666666333735
38.14999999966707
38.1833333330004
38.21666666633373
38.24999999966706
38.28333333300039
38.316666666333724
38.349999999667055
38.38333333300039
38.41666666633372
38.44999999966705
38.48333333300038
38.51666666633371
38.549999999667044
38.583333333000375
38.61666666633371
38.64999999966704
38.68333333300037
38.7166666663337
38.74999999966703
38.783333333000364
38.816666666333695
38.84999999966703
38.88333333300036
38.91666666633369
38.94999999966702
38.98333333300035
39.016666666333684
39.049999999667016
39.08333333300035
39.11666666633368
39.14999999966701
39.18333333300034
39.21666666633367
39.249999999667004
39.283333333000336
39.31666666633367
39.349999999667
39.38333333300033
39.41666666633366
39.44999999966699
39.483333333000324
39.516666666333656
39.54999999966699
39.58333333300032
39.61666666633365
39.64999999966698
39.68333333300031
39.716666666333644
39.749999999666976
39.78333333300031
39.81666666633364
39.84999999966697
39.8833333330003
39.91666666633363
39.949999999666964
39.983333333000296
40.01666666633363
40.04999999966696
40.08333333300029
40.11666666633362
40.14999999966695
40.183333333000284
40.216666666333616
40.24999999966695
40.28333333300028
40.31666666633361
40.34999999966694
40.38333333300027
40.416666666333604
40.449999999666936
40.48333333300027
40.5166666663336
40.54999999966693
40.58333333300026
40.61666666633359
40.649999999666925
40.683333333000256
40.71666666633359
40.74999999966692
40.78333333300025
40.81666666633358
40.84999999966691
40.883333333000245
40.916666666333576
40.94999999966691
40.98333333300024
41.01666666633357
41.0499999996669
41.08333333300023
41.116666666333565
41.149999999666896
41.18333333300023
41.21666666633356
41.24999999966689
41.28333333300022
41.31666666633355
41.349999999666885
41.383333333000216
41.41666666633355
41.44999999966688
41.48333333300021
41.51666666633354
41.54999999966687
41.583333333000205
41.616666666333536
41.64999999966687
41.6833333330002
41.71666666633353
41.74999999966686
41.78333333300019
41.816666666333525
41.849999999666856
41.88333333300019
41.91666666633352
41.94999999966685
41.98333333300018
42.01666666633351
42.049999999666845
42.083333333000176
42.11666666633351
42.14999999966684
42.18333333300017
42.2166666663335
42.249999999666834
42.283333333000165
42.3166666663335
42.34999999966683
42.38333333300016
42.41666666633349
42.44999999966682
42.483333333000154
42.516666666333485
42.54999999966682
42.58333333300015
42.61666666633348
42.64999999966681
42.68333333300014
42.716666666333474
42.749999999666805
42.78333333300014
42.81666666633347
42.8499999996668
42.88333333300013
42.91666666633346
42.949999999666794
42.983333333000125
43.01666666633346
43.04999999966679
43.08333333300012
43.11666666633345
43.14999999966678
43.183333333000114
43.216666666333445
43.24999999966678
43.28333333300011
43.31666666633344
43.34999999966677
43.3833333330001
43.416666666333434
43.449999999666765
43.4833333330001
43.51666666633343
43.54999999966676
43.58333333300009
43.61666666633342
43.649999999666754
43.683333333000085
43.71666666633342
43.74999999966675
43.78333333300008
43.81666666633341
43.84999999966674
43.883333333000074
43.916666666333406
43.94999999966674
43.98333333300007
44.0166666663334
44.04999999966673
44.08333333300006
44.116666666333394
44.149999999666726
44.18333333300006
44.21666666633339
44.24999999966672
44.28333333300005
44.31666666633338
44.349999999666714
44.383333333000046
44.41666666633338
44.44999999966671
44.48333333300004
44.51666666633337
44.5499999996667
44.583333333000034
44.616666666333366
44.6499999996667
44.68333333300003
44.71666666633336
44.74999999966669
44.78333333300002
44.816666666333354
44.849999999666686
44.88333333300002
44.91666666633335
44.94999999966668
44.98333333300001
45.01666666633334
45.049999999666674
45.083333333000006
45.11666666633334
45.14999999966667
45.183333333
45.21666666633333
45.24999999966666
45.283333332999995
45.316666666333326
45.34999999966666
45.38333333299999
45.41666666633332
45.44999999966665
45.48333333299998
45.516666666333315
45.549999999666646
45.58333333299998
45.61666666633331
45.64999999966664
45.68333333299997
45.7166666663333
45.749999999666635
45.783333332999966
45.8166666663333
45.84999999966663
45.88333333299996
45.91666666633329
45.94999999966662
45.983333332999955
46.016666666333286
46.04999999966662
46.08333333299995
46.11666666633328
46.14999999966661
46.18333333299994
46.216666666333275
46.249999999666606
46.28333333299994
0.066666666
0.09999999933333334
0.13333333266666667
0.166666666
0.19999999933333332
0.23333333266666664
0.266666666
0.2999999993333333
0.33333333266666665
0.366666666
0.3999999993333333
0.4333333326666666
0.46666666599999995
0.4999999993333333
0.5333333326666666
0.5666666659999999
0.5999999993333333
0.6333333326666666
0.6666666659999999
0.6999999993333332
0.7333333326666666
0.7666666659999999
0.7999999993333332
0.8333333326666665
0.8666666659999999
0.8999999993333332
0.9333333326666665
0.9666666659999998
0.9999999993333332
1.0333333326666665
1.066666666
1.0999999993333334
1.1333333326666668
1.1666666660000002
1.1999999993333337
1.2333333326666671
1.2666666660000006
1.299999999333334
1.3333333326666674
1.3666666660000009
1.3999999993333343
1.4333333326666677
1.4666666660000012
1.4999999993333346
1.533333332666668
1.5666666660000015
1.599999999333335
1.6333333326666684
1.6666666660000018
1.6999999993333352
1.7333333326666687
1.766666666000002
1.7999999993333355
1.833333332666669
1.8666666660000024
1.8999999993333359
1.9333333326666693
1.9666666660000027
1.9999999993333362
2.0333333326666696
2.066666666000003
2.099999999333336
2.1333333326666692
2.1666666660000025
2.1999999993333357
2.233333332666669
2.266666666000002
2.2999999993333353
2.3333333326666685
2.3666666660000018
2.399999999333335
2.433333332666668
2.4666666660000014
2.4999999993333346
2.533333332666668
2.566666666000001
2.5999999993333343
2.6333333326666675
2.6666666660000007
2.699999999333334
2.733333332666667
2.7666666660000003
2.7999999993333335
2.8333333326666668
2.866666666
2.899999999333333
2.9333333326666664
2.9666666659999996
2.999999999333333
3.033333332666666
3.0666666659999993
3.0999999993333325
3.1333333326666657
3.166666665999999
3.199999999333332
3.2333333326666653
3.2666666659999986
3.2999999993333318
3.333333332666665
3.366666665999998
3.3999999993333314
3.4333333326666646
3.466666665999998
3.499999999333331
3.5333333326666643
3.5666666659999975
3.5999999993333307
3.633333332666664
3.666666665999997
3.6999999993333303
3.7333333326666636
3.7666666659999968
3.79999999933333
3.833333332666663
3.8666666659999964
3.8999999993333296
3.933333332666663
3.966666665999996
3.9999999993333293
4.033333332666663
4.066666665999996
4.099999999333329
4.133333332666663
4.166666665999996
4.199999999333329
4.233333332666662
4.2666666659999954
4.299999999333329
4.333333332666662
4.366666665999995
4.399999999333328
4.4333333326666615
4.466666665999995
4.499999999333328
4.533333332666661
4.566666665999994
4.599999999333328
4.633333332666661
4.666666665999994
4.699999999333327
4.7333333326666605
4.766666665999994
4.799999999333327
4.83333333266666
