mtllib tilt_boom_visuals_Mesh.mtl
v 0.021413380280137062 -0.014000000432133675 -0.007667451165616512
v 0.021413380280137062 -0.01425000000745058 -0.009667451493442059
v 0.021413380280137062 -0.014000000432133675 -0.009667451493442059
v 0.021413380280137062 -0.01425000000745058 -0.007667451165616512
v 0.1909133791923523 0.01425000000745058 -0.009667451493442059
v 0.1909133791923523 0.014000000432133675 -0.009667451493442059
v 0.1909133791923523 0.014000000432133675 -0.007667451165616512
v 0.1909133791923523 0.01425000000745058 -0.007667451165616512
v 0.1909133791923523 -0.014000000432133675 -0.007667451165616512
v 0.021413380280137062 -0.01425000000745058 -0.007667451165616512
v 0.021413380280137062 -0.014000000432133675 -0.007667451165616512
v 0.1909133791923523 -0.01425000000745058 -0.007667451165616512
v 0.039602845907211304 0.00774999987334013 0.0453031025826931
v 0.028633354231715202 0.010250000283122063 0.04746517166495323
v 0.028319917619228363 0.010250000283122063 0.047526951879262924
v 0.040464941412210464 0.00987132079899311 0.045133184641599655
v 0.04141984134912491 0.010521638207137585 0.04494497552514076
v 0.04254622012376785 0.01075000036507845 0.044722966849803925
v 0.028633354231715202 0.014000000432133675 0.04746517166495323
v 0.0398268960416317 0.008898050524294376 0.045258939266204834
v 0.10877799987792969 0.011845150031149387 0.0316687747836113
v 0.0436725988984108 0.010521638207137585 0.04450095817446709
v 0.04462749883532524 0.00987132079899311 0.044312749058008194
v 0.10966111719608307 0.013674338348209858 0.03149471431970596
v 0.040464941412210464 0.005628679879009724 0.045133184641599655
v 0.0398268960416317 0.006601949688047171 0.045258939266204834
v 0.04462749883532524 0.005628679879009724 0.044312749058008194
v 0.11060263961553574 0.01000451110303402 0.03130913898348808
v 0.04526554048061371 0.006601949688047171 0.04418698698282242
v 0.04141984134912491 0.004978361539542675 0.04494497552514076
v 0.04526554048061371 0.008898050524294376 0.04418698698282242
v 0.10935401916503906 0.010578502900898457 0.03155524283647537
v 0.04141984134912491 -0.004978361539542675 0.04494497552514076
v 0.10915525257587433 0.01318725198507309 0.031594417989254
v 0.10884799808263779 0.012550841085612774 0.031654976308345795
v 0.108954057097435 0.01115893479436636 0.031634073704481125
v 0.1936393529176712 0.014000000432133675 0.014942718669772148
v 0.11073435842990875 0.014000000432133675 0.0312831811606884
v 0.11141923069953918 0.013874227181077003 0.031148191541433334
v 0.11201796680688858 0.013512727804481983 0.031030181795358658
v 0.11245525628328323 0.012960969470441341 0.030943993479013443
v 0.10992759466171265 0.010176856070756912 0.03144219145178795
v 0.0454895943403244 0.00774999987334013 0.04414283111691475
v 0.11191544681787491 0.010402864776551723 0.031050387769937515
v 0.18616189062595367 0.008621320128440857 0.0164165161550045
v 0.11238808929920197 0.010923461988568306 0.030957231298089027
v 0.17728431522846222 0.0016167891444638371 0.018166275694966316
v 0.11129425466060638 0.010083143599331379 0.031172825023531914
v 0.17622441053390503 2.8547439189446173e-15 0.018375182524323463
v 0.11051178723573685 -0.010012906976044178 0.03132704645395279
v 0.1855238527059555 0.00764805031940341 0.01654227264225483
v 0.0436725988984108 0.004978361539542675 0.04450095817446709
v 0.028319917619228363 -0.010250000283122063 0.047526951879262924
v 0.039602845907211304 -0.00774999987334013 0.0453031025826931
v 0.0398268960416317 -0.006601949688047171 0.045258939266204834
v 0.040464941412210464 -0.005628679879009724 0.045133184641599655
v 0.04254622012376785 -0.004749999847263098 0.044722966849803925
v 0.04254622012376785 0.004749999847263098 0.044722966849803925
v 0.0436725988984108 -0.004978361539542675 0.04450095817446709
v 0.028633354231715202 -0.010250000283122063 0.04746517166495323
v 0.0398268960416317 -0.008898050524294376 0.045258939266204834
v 0.028633354231715202 -0.014000000432133675 0.04746517166495323
v 0.04254622012376785 -0.01075000036507845 0.044722966849803925
v 0.040464941412210464 -0.00987132079899311 0.045133184641599655
v 0.04141984134912491 -0.010521638207137585 0.04494497552514076
v 0.10956137627363205 -0.013603330589830875 0.03151437267661095
v 0.0436725988984108 -0.010521638207137585 0.04450095817446709
v 0.04462749883532524 -0.005628679879009724 0.044312749058008194
v 0.04526554048061371 -0.006601949688047171 0.04418698698282242
v 0.10966111719608307 -0.010325661860406399 0.03149471431970596
v 0.04526554048061371 -0.008898050524294376 0.04418698698282242
v 0.04462749883532524 -0.00987132079899311 0.044312749058008194
v 0.0454895943403244 -0.00774999987334013 0.04414283111691475
v 0.10889199376106262 -0.011311639100313187 0.031646307557821274
v 0.10885368287563324 -0.012570668011903763 0.031653858721256256
v 0.11073435842990875 -0.014000000432133675 0.0312831811606884
v 0.1121642217040062 -0.010630307719111443 0.03100135549902916
v 0.11261503398418427 -0.011429332196712494 0.030912501737475395
v 0.18616189062595367 -0.008621320128440857 0.0164165161550045
v 0.1936393529176712 -0.014000000432133675 0.014942718669772148
v 0.11266639828681946 -0.012349560856819153 0.030902376398444176
v 0.11230742186307907 -0.013195546343922615 0.030973130837082863
v 0.11161433905363083 -0.013787609525024891 0.031109735369682312
v 0.187116801738739 -0.009271638467907906 0.01622830703854561
v 0.1855238527059555 -0.00764805031940341 0.01654227264225483
v 0.11140972375869751 -0.010122193023562431 0.03115006536245346
v 0.17728431522846222 -0.0016167891444638371 0.018166275694966316
v 0.1126527339220047 0.01157945767045021 0.030905069783329964
v 0.187116801738739 0.009271638467907906 0.01622830703854561
v 0.18824318051338196 -0.0035000001080334187 0.01600629836320877
v 0.1893695592880249 -0.0037283613346517086 0.015784291550517082
v 0.1925961971282959 -0.0031900000758469105 0.015148323960602283
v 0.1852997988462448 0.006500000134110451 0.016586434096097946
v 0.1855238527059555 0.005351949483156204 0.01654227264225483
v 0.18616189062595367 0.004378679674118757 0.0164165161550045
v 0.17794136703014374 0.0017500000540167093 0.018036769703030586
v 0.11267610639333725 0.012288346886634827 0.030900463461875916
v 0.187116801738739 0.0037283613346517086 0.01622830703854561
v 0.176727294921875 0.0012374368961900473 0.018276063725352287
v 0.17635509371757507 0.0006696960190311074 0.0183494221419096
v 0.1925961971282959 0.0023499999660998583 0.015148323960602283
v 0.17859841883182526 0.0016167891444638371 0.017907265573740005
v 0.17915545403957367 0.0012374368961900473 0.017797477543354034
v 0.18824318051338196 0.0035000001080334187 0.01600629836320877
v 0.1795276403427124 0.0006696960190311074 0.017724119126796722
v 0.18824318051338196 0.009499999694526196 0.01600629836320877
v 0.1925961971282959 0.009927500039339066 0.015148323960602283
v 0.1925961971282959 0.010924999602138996 0.015148323960602283
v 0.1893695592880249 0.009271638467907906 0.015784291550517082
v 0.19032445549964905 0.008621320128440857 0.015596081502735615
v 0.1925961971282959 0.00892999954521656 0.015148323960602283
v 0.1936393529176712 0.00892999954521656 0.014942718669772148
v 0.1936393529176712 0.010924999602138996 0.014942718669772148
v 0.19096249341964722 0.00764805031940341 0.015470324084162712
v 0.1925961971282959 0.004430000204592943 0.015148323960602283
v 0.19032445549964905 0.004378679674118757 0.015596081502735615
v 0.1893695592880249 0.0037283613346517086 0.015784291550517082
v 0.19096249341964722 0.005351949483156204 0.015470324084162712
v 0.1936393529176712 0.004430000204592943 0.014942718669772148
v 0.1925961971282959 0.0033900002017617226 0.015148323960602283
v 0.17965833842754364 2.8552743733278353e-15 0.01769835874438286
v 0.1911865472793579 0.006500000134110451 0.015426164492964745
v 0.1936393529176712 0.0023499999660998583 0.014942718669772148
v 0.1925961971282959 -0.00215000007301569 0.015148323960602283
v 0.17635509371757507 -0.0006696960190311074 0.0183494221419096
v 0.1852997988462448 -0.006500000134110451 0.016586434096097946
v 0.176727294921875 -0.0012374368961900473 0.018276063725352287
v 0.1795276403427124 -0.0006696960190311074 0.017724119126796722
v 0.17915545403957367 -0.0012374368961900473 0.017797477543354034
v 0.17859841883182526 -0.0016167891444638371 0.017907265573740005
v 0.17794136703014374 -0.0017500000540167093 0.018036769703030586
v 0.1855238527059555 -0.005351949483156204 0.01654227264225483
v 0.18616189062595367 -0.004378679674118757 0.0164165161550045
v 0.187116801738739 -0.0037283613346517086 0.01622830703854561
v 0.18824318051338196 -0.009499999694526196 0.01600629836320877
v 0.1925961971282959 -0.004230000078678131 0.015148323960602283
v 0.19032445549964905 -0.004378679674118757 0.015596081502735615
v 0.19096249341964722 -0.005351949483156204 0.015470324084162712
v 0.1936393529176712 -0.004230000078678131 0.014942718669772148
v 0.1893695592880249 -0.009271638467907906 0.015784291550517082
v 0.1925961971282959 -0.00972750037908554 0.015148323960602283
v 0.1925961971282959 -0.008729999884963036 0.015148323960602283
v 0.1911865472793579 -0.006500000134110451 0.015426164492964745
v 0.1936393529176712 -0.008729999884963036 0.014942718669772148
v 0.19096249341964722 -0.00764805031940341 0.015470324084162712
v 0.19032445549964905 -0.008621320128440857 0.015596081502735615
v 0.1936393529176712 -0.010724999941885471 0.014942718669772148
v 0.1925961971282959 -0.010724999941885471 0.015148323960602283
v 0.1936393529176712 -0.00215000007301569 0.014942718669772148
v 0.1768975555896759 0.0016167891444638371 0.016204025596380234
v 0.186496764421463 0.0059259748086333275 0.014312037266790867
v 0.17755460739135742 0.0017500000540167093 0.016074521467089653
v 0.18638473749160767 0.006500000134110451 0.014334117993712425
v 0.05472628399729729 0.010250000283122063 0.04028381407260895
v 0.17634053528308868 0.0012374368961900473 0.016313815489411354
v 0.17596834897994995 0.0006696960190311074 0.016387173905968666
v 0.1758376508951187 2.8548824088314934e-15 0.01641293242573738
v 0.05472628399729729 -0.010250000283122063 0.04028381407260895
v 0.186496764421463 0.007074024993926287 0.014312037266790867
v 0.18785642087459564 0.004999999888241291 0.014044050127267838
v 0.17876869440078735 0.0012374368961900473 0.0158352293074131
v 0.17821167409420013 0.0016167891444638371 0.015945017337799072
v 0.17927157878875732 2.855841461886022e-15 0.015736110508441925
v 0.1791408807039261 0.0006696960190311074 0.01576187089085579
v 0.18841961026191711 0.005114180501550436 0.013933046720921993
v 0.1868157833814621 0.00543933967128396 0.014249159023165703
v 0.1868157833814621 0.007560660131275654 0.014249159023165703
v 0.18729323148727417 0.007885819301009178 0.014155054464936256
v 0.17634053528308868 -0.0012374368961900473 0.016313815489411354
v 0.1768975555896759 -0.0016167891444638371 0.016204025596380234
v 0.17596834897994995 -0.0006696960190311074 0.016387173905968666
v 0.18638473749160767 -0.006500000134110451 0.014334117993712425
v 0.186496764421463 -0.0059259748086333275 0.014312037266790867
v 0.17755460739135742 -0.0017500000540167093 0.016074521467089653
v 0.1868157833814621 -0.00543933967128396 0.014249159023165703
v 0.18785642087459564 -0.004999999888241291 0.014044050127267838
v 0.17876869440078735 -0.0012374368961900473 0.0158352293074131
v 0.1791408807039261 -0.0006696960190311074 0.01576187089085579
v 0.17821167409420013 -0.0016167891444638371 0.015945017337799072
v 0.186496764421463 -0.007074024993926287 0.014312037266790867
v 0.1868157833814621 -0.007560660131275654 0.014249159023165703
v 0.18841961026191711 -0.005114180501550436 0.013933046720921993
v 0.18729323148727417 -0.007885819301009178 0.014155054464936256
v 0.18785642087459564 0.00800000037997961 0.014044050127267838
v 0.19207638502120972 0.010250000283122063 0.013212301768362522
v 0.18841961026191711 0.007885819301009178 0.013933046720921993
v 0.18729323148727417 0.005114180501550436 0.014155054464936256
v 0.1888970583677292 0.007560660131275654 0.013838942162692547
v 0.18921607732772827 0.007074024993926287 0.013776062987744808
v 0.18932810425758362 0.006500000134110451 0.013753983192145824
v 0.1888970583677292 0.00543933967128396 0.013838942162692547
v 0.18921607732772827 0.0059259748086333275 0.013776062987744808
v 0.1888970583677292 -0.00543933967128396 0.013838942162692547
v 0.18921607732772827 -0.0059259748086333275 0.013776062987744808
v 0.18729323148727417 -0.005114180501550436 0.014155054464936256
v 0.18785642087459564 -0.00800000037997961 0.014044050127267838
v 0.18841961026191711 -0.007885819301009178 0.013933046720921993
v 0.19207638502120972 -0.010250000283122063 0.013212301768362522
v 0.1888970583677292 -0.007560660131275654 0.013838942162692547
v 0.18921607732772827 -0.007074024993926287 0.013776062987744808
v 0.18932810425758362 -0.006500000134110451 0.013753983192145824
v 0.11073435842990875 0.014000000432133675 0.0312831811606884
v 0.02881300263106823 0.014000000432133675 0.04539128765463829
v 0.028633354231715202 0.014000000432133675 0.04746517166495323
v 0.19207638502120972 0.014000000432133675 0.013212301768362522
v 0.1924365907907486 0.014000000432133675 0.015039868652820587
v 0.1936393529176712 0.014000000432133675 0.014942718669772148
v 0.1936156153678894 0.014000000432133675 0.014822273515164852
v 0.1924365907907486 -0.014000000432133675 0.015039868652820587
v 0.1936156153678894 -0.014000000432133675 0.014822273515164852
v 0.1936393529176712 -0.014000000432133675 0.014942718669772148
v 0.11073435842990875 -0.014000000432133675 0.0312831811606884
v 0.19207638502120972 -0.014000000432133675 0.013212301768362522
v 0.02881300263106823 -0.014000000432133675 0.04539128765463829
v 0.028633354231715202 -0.014000000432133675 0.04746517166495323
v 0.1936156153678894 0.004430000204592943 0.014822273515164852
v 0.1936156153678894 0.00892999954521656 0.014822273515164852
v 0.1936393529176712 0.00892999954521656 0.014942718669772148
v 0.1936393529176712 0.004430000204592943 0.014942718669772148
v 0.1936156153678894 -0.00215000007301569 0.014822273515164852
v 0.1936156153678894 0.0023499999660998583 0.014822273515164852
v 0.1936393529176712 0.0023499999660998583 0.014942718669772148
v 0.1936393529176712 -0.00215000007301569 0.014942718669772148
v 0.1936156153678894 -0.008729999884963036 0.014822273515164852
v 0.1936156153678894 -0.004230000078678131 0.014822273515164852
v 0.1936393529176712 -0.004230000078678131 0.014942718669772148
v 0.1936393529176712 -0.008729999884963036 0.014942718669772148
v 0.1936156153678894 -0.014000000432133675 0.014822273515164852
v 0.1936156153678894 -0.010724999941885471 0.014822273515164852
v 0.1936393529176712 -0.010724999941885471 0.014942718669772148
v 0.1936393529176712 -0.014000000432133675 0.014942718669772148
v 0.1936393529176712 0.010924999602138996 0.014942718669772148
v 0.1936156153678894 0.014000000432133675 0.014822273515164852
v 0.1936393529176712 0.014000000432133675 0.014942718669772148
v 0.1936156153678894 0.010924999602138996 0.014822273515164852
v 0.1795276403427124 -0.0006696960190311074 0.017724119126796722
v 0.17965833842754364 2.8552743733278353e-15 0.01769835874438286
v 0.1791408807039261 -0.0006696960190311074 0.01576187089085579
v 0.17876869440078735 -0.0012374368961900473 0.0158352293074131
v 0.17859841883182526 -0.0016167891444638371 0.017907265573740005
v 0.17915545403957367 -0.0012374368961900473 0.017797477543354034
v 0.17755460739135742 -0.0017500000540167093 0.016074521467089653
v 0.17728431522846222 -0.0016167891444638371 0.018166275694966316
v 0.17794136703014374 -0.0017500000540167093 0.018036769703030586
v 0.176727294921875 -0.0012374368961900473 0.018276063725352287
v 0.17634053528308868 -0.0012374368961900473 0.016313815489411354
v 0.17635509371757507 -0.0006696960190311074 0.0183494221419096
v 0.17821167409420013 -0.0016167891444638371 0.015945017337799072
v 0.1768975555896759 -0.0016167891444638371 0.016204025596380234
v 0.17927157878875732 2.856484359892988e-15 0.015736110508441925
v 0.17596834897994995 -0.0006696960190311074 0.016387173905968666
v 0.17622441053390503 2.8547439189446173e-15 0.018375182524323463
v 0.1791408807039261 0.0006696960190311074 0.01576187089085579
v 0.17635509371757507 0.0006696960190311074 0.0183494221419096
v 0.17596834897994995 0.0006696960190311074 0.016387173905968666
v 0.17728431522846222 0.0016167891444638371 0.018166275694966316
v 0.176727294921875 0.0012374368961900473 0.018276063725352287
v 0.1768975555896759 0.0016167891444638371 0.016204025596380234
v 0.17634053528308868 0.0012374368961900473 0.016313815489411354
v 0.17876869440078735 0.0012374368961900473 0.0158352293074131
v 0.17915545403957367 0.0012374368961900473 0.017797477543354034
v 0.17859841883182526 0.0016167891444638371 0.017907265573740005
v 0.1795276403427124 0.0006696960190311074 0.017724119126796722
v 0.17755460739135742 0.0017500000540167093 0.016074521467089653
v 0.17794136703014374 0.0017500000540167093 0.018036769703030586
v 0.17821167409420013 0.0016167891444638371 0.015945017337799072
v 0.1758376508951187 2.8548824088314934e-15 0.01641293242573738
v 0.20209987461566925 -0.010250000283122063 -0.006251956801861525
v 0.20216211676597595 -0.010250000283122063 -0.006903153378516436
v 0.2011902779340744 -0.010250000283122063 -0.007667451165616512
v 0.19083553552627563 -0.010250000283122063 -0.005329277366399765
v 0.20164838433265686 -0.010250000283122063 -0.005778562277555466
v 0.19970473647117615 -0.010250000283122063 -0.0043721129186451435
v 0.19132967293262482 -0.010250000283122063 -0.004999099764972925
v 0.20180845260620117 -0.010250000283122063 -0.007453486323356628
v 0.1974601149559021 -0.010250000283122063 -0.00019268358300905675
v 0.19826550781726837 -0.010250000283122063 -0.0024526091292500496
v 0.19083553552627563 -0.010250000283122063 -0.002514862222597003
v 0.19177579879760742 -0.010250000283122063 -0.003922069910913706
v 0.19925305247306824 -0.010250000283122063 0.006554842926561832
v 0.19797714054584503 -0.010250000283122063 0.004523101728409529
v 0.19200000166893005 -0.010250000283122063 0.007408072240650654
v 0.1916598528623581 -0.010250000283122063 -0.003339185379445553
v 0.1916598528623581 -0.010250000283122063 -0.004504954442381859
v 0.19132967293262482 -0.010250000283122063 -0.002845039824023843
v 0.19263902306556702 -0.010250000283122063 0.0075351824052631855
v 0.1913609802722931 -0.010250000283122063 0.0075351824052631855
v 0.1973610371351242 -0.010250000283122063 0.0022044151555746794
v 0.18966975808143616 -0.010250000283122063 -0.002514862222597003
v 0.1902526468038559 -0.010250000283122063 -0.002398919314146042
v 0.19081923365592957 -0.010250000283122063 0.00789716187864542
v 0.1501353234052658 -0.010250000283122063 0.009754050523042679
v 0.1902526468038559 -0.010250000283122063 -0.00544522050768137
v 0.19318076968193054 -0.010250000283122063 0.00789716187864542
v 0.20327621698379517 -0.010250000283122063 0.009068823419511318
v 0.20107398927211761 -0.010250000283122063 0.008116912096738815
v 0.193669855594635 -0.010250000283122063 0.009077929891645908
v 0.1935427486896515 -0.010250000283122063 0.008438902907073498
v 0.1935427486896515 -0.010250000283122063 0.009716956876218319
v 0.20382490754127502 -0.010250000283122063 0.009440338239073753
v 0.20402085781097412 -0.010250000283122063 0.010073339566588402
v 0.20320305228233337 -0.010250000283122063 0.011019250378012657
v 0.20377804338932037 -0.010250000283122063 0.010689882561564445
v 0.19318076968193054 -0.010250000283122063 0.010258697904646397
v 0.15045975148677826 -0.010250000283122063 0.009970823302865028
v 0.1903301477432251 -0.010250000283122063 0.009077929891645908
v 0.19045725464820862 -0.010250000283122063 0.008438902907073498
v 0.19045725464820862 -0.010250000283122063 0.009716956876218319
v 0.15067651867866516 -0.010250000283122063 0.010295246727764606
v 0.19204983115196228 -0.010250000283122063 0.01307761948555708
v 0.19263902306556702 -0.010250000283122063 0.010620677843689919
v 0.19200000166893005 -0.010250000283122063 0.010747788473963737
v 0.15045975148677826 -0.010250000283122063 0.011385036632418633
v 0.19207638502120972 -0.010250000283122063 0.013212301768362522
v 0.1913609802722931 -0.010250000283122063 0.010620677843689919
v 0.19081923365592957 -0.010250000283122063 0.010258697904646397
v 0.15067651867866516 -0.010250000283122063 0.011060613207519054
v 0.15075264871120453 -0.010250000283122063 0.01067792996764183
v 0.18966975808143616 -0.010250000283122063 -0.005329277366399765
v 0.04841338098049164 -0.010250000283122063 -0.007667451165616512
v 0.1497526466846466 -0.010250000283122063 0.009677929803729057
v 0.18872949481010437 -0.010250000283122063 -0.003922069910913706
v 0.1888454407453537 -0.010250000283122063 -0.004504954442381859
v 0.1888454407453537 -0.010250000283122063 -0.003339185379445553
v 0.18917562067508698 -0.010250000283122063 -0.004999099764972925
v 0.18917562067508698 -0.010250000283122063 -0.002845039824023843
v 0.1493699699640274 -0.010250000283122063 0.009754050523042679
v 0.14904554188251495 -0.010250000283122063 0.009970823302865028
v 0.14882875978946686 -0.010250000283122063 0.010295246727764606
v 0.054882682859897614 -0.010250000283122063 0.019076120108366013
v 0.14875264465808868 -0.010250000283122063 0.01067792996764183
v 0.14882875978946686 -0.010250000283122063 0.011060613207519054
v 0.1501353234052658 -0.010250000283122063 0.011601809412240982
v 0.1493699699640274 -0.010250000283122063 0.011601809412240982
v 0.14904554188251495 -0.010250000283122063 0.011385036632418633
v 0.05542387813329697 -0.010250000283122063 0.019617317244410515
v 0.1497526466846466 -0.010250000283122063 0.011677930131554604
v 0.055207107216119766 -0.010250000283122063 0.020707106217741966
v 0.05472628399729729 -0.010250000283122063 0.04028381407260895
v 0.05550000071525574 -0.010250000283122063 0.019999999552965164
v 0.05542387813329697 -0.010250000283122063 0.020382683724164963
v 0.055207107216119766 -0.010250000283122063 0.019292892888188362
v 0.054882682859897614 -0.010250000283122063 0.020923878997564316
v 0.054117318242788315 -0.010250000283122063 0.019076120108366013
v 0.054499998688697815 -0.010250000283122063 0.01899999938905239
v 0.05357611924409866 -0.010250000283122063 0.019617317244410515
v 0.05379289388656616 -0.010250000283122063 0.019292892888188362
v 0.05350000038743019 -0.010250000283122063 0.019999999552965164
v 0.054499998688697815 -0.010250000283122063 0.020999999716877937
v 0.054117318242788315 -0.010250000283122063 0.020923878997564316
v 0.05379289388656616 -0.010250000283122063 0.020707106217741966
v 0.05357611924409866 -0.010250000283122063 0.020382683724164963
v -0.045226920396089554 -0.010250000283122063 0.020936228334903717
v -0.04944297671318054 -0.010250000283122063 0.02848317287862301
v -0.04488447681069374 -0.010250000283122063 0.023420443758368492
v -0.04032597318291664 -0.010250000283122063 0.018357712775468826
v -0.042546216398477554 -0.010250000283122063 0.020084571093320847
v -0.05325743928551674 -0.010250000283122063 0.029642809182405472
v -0.05068067088723183 -0.010250000283122063 0.030169587582349777
v -0.0541774183511734 -0.010250000283122063 0.028728477656841278
v -0.0529194176197052 -0.010250000283122063 0.0308950487524271
v -0.05155901238322258 -0.010250000283122063 0.03206811472773552
v -0.053529709577560425 -0.010250000283122063 0.031029747799038887
v -0.053407520055770874 -0.010250000283122063 0.031400300562381744
v -0.04844817519187927 -0.010250000283122063 0.04348443076014519
v -0.04989772289991379 -0.010250000283122063 0.04197622090578079
v -0.06602610647678375 -0.010250000283122063 0.03373129665851593
v -0.05101906508207321 -0.010250000283122063 0.0402103029191494
v -0.06511099636554718 -0.010250000283122063 0.03383137658238411
v -0.052113503217697144 -0.010250000283122063 0.036193881183862686
v -0.052043043076992035 -0.010250000283122063 0.03410320729017258
v -0.054388586431741714 -0.010250000283122063 0.033721596002578735
v -0.05345389246940613 -0.010250000283122063 0.03282231092453003
v -0.0556480772793293 -0.010250000283122063 0.03403150662779808
v -0.051767583936452866 -0.010250000283122063 0.038256946951150894
v -0.053436435759067535 -0.010250000283122063 0.03178941085934639
v -0.053526122123003006 -0.010250000283122063 0.03072679601609707
v -0.05361205339431763 -0.010250000283122063 0.032137833535671234
v -0.06406554579734802 -0.010250000283122063 0.02341638132929802
v -0.06239180639386177 -0.010250000283122063 0.024026254191994667
v -0.05378440394997597 -0.010250000283122063 0.030734160915017128
v -0.05382947623729706 -0.010250000283122063 0.030642667785286903
v -0.05427819490432739 -0.010250000283122063 0.03251471742987633
v -0.05406060069799423 -0.010250000283122063 0.0326540581882
v -0.053907640278339386 -0.010250000283122063 0.03239252790808678
v -0.05413282662630081 -0.010250000283122063 0.030558539554476738
v -0.054363951086997986 -0.010250000283122063 0.03256992995738983
v -0.05466730520129204 -0.010250000283122063 0.032485801726579666
v -0.04989772289991379 0.010250000283122063 0.04197622090578079
v -0.04844817519187927 0.010250000283122063 0.04348443076014519
v -0.06602610647678375 0.010250000283122063 0.03373129665851593
v -0.05101906508207321 0.010250000283122063 0.0402103029191494
v -0.06511099636554718 0.010250000283122063 0.03383137658238411
v -0.054388586431741714 0.010250000283122063 0.033721596002578735
v -0.052043043076992035 0.010250000283122063 0.03410320729017258
v -0.052113503217697144 0.010250000283122063 0.036193881183862686
v -0.053436435759067535 0.010250000283122063 0.03178941085934639
v -0.0529194176197052 0.010250000283122063 0.0308950487524271
v -0.05155901238322258 0.010250000283122063 0.03206811472773552
v -0.05345389246940613 0.010250000283122063 0.03282231092453003
v -0.051767583936452866 0.010250000283122063 0.038256946951150894
v -0.0541774183511734 0.010250000283122063 0.028728477656841278
v -0.045226920396089554 0.010250000283122063 0.020936228334903717
v -0.04944297671318054 0.010250000283122063 0.02848317287862301
v -0.042546216398477554 0.010250000283122063 0.020084571093320847
v -0.04488447681069374 0.010250000283122063 0.023420443758368492
v -0.05068067088723183 0.010250000283122063 0.030169587582349777
v -0.05325743928551674 0.010250000283122063 0.029642809182405472
v -0.053407520055770874 0.010250000283122063 0.031400300562381744
v -0.053529709577560425 0.010250000283122063 0.031029747799038887
v -0.0556480772793293 0.010250000283122063 0.03403150662779808
v -0.053907640278339386 0.010250000283122063 0.03239252790808678
v -0.05406060069799423 0.010250000283122063 0.0326540581882
v -0.054363951086997986 0.010250000283122063 0.03256992995738983
v -0.05427819490432739 0.010250000283122063 0.03251471742987633
v -0.05361205339431763 0.010250000283122063 0.032137833535671234
v -0.06239180639386177 0.010250000283122063 0.024026254191994667
v -0.06406554579734802 0.010250000283122063 0.02341638132929802
v -0.053526122123003006 0.010250000283122063 0.03072679601609707
v -0.05378440394997597 0.010250000283122063 0.030734160915017128
v -0.04032597318291664 0.010250000283122063 0.018357712775468826
v -0.05466730520129204 0.010250000283122063 0.032485801726579666
v -0.05382947623729706 0.010250000283122063 0.030642667785286903
v -0.05413282662630081 0.010250000283122063 0.030558539554476738
v 0.20107398927211761 -0.010250000283122063 0.008116912096738815
v 0.20327621698379517 -0.0101500004529953 0.009068823419511318
v 0.20107398927211761 -0.0101500004529953 0.008116912096738815
v 0.19925305247306824 -0.0101500004529953 0.006554842926561832
v 0.19797714054584503 -0.0101500004529953 0.004523101728409529
v 0.19925305247306824 -0.010250000283122063 0.006554842926561832
v 0.20327621698379517 -0.010250000283122063 0.009068823419511318
v 0.19797714054584503 -0.010250000283122063 0.004523101728409529
v 0.1973610371351242 -0.0101500004529953 0.0022044151555746794
v 0.1973610371351242 -0.010250000283122063 0.0022044151555746794
v 0.19826550781726837 -0.010250000283122063 -0.0024526091292500496
v 0.1974601149559021 -0.0101500004529953 -0.00019268358300905675
v 0.19826550781726837 -0.0101500004529953 -0.0024526091292500496
v 0.19970473647117615 -0.0101500004529953 -0.0043721129186451435
v 0.20164838433265686 -0.0101500004529953 -0.005778562277555466
v 0.20164838433265686 -0.010250000283122063 -0.005778562277555466
v 0.1974601149559021 -0.010250000283122063 -0.00019268358300905675
v 0.19970473647117615 -0.010250000283122063 -0.0043721129186451435
v 0.20219027996063232 0.016249999403953552 -0.0066674514673650265
v 0.20209987461566925 0.016450000926852226 -0.006251956801861525
v 0.20219027996063232 0.016450000926852226 -0.0066674514673650265
v 0.20209987461566925 0.016249999403953552 -0.006251956801861525
v 0.20164838433265686 0.016450000926852226 -0.005778562277555466
v 0.20164838433265686 0.016249999403953552 -0.005778562277555466
v 0.20216211676597595 0.016249999403953552 -0.006903153378516436
v 0.20180845260620117 0.016249999403953552 -0.007453486323356628
v 0.20180845260620117 0.016450000926852226 -0.007453486323356628
v 0.2011902779340744 0.016450000926852226 -0.007667451165616512
v 0.20216211676597595 0.016450000926852226 -0.006903153378516436
v 0.2011902779340744 0.016249999403953552 -0.007667451165616512
v 0.20219027996063232 -0.010250000283122063 -0.0066674514673650265
v 0.20211414992809296 0.010250000283122063 -0.006284767761826515
v 0.20219027996063232 0.010250000283122063 -0.0066674514673650265
v 0.20209987461566925 -0.010250000283122063 -0.006251956801861525
v 0.20189738273620605 0.010250000283122063 -0.005960344336926937
v 0.20121397078037262 -0.0101500004529953 -0.0056677320972085
v 0.2011902779340744 0.010250000283122063 -0.005667451303452253
v 0.2015729546546936 0.010250000283122063 -0.0057435715571045876
v 0.20077477395534515 -0.0101500004529953 -0.0057578557170927525
v 0.20048317313194275 0.010250000283122063 -0.005960344336926937
v 0.200807586312294 0.010250000283122063 -0.0057435715571045876
v 0.2004191130399704 -0.0101500004529953 -0.006030817050486803
v 0.20021845400333405 -0.0101500004529953 -0.00643174909055233
v 0.20026639103889465 0.010250000283122063 -0.006284767761826515
v 0.20216211676597595 -0.010250000283122063 -0.006903153378516436
v 0.20021313428878784 -0.0101500004529953 -0.006880059372633696
v 0.20026639103889465 0.010250000283122063 -0.0070501347072422504
v 0.20019027590751648 0.010250000283122063 -0.0066674514673650265
v 0.2007533460855484 -0.0101500004529953 -0.007566946092993021
v 0.200807586312294 0.010250000283122063 -0.007591330911964178
v 0.20048317313194275 0.010250000283122063 -0.0073745581321418285
v 0.20040424168109894 -0.0101500004529953 -0.007285633124411106
v 0.2011902779340744 -0.0101500004529953 -0.007667451165616512
v 0.2015729546546936 0.010250000283122063 -0.007591330911964178
v 0.2011902779340744 0.010250000283122063 -0.007667451165616512
v 0.20180845260620117 -0.010250000283122063 -0.007453486323356628
v 0.20211414992809296 0.010250000283122063 -0.0070501347072422504
v 0.20189738273620605 0.010250000283122063 -0.0073745581321418285
v 0.2011902779340744 -0.010250000283122063 -0.007667451165616512
v 0.20327621698379517 0.016450000926852226 0.009068823419511318
v 0.20107398927211761 0.016450000926852226 0.008116912096738815
v 0.20327621698379517 0.016249999403953552 0.009068823419511318
v 0.19925305247306824 0.016450000926852226 0.006554842926561832
v 0.19797714054584503 0.016450000926852226 0.004523101728409529
v 0.19797714054584503 0.016249999403953552 0.004523101728409529
v 0.19925305247306824 0.016249999403953552 0.006554842926561832
v 0.20107398927211761 0.016249999403953552 0.008116912096738815
v 0.1973610371351242 0.016249999403953552 0.0022044151555746794
v 0.1973610371351242 0.016450000926852226 0.0022044151555746794
v 0.1974601149559021 0.016450000926852226 -0.00019268358300905675
v 0.1974601149559021 0.016249999403953552 -0.00019268358300905675
v 0.19826550781726837 0.016450000926852226 -0.0024526091292500496
v 0.19970473647117615 0.016450000926852226 -0.0043721129186451435
v 0.19970473647117615 0.016249999403953552 -0.0043721129186451435
v 0.19826550781726837 0.016249999403953552 -0.0024526091292500496
v 0.20320305228233337 0.016450000926852226 0.011019250378012657
v 0.20320305228233337 0.016249999403953552 0.011019250378012657
v 0.19204983115196228 0.016450000926852226 0.01307761948555708
v 0.19204983115196228 0.016249999403953552 0.01307761948555708
v 0.1909133791923523 -0.014000000432133675 -0.007667451165616512
v 0.1909133791923523 -0.01425000000745058 -0.009667451493442059
v 0.1909133791923523 -0.01425000000745058 -0.007667451165616512
v 0.1909133791923523 -0.014000000432133675 -0.009667451493442059
v 0.1909133791923523 0.016450000926852226 -0.007667451165616512
v 0.1909133791923523 0.016249999403953552 -0.009667451493442059
v 0.1909133791923523 0.016249999403953552 -0.007667451165616512
v 0.1909133791923523 0.016450000926852226 -0.009667451493442059
v 0.1909133791923523 0.016450000926852226 -0.007667451165616512
v 0.2011902779340744 0.016249999403953552 -0.007667451165616512
v 0.2011902779340744 0.016450000926852226 -0.007667451165616512
v 0.1909133791923523 0.016249999403953552 -0.007667451165616512
v 0.24820956587791443 0.010924999602138996 0.006780524738132954
v 0.24820956587791443 0.00892999954521656 0.006780524738132954
v 0.24981337785720825 0.00892999954521656 0.0044507612474262714
v 0.24981337785720825 0.010924999602138996 0.0044507612474262714
v 0.24820956587791443 -0.00215000007301569 0.006780524738132954
v 0.24820956587791443 -0.004230000078678131 0.006780524738132954
v 0.24981337785720825 -0.004230000078678131 0.0044507612474262714
v 0.24981337785720825 -0.00215000007301569 0.0044507612474262714
v 0.24820956587791443 0.004430000204592943 0.006780524738132954
v 0.24820956587791443 0.0023499999660998583 0.006780524738132954
v 0.24981337785720825 0.0023499999660998583 0.0044507612474262714
v 0.24981337785720825 0.004430000204592943 0.0044507612474262714
v 0.1947903037071228 0.010924999602138996 0.016639256849884987
v 0.1947903037071228 0.00892999954521656 0.016639256849884987
v 0.24820956587791443 0.00892999954521656 0.006780524738132954
v 0.24820956587791443 0.010924999602138996 0.006780524738132954
v 0.1947903037071228 -0.00215000007301569 0.016639256849884987
v 0.1947903037071228 -0.004230000078678131 0.016639256849884987
v 0.24820956587791443 -0.004230000078678131 0.006780524738132954
v 0.24820956587791443 -0.00215000007301569 0.006780524738132954
v 0.1947903037071228 0.004430000204592943 0.016639256849884987
v 0.1947903037071228 0.0023499999660998583 0.016639256849884987
v 0.24820956587791443 0.004430000204592943 0.006780524738132954
v 0.24820956587791443 0.0023499999660998583 0.006780524738132954
v 0.25481337308883667 -0.016249999403953552 -0.0026674512773752213
v 0.2544327676296234 -0.013450000435113907 -0.0007540340884588659
v 0.25481337308883667 -0.013450000435113907 -0.0026674512773752213
v 0.2533489167690277 -0.016249999403953552 0.0008680826867930591
v 0.25172680616378784 -0.013450000435113907 0.0019519464112818241
v 0.2533489167690277 -0.013450000435113907 0.0008680826867930591
v 0.2544327676296234 -0.016249999403953552 -0.0007540340884588659
v 0.24981337785720825 -0.016249999403953552 0.0023325488436967134
v 0.24789996445178986 -0.013450000435113907 0.0019519464112818241
v 0.24981337785720825 -0.013450000435113907 0.0023325488436967134
v 0.2451939880847931 -0.016249999403953552 -0.0007540340884588659
v 0.2451939880847931 -0.013450000435113907 -0.0007540340884588659
v 0.2462778389453888 -0.013450000435113907 0.0008680826867930591
v 0.2462778389453888 -0.016249999403953552 0.0008680826867930591
v 0.25172680616378784 -0.016249999403953552 0.0019519464112818241
v 0.24789996445178986 -0.016249999403953552 0.0019519464112818241
v 0.24481338262557983 -0.016249999403953552 -0.0026674512773752213
v 0.24481338262557983 -0.013450000435113907 -0.0026674512773752213
v 0.2544327676296234 -0.016249999403953552 -0.004580868408083916
v 0.2451939880847931 -0.016249999403953552 -0.004580868408083916
v 0.2451939880847931 -0.013450000435113907 -0.004580868408083916
v 0.24789996445178986 -0.016249999403953552 -0.007286848966032267
v 0.24789996445178986 -0.013450000435113907 -0.007286848966032267
v 0.2462778389453888 -0.013450000435113907 -0.006202985066920519
v 0.2462778389453888 -0.016249999403953552 -0.006202985066920519
v 0.25172680616378784 -0.016249999403953552 -0.007286848966032267
v 0.25172680616378784 -0.013450000435113907 -0.007286848966032267
v 0.24981337785720825 -0.013450000435113907 -0.007667451165616512
v 0.2544327676296234 -0.013450000435113907 -0.004580868408083916
v 0.2533489167690277 -0.013450000435113907 -0.006202985066920519
v 0.2533489167690277 -0.016249999403953552 -0.006202985066920519
v 0.24981337785720825 -0.016249999403953552 -0.007667451165616512
v 0.20993277430534363 -0.016249999403953552 0.0032459658104926348
v 0.20993277430534363 -0.013450000435113907 0.0032459658104926348
v 0.21031337976455688 -0.013450000435113907 0.0013325486797839403
v 0.20722679793834686 -0.016249999403953552 0.005951946601271629
v 0.20722679793834686 -0.013450000435113907 0.005951946601271629
v 0.20884890854358673 -0.013450000435113907 0.004868082702159882
v 0.20884890854358673 -0.016249999403953552 0.004868082702159882
v 0.20531338453292847 -0.016249999403953552 0.006332548800855875
v 0.20339995622634888 -0.013450000435113907 0.005951946601271629
v 0.20531338453292847 -0.013450000435113907 0.006332548800855875
v 0.201777845621109 -0.016249999403953552 0.004868082702159882
v 0.2006939798593521 -0.013450000435113907 0.0032459658104926348
v 0.201777845621109 -0.013450000435113907 0.004868082702159882
v 0.20339995622634888 -0.016249999403953552 0.005951946601271629
v 0.21031337976455688 -0.016249999403953552 0.0013325486797839403
v 0.2006939798593521 -0.016249999403953552 0.0032459658104926348
v 0.20031337440013885 -0.016249999403953552 0.0013325486797839403
v 0.20031337440013885 -0.013450000435113907 0.0013325486797839403
v 0.20993277430534363 -0.016249999403953552 -0.0005808683345094323
v 0.2006939798593521 -0.016249999403953552 -0.0005808683345094323
v 0.2006939798593521 -0.013450000435113907 -0.0005808683345094323
v 0.20339995622634888 -0.016249999403953552 -0.003286849008873105
v 0.20339995622634888 -0.013450000435113907 -0.003286849008873105
v 0.201777845621109 -0.013450000435113907 -0.0022029851097613573
v 0.201777845621109 -0.016249999403953552 -0.0022029851097613573
v 0.20722679793834686 -0.016249999403953552 -0.003286849008873105
v 0.20722679793834686 -0.013450000435113907 -0.003286849008873105
v 0.20531338453292847 -0.013450000435113907 -0.0036674512084573507
v 0.20993277430534363 -0.013450000435113907 -0.0005808683345094323
v 0.20884890854358673 -0.013450000435113907 -0.0022029851097613573
v 0.20884890854358673 -0.016249999403953552 -0.0022029851097613573
v 0.20531338453292847 -0.016249999403953552 -0.0036674512084573507
v 0.20402085781097412 -0.0101500004529953 0.010073339566588402
v 0.20402155816555023 -0.0101500004529953 0.010035857558250427
v 0.20402085781097412 -0.010250000283122063 0.010073339566588402
v 0.20377804338932037 -0.0101500004529953 0.010689882561564445
v 0.20402155816555023 -0.010250000283122063 0.010035857558250427
v 0.20377804338932037 -0.010250000283122063 0.010689882561564445
v 0.20320305228233337 -0.010250000283122063 0.011019250378012657
v 0.20382490754127502 -0.0101500004529953 0.009440338239073753
v 0.20382490754127502 -0.010250000283122063 0.009440338239073753
v 0.20320305228233337 -0.0101500004529953 0.011019250378012657
v 0.19204983115196228 -0.010250000283122063 0.01307761948555708
v 0.19204983115196228 -0.0101500004529953 0.01307761948555708
v 0.20402085781097412 0.016450000926852226 0.010073339566588402
v 0.20402155816555023 0.016450000926852226 0.010035857558250427
v 0.20402155816555023 0.016249999403953552 0.010035857558250427
v 0.20377804338932037 0.016450000926852226 0.010689882561564445
v 0.20402085781097412 0.016249999403953552 0.010073339566588402
v 0.20377804338932037 0.016249999403953552 0.010689882561564445
v 0.20382490754127502 0.016249999403953552 0.009440338239073753
v 0.20382490754127502 0.016450000926852226 0.009440338239073753
v 0.19204983115196228 -0.0101500004529953 0.01307761948555708
v 0.19207638502120972 -0.010250000283122063 0.013212301768362522
v 0.19207638502120972 0.010250000283122063 0.013212301768362522
v 0.19204983115196228 0.010250000283122063 0.01307761948555708
v 0.19204983115196228 -0.010250000283122063 0.01307761948555708
v 0.2568133771419525 0.016450000926852226 -0.0026674512773752213
v 0.2565433979034424 0.016450000926852226 -0.000742137199267745
v 0.2565433979034424 -0.016249999403953552 -0.000742137199267745
v 0.2553922235965729 0.016450000926852226 0.0015606177039444447
v 0.2553922235965729 -0.016249999403953552 0.0015606177039444447
v 0.25348642468452454 0.016450000926852226 0.003291470231488347
v 0.25348642468452454 -0.016249999403953552 0.003291470231488347
v 0.2510837912559509 0.016450000926852226 0.00421629985794425
v 0.2568133771419525 -0.016249999403953552 -0.0026674512773752213
v 0.2510837912559509 -0.016249999403953552 0.00421629985794425
v 0.25678426027297974 -0.016249999403953552 -0.003305316437035799
v 0.25234395265579224 -0.016249999403953552 -0.009194029495120049
v 0.24981337785720825 0.016450000926852226 -0.009667451493442059
v 0.25234395265579224 0.016450000926852226 -0.009194029495120049
v 0.2560822069644928 -0.016249999403953552 -0.005782215856015682
v 0.25453221797943115 0.016450000926852226 -0.007837802171707153
v 0.2560822069644928 0.016450000926852226 -0.005782215856015682
v 0.25453221797943115 -0.016249999403953552 -0.007837802171707153
v 0.25678426027297974 0.016450000926852226 -0.003305316437035799
v 0.24981337785720825 -0.016249999403953552 -0.009667451493442059
v 0.21031337976455688 0.013649999164044857 0.0013325486797839403
v 0.20993277430534363 0.016450000926852226 0.0032459658104926348
v 0.21031337976455688 0.016450000926852226 0.0013325486797839403
v 0.20884890854358673 0.013649999164044857 0.004868082702159882
v 0.20722679793834686 0.016450000926852226 0.005951946601271629
v 0.20884890854358673 0.016450000926852226 0.004868082702159882
v 0.20993277430534363 0.013649999164044857 0.0032459658104926348
v 0.20531338453292847 0.013649999164044857 0.006332548800855875
v 0.20339995622634888 0.016450000926852226 0.005951946601271629
v 0.20531338453292847 0.016450000926852226 0.006332548800855875
v 0.201777845621109 0.013649999164044857 0.004868082702159882
v 0.2006939798593521 0.016450000926852226 0.0032459658104926348
v 0.201777845621109 0.016450000926852226 0.004868082702159882
v 0.20722679793834686 0.013649999164044857 0.005951946601271629
v 0.20339995622634888 0.013649999164044857 0.005951946601271629
v 0.2006939798593521 0.013649999164044857 0.0032459658104926348
v 0.20031337440013885 0.016450000926852226 0.0013325486797839403
v 0.20993277430534363 0.013649999164044857 -0.0005808683345094323
v 0.2006939798593521 0.013649999164044857 -0.0005808683345094323
v 0.2006939798593521 0.016450000926852226 -0.0005808683345094323
v 0.20339995622634888 0.013649999164044857 -0.003286849008873105
v 0.20339995622634888 0.016450000926852226 -0.003286849008873105
v 0.201777845621109 0.016450000926852226 -0.0022029851097613573
v 0.201777845621109 0.013649999164044857 -0.0022029851097613573
v 0.20722679793834686 0.013649999164044857 -0.003286849008873105
v 0.20722679793834686 0.016450000926852226 -0.003286849008873105
v 0.20531338453292847 0.016450000926852226 -0.0036674512084573507
v 0.20993277430534363 0.016450000926852226 -0.0005808683345094323
v 0.20884890854358673 0.016450000926852226 -0.0022029851097613573
v 0.20884890854358673 0.013649999164044857 -0.0022029851097613573
v 0.20531338453292847 0.013649999164044857 -0.0036674512084573507
v 0.20031337440013885 0.013649999164044857 0.0013325486797839403
v 0.25481337308883667 0.013649999164044857 -0.0026674512773752213
v 0.2544327676296234 0.016450000926852226 -0.0007540340884588659
v 0.25481337308883667 0.016450000926852226 -0.0026674512773752213
v 0.2533489167690277 0.013649999164044857 0.0008680826867930591
v 0.25172680616378784 0.016450000926852226 0.0019519464112818241
v 0.2533489167690277 0.016450000926852226 0.0008680826867930591
v 0.2544327676296234 0.013649999164044857 -0.0007540340884588659
v 0.24789996445178986 0.013649999164044857 0.0019519464112818241
v 0.24789996445178986 0.016450000926852226 0.0019519464112818241
v 0.24981337785720825 0.016450000926852226 0.0023325488436967134
v 0.2451939880847931 0.013649999164044857 -0.0007540340884588659
v 0.2451939880847931 0.016450000926852226 -0.0007540340884588659
v 0.2462778389453888 0.016450000926852226 0.0008680826867930591
v 0.2462778389453888 0.013649999164044857 0.0008680826867930591
v 0.25172680616378784 0.013649999164044857 0.0019519464112818241
v 0.24981337785720825 0.013649999164044857 0.0023325488436967134
v 0.24481338262557983 0.013649999164044857 -0.0026674512773752213
v 0.24481338262557983 0.016450000926852226 -0.0026674512773752213
v 0.2544327676296234 0.013649999164044857 -0.004580868408083916
v 0.2451939880847931 0.013649999164044857 -0.004580868408083916
v 0.2451939880847931 0.016450000926852226 -0.004580868408083916
v 0.24789996445178986 0.013649999164044857 -0.007286848966032267
v 0.24789996445178986 0.016450000926852226 -0.007286848966032267
v 0.2462778389453888 0.016450000926852226 -0.006202985066920519
v 0.2462778389453888 0.013649999164044857 -0.006202985066920519
v 0.25172680616378784 0.013649999164044857 -0.007286848966032267
v 0.25172680616378784 0.016450000926852226 -0.007286848966032267
v 0.24981337785720825 0.016450000926852226 -0.007667451165616512
v 0.2544327676296234 0.016450000926852226 -0.004580868408083916
v 0.2533489167690277 0.016450000926852226 -0.006202985066920519
v 0.2533489167690277 0.013649999164044857 -0.006202985066920519
v 0.24981337785720825 0.013649999164044857 -0.007667451165616512
v 0.2560822069644928 0.016450000926852226 -0.005782215856015682
v 0.25453221797943115 0.016450000926852226 -0.007837802171707153
v 0.2533489167690277 0.016450000926852226 -0.006202985066920519
v 0.25172680616378784 0.016450000926852226 -0.007286848966032267
v 0.25234395265579224 0.016450000926852226 -0.009194029495120049
v 0.2544327676296234 0.016450000926852226 -0.004580868408083916
v 0.2568133771419525 0.016450000926852226 -0.0026674512773752213
v 0.25678426027297974 0.016450000926852226 -0.003305316437035799
v 0.25481337308883667 0.016450000926852226 -0.0026674512773752213
v 0.2565433979034424 0.016450000926852226 -0.000742137199267745
v 0.24981337785720825 0.016450000926852226 -0.007667451165616512
v 0.24981337785720825 0.016450000926852226 -0.009667451493442059
v 0.24789996445178986 0.016450000926852226 -0.007286848966032267
v 0.2462778389453888 0.016450000926852226 -0.006202985066920519
v 0.2451939880847931 0.016450000926852226 -0.004580868408083916
v 0.20722679793834686 0.016450000926852226 -0.003286849008873105
v 0.20884890854358673 0.016450000926852226 -0.0022029851097613573
v 0.24481338262557983 0.016450000926852226 -0.0026674512773752213
v 0.20216211676597595 0.016450000926852226 -0.006903153378516436
v 0.20180845260620117 0.016450000926852226 -0.007453486323356628
v 0.2553922235965729 0.016450000926852226 0.0015606177039444447
v 0.2533489167690277 0.016450000926852226 0.0008680826867930591
v 0.2544327676296234 0.016450000926852226 -0.0007540340884588659
v 0.25172680616378784 0.016450000926852226 0.0019519464112818241
v 0.25348642468452454 0.016450000926852226 0.003291470231488347
v 0.24981337785720825 0.016450000926852226 0.0023325488436967134
v 0.2510837912559509 0.016450000926852226 0.00421629985794425
v 0.24789996445178986 0.016450000926852226 0.0019519464112818241
v 0.21031337976455688 0.016450000926852226 0.0013325486797839403
v 0.2462778389453888 0.016450000926852226 0.0008680826867930591
v 0.2451939880847931 0.016450000926852226 -0.0007540340884588659
v 0.20993277430534363 0.016450000926852226 -0.0005808683345094323
v 0.20993277430534363 0.016450000926852226 0.0032459658104926348
v 0.20884890854358673 0.016450000926852226 0.004868082702159882
v 0.20722679793834686 0.016450000926852226 0.005951946601271629
v 0.20209987461566925 0.016450000926852226 -0.006251956801861525
v 0.20219027996063232 0.016450000926852226 -0.0066674514673650265
v 0.20531338453292847 0.016450000926852226 -0.0036674512084573507
v 0.19970473647117615 0.016450000926852226 -0.0043721129186451435
v 0.20339995622634888 0.016450000926852226 -0.003286849008873105
v 0.20164838433265686 0.016450000926852226 -0.005778562277555466
v 0.19826550781726837 0.016450000926852226 -0.0024526091292500496
v 0.201777845621109 0.016450000926852226 -0.0022029851097613573
v 0.1909133791923523 0.016450000926852226 -0.009667451493442059
v 0.1909133791923523 0.016450000926852226 -0.007667451165616512
v 0.2011902779340744 0.016450000926852226 -0.007667451165616512
v 0.20031337440013885 0.016450000926852226 0.0013325486797839403
v 0.2006939798593521 0.016450000926852226 -0.0005808683345094323
v 0.1974601149559021 0.016450000926852226 -0.00019268358300905675
v 0.1973610371351242 0.016450000926852226 0.0022044151555746794
v 0.20382490754127502 0.016450000926852226 0.009440338239073753
v 0.20531338453292847 0.016450000926852226 0.006332548800855875
v 0.20107398927211761 0.016450000926852226 0.008116912096738815
v 0.20327621698379517 0.016450000926852226 0.009068823419511318
v 0.20339995622634888 0.016450000926852226 0.005951946601271629
v 0.20402155816555023 0.016450000926852226 0.010035857558250427
v 0.20402085781097412 0.016450000926852226 0.010073339566588402
v 0.20377804338932037 0.016450000926852226 0.010689882561564445
v 0.201777845621109 0.016450000926852226 0.004868082702159882
v 0.2006939798593521 0.016450000926852226 0.0032459658104926348
v 0.19797714054584503 0.016450000926852226 0.004523101728409529
v 0.19925305247306824 0.016450000926852226 0.006554842926561832
v 0.19204983115196228 0.016450000926852226 0.01307761948555708
v 0.1924365907907486 0.016450000926852226 0.015039868652820587
v 0.20320305228233337 0.016450000926852226 0.011019250378012657
v 0.2533489167690277 -0.016249999403953552 -0.006202985066920519
v 0.25453221797943115 -0.016249999403953552 -0.007837802171707153
v 0.2560822069644928 -0.016249999403953552 -0.005782215856015682
v 0.25234395265579224 -0.016249999403953552 -0.009194029495120049
v 0.24981337785720825 -0.016249999403953552 -0.007667451165616512
v 0.25172680616378784 -0.016249999403953552 -0.007286848966032267
v 0.2544327676296234 -0.016249999403953552 -0.004580868408083916
v 0.25481337308883667 -0.016249999403953552 -0.0026674512773752213
v 0.25678426027297974 -0.016249999403953552 -0.003305316437035799
v 0.2568133771419525 -0.016249999403953552 -0.0026674512773752213
v 0.2565433979034424 -0.016249999403953552 -0.000742137199267745
v 0.24981337785720825 -0.016249999403953552 -0.009667451493442059
v 0.24789996445178986 -0.016249999403953552 -0.007286848966032267
v 0.20531338453292847 -0.016249999403953552 -0.0036674512084573507
v 0.20722679793834686 -0.016249999403953552 -0.003286849008873105
v 0.2462778389453888 -0.016249999403953552 -0.006202985066920519
v 0.2451939880847931 -0.016249999403953552 -0.004580868408083916
v 0.19304567575454712 -0.016249999403953552 -0.005078979302197695
v 0.20339995622634888 -0.016249999403953552 -0.003286849008873105
v 0.20884890854358673 -0.016249999403953552 -0.0022029851097613573
v 0.19140955805778503 -0.016249999403953552 -0.006715096533298492
v 0.2533489167690277 -0.016249999403953552 0.0008680826867930591
v 0.2553922235965729 -0.016249999403953552 0.0015606177039444447
v 0.2544327676296234 -0.016249999403953552 -0.0007540340884588659
v 0.25172680616378784 -0.016249999403953552 0.0019519464112818241
v 0.24981337785720825 -0.016249999403953552 0.0023325488436967134
v 0.25348642468452454 -0.016249999403953552 0.003291470231488347
v 0.24789996445178986 -0.016249999403953552 0.0019519464112818241
v 0.2510837912559509 -0.016249999403953552 0.00421629985794425
v 0.20993277430534363 -0.016249999403953552 0.0032459658104926348
v 0.1497526466846466 -0.016249999403953552 0.011677930131554604
v 0.19238676130771637 -0.016249999403953552 0.015189604833722115
v 0.11448314785957336 -0.016249999403953552 0.030544299632310867
v 0.24481338262557983 -0.016249999403953552 -0.0026674512773752213
v 0.2451939880847931 -0.016249999403953552 -0.0007540340884588659
v 0.20993277430534363 -0.016249999403953552 -0.0005808683345094323
v 0.21031337976455688 -0.016249999403953552 0.0013325486797839403
v 0.2462778389453888 -0.016249999403953552 0.0008680826867930591
v 0.20884890854358673 -0.016249999403953552 0.004868082702159882
v 0.20722679793834686 -0.016249999403953552 0.005951946601271629
v 0.201777845621109 -0.016249999403953552 -0.0022029851097613573
v 0.19304567575454712 -0.016249999403953552 -0.0027651602867990732
v 0.1501353234052658 -0.016249999403953552 0.011601809412240982
v 0.1921933889389038 -0.016249999403953552 0.014208480715751648
v 0.1923903375864029 -0.016249999403953552 -0.006059760227799416
v 0.04349999874830246 -0.016249999403953552 -0.0044999998062849045
v 0.1902526468038559 -0.016249999403953552 -0.006945220287889242
v 0.18909573554992676 -0.016249999403953552 -0.006715096533298492
v 0.1932757943868637 -0.016249999403953552 -0.003922069910913706
v 0.045621320605278015 -0.016249999403953552 -0.003621320240199566
v 0.1881149560213089 -0.016249999403953552 -0.006059760227799416
v 0.18745961785316467 -0.016249999403953552 -0.005078979302197695
v 0.1923903375864029 -0.016249999403953552 -0.001784379594027996
v 0.044648051261901855 -0.016249999403953552 -0.0042716385796666145
v 0.046271637082099915 -0.016249999403953552 -0.0026480501983314753
v 1.8790365820163605e-16 -0.016249999403953552 -0.009667451493442059
v 0.04235194995999336 -0.016249999403953552 -0.0042716385796666145
v 0.18745961785316467 -0.016249999403953552 -0.0027651602867990732
v 0.1497526466846466 -0.016249999403953552 0.009677929803729057
v 0.18722949922084808 -0.016249999403953552 -0.003922069910913706
v 0.006005216855555773 -0.016249999403953552 -0.002487442223355174
v 0.0413786806166172 -0.016249999403953552 -0.003621320240199566
v 0.040728360414505005 -0.016249999403953552 -0.0026480501983314753
v 0.004596194252371788 -0.016249999403953552 -0.004596194252371788
v 0.2006939798593521 -0.016249999403953552 -0.0005808683345094323
v 0.19140955805778503 -0.016249999403953552 -0.0011290429392829537
v 0.1881149560213089 -0.016249999403953552 -0.001784379594027996
v 0.18909573554992676 -0.016249999403953552 -0.0011290429392829537
v 0.1902526468038559 -0.016249999403953552 -0.0008989193011075258
v 0.20031337440013885 -0.016249999403953552 0.0013325486797839403
v 0.2006939798593521 -0.016249999403953552 0.0032459658104926348
v 0.19200000166893005 -0.016249999403953552 0.005908071994781494
v 0.201777845621109 -0.016249999403953552 0.004868082702159882
v 0.1907869428396225 -0.016249999403953552 0.006149363238364458
v 0.040728360414505005 -0.016249999403953552 -0.000351949711330235
v 0.0413786806166172 -0.016249999403953552 0.0006213203305378556
v 0.006500000134110451 -0.016249999403953552 2.397740897720275e-16
v 0.04650000110268593 -0.016249999403953552 -0.001500000013038516
v 0.046271637082099915 -0.016249999403953552 -0.000351949711330235
v 0.1493699699640274 -0.016249999403953552 0.009754050523042679
v 0.045621320605278015 -0.016249999403953552 0.0006213203305378556
v 0.004596194252371788 -0.016249999403953552 0.004596194252371788
v 0.04235194995999336 -0.016249999403953552 0.0012716385535895824
v 0.04349999874830246 -0.016249999403953552 0.001500000013038516
v 0.054499998688697815 -0.016249999403953552 0.01899999938905239
v 0.002487442223355174 -0.016249999403953552 0.006005216855555773
v 0.044648051261901855 -0.016249999403953552 0.0012716385535895824
v 0.006005216855555773 -0.016249999403953552 0.002487442223355174
v 0.04050000011920929 -0.016249999403953552 -0.001500000013038516
v 0.20339995622634888 -0.016249999403953552 0.005951946601271629
v 0.19321304559707642 -0.016249999403953552 0.006149363238364458
v 0.19424143433570862 -0.016249999403953552 0.006836501881480217
v 0.19492857158184052 -0.016249999403953552 0.010290982201695442
v 0.1951698511838913 -0.016249999403953552 0.009077929891645908
v 0.20531338453292847 -0.016249999403953552 0.006332548800855875
v 0.19492857158184052 -0.016249999403953552 0.007864877581596375
v 0.19424143433570862 -0.016249999403953552 0.0113193579018116
v 0.1897585690021515 -0.016249999403953552 0.006836501881480217
v 0.1501353234052658 -0.016249999403953552 0.009754050523042679
v 0.1890714317560196 -0.016249999403953552 0.007864877581596375
v 0.18883013725280762 -0.016249999403953552 0.009077929891645908
v 0.15045975148677826 -0.016249999403953552 0.009970823302865028
v 0.14904554188251495 -0.016249999403953552 0.009970823302865028
v 0.15067651867866516 -0.016249999403953552 0.010295246727764606
v 0.1924365907907486 -0.016249999403953552 0.015039868652820587
v 0.19321304559707642 -0.016249999403953552 0.012006497010588646
v 0.1907869428396225 -0.016249999403953552 0.012006497010588646
v 0.19200000166893005 -0.016249999403953552 0.013227356597781181
v 0.19200000166893005 -0.016249999403953552 0.012247787788510323
v 0.19207638502120972 -0.016249999403953552 0.013212301768362522
v 0.1897585690021515 -0.016249999403953552 0.0113193579018116
v 0.15067651867866516 -0.016249999403953552 0.011060613207519054
v 0.15075264871120453 -0.016249999403953552 0.01067792996764183
v 0.1890714317560196 -0.016249999403953552 0.010290982201695442
v 0.15045975148677826 -0.016249999403953552 0.011385036632418633
v 0.055207107216119766 -0.016249999403953552 0.019292892888188362
v 0.14904554188251495 -0.016249999403953552 0.011385036632418633
v 0.1493699699640274 -0.016249999403953552 0.011601809412240982
v 0.05542387813329697 -0.016249999403953552 0.019617317244410515
v 0.14882875978946686 -0.016249999403953552 0.011060613207519054
v 0.054882682859897614 -0.016249999403953552 0.019076120108366013
v 0.14875264465808868 -0.016249999403953552 0.01067792996764183
v 0.14882875978946686 -0.016249999403953552 0.010295246727764606
v 0.05550000071525574 -0.016249999403953552 0.019999999552965164
v 0.055207107216119766 -0.016249999403953552 0.020707106217741966
v 0.05542387813329697 -0.016249999403953552 0.020382683724164963
v 0.054882682859897614 -0.016249999403953552 0.020923878997564316
v 0.054117318242788315 -0.016249999403953552 0.019076120108366013
v 0.05379289388656616 -0.016249999403953552 0.019292892888188362
v 0.05357611924409866 -0.016249999403953552 0.019617317244410515
v 5.84621412275979e-17 -0.016249999403953552 0.006500000134110451
v 0.05379289388656616 -0.016249999403953552 0.020707106217741966
v -0.04895390570163727 -0.016249999403953552 0.017458777874708176
v 0.05357611924409866 -0.016249999403953552 0.020382683724164963
v 0.054117318242788315 -0.016249999403953552 0.020923878997564316
v -0.040501948446035385 -0.016249999403953552 0.03272836282849312
v 0.04735194891691208 -0.016249999403953552 0.03272836282849312
v 0.05350000038743019 -0.016249999403953552 0.019999999552965164
v -0.04117598757147789 -0.016249999403953552 0.014411666430532932
v 0.04964805021882057 -0.016249999403953552 0.03272836282849312
v 0.05127163976430893 -0.016249999403953552 0.03435194864869118
v 0.05062131956219673 -0.016249999403953552 0.033378683030605316
v 0.054499998688697815 -0.016249999403953552 0.020999999716877937
v 0.048500001430511475 -0.016249999403953552 0.032499998807907104
v 0.051500000059604645 -0.016249999403953552 0.03550000116229057
v 0.04964805021882057 -0.016249999403953552 0.03827163949608803
v 0.05062131956219673 -0.016249999403953552 0.03762131929397583
v 0.05127163976430893 -0.016249999403953552 0.03664804995059967
v 0.045499999076128006 -0.016249999403953552 0.03550000116229057
v 0.04572836309671402 -0.016249999403953552 0.03664804995059967
v -0.03864999860525131 -0.016249999403953552 0.03550000116229057
v 0.03657952696084976 -0.016249999403953552 0.04589899629354477
v 0.04735194891691208 -0.016249999403953552 0.03827163949608803
v 0.048500001430511475 -0.016249999403953552 0.03849999979138374
v -0.039528679102659225 -0.016249999403953552 0.03762131929397583
v 0.04637867957353592 -0.016249999403953552 0.03762131929397583
v -0.03887835890054703 -0.016249999403953552 0.03664804995059967
v 0.04637867957353592 -0.016249999403953552 0.033378683030605316
v -0.03887835890054703 -0.016249999403953552 0.03435194864869118
v 0.04572836309671402 -0.016249999403953552 0.03435194864869118
v 4.3880492201672276e-17 -0.016249999403953552 -0.006500000134110451
v 0.002487442223355174 -0.016249999403953552 -0.006005216855555773
v -0.002487442223355174 -0.016249999403953552 -0.006005216855555773
v -0.00590267451480031 -0.016249999403953552 -0.007656242232769728
v -0.0031179531943053007 -0.016249999403953552 -0.009150845929980278
v -0.004596194252371788 -0.016249999403953552 -0.004596194252371788
v -0.006005216855555773 -0.016249999403953552 -0.002487442223355174
v -0.012383261695504189 -0.016249999403953552 -0.0023852952290326357
v -0.01917744055390358 -0.016249999403953552 0.002474748995155096
v -0.006005216855555773 -0.016249999403953552 0.002487442223355174
v -0.004596194252371788 -0.016249999403953552 0.004596194252371788
v -0.006500000134110451 -0.016249999403953552 2.551517611711925e-16
v -0.026259198784828186 -0.016249999403953552 0.006905281450599432
v -0.002487442223355174 -0.016249999403953552 0.006005216855555773
v -0.033601418137550354 -0.016249999403953552 0.01088933926075697
v -0.039528679102659225 -0.016249999403953552 0.033378683030605316
v -0.04165000095963478 -0.016249999403953552 0.032499998807907104
v -0.053162138909101486 -0.016249999403953552 0.030285224318504333
v -0.05278301239013672 -0.016249999403953552 0.030853115022182465
v -0.056905392557382584 -0.016249999403953552 0.020019005984067917
v -0.05265006422996521 -0.016249999403953552 0.03152286261320114
v -0.04279804974794388 -0.016249999403953552 0.03272836282849312
v -0.05373100936412811 -0.016249999403953552 0.03313922509551048
v -0.04377131909132004 -0.016249999403953552 0.033378683030605316
v -0.044421639293432236 -0.016249999403953552 0.03435194864869118
v -0.05316311866044998 -0.016249999403953552 0.032760098576545715
v -0.0527835413813591 -0.016249999403953552 0.03219250589609146
v -0.05372972786426544 -0.016249999403953552 0.029905647039413452
v -0.0621715746819973 -0.016249999403953552 0.02575412206351757
v -0.06346926838159561 -0.016249999403953552 0.024887030944228172
v -0.06499999761581421 -0.016249999403953552 0.024582548066973686
v -0.06499999761581421 -0.016249999403953552 0.022082548588514328
v -0.0613044835627079 -0.016249999403953552 0.027051815763115883
v -0.05439937114715576 -0.016249999403953552 0.02977217175066471
v -0.05506912246346474 -0.016249999403953552 0.02990511618554592
v -0.061000000685453415 -0.016249999403953552 0.02858254872262478
v -0.0613044835627079 -0.016249999403953552 0.030113281682133675
v -0.06823516637086868 -0.016249999403953552 0.023941675201058388
v -0.0665307343006134 -0.016249999403953552 0.024887030944228172
v -0.06675945967435837 -0.016249999403953552 0.022765228524804115
v -0.06929275393486023 -0.016249999403953552 0.025504766032099724
v -0.06782842427492142 -0.016249999403953552 0.02575412206351757
v -0.06869551539421082 -0.016249999403953552 0.027051815763115883
v -0.0689999982714653 -0.016249999403953552 0.02858254872262478
v -0.06983592361211777 -0.016249999403953552 0.027312172576785088
v -0.07063987106084824 -0.016249999403953552 0.032318536192178726
v -0.05601659044623375 -0.016249999403953552 0.030851835384964943
v -0.05563701316714287 -0.016249999403953552 0.030284244567155838
v -0.06346926838159561 -0.016249999403953552 0.032278068363666534
v -0.055637992918491364 -0.016249999403953552 0.03275911882519722
v -0.05507040023803711 -0.016249999403953552 0.0331386961042881
v -0.05440075695514679 -0.016249999403953552 0.03327216953039169
v -0.0704568549990654 -0.016249999403953552 0.037385739386081696
v -0.05601711943745613 -0.016249999403953552 0.03219122812151909
v -0.05615006387233734 -0.016249999403953552 0.031521476805210114
v -0.0621715746819973 -0.016249999403953552 0.031410977244377136
v -0.06869551539421082 -0.016249999403953552 0.030113281682133675
v -0.06782842427492142 -0.016249999403953552 0.031410977244377136
v -0.06499999761581421 -0.016249999403953552 0.03258254751563072
v -0.0665307343006134 -0.016249999403953552 0.032278068363666534
v -0.04464999586343765 -0.016249999403953552 0.03550000116229057
v 0.032172106206417084 -0.016249999403953552 0.04840528219938278
v 0.030785944312810898 -0.016249999403953552 0.050567518919706345
v -0.04165000095963478 -0.016249999403953552 0.03849999979138374
v 0.020969266071915627 -0.016249999403953552 0.056637030094861984
v 0.03015640564262867 -0.016249999403953552 0.05305757746100426
v 0.02250000089406967 -0.016249999403953552 0.0563325472176075
v 0.029473884031176567 -0.016249999403953552 0.06093665957450867
v 0.026195518672466278 -0.016249999403953552 0.058801814913749695
v 0.02532842755317688 -0.016249999403953552 0.05750412121415138
v 0.024030733853578568 -0.016249999403953552 0.056637030094861984
v -0.0642402321100235 -0.016249999403953552 0.051057394593954086
v 0.026499999687075615 -0.016249999403953552 0.06033254787325859
v 0.01152815017849207 -0.016249999403953552 0.05935928225517273
v 0.019671572372317314 -0.016249999403953552 0.05750412121415138
v 0.012197793461382389 -0.016249999403953552 0.05949275568127632
v 0.018804481253027916 -0.016249999403953552 0.058801814913749695
v 0.010858401656150818 -0.016249999403953552 0.05949222669005394
v 0.012765384279191494 -0.016249999403953552 0.0598723329603672
v 0.01850000023841858 -0.016249999403953552 0.06033254787325859
v 0.013144511729478836 -0.016249999403953552 0.060440223664045334
v -0.06054187938570976 -0.016249999403953552 0.05452614650130272
v -0.040501948446035385 -0.016249999403953552 0.03827163949608803
v 0.03417201340198517 -0.016249999403953552 0.04679373651742935
v 0.013277457095682621 -0.016249999403953552 0.06110997498035431
v 0.026195518672466278 -0.016249999403953552 0.06186328083276749
v 0.02869059331715107 -0.016249999403953552 0.06360004842281342
v 0.02532842755317688 -0.016249999403953552 0.0631609782576561
v 0.024030733853578568 -0.016249999403953552 0.0640280693769455
v 0.02171354368329048 -0.016249999403953552 0.06728822737932205
v 0.026933584362268448 -0.016249999403953552 0.06574949622154236
v 0.024479219689965248 -0.016249999403953552 0.06704691052436829
v 0.02250000089406967 -0.016249999403953552 0.06433255225419998
v 0.020969266071915627 -0.016249999403953552 0.0640280693769455
v 0.01314398180693388 -0.016249999403953552 0.06177961826324463
v 0.018804481253027916 -0.016249999403953552 0.06186328083276749
v 0.012764404527842999 -0.016249999403953552 0.062347207218408585
v 0.019671572372317314 -0.016249999403953552 0.0631609782576561
v 0.011526765301823616 -0.016249999403953552 0.06285928189754486
v 0.010857122018933296 -0.016249999403953552 0.06272580474615097
v 0.012196513824164867 -0.016249999403953552 0.06272633373737335
v -0.051500000059604645 -0.016249999403953552 0.05901020020246506
v -0.044421639293432236 -0.016249999403953552 0.03664804995059967
v -0.04377131909132004 -0.016249999403953552 0.03762131929397583
v -0.0621173158288002 -0.016249999403953552 0.039158668369054794
v -0.04279804974794388 -0.016249999403953552 0.03827163949608803
v -0.06179289147257805 -0.016249999403953552 0.03937544301152229
v -0.06157612055540085 -0.016249999403953552 0.040465231984853745
v -0.061500001698732376 -0.016249999403953552 0.040082547813653946
v -0.06157612055540085 -0.016249999403953552 0.03969986364245415
v -0.0625 -0.016249999403953552 0.03908254951238632
v -0.06320710480213165 -0.016249999403953552 0.03937544301152229
v -0.0628826841711998 -0.016249999403953552 0.039158668369054794
v -0.06342387944459915 -0.016249999403953552 0.03969986364245415
v -0.06350000202655792 -0.016249999403953552 0.040082547813653946
v -0.06929381191730499 -0.016249999403953552 0.042321059852838516
v -0.05624060705304146 -0.016249999403953552 0.057211119681596756
v -0.0621173158288002 -0.016249999403953552 0.0410064272582531
v -0.06179289147257805 -0.016249999403953552 0.0407896563410759
v 0.010290510952472687 -0.016249999403953552 0.05987135320901871
v 0.009910933673381805 -0.016249999403953552 0.06043894588947296
v 0.00977745745331049 -0.016249999403953552 0.06110858917236328
v 0.00991040375083685 -0.016249999403953552 0.06177833676338196
v 0.010289531201124191 -0.016249999403953552 0.06234622746706009
v -0.06719499826431274 -0.016249999403953552 0.046936795115470886
v -0.06342387944459915 -0.016249999403953552 0.040465231984853745
v -0.06320710480213165 -0.016249999403953552 0.0407896563410759
v -0.0628826841711998 -0.016249999403953552 0.0410064272582531
v -0.0625 -0.016249999403953552 0.04108254984021187
v 0.1779133826494217 0.010250000283122063 -0.007667451165616512
v 0.17929521203041077 -0.0101500004529953 0.015591536648571491
v 0.17929521203041077 0.010250000283122063 0.015591536648571491
v 0.1779133826494217 -0.0101500004529953 -0.007667451165616512
v 0.18930156528949738 -0.006500000134110451 0.013619300909340382
v 0.18918953835964203 -0.007074024993926287 0.013641380704939365
v 0.19204983115196228 -0.0101500004529953 0.01307761948555708
v 0.18887051939964294 -0.007560660131275654 0.013704259879887104
v 0.18918953835964203 -0.0059259748086333275 0.013641380704939365
v 0.18918953835964203 0.0059259748086333275 0.013641380704939365
v 0.18839305639266968 -0.007885819301009178 0.01379836443811655
v 0.1878298670053482 -0.00800000037997961 0.013909367844462395
v 0.18887051939964294 0.00543933967128396 0.013704259879887104
v 0.18839305639266968 -0.005114180501550436 0.01379836443811655
v 0.18887051939964294 -0.00543933967128396 0.013704259879887104
v 0.18726667761802673 -0.007885819301009178 0.014020372182130814
v 0.19204983115196228 0.010250000283122063 0.01307761948555708
v 0.18930156528949738 0.006500000134110451 0.013619300909340382
v 0.18887051939964294 0.007560660131275654 0.013704259879887104
v 0.18918953835964203 0.007074024993926287 0.013641380704939365
v 0.18839305639266968 0.005114180501550436 0.01379836443811655
v 0.18839305639266968 0.007885819301009178 0.01379836443811655
v 0.1878298670053482 -0.004999999888241291 0.013909367844462395
v 0.1878298670053482 0.004999999888241291 0.013909367844462395
v 0.1878298670053482 0.00800000037997961 0.013909367844462395
v 0.17929521203041077 -0.0101500004529953 0.015591536648571491
v 0.18678922951221466 -0.007560660131275654 0.01411447674036026
v 0.18726667761802673 0.005114180501550436 0.014020372182130814
v 0.18726667761802673 -0.005114180501550436 0.014020372182130814
v 0.18635818362236023 -0.006500000134110451 0.014199436642229557
v 0.18647021055221558 -0.007074024993926287 0.014177354983985424
v 0.18647021055221558 -0.0059259748086333275 0.014177354983985424
v 0.18678922951221466 -0.00543933967128396 0.01411447674036026
v 0.18678922951221466 0.00543933967128396 0.01411447674036026
v 0.18647021055221558 0.0059259748086333275 0.014177354983985424
v 0.17929521203041077 0.010250000283122063 0.015591536648571491
v 0.18726667761802673 0.007885819301009178 0.014020372182130814
v 0.18635818362236023 0.006500000134110451 0.014199436642229557
v 0.18647021055221558 0.007074024993926287 0.014177354983985424
v 0.18678922951221466 0.007560660131275654 0.01411447674036026
v 0.1779133826494217 -0.0101500004529953 -0.007667451165616512
v 0.2011902779340744 -0.0101500004529953 -0.007667451165616512
v 0.2007533460855484 -0.0101500004529953 -0.007566946092993021
v 0.1908266693353653 -0.0101500004529953 -0.005307889077812433
v 0.20040424168109894 -0.0101500004529953 -0.007285633124411106
v 0.19970473647117615 -0.0101500004529953 -0.0043721129186451435
v 0.20121397078037262 -0.0101500004529953 -0.0056677320972085
v 0.20164838433265686 -0.0101500004529953 -0.005778562277555466
v 0.2004191130399704 -0.0101500004529953 -0.006030817050486803
v 0.20077477395534515 -0.0101500004529953 -0.0057578557170927525
v 0.19163846969604492 -0.0101500004529953 -0.004496094770729542
v 0.20021845400333405 -0.0101500004529953 -0.00643174909055233
v 0.19826550781726837 -0.0101500004529953 -0.0024526091292500496
v 0.19200000166893005 -0.0101500004529953 0.007577930111438036
v 0.1973610371351242 -0.0101500004529953 0.0022044151555746794
v 0.19257402420043945 -0.0101500004529953 0.007692110724747181
v 0.1908266693353653 -0.0101500004529953 -0.0025362505111843348
v 0.1974601149559021 -0.0101500004529953 -0.00019268358300905675
v 0.19797714054584503 -0.0101500004529953 0.004523101728409529
v 0.19163846969604492 -0.0101500004529953 -0.0033480445854365826
v 0.20021313428878784 -0.0101500004529953 -0.006880059372633696
v 0.20327621698379517 -0.0101500004529953 0.009068823419511318
v 0.20382490754127502 -0.0101500004529953 0.009440338239073753
v 0.20402155816555023 -0.0101500004529953 0.010035857558250427
v 0.20107398927211761 -0.0101500004529953 0.008116912096738815
v 0.20320305228233337 -0.0101500004529953 0.011019250378012657
v 0.20402085781097412 -0.0101500004529953 0.010073339566588402
v 0.20377804338932037 -0.0101500004529953 0.010689882561564445
v 0.19338582456111908 -0.0101500004529953 0.009651955217123032
v 0.19338582456111908 -0.0101500004529953 0.008503904566168785
v 0.19306066632270813 -0.0101500004529953 0.008017269894480705
v 0.19925305247306824 -0.0101500004529953 0.006554842926561832
v 0.19349999725818634 -0.0101500004529953 0.009077929891645908
v 0.19306066632270813 -0.0101500004529953 0.010138589888811111
v 0.19204983115196228 -0.0101500004529953 0.01307761948555708
v 0.19131331145763397 -0.0101500004529953 -0.004982729908078909
v 0.1902526468038559 -0.0101500004529953 -0.005422069691121578
v 0.19175264239311218 -0.0101500004529953 -0.003922069910913706
v 0.19131331145763397 -0.0101500004529953 -0.002861409680917859
v 0.18919198215007782 -0.0101500004529953 -0.004982729908078909
v 0.1896786242723465 -0.0101500004529953 -0.005307889077812433
v 0.18886682391166687 -0.0101500004529953 -0.004496094770729542
v 0.1887526512145996 -0.0101500004529953 -0.003922069910913706
v 0.18886682391166687 -0.0101500004529953 -0.0033480445854365826
v 0.18919198215007782 -0.0101500004529953 -0.002861409680917859
v 0.19061417877674103 -0.0101500004529953 0.008503904566168785
v 0.1902526468038559 -0.0101500004529953 -0.0024220698978751898
v 0.19142597913742065 -0.0101500004529953 0.007692110724747181
v 0.1896786242723465 -0.0101500004529953 -0.0025362505111843348
v 0.19093933701515198 -0.0101500004529953 0.008017269894480705
v 0.19257402420043945 -0.0101500004529953 0.010463749058544636
v 0.19200000166893005 -0.0101500004529953 0.010577930137515068
v 0.19142597913742065 -0.0101500004529953 0.010463749058544636
v 0.19093933701515198 -0.0101500004529953 0.010138589888811111
v 0.17929521203041077 -0.0101500004529953 0.015591536648571491
v 0.19061417877674103 -0.0101500004529953 0.009651955217123032
v 0.19050000607967377 -0.0101500004529953 0.009077929891645908
v 0.2088133841753006 -0.013450000435113907 0.0013325486797839403
v 0.2085469514131546 0.013649999164044857 0.002671940717846155
v 0.2088133841753006 0.013649999164044857 0.0013325486797839403
v 0.20778825879096985 -0.013450000435113907 0.003807422472164035
v 0.20665277540683746 0.013649999164044857 0.004566126968711615
v 0.20778825879096985 0.013649999164044857 0.003807422472164035
v 0.2085469514131546 -0.013450000435113907 0.002671940717846155
v 0.20665277540683746 -0.013450000435113907 0.004566126968711615
v 0.20531338453292847 0.013649999164044857 0.004832548554986715
v 0.20283851027488708 0.013649999164044857 0.003807422472164035
v 0.20397399365901947 0.013649999164044857 0.004566126968711615
v 0.20397399365901947 -0.013450000435113907 0.004566126968711615
v 0.20531338453292847 -0.013450000435113907 0.004832548554986715
v 0.20207980275154114 0.013649999164044857 0.002671940717846155
v 0.20283851027488708 -0.013450000435113907 0.003807422472164035
v 0.20207980275154114 -0.013450000435113907 0.002671940717846155
v 0.20181338489055634 0.013649999164044857 0.0013325486797839403
v 0.2085469514131546 -0.013450000435113907 -6.843253686383832e-06
v 0.20207980275154114 0.013649999164044857 -6.843253686383832e-06
v 0.20207980275154114 -0.013450000435113907 -6.843253686383832e-06
v 0.20397399365901947 0.013649999164044857 -0.001901029609143734
v 0.20283851027488708 0.013649999164044857 -0.0011423249961808324
v 0.20397399365901947 -0.013450000435113907 -0.001901029609143734
v 0.20283851027488708 -0.013450000435113907 -0.0011423249961808324
v 0.20531338453292847 -0.013450000435113907 -0.0021674511954188347
v 0.20531338453292847 0.013649999164044857 -0.0021674511954188347
v 0.2085469514131546 0.013649999164044857 -6.843253686383832e-06
v 0.20778825879096985 0.013649999164044857 -0.0011423249961808324
v 0.20778825879096985 -0.013450000435113907 -0.0011423249961808324
v 0.20665277540683746 0.013649999164044857 -0.001901029609143734
v 0.20665277540683746 -0.013450000435113907 -0.001901029609143734
v 0.20181338489055634 -0.013450000435113907 0.0013325486797839403
v 0.20884890854358673 0.013649999164044857 -0.0022029851097613573
v 0.20778825879096985 0.013649999164044857 -0.0011423249961808324
v 0.20993277430534363 0.013649999164044857 -0.0005808683345094323
v 0.20665277540683746 0.013649999164044857 -0.001901029609143734
v 0.2085469514131546 0.013649999164044857 -6.843253686383832e-06
v 0.21031337976455688 0.013649999164044857 0.0013325486797839403
v 0.20722679793834686 0.013649999164044857 -0.003286849008873105
v 0.20531338453292847 0.013649999164044857 -0.0036674512084573507
v 0.20531338453292847 0.013649999164044857 -0.0021674511954188347
v 0.20339995622634888 0.013649999164044857 -0.003286849008873105
v 0.20993277430534363 0.013649999164044857 0.0032459658104926348
v 0.2085469514131546 0.013649999164044857 0.002671940717846155
v 0.2088133841753006 0.013649999164044857 0.0013325486797839403
v 0.20778825879096985 0.013649999164044857 0.003807422472164035
v 0.20884890854358673 0.013649999164044857 0.004868082702159882
v 0.20665277540683746 0.013649999164044857 0.004566126968711615
v 0.20722679793834686 0.013649999164044857 0.005951946601271629
v 0.20531338453292847 0.013649999164044857 0.004832548554986715
v 0.20283851027488708 0.013649999164044857 -0.0011423249961808324
v 0.20397399365901947 0.013649999164044857 -0.001901029609143734
v 0.201777845621109 0.013649999164044857 -0.0022029851097613573
v 0.2006939798593521 0.013649999164044857 -0.0005808683345094323
v 0.20207980275154114 0.013649999164044857 -6.843253686383832e-06
v 0.20031337440013885 0.013649999164044857 0.0013325486797839403
v 0.20181338489055634 0.013649999164044857 0.0013325486797839403
v 0.20207980275154114 0.013649999164044857 0.002671940717846155
v 0.20397399365901947 0.013649999164044857 0.004566126968711615
v 0.20339995622634888 0.013649999164044857 0.005951946601271629
v 0.20531338453292847 0.013649999164044857 0.006332548800855875
v 0.201777845621109 0.013649999164044857 0.004868082702159882
v 0.2006939798593521 0.013649999164044857 0.0032459658104926348
v 0.20283851027488708 0.013649999164044857 0.003807422472164035
v 0.20993277430534363 -0.013450000435113907 -0.0005808683345094323
v 0.20778825879096985 -0.013450000435113907 -0.0011423249961808324
v 0.20884890854358673 -0.013450000435113907 -0.0022029851097613573
v 0.20665277540683746 -0.013450000435113907 -0.001901029609143734
v 0.21031337976455688 -0.013450000435113907 0.0013325486797839403
v 0.2085469514131546 -0.013450000435113907 -6.843253686383832e-06
v 0.20531338453292847 -0.013450000435113907 -0.0021674511954188347
v 0.20531338453292847 -0.013450000435113907 -0.0036674512084573507
v 0.20722679793834686 -0.013450000435113907 -0.003286849008873105
v 0.20339995622634888 -0.013450000435113907 -0.003286849008873105
v 0.2085469514131546 -0.013450000435113907 0.002671940717846155
v 0.20993277430534363 -0.013450000435113907 0.0032459658104926348
v 0.2088133841753006 -0.013450000435113907 0.0013325486797839403
v 0.20884890854358673 -0.013450000435113907 0.004868082702159882
v 0.20778825879096985 -0.013450000435113907 0.003807422472164035
v 0.20665277540683746 -0.013450000435113907 0.004566126968711615
v 0.20531338453292847 -0.013450000435113907 0.004832548554986715
v 0.20722679793834686 -0.013450000435113907 0.005951946601271629
v 0.201777845621109 -0.013450000435113907 -0.0022029851097613573
v 0.20397399365901947 -0.013450000435113907 -0.001901029609143734
v 0.20283851027488708 -0.013450000435113907 -0.0011423249961808324
v 0.20207980275154114 -0.013450000435113907 -6.843253686383832e-06
v 0.2006939798593521 -0.013450000435113907 -0.0005808683345094323
v 0.20031337440013885 -0.013450000435113907 0.0013325486797839403
v 0.20207980275154114 -0.013450000435113907 0.002671940717846155
v 0.20181338489055634 -0.013450000435113907 0.0013325486797839403
v 0.20339995622634888 -0.013450000435113907 0.005951946601271629
v 0.20397399365901947 -0.013450000435113907 0.004566126968711615
v 0.20531338453292847 -0.013450000435113907 0.006332548800855875
v 0.201777845621109 -0.013450000435113907 0.004868082702159882
v 0.20283851027488708 -0.013450000435113907 0.003807422472164035
v 0.2006939798593521 -0.013450000435113907 0.0032459658104926348
v 0.2533133924007416 -0.013450000435113907 -0.0026674512773752213
v 0.2530469596385956 0.013649999164044857 -0.0013280592393130064
v 0.2533133924007416 0.013649999164044857 -0.0026674512773752213
v 0.25228825211524963 -0.013450000435113907 -0.00019257749954704195
v 0.25115278363227844 0.013649999164044857 0.0005661271279677749
v 0.25228825211524963 0.013649999164044857 -0.00019257749954704195
v 0.2530469596385956 -0.013450000435113907 -0.0013280592393130064
v 0.25115278363227844 -0.013450000435113907 0.0005661271279677749
v 0.24981337785720825 0.013649999164044857 0.0008325487724505365
v 0.24733850359916687 0.013649999164044857 -0.00019257749954704195
v 0.24847398698329926 0.013649999164044857 0.0005661271279677749
v 0.24847398698329926 -0.013450000435113907 0.0005661271279677749
v 0.24981337785720825 -0.013450000435113907 0.0008325487724505365
v 0.24657979607582092 0.013649999164044857 -0.0013280592393130064
v 0.24733850359916687 -0.013450000435113907 -0.00019257749954704195
v 0.24657979607582092 -0.013450000435113907 -0.0013280592393130064
v 0.24631337821483612 0.013649999164044857 -0.0026674512773752213
v 0.2530469596385956 0.013649999164044857 -0.0040068430826067924
v 0.24733850359916687 0.013649999164044857 -0.005142325069755316
v 0.24657979607582092 0.013649999164044857 -0.0040068430826067924
v 0.24733850359916687 -0.013450000435113907 -0.005142325069755316
v 0.24847398698329926 -0.013450000435113907 -0.005901029799133539
v 0.24847398698329926 0.013649999164044857 -0.005901029799133539
v 0.24657979607582092 -0.013450000435113907 -0.0040068430826067924
v 0.25115278363227844 0.013649999164044857 -0.005901029799133539
v 0.24981337785720825 0.013649999164044857 -0.00616745138540864
v 0.25115278363227844 -0.013450000435113907 -0.005901029799133539
v 0.2530469596385956 -0.013450000435113907 -0.0040068430826067924
v 0.25228825211524963 0.013649999164044857 -0.005142325069755316
v 0.24981337785720825 -0.013450000435113907 -0.00616745138540864
v 0.25228825211524963 -0.013450000435113907 -0.005142325069755316
v 0.24631337821483612 -0.013450000435113907 -0.0026674512773752213
v 0.2533489167690277 0.013649999164044857 -0.006202985066920519
v 0.25228825211524963 0.013649999164044857 -0.005142325069755316
v 0.2530469596385956 0.013649999164044857 -0.0040068430826067924
v 0.25172680616378784 0.013649999164044857 -0.007286848966032267
v 0.2544327676296234 0.013649999164044857 -0.004580868408083916
v 0.25481337308883667 0.013649999164044857 -0.0026674512773752213
v 0.24981337785720825 0.013649999164044857 -0.007667451165616512
v 0.25115278363227844 0.013649999164044857 -0.005901029799133539
v 0.24981337785720825 0.013649999164044857 -0.00616745138540864
v 0.24789996445178986 0.013649999164044857 -0.007286848966032267
v 0.2544327676296234 0.013649999164044857 -0.0007540340884588659
v 0.2530469596385956 0.013649999164044857 -0.0013280592393130064
v 0.2533133924007416 0.013649999164044857 -0.0026674512773752213
v 0.2533489167690277 0.013649999164044857 0.0008680826867930591
v 0.25228825211524963 0.013649999164044857 -0.00019257749954704195
v 0.25172680616378784 0.013649999164044857 0.0019519464112818241
v 0.25115278363227844 0.013649999164044857 0.0005661271279677749
v 0.24981337785720825 0.013649999164044857 0.0023325488436967134
v 0.24733850359916687 0.013649999164044857 -0.005142325069755316
v 0.24847398698329926 0.013649999164044857 -0.005901029799133539
v 0.2462778389453888 0.013649999164044857 -0.006202985066920519
v 0.2451939880847931 0.013649999164044857 -0.004580868408083916
v 0.24657979607582092 0.013649999164044857 -0.0040068430826067924
v 0.24481338262557983 0.013649999164044857 -0.0026674512773752213
v 0.24631337821483612 0.013649999164044857 -0.0026674512773752213
v 0.24657979607582092 0.013649999164044857 -0.0013280592393130064
v 0.24981337785720825 0.013649999164044857 0.0008325487724505365
v 0.24847398698329926 0.013649999164044857 0.0005661271279677749
v 0.24789996445178986 0.013649999164044857 0.0019519464112818241
v 0.2462778389453888 0.013649999164044857 0.0008680826867930591
v 0.2451939880847931 0.013649999164044857 -0.0007540340884588659
v 0.24733850359916687 0.013649999164044857 -0.00019257749954704195
v 0.2530469596385956 -0.013450000435113907 -0.0040068430826067924
v 0.25228825211524963 -0.013450000435113907 -0.005142325069755316
v 0.2533489167690277 -0.013450000435113907 -0.006202985066920519
v 0.25172680616378784 -0.013450000435113907 -0.007286848966032267
v 0.25481337308883667 -0.013450000435113907 -0.0026674512773752213
v 0.2544327676296234 -0.013450000435113907 -0.004580868408083916
v 0.25115278363227844 -0.013450000435113907 -0.005901029799133539
v 0.24981337785720825 -0.013450000435113907 -0.007667451165616512
v 0.24981337785720825 -0.013450000435113907 -0.00616745138540864
v 0.24789996445178986 -0.013450000435113907 -0.007286848966032267
v 0.2530469596385956 -0.013450000435113907 -0.0013280592393130064
v 0.2544327676296234 -0.013450000435113907 -0.0007540340884588659
v 0.2533133924007416 -0.013450000435113907 -0.0026674512773752213
v 0.2533489167690277 -0.013450000435113907 0.0008680826867930591
v 0.25172680616378784 -0.013450000435113907 0.0019519464112818241
v 0.25228825211524963 -0.013450000435113907 -0.00019257749954704195
v 0.24981337785720825 -0.013450000435113907 0.0023325488436967134
v 0.25115278363227844 -0.013450000435113907 0.0005661271279677749
v 0.2462778389453888 -0.013450000435113907 -0.006202985066920519
v 0.24847398698329926 -0.013450000435113907 -0.005901029799133539
v 0.24733850359916687 -0.013450000435113907 -0.005142325069755316
v 0.24657979607582092 -0.013450000435113907 -0.0040068430826067924
v 0.2451939880847931 -0.013450000435113907 -0.004580868408083916
v 0.24481338262557983 -0.013450000435113907 -0.0026674512773752213
v 0.24657979607582092 -0.013450000435113907 -0.0013280592393130064
v 0.24631337821483612 -0.013450000435113907 -0.0026674512773752213
v 0.24789996445178986 -0.013450000435113907 0.0019519464112818241
v 0.24847398698329926 -0.013450000435113907 0.0005661271279677749
v 0.24981337785720825 -0.013450000435113907 0.0008325487724505365
v 0.2462778389453888 -0.013450000435113907 0.0008680826867930591
v 0.24733850359916687 -0.013450000435113907 -0.00019257749954704195
v 0.2451939880847931 -0.013450000435113907 -0.0007540340884588659
v 0.24820956587791443 -0.008729999884963036 0.006780524738132954
v 0.24820956587791443 -0.010724999941885471 0.006780524738132954
v 0.24981337785720825 -0.010724999941885471 0.0044507612474262714
v 0.24981337785720825 -0.008729999884963036 0.0044507612474262714
v 0.1947903037071228 -0.008729999884963036 0.016639256849884987
v 0.1947903037071228 -0.010724999941885471 0.016639256849884987
v 0.24820956587791443 -0.008729999884963036 0.006780524738132954
v 0.24820956587791443 -0.010724999941885471 0.006780524738132954
v -0.042649999260902405 0.016450000926852226 0.03492264822125435
v -0.04280469939112663 0.016450000926852226 0.03550000116229057
v -0.042649999260902405 0.01629529893398285 0.03550000116229057
v -0.042649999260902405 0.016450000926852226 0.0360773503780365
v -0.04165000095963478 0.016450000926852226 0.03849999979138374
v -0.04279804974794388 0.016450000926852226 0.03827163949608803
v -0.04279804974794388 0.016249999403953552 0.03827163949608803
v -0.04377131909132004 0.016450000926852226 0.03762131929397583
v -0.044421639293432236 0.016450000926852226 0.03664804995059967
v -0.044421639293432236 0.016249999403953552 0.03664804995059967
v -0.04377131909132004 0.016249999403953552 0.03762131929397583
v -0.04464999586343765 0.016450000926852226 0.03550000116229057
v -0.044421639293432236 0.016450000926852226 0.03435194864869118
v -0.044421639293432236 0.016249999403953552 0.03435194864869118
v -0.04377131909132004 0.016450000926852226 0.033378683030605316
v -0.04279804974794388 0.016450000926852226 0.03272836282849312
v -0.04279804974794388 0.016249999403953552 0.03272836282849312
v -0.04377131909132004 0.016249999403953552 0.033378683030605316
v -0.04464999586343765 0.016249999403953552 0.03550000116229057
v -0.04165000095963478 0.016249999403953552 0.03849999979138374
v -0.04165000095963478 0.016249999403953552 0.032499998807907104
v -0.040501948446035385 0.016450000926852226 0.03827163949608803
v -0.04165000095963478 0.016450000926852226 0.032499998807907104
v -0.040501948446035385 0.016450000926852226 0.03272836282849312
v -0.039528679102659225 0.016450000926852226 0.033378683030605316
v -0.040501948446035385 0.016249999403953552 0.03272836282849312
v -0.03887835890054703 0.016450000926852226 0.03435194864869118
v -0.039528679102659225 0.016249999403953552 0.033378683030605316
v -0.03887835890054703 0.016450000926852226 0.03664804995059967
v -0.039528679102659225 0.016450000926852226 0.03762131929397583
v -0.039528679102659225 0.016249999403953552 0.03762131929397583
v -0.03864999860525131 0.016450000926852226 0.03550000116229057
v -0.03887835890054703 0.016249999403953552 0.03664804995059967
v -0.040501948446035385 0.016249999403953552 0.03827163949608803
v -0.03864999860525131 0.016249999403953552 0.03550000116229057
v -0.03887835890054703 0.016249999403953552 0.03435194864869118
v -0.041072648018598557 0.016450000926852226 0.0364999994635582
v -0.040501948446035385 0.016450000926852226 0.03827163949608803
v -0.039528679102659225 0.016450000926852226 0.03762131929397583
v -0.04064999893307686 0.016450000926852226 0.0360773503780365
v -0.03887835890054703 0.016450000926852226 0.03664804995059967
v -0.04049529880285263 0.016450000926852226 0.03550000116229057
v -0.03864999860525131 0.016450000926852226 0.03550000116229057
v -0.03887835890054703 0.016450000926852226 0.03435194864869118
v -0.04165000095963478 0.016450000926852226 0.036654699593782425
v -0.04279804974794388 0.016450000926852226 0.03827163949608803
v -0.04222735017538071 0.016450000926852226 0.0364999994635582
v -0.04377131909132004 0.016450000926852226 0.03762131929397583
v -0.04165000095963478 0.016450000926852226 0.03849999979138374
v -0.042649999260902405 0.016450000926852226 0.0360773503780365
v -0.044421639293432236 0.016450000926852226 0.03664804995059967
v -0.04280469939112663 0.016450000926852226 0.03550000116229057
v -0.041072648018598557 0.016450000926852226 0.03449999913573265
v -0.04064999893307686 0.016450000926852226 0.03492264822125435
v -0.039528679102659225 0.016450000926852226 0.033378683030605316
v -0.040501948446035385 0.016450000926852226 0.03272836282849312
v -0.04165000095963478 0.016450000926852226 0.03434529900550842
v -0.04165000095963478 0.016450000926852226 0.032499998807907104
v -0.04279804974794388 0.016450000926852226 0.03272836282849312
v -0.04464999586343765 0.016450000926852226 0.03550000116229057
v -0.044421639293432236 0.016450000926852226 0.03435194864869118
v -0.042649999260902405 0.016450000926852226 0.03492264822125435
v -0.04222735017538071 0.016450000926852226 0.03449999913573265
v -0.04377131909132004 0.016450000926852226 0.033378683030605316
v -0.04165000095963478 0.015259999781847 0.036654699593782425
v -0.042649999260902405 0.015259999781847 0.0360773503780365
v -0.042149998247623444 0.01629529893398285 0.03636602684855461
v -0.042649999260902405 0.016450000926852226 0.0360773503780365
v -0.04165000095963478 0.016450000926852226 0.036654699593782425
v -0.042649999260902405 0.01629529893398285 0.03550000116229057
v -0.042649999260902405 0.015259999781847 0.03492264822125435
v -0.042649999260902405 0.016450000926852226 0.03492264822125435
v -0.042649999260902405 0.016450000926852226 0.0360773503780365
v -0.042649999260902405 0.015259999781847 0.0360773503780365
v -0.042649999260902405 0.015259999781847 0.03492264822125435
v -0.04165000095963478 0.015259999781847 0.03434529900550842
v -0.042149998247623444 0.01629529893398285 0.034633975476026535
v -0.04165000095963478 0.016450000926852226 0.03434529900550842
v -0.042649999260902405 0.016450000926852226 0.03492264822125435
v -0.04114999994635582 0.01629529893398285 0.034633975476026535
v -0.04165000095963478 0.016450000926852226 0.03434529900550842
v -0.04165000095963478 0.015259999781847 0.03434529900550842
v -0.04064999893307686 0.015259999781847 0.03492264822125435
v -0.04064999893307686 0.016450000926852226 0.03492264822125435
v -0.04064999893307686 0.01629529893398285 0.03550000116229057
v -0.04064999893307686 0.015259999781847 0.03492264822125435
v -0.04064999893307686 0.015259999781847 0.0360773503780365
v -0.04064999893307686 0.016450000926852226 0.03492264822125435
v -0.04064999893307686 0.016450000926852226 0.0360773503780365
v -0.04114999994635582 0.01629529893398285 0.03636602684855461
v -0.04064999893307686 0.015259999781847 0.0360773503780365
v -0.04165000095963478 0.015259999781847 0.036654699593782425
v -0.04064999893307686 0.016450000926852226 0.0360773503780365
v -0.04165000095963478 0.016450000926852226 0.036654699593782425
v -0.04064999893307686 0.015259999781847 0.0360773503780365
v -0.04064999893307686 0.015259999781847 0.03492264822125435
v -0.04165000095963478 0.015259999781847 0.036654699593782425
v -0.04165000095963478 0.015259999781847 0.03434529900550842
v -0.042649999260902405 0.015259999781847 0.03492264822125435
v -0.042649999260902405 0.015259999781847 0.0360773503780365
v -0.041072648018598557 0.016450000926852226 0.0364999994635582
v -0.04114999994635582 0.01629529893398285 0.03636602684855461
v -0.04165000095963478 0.016450000926852226 0.036654699593782425
v -0.04064999893307686 0.016450000926852226 0.0360773503780365
v -0.04114999994635582 0.01629529893398285 0.034633975476026535
v -0.04064999893307686 0.016450000926852226 0.03492264822125435
v -0.041072648018598557 0.016450000926852226 0.03449999913573265
v -0.04165000095963478 0.016450000926852226 0.03434529900550842
v -0.042149998247623444 0.01629529893398285 0.034633975476026535
v -0.04222735017538071 0.016450000926852226 0.03449999913573265
v -0.04049529880285263 0.016450000926852226 0.03550000116229057
v -0.04064999893307686 0.01629529893398285 0.03550000116229057
v -0.04222735017538071 0.016450000926852226 0.0364999994635582
v -0.042149998247623444 0.01629529893398285 0.03636602684855461
v 0.04749999940395355 0.016450000926852226 0.03492264822125435
v 0.047345299273729324 0.016450000926852226 0.03550000116229057
v 0.04749999940395355 0.01629529893398285 0.03550000116229057
v 0.04749999940395355 0.016450000926852226 0.0360773503780365
v 0.04735194891691208 0.016450000926852226 0.03827163949608803
v 0.04637867957353592 0.016450000926852226 0.03762131929397583
v 0.04637867957353592 0.016249999403953552 0.03762131929397583
v 0.04572836309671402 0.016450000926852226 0.03664804995059967
v 0.04572836309671402 0.016249999403953552 0.03664804995059967
v 0.048500001430511475 0.016450000926852226 0.03849999979138374
v 0.04735194891691208 0.016249999403953552 0.03827163949608803
v 0.045499999076128006 0.016249999403953552 0.03550000116229057
v 0.045499999076128006 0.016450000926852226 0.03550000116229057
v 0.04637867957353592 0.016249999403953552 0.033378683030605316
v 0.04572836309671402 0.016450000926852226 0.03435194864869118
v 0.04637867957353592 0.016450000926852226 0.033378683030605316
v 0.04572836309671402 0.016249999403953552 0.03435194864869118
v 0.04735194891691208 0.016249999403953552 0.03272836282849312
v 0.04735194891691208 0.016450000926852226 0.03272836282849312
v 0.048500001430511475 0.016249999403953552 0.03849999979138374
v 0.048500001430511475 0.016249999403953552 0.032499998807907104
v 0.04964805021882057 0.016249999403953552 0.03827163949608803
v 0.04964805021882057 0.016249999403953552 0.03272836282849312
v 0.048500001430511475 0.016450000926852226 0.032499998807907104
v 0.04964805021882057 0.016450000926852226 0.03272836282849312
v 0.05062131956219673 0.016450000926852226 0.033378683030605316
v 0.05127163976430893 0.016450000926852226 0.03435194864869118
v 0.05062131956219673 0.016249999403953552 0.033378683030605316
v 0.051500000059604645 0.016450000926852226 0.03550000116229057
v 0.05127163976430893 0.016450000926852226 0.03664804995059967
v 0.05127163976430893 0.016249999403953552 0.03664804995059967
v 0.05062131956219673 0.016450000926852226 0.03762131929397583
v 0.04964805021882057 0.016450000926852226 0.03827163949608803
v 0.05062131956219673 0.016249999403953552 0.03762131929397583
v 0.051500000059604645 0.016249999403953552 0.03550000116229057
v 0.05127163976430893 0.016249999403953552 0.03435194864869118
v 0.0490773506462574 0.016450000926852226 0.0364999994635582
v 0.04964805021882057 0.016450000926852226 0.03827163949608803
v 0.05062131956219673 0.016450000926852226 0.03762131929397583
v 0.0494999997317791 0.016450000926852226 0.0360773503780365
v 0.05127163976430893 0.016450000926852226 0.03664804995059967
v 0.049654699862003326 0.016450000926852226 0.03550000116229057
v 0.051500000059604645 0.016450000926852226 0.03550000116229057
v 0.05127163976430893 0.016450000926852226 0.03435194864869118
v 0.048500001430511475 0.016450000926852226 0.036654699593782425
v 0.04735194891691208 0.016450000926852226 0.03827163949608803
v 0.04792264848947525 0.016450000926852226 0.0364999994635582
v 0.04637867957353592 0.016450000926852226 0.03762131929397583
v 0.048500001430511475 0.016450000926852226 0.03849999979138374
v 0.04749999940395355 0.016450000926852226 0.0360773503780365
v 0.04572836309671402 0.016450000926852226 0.03664804995059967
v 0.047345299273729324 0.016450000926852226 0.03550000116229057
v 0.0490773506462574 0.016450000926852226 0.03449999913573265
v 0.0494999997317791 0.016450000926852226 0.03492264822125435
v 0.05062131956219673 0.016450000926852226 0.033378683030605316
v 0.04964805021882057 0.016450000926852226 0.03272836282849312
v 0.048500001430511475 0.016450000926852226 0.03434529900550842
v 0.048500001430511475 0.016450000926852226 0.032499998807907104
v 0.04735194891691208 0.016450000926852226 0.03272836282849312
v 0.045499999076128006 0.016450000926852226 0.03550000116229057
v 0.04572836309671402 0.016450000926852226 0.03435194864869118
v 0.04749999940395355 0.016450000926852226 0.03492264822125435
v 0.04792264848947525 0.016450000926852226 0.03449999913573265
v 0.04637867957353592 0.016450000926852226 0.033378683030605316
v 0.048500001430511475 0.015259999781847 0.036654699593782425
v 0.04749999940395355 0.015259999781847 0.0360773503780365
v 0.04800000041723251 0.01629529893398285 0.03636602684855461
v 0.04749999940395355 0.016450000926852226 0.0360773503780365
v 0.048500001430511475 0.016450000926852226 0.036654699593782425
v 0.04749999940395355 0.01629529893398285 0.03550000116229057
v 0.04749999940395355 0.015259999781847 0.03492264822125435
v 0.04749999940395355 0.016450000926852226 0.03492264822125435
v 0.04749999940395355 0.016450000926852226 0.0360773503780365
v 0.04749999940395355 0.015259999781847 0.0360773503780365
v 0.04749999940395355 0.015259999781847 0.03492264822125435
v 0.048500001430511475 0.015259999781847 0.03434529900550842
v 0.04800000041723251 0.01629529893398285 0.034633975476026535
v 0.048500001430511475 0.016450000926852226 0.03434529900550842
v 0.04749999940395355 0.016450000926852226 0.03492264822125435
v 0.04899999871850014 0.01629529893398285 0.034633975476026535
v 0.048500001430511475 0.016450000926852226 0.03434529900550842
v 0.048500001430511475 0.015259999781847 0.03434529900550842
v 0.0494999997317791 0.015259999781847 0.03492264822125435
v 0.0494999997317791 0.016450000926852226 0.03492264822125435
v 0.0494999997317791 0.01629529893398285 0.03550000116229057
v 0.0494999997317791 0.015259999781847 0.03492264822125435
v 0.0494999997317791 0.015259999781847 0.0360773503780365
v 0.0494999997317791 0.016450000926852226 0.03492264822125435
v 0.0494999997317791 0.016450000926852226 0.0360773503780365
v 0.04899999871850014 0.01629529893398285 0.03636602684855461
v 0.0494999997317791 0.015259999781847 0.0360773503780365
v 0.048500001430511475 0.015259999781847 0.036654699593782425
v 0.0494999997317791 0.016450000926852226 0.0360773503780365
v 0.048500001430511475 0.016450000926852226 0.036654699593782425
v 0.0494999997317791 0.015259999781847 0.0360773503780365
v 0.0494999997317791 0.015259999781847 0.03492264822125435
v 0.048500001430511475 0.015259999781847 0.036654699593782425
v 0.048500001430511475 0.015259999781847 0.03434529900550842
v 0.04749999940395355 0.015259999781847 0.03492264822125435
v 0.04749999940395355 0.015259999781847 0.0360773503780365
v 0.04899999871850014 0.01629529893398285 0.03636602684855461
v 0.048500001430511475 0.016450000926852226 0.036654699593782425
v 0.0490773506462574 0.016450000926852226 0.0364999994635582
v 0.0494999997317791 0.016450000926852226 0.0360773503780365
v 0.04899999871850014 0.01629529893398285 0.034633975476026535
v 0.0494999997317791 0.016450000926852226 0.03492264822125435
v 0.0490773506462574 0.016450000926852226 0.03449999913573265
v 0.048500001430511475 0.016450000926852226 0.03434529900550842
v 0.04800000041723251 0.01629529893398285 0.034633975476026535
v 0.04792264848947525 0.016450000926852226 0.03449999913573265
v 0.049654699862003326 0.016450000926852226 0.03550000116229057
v 0.0494999997317791 0.01629529893398285 0.03550000116229057
v 0.04792264848947525 0.016450000926852226 0.0364999994635582
v 0.04800000041723251 0.01629529893398285 0.03636602684855461
v 0.042500000447034836 0.016450000926852226 -0.0020773501601070166
v 0.04234530031681061 0.016450000926852226 -0.001500000013038516
v 0.042500000447034836 0.01629529893398285 -0.001500000013038516
v 0.042500000447034836 0.016450000926852226 -0.0009226497495546937
v 0.04349999874830246 0.016450000926852226 0.001500000013038516
v 0.04235194995999336 0.016450000926852226 0.0012716385535895824
v 0.04349999874830246 0.016249999403953552 0.001500000013038516
v 0.0413786806166172 0.016450000926852226 0.0006213203305378556
v 0.040728360414505005 0.016450000926852226 -0.000351949711330235
v 0.0413786806166172 0.016249999403953552 0.0006213203305378556
v 0.04235194995999336 0.016249999403953552 0.0012716385535895824
v 0.04050000011920929 0.016450000926852226 -0.001500000013038516
v 0.040728360414505005 0.016450000926852226 -0.0026480501983314753
v 0.040728360414505005 0.016249999403953552 -0.0026480501983314753
v 0.0413786806166172 0.016450000926852226 -0.003621320240199566
v 0.04235194995999336 0.016450000926852226 -0.0042716385796666145
v 0.0413786806166172 0.016249999403953552 -0.003621320240199566
v 0.04050000011920929 0.016249999403953552 -0.001500000013038516
v 0.040728360414505005 0.016249999403953552 -0.000351949711330235
v 0.04235194995999336 0.016249999403953552 -0.0042716385796666145
v 0.04349999874830246 0.016450000926852226 -0.0044999998062849045
v 0.044648051261901855 0.016249999403953552 0.0012716385535895824
v 0.04349999874830246 0.016249999403953552 -0.0044999998062849045
v 0.044648051261901855 0.016450000926852226 -0.0042716385796666145
v 0.045621320605278015 0.016249999403953552 -0.003621320240199566
v 0.045621320605278015 0.016450000926852226 -0.003621320240199566
v 0.046271637082099915 0.016450000926852226 -0.0026480501983314753
v 0.044648051261901855 0.016249999403953552 -0.0042716385796666145
v 0.046271637082099915 0.016450000926852226 -0.000351949711330235
v 0.045621320605278015 0.016450000926852226 0.0006213203305378556
v 0.045621320605278015 0.016249999403953552 0.0006213203305378556
v 0.04650000110268593 0.016450000926852226 -0.001500000013038516
v 0.046271637082099915 0.016249999403953552 -0.000351949711330235
v 0.044648051261901855 0.016450000926852226 0.0012716385535895824
v 0.046271637082099915 0.016249999403953552 -0.0026480501983314753
v 0.04650000110268593 0.016249999403953552 -0.001500000013038516
v 0.044648051261901855 0.016450000926852226 0.0012716385535895824
v 0.04349999874830246 0.016450000926852226 -0.0003452994569670409
v 0.04349999874830246 0.016450000926852226 0.001500000013038516
v 0.044077351689338684 0.016450000926852226 -0.0005000000237487257
v 0.045621320605278015 0.016450000926852226 0.0006213203305378556
v 0.046271637082099915 0.016450000926852226 -0.000351949711330235
v 0.04465470090508461 0.016450000926852226 -0.001500000013038516
v 0.04450000077486038 0.016450000926852226 -0.0009226497495546937
v 0.04650000110268593 0.016450000926852226 -0.001500000013038516
v 0.0413786806166172 0.016450000926852226 0.0006213203305378556
v 0.04235194995999336 0.016450000926852226 0.0012716385535895824
v 0.042922649532556534 0.016450000926852226 -0.0005000000237487257
v 0.042500000447034836 0.016450000926852226 -0.0009226497495546937
v 0.040728360414505005 0.016450000926852226 -0.000351949711330235
v 0.04234530031681061 0.016450000926852226 -0.001500000013038516
v 0.04050000011920929 0.016450000926852226 -0.001500000013038516
v 0.04450000077486038 0.016450000926852226 -0.0020773501601070166
v 0.045621320605278015 0.016450000926852226 -0.003621320240199566
v 0.044077351689338684 0.016450000926852226 -0.0024999999441206455
v 0.046271637082099915 0.016450000926852226 -0.0026480501983314753
v 0.044648051261901855 0.016450000926852226 -0.0042716385796666145
v 0.04349999874830246 0.016450000926852226 -0.0026547005400061607
v 0.04349999874830246 0.016450000926852226 -0.0044999998062849045
v 0.040728360414505005 0.016450000926852226 -0.0026480501983314753
v 0.042500000447034836 0.016450000926852226 -0.0020773501601070166
v 0.0413786806166172 0.016450000926852226 -0.003621320240199566
v 0.042922649532556534 0.016450000926852226 -0.0024999999441206455
v 0.04235194995999336 0.016450000926852226 -0.0042716385796666145
v 0.04349999874830246 0.015259999781847 -0.0003452994569670409
v 0.042500000447034836 0.015259999781847 -0.0009226497495546937
v 0.0430000014603138 0.01629529893398285 -0.0006339746178127825
v 0.042500000447034836 0.016450000926852226 -0.0009226497495546937
v 0.04349999874830246 0.016450000926852226 -0.0003452994569670409
v 0.042500000447034836 0.01629529893398285 -0.001500000013038516
v 0.042500000447034836 0.015259999781847 -0.0020773501601070166
v 0.042500000447034836 0.016450000926852226 -0.0020773501601070166
v 0.042500000447034836 0.016450000926852226 -0.0009226497495546937
v 0.042500000447034836 0.015259999781847 -0.0009226497495546937
v 0.042500000447034836 0.015259999781847 -0.0020773501601070166
v 0.04349999874830246 0.015259999781847 -0.0026547005400061607
v 0.0430000014603138 0.01629529893398285 -0.0023660254664719105
v 0.04349999874830246 0.016450000926852226 -0.0026547005400061607
v 0.042500000447034836 0.016450000926852226 -0.0020773501601070166
v 0.04399999976158142 0.01629529893398285 -0.0023660254664719105
v 0.04349999874830246 0.016450000926852226 -0.0026547005400061607
v 0.04349999874830246 0.015259999781847 -0.0026547005400061607
v 0.04450000077486038 0.015259999781847 -0.0020773501601070166
v 0.04450000077486038 0.016450000926852226 -0.0020773501601070166
v 0.04450000077486038 0.01629529893398285 -0.001500000013038516
v 0.04450000077486038 0.015259999781847 -0.0020773501601070166
v 0.04450000077486038 0.015259999781847 -0.0009226497495546937
v 0.04450000077486038 0.016450000926852226 -0.0020773501601070166
v 0.04450000077486038 0.016450000926852226 -0.0009226497495546937
v 0.04399999976158142 0.01629529893398285 -0.0006339746178127825
v 0.04450000077486038 0.015259999781847 -0.0009226497495546937
v 0.04349999874830246 0.015259999781847 -0.0003452994569670409
v 0.04450000077486038 0.016450000926852226 -0.0009226497495546937
v 0.04349999874830246 0.016450000926852226 -0.0003452994569670409
v 0.04450000077486038 0.015259999781847 -0.0009226497495546937
v 0.04450000077486038 0.015259999781847 -0.0020773501601070166
v 0.04349999874830246 0.015259999781847 -0.0003452994569670409
v 0.04349999874830246 0.015259999781847 -0.0026547005400061607
v 0.042500000447034836 0.015259999781847 -0.0020773501601070166
v 0.042500000447034836 0.015259999781847 -0.0009226497495546937
v 0.04399999976158142 0.01629529893398285 -0.0006339746178127825
v 0.04349999874830246 0.016450000926852226 -0.0003452994569670409
v 0.044077351689338684 0.016450000926852226 -0.0005000000237487257
v 0.04450000077486038 0.016450000926852226 -0.0009226497495546937
v 0.04399999976158142 0.01629529893398285 -0.0023660254664719105
v 0.04450000077486038 0.016450000926852226 -0.0020773501601070166
v 0.044077351689338684 0.016450000926852226 -0.0024999999441206455
v 0.04349999874830246 0.016450000926852226 -0.0026547005400061607
v 0.0430000014603138 0.01629529893398285 -0.0023660254664719105
v 0.042922649532556534 0.016450000926852226 -0.0024999999441206455
v 0.04465470090508461 0.016450000926852226 -0.001500000013038516
v 0.04450000077486038 0.01629529893398285 -0.001500000013038516
v 0.042922649532556534 0.016450000926852226 -0.0005000000237487257
v 0.0430000014603138 0.01629529893398285 -0.0006339746178127825
v 0.18967530131340027 0.016426850110292435 -0.0029220697470009327
v 0.18975265324115753 0.016272148117423058 -0.0030560442246496677
v 0.18925264477729797 0.016426850110292435 -0.0033447197638452053
v 0.1902526468038559 0.016426850110292435 -0.002767369383946061
v 0.19125264883041382 0.016426850110292435 -0.0033447197638452053
v 0.19140735268592834 0.016426850110292435 -0.003922069910913706
v 0.19125264883041382 0.016272148117423058 -0.003922069910913706
v 0.19125264883041382 0.016426850110292435 -0.004499420057982206
v 0.18967530131340027 0.016426850110292435 -0.004922069609165192
v 0.18975265324115753 0.016272148117423058 -0.004788095131516457
v 0.1902526468038559 0.016426850110292435 -0.005076770205050707
v 0.18925264477729797 0.016426850110292435 -0.004499420057982206
v 0.19082999229431152 0.016426850110292435 -0.004922069609165192
v 0.19075264036655426 0.016272148117423058 -0.004788095131516457
v 0.19075264036655426 0.016272148117423058 -0.0030560442246496677
v 0.19082999229431152 0.016426850110292435 -0.0029220697470009327
v 0.1902526468038559 0.015236849896609783 -0.002767369383946061
v 0.19125264883041382 0.015236849896609783 -0.0033447197638452053
v 0.1902526468038559 0.015236849896609783 -0.005076770205050707
v 0.19125264883041382 0.015236849896609783 -0.004499420057982206
v 0.18925264477729797 0.015236849896609783 -0.004499420057982206
v 0.18925264477729797 0.015236849896609783 -0.0033447197638452053
v 0.19075264036655426 0.016272148117423058 -0.0030560442246496677
v 0.19125264883041382 0.015236849896609783 -0.0033447197638452053
v 0.1902526468038559 0.015236849896609783 -0.002767369383946061
v 0.19125264883041382 0.016426850110292435 -0.0033447197638452053
v 0.1902526468038559 0.016426850110292435 -0.002767369383946061
v 0.19125264883041382 0.016272148117423058 -0.003922069910913706
v 0.19125264883041382 0.015236849896609783 -0.004499420057982206
v 0.19125264883041382 0.015236849896609783 -0.0033447197638452053
v 0.19125264883041382 0.016426850110292435 -0.004499420057982206
v 0.19125264883041382 0.016426850110292435 -0.0033447197638452053
v 0.19075264036655426 0.016272148117423058 -0.004788095131516457
v 0.1902526468038559 0.016426850110292435 -0.005076770205050707
v 0.1902526468038559 0.015236849896609783 -0.005076770205050707
v 0.19125264883041382 0.015236849896609783 -0.004499420057982206
v 0.19125264883041382 0.016426850110292435 -0.004499420057982206
v 0.18925264477729797 0.015236849896609783 -0.004499420057982206
v 0.1902526468038559 0.015236849896609783 -0.005076770205050707
v 0.18975265324115753 0.016272148117423058 -0.004788095131516457
v 0.1902526468038559 0.016426850110292435 -0.005076770205050707
v 0.18925264477729797 0.016426850110292435 -0.004499420057982206
v 0.18925264477729797 0.016272148117423058 -0.003922069910913706
v 0.18925264477729797 0.015236849896609783 -0.004499420057982206
v 0.18925264477729797 0.016426850110292435 -0.004499420057982206
v 0.18925264477729797 0.016426850110292435 -0.0033447197638452053
v 0.18925264477729797 0.015236849896609783 -0.0033447197638452053
v 0.1902526468038559 0.015236849896609783 -0.002767369383946061
v 0.18925264477729797 0.015236849896609783 -0.0033447197638452053
v 0.18975265324115753 0.016272148117423058 -0.0030560442246496677
v 0.18925264477729797 0.016426850110292435 -0.0033447197638452053
v 0.1902526468038559 0.016426850110292435 -0.002767369383946061
v 0.1914006918668747 0.016426850110292435 -0.0011504312278702855
v 0.1902526468038559 0.016426850110292435 -0.002767369383946061
v 0.1902526468038559 0.016426850110292435 -0.0009220698266290128
v 0.19082999229431152 0.016426850110292435 -0.0029220697470009327
v 0.19237396121025085 0.016426850110292435 -0.0018007494509220123
v 0.19302427768707275 0.016426850110292435 -0.002774019492790103
v 0.19140735268592834 0.016426850110292435 -0.003922069910913706
v 0.19125264883041382 0.016426850110292435 -0.0033447197638452053
v 0.19325265288352966 0.016426850110292435 -0.003922069910913706
v 0.18813133239746094 0.016426850110292435 -0.0018007494509220123
v 0.1891046017408371 0.016426850110292435 -0.0011504312278702855
v 0.18967530131340027 0.016426850110292435 -0.0029220697470009327
v 0.18925264477729797 0.016426850110292435 -0.0033447197638452053
v 0.18748100101947784 0.016426850110292435 -0.002774019492790103
v 0.18909794092178345 0.016426850110292435 -0.003922069910913706
v 0.18725264072418213 0.016426850110292435 -0.003922069910913706
v 0.19125264883041382 0.016426850110292435 -0.004499420057982206
v 0.19237396121025085 0.016426850110292435 -0.006043390370905399
v 0.19082999229431152 0.016426850110292435 -0.004922069609165192
v 0.19302427768707275 0.016426850110292435 -0.005070119630545378
v 0.1914006918668747 0.016426850110292435 -0.006693708244711161
v 0.1902526468038559 0.016426850110292435 -0.005076770205050707
v 0.1902526468038559 0.016426850110292435 -0.006922069936990738
v 0.18748100101947784 0.016426850110292435 -0.005070119630545378
v 0.18925264477729797 0.016426850110292435 -0.004499420057982206
v 0.18813133239746094 0.016426850110292435 -0.006043390370905399
v 0.18967530131340027 0.016426850110292435 -0.004922069609165192
v 0.1891046017408371 0.016426850110292435 -0.006693708244711161
v 0.1891046017408371 0.016426850110292435 -0.0011504312278702855
v 0.18813133239746094 0.016426850110292435 -0.0018007494509220123
v 0.18813133239746094 0.01622684858739376 -0.0018007494509220123
v 0.18748100101947784 0.016426850110292435 -0.002774019492790103
v 0.18748100101947784 0.01622684858739376 -0.002774019492790103
v 0.1902526468038559 0.016426850110292435 -0.0009220698266290128
v 0.1891046017408371 0.01622684858739376 -0.0011504312278702855
v 0.18725264072418213 0.01622684858739376 -0.003922069910913706
v 0.18725264072418213 0.016426850110292435 -0.003922069910913706
v 0.18813133239746094 0.01622684858739376 -0.006043390370905399
v 0.18748100101947784 0.016426850110292435 -0.005070119630545378
v 0.18813133239746094 0.016426850110292435 -0.006043390370905399
v 0.18748100101947784 0.01622684858739376 -0.005070119630545378
v 0.1891046017408371 0.01622684858739376 -0.006693708244711161
v 0.1891046017408371 0.016426850110292435 -0.006693708244711161
v 0.1902526468038559 0.01622684858739376 -0.0009220698266290128
v 0.1902526468038559 0.016426850110292435 -0.006922069936990738
v 0.1914006918668747 0.01622684858739376 -0.0011504312278702855
v 0.1914006918668747 0.01622684858739376 -0.006693708244711161
v 0.1914006918668747 0.016426850110292435 -0.006693708244711161
v 0.19302427768707275 0.01622684858739376 -0.005070119630545378
v 0.19237396121025085 0.016426850110292435 -0.006043390370905399
v 0.19302427768707275 0.016426850110292435 -0.005070119630545378
v 0.19237396121025085 0.01622684858739376 -0.006043390370905399
v 0.19302427768707275 0.01622684858739376 -0.002774019492790103
v 0.19325265288352966 0.016426850110292435 -0.003922069910913706
v 0.19302427768707275 0.016426850110292435 -0.002774019492790103
v 0.19237396121025085 0.016426850110292435 -0.0018007494509220123
v 0.1914006918668747 0.016426850110292435 -0.0011504312278702855
v 0.19325265288352966 0.01622684858739376 -0.003922069910913706
v 0.1902526468038559 0.01622684858739376 -0.006922069936990738
v 0.19237396121025085 0.01622684858739376 -0.0018007494509220123
v 0.18909794092178345 0.016426850110292435 -0.003922069910913706
v 0.18925264477729797 0.016272148117423058 -0.003922069910913706
v 0.19142265617847443 0.016280142590403557 0.010077930055558681
v 0.1914999932050705 0.01612544059753418 0.009943955577909946
v 0.19099999964237213 0.016280142590403557 0.009655280038714409
v 0.19200000166893005 0.016280142590403557 0.010232631117105484
v 0.19300000369548798 0.016280142590403557 0.009655280038714409
v 0.1931547075510025 0.016280142590403557 0.009077929891645908
v 0.19300000369548798 0.01612544059753418 0.009077929891645908
v 0.19300000369548798 0.016280142590403557 0.008500579744577408
v 0.19142265617847443 0.016280142590403557 0.008077929727733135
v 0.1914999932050705 0.01612544059753418 0.008211905136704445
v 0.19200000166893005 0.016280142590403557 0.007923229597508907
v 0.19099999964237213 0.016280142590403557 0.008500579744577408
v 0.19249999523162842 0.01612544059753418 0.008211905136704445
v 0.19257734715938568 0.016280142590403557 0.008077929727733135
v 0.19249999523162842 0.01612544059753418 0.009943955577909946
v 0.19257734715938568 0.016280142590403557 0.010077930055558681
v 0.19300000369548798 0.015090142376720905 0.009655280038714409
v 0.19300000369548798 0.015090142376720905 0.008500579744577408
v 0.19200000166893005 0.015090142376720905 0.010232631117105484
v 0.19200000166893005 0.015090142376720905 0.007923229597508907
v 0.19099999964237213 0.015090142376720905 0.008500579744577408
v 0.19099999964237213 0.015090142376720905 0.009655280038714409
v 0.19249999523162842 0.01612544059753418 0.009943955577909946
v 0.19300000369548798 0.015090142376720905 0.009655280038714409
v 0.19200000166893005 0.015090142376720905 0.010232631117105484
v 0.19300000369548798 0.016280142590403557 0.009655280038714409
v 0.19200000166893005 0.016280142590403557 0.010232631117105484
v 0.19300000369548798 0.01612544059753418 0.009077929891645908
v 0.19300000369548798 0.015090142376720905 0.008500579744577408
v 0.19300000369548798 0.015090142376720905 0.009655280038714409
v 0.19300000369548798 0.016280142590403557 0.008500579744577408
v 0.19300000369548798 0.016280142590403557 0.009655280038714409
v 0.19249999523162842 0.01612544059753418 0.008211905136704445
v 0.19200000166893005 0.016280142590403557 0.007923229597508907
v 0.19200000166893005 0.015090142376720905 0.007923229597508907
v 0.19300000369548798 0.015090142376720905 0.008500579744577408
v 0.19300000369548798 0.016280142590403557 0.008500579744577408
v 0.19099999964237213 0.015090142376720905 0.008500579744577408
v 0.19200000166893005 0.015090142376720905 0.007923229597508907
v 0.1914999932050705 0.01612544059753418 0.008211905136704445
v 0.19200000166893005 0.016280142590403557 0.007923229597508907
v 0.19099999964237213 0.016280142590403557 0.008500579744577408
v 0.19099999964237213 0.01612544059753418 0.009077929891645908
v 0.19099999964237213 0.015090142376720905 0.008500579744577408
v 0.19099999964237213 0.016280142590403557 0.008500579744577408
v 0.19099999964237213 0.016280142590403557 0.009655280038714409
v 0.19099999964237213 0.015090142376720905 0.009655280038714409
v 0.19200000166893005 0.015090142376720905 0.010232631117105484
v 0.19099999964237213 0.015090142376720905 0.009655280038714409
v 0.1914999932050705 0.01612544059753418 0.009943955577909946
v 0.19099999964237213 0.016280142590403557 0.009655280038714409
v 0.19200000166893005 0.016280142590403557 0.010232631117105484
v 0.19257734715938568 0.016280142590403557 0.010077930055558681
v 0.19314804673194885 0.016280142590403557 0.011849569156765938
v 0.194121316075325 0.016280142590403557 0.01119925081729889
v 0.19300000369548798 0.016280142590403557 0.009655280038714409
v 0.1947716325521469 0.016280142590403557 0.010225980542600155
v 0.1931547075510025 0.016280142590403557 0.009077929891645908
v 0.19499999284744263 0.016280142590403557 0.009077929891645908
v 0.1947716325521469 0.016280142590403557 0.007929880172014236
v 0.19200000166893005 0.016280142590403557 0.010232631117105484
v 0.19085195660591125 0.016280142590403557 0.011849569156765938
v 0.19142265617847443 0.016280142590403557 0.010077930055558681
v 0.1898786723613739 0.016280142590403557 0.01119925081729889
v 0.19200000166893005 0.016280142590403557 0.012077930383384228
v 0.19099999964237213 0.016280142590403557 0.009655280038714409
v 0.189228355884552 0.016280142590403557 0.010225980542600155
v 0.1908452957868576 0.016280142590403557 0.009077929891645908
v 0.19257734715938568 0.016280142590403557 0.008077929727733135
v 0.19300000369548798 0.016280142590403557 0.008500579744577408
v 0.194121316075325 0.016280142590403557 0.006956609897315502
v 0.19314804673194885 0.016280142590403557 0.0063062915578484535
v 0.19200000166893005 0.016280142590403557 0.007923229597508907
v 0.19200000166893005 0.016280142590403557 0.006077930331230164
v 0.19085195660591125 0.016280142590403557 0.0063062915578484535
v 0.1889999955892563 0.016280142590403557 0.009077929891645908
v 0.189228355884552 0.016280142590403557 0.007929880172014236
v 0.19099999964237213 0.016280142590403557 0.008500579744577408
v 0.19142265617847443 0.016280142590403557 0.008077929727733135
v 0.1898786723613739 0.016280142590403557 0.006956609897315502
v 0.19200000166893005 0.016280142590403557 0.012077930383384228
v 0.19085195660591125 0.016280142590403557 0.011849569156765938
v 0.19085195660591125 0.016080141067504883 0.011849569156765938
v 0.1898786723613739 0.016280142590403557 0.01119925081729889
v 0.189228355884552 0.016280142590403557 0.010225980542600155
v 0.189228355884552 0.016080141067504883 0.010225980542600155
v 0.1898786723613739 0.016080141067504883 0.01119925081729889
v 0.189228355884552 0.016280142590403557 0.007929880172014236
v 0.1898786723613739 0.016280142590403557 0.006956609897315502
v 0.1898786723613739 0.016080141067504883 0.006956609897315502
v 0.1889999955892563 0.016280142590403557 0.009077929891645908
v 0.189228355884552 0.016080141067504883 0.007929880172014236
v 0.19085195660591125 0.016280142590403557 0.0063062915578484535
v 0.19085195660591125 0.016080141067504883 0.0063062915578484535
v 0.1889999955892563 0.016080141067504883 0.009077929891645908
v 0.19200000166893005 0.016080141067504883 0.012077930383384228
v 0.19200000166893005 0.016280142590403557 0.006077930331230164
v 0.19314804673194885 0.016080141067504883 0.011849569156765938
v 0.19314804673194885 0.016080141067504883 0.0063062915578484535
v 0.19314804673194885 0.016280142590403557 0.0063062915578484535
v 0.194121316075325 0.016280142590403557 0.006956609897315502
v 0.194121316075325 0.016080141067504883 0.006956609897315502
v 0.1947716325521469 0.016280142590403557 0.007929880172014236
v 0.19499999284744263 0.016280142590403557 0.009077929891645908
v 0.1947716325521469 0.016280142590403557 0.010225980542600155
v 0.1947716325521469 0.016080141067504883 0.010225980542600155
v 0.194121316075325 0.016280142590403557 0.01119925081729889
v 0.19314804673194885 0.016280142590403557 0.011849569156765938
v 0.194121316075325 0.016080141067504883 0.01119925081729889
v 0.19499999284744263 0.016080141067504883 0.009077929891645908
v 0.1947716325521469 0.016080141067504883 0.007929880172014236
v 0.19200000166893005 0.016080141067504883 0.006077930331230164
v 0.1908452957868576 0.016280142590403557 0.009077929891645908
v 0.19099999964237213 0.01612544059753418 0.009077929891645908
v 0.011144774034619331 0.01054999977350235 0.060185402631759644
v 0.011259579099714756 0.010250000283122063 0.06046256422996521
v 0.011032482609152794 0.010250000283122063 0.06061430647969246
v 0.010880742222070694 0.010250000283122063 0.060841403901576996
v 0.010603577829897404 0.01054999977350235 0.060726597905159
v 0.011527457274496555 0.010250000283122063 0.06040928140282631
v 0.011527457274496555 0.01054999977350235 0.06010928004980087
v 0.010527458041906357 0.01054999977350235 0.061109282076358795
v 0.010827457532286644 0.010250000283122063 0.061109282076358795
v 0.010880742222070694 0.010250000283122063 0.061377160251140594
v 0.011032482609152794 0.010250000283122063 0.06160425767302513
v 0.010820350609719753 0.01054999977350235 0.06181638687849045
v 0.011259579099714756 0.010250000283122063 0.06175599619746208
v 0.011144774034619331 0.01054999977350235 0.06203316152095795
v 0.010820350609719753 0.01054999977350235 0.060402173548936844
v 0.010603577829897404 0.01054999977350235 0.061491966247558594
v 0.011527457274496555 0.01054999977350235 0.06210928037762642
v 0.01179533638060093 0.010250000283122063 0.06046256422996521
v 0.011910141445696354 0.01054999977350235 0.06203316152095795
v 0.01179533638060093 0.010250000283122063 0.06175599619746208
v 0.012022431939840317 0.010250000283122063 0.06160425767302513
v 0.012174173258244991 0.010250000283122063 0.061377160251140594
v 0.012234563939273357 0.01054999977350235 0.06181638687849045
v 0.011527457274496555 0.010250000283122063 0.06180928274989128
v 0.012527457438409328 0.01054999977350235 0.061109282076358795
v 0.012227457948029041 0.010250000283122063 0.061109282076358795
v 0.012174173258244991 0.010250000283122063 0.060841403901576996
v 0.012022431939840317 0.010250000283122063 0.06061430647969246
v 0.012234563939273357 0.01054999977350235 0.060402173548936844
v 0.011910141445696354 0.01054999977350235 0.060185402631759644
v 0.012451336719095707 0.01054999977350235 0.061491966247558594
v 0.012451336719095707 0.01054999977350235 0.060726597905159
v 0.011527457274496555 0.010250000283122063 0.06180928274989128
v 0.011259579099714756 0.010250000283122063 0.06175599619746208
v 0.011032482609152794 0.010250000283122063 0.06160425767302513
v 0.010880742222070694 0.010250000283122063 0.061377160251140594
v 0.012174173258244991 0.010250000283122063 0.060841403901576996
v 0.01179533638060093 0.010250000283122063 0.06175599619746208
v 0.012022431939840317 0.010250000283122063 0.06160425767302513
v 0.012174173258244991 0.010250000283122063 0.061377160251140594
v 0.010827457532286644 0.010250000283122063 0.061109282076358795
v 0.010880742222070694 0.010250000283122063 0.060841403901576996
v 0.011032482609152794 0.010250000283122063 0.06061430647969246
v 0.011527457274496555 0.010250000283122063 0.06040928140282631
v 0.011259579099714756 0.010250000283122063 0.06046256422996521
v 0.012227457948029041 0.010250000283122063 0.061109282076358795
v 0.012022431939840317 0.010250000283122063 0.06061430647969246
v 0.01179533638060093 0.010250000283122063 0.06046256422996521
v 0.010877457447350025 0.01664000004529953 0.06073400378227234
v 0.011527457274496555 0.01664000004529953 0.06035872548818588
v 0.01120245736092329 0.01744944415986538 0.06054636463522911
v 0.011527457274496555 0.017550000920891762 0.06035872548818588
v 0.010877457447350025 0.017550000920891762 0.06073400378227234
v 0.01185245718806982 0.01744944415986538 0.06054636463522911
v 0.011527457274496555 0.017550000920891762 0.06035872548818588
v 0.011527457274496555 0.01664000004529953 0.06035872548818588
v 0.01217745803296566 0.01664000004529953 0.06073400378227234
v 0.01217745803296566 0.017550000920891762 0.06073400378227234
v 0.01217745803296566 0.01744944415986538 0.061109282076358795
v 0.01217745803296566 0.01664000004529953 0.06073400378227234
v 0.01217745803296566 0.01664000004529953 0.06148456037044525
v 0.01217745803296566 0.017550000920891762 0.06073400378227234
v 0.01217745803296566 0.017550000920891762 0.06148456037044525
v 0.01185245718806982 0.01744944415986538 0.06167219579219818
v 0.01217745803296566 0.01664000004529953 0.06148456037044525
v 0.011527457274496555 0.01664000004529953 0.06185983493924141
v 0.01217745803296566 0.017550000920891762 0.06148456037044525
v 0.011527457274496555 0.017550000920891762 0.06185983493924141
v 0.011527457274496555 0.01664000004529953 0.06185983493924141
v 0.010877457447350025 0.01664000004529953 0.06148456037044525
v 0.01120245736092329 0.01744944415986538 0.06167219579219818
v 0.010877457447350025 0.017550000920891762 0.06148456037044525
v 0.011527457274496555 0.017550000920891762 0.06185983493924141
v 0.010877457447350025 0.01744944415986538 0.061109282076358795
v 0.010877457447350025 0.01664000004529953 0.06073400378227234
v 0.010877457447350025 0.017550000920891762 0.06073400378227234
v 0.010877457447350025 0.017550000920891762 0.06148456037044525
v 0.010877457447350025 0.01664000004529953 0.06148456037044525
v 0.01217745803296566 0.01664000004529953 0.06073400378227234
v 0.011527457274496555 0.01664000004529953 0.06185983493924141
v 0.01217745803296566 0.01664000004529953 0.06148456037044525
v 0.011527457274496555 0.01664000004529953 0.06035872548818588
v 0.010877457447350025 0.01664000004529953 0.06073400378227234
v 0.010877457447350025 0.01664000004529953 0.06148456037044525
v 0.011152179911732674 0.017550000920891762 0.060459282249212265
v 0.01120245736092329 0.01744944415986538 0.06054636463522911
v 0.011527457274496555 0.017550000920891762 0.06035872548818588
v 0.010877457447350025 0.017550000920891762 0.06073400378227234
v 0.01185245718806982 0.01744944415986538 0.06054636463522911
v 0.01217745803296566 0.017550000920891762 0.06073400378227234
v 0.011902735568583012 0.017550000920891762 0.060459282249212265
v 0.01217745803296566 0.017550000920891762 0.06148456037044525
v 0.012278012931346893 0.017550000920891762 0.061109282076358795
v 0.01217745803296566 0.01744944415986538 0.061109282076358795
v 0.01185245718806982 0.01744944415986538 0.06167219579219818
v 0.011527457274496555 0.017550000920891762 0.06185983493924141
v 0.011902735568583012 0.017550000920891762 0.061759281903505325
v 0.011152179911732674 0.017550000920891762 0.061759281903505325
v 0.01120245736092329 0.01744944415986538 0.06167219579219818
v 0.010877457447350025 0.017550000920891762 0.06148456037044525
v 0.011152179911732674 0.017550000920891762 0.061759281903505325
v 0.010820350609719753 0.017550000920891762 0.06181638687849045
v 0.011144774034619331 0.017550000920891762 0.06203316152095795
v 0.010877457447350025 0.017550000920891762 0.06148456037044525
v 0.011527457274496555 0.017550000920891762 0.06185983493924141
v 0.010776902548968792 0.017550000920891762 0.061109282076358795
v 0.010527458041906357 0.017550000920891762 0.061109282076358795
v 0.010603577829897404 0.017550000920891762 0.061491966247558594
v 0.010603577829897404 0.017550000920891762 0.060726597905159
v 0.011910141445696354 0.017550000920891762 0.06203316152095795
v 0.011527457274496555 0.017550000920891762 0.06210928037762642
v 0.011902735568583012 0.017550000920891762 0.061759281903505325
v 0.012234563939273357 0.017550000920891762 0.06181638687849045
v 0.01217745803296566 0.017550000920891762 0.06148456037044525
v 0.012451336719095707 0.017550000920891762 0.061491966247558594
v 0.012278012931346893 0.017550000920891762 0.061109282076358795
v 0.010820350609719753 0.017550000920891762 0.060402173548936844
v 0.010877457447350025 0.017550000920891762 0.06073400378227234
v 0.011152179911732674 0.017550000920891762 0.060459282249212265
v 0.011527457274496555 0.017550000920891762 0.06035872548818588
v 0.011144774034619331 0.017550000920891762 0.060185402631759644
v 0.011910141445696354 0.017550000920891762 0.060185402631759644
v 0.011527457274496555 0.017550000920891762 0.06010928004980087
v 0.012451336719095707 0.017550000920891762 0.060726597905159
v 0.012527457438409328 0.017550000920891762 0.061109282076358795
v 0.01217745803296566 0.017550000920891762 0.06073400378227234
v 0.012234563939273357 0.017550000920891762 0.060402173548936844
v 0.011902735568583012 0.017550000920891762 0.060459282249212265
v 0.012764894403517246 0.01644499972462654 0.062346719205379486
v 0.013144247233867645 0.01644499972462654 0.06177897751331329
v 0.012651192955672741 0.017150092869997025 0.06198428198695183
v 0.011910141445696354 0.017550000920891762 0.06203316152095795
v 0.011527457274496555 0.01745876483619213 0.06223301589488983
v 0.012197153642773628 0.01644499972462654 0.06272607296705246
v 0.011527457274496555 0.017550000920891762 0.06210928037762642
v 0.013277458027005196 0.01644499972462654 0.061109282076358795
v 0.012651192955672741 0.01745876483619213 0.061109282076358795
v 0.012451336719095707 0.017550000920891762 0.061491966247558594
v 0.012651192955672741 0.017150092869997025 0.06023428216576576
v 0.012527457438409328 0.017550000920891762 0.061109282076358795
v 0.012451336719095707 0.017550000920891762 0.060726597905159
v 0.012234563939273357 0.017550000920891762 0.06181638687849045
v 0.011527457274496555 0.01644499972462654 0.06285928189754486
v 0.010857761837542057 0.01644499972462654 0.06272607296705246
v 0.010403722524642944 0.017150092869997025 0.06198428198695183
v 0.011144774034619331 0.017550000920891762 0.06203316152095795
v 0.010290021076798439 0.01644499972462654 0.062346719205379486
v 0.00991066824644804 0.01644499972462654 0.06177897751331329
v 0.009844062849879265 0.01644499972462654 0.061444129794836044
v 0.010603577829897404 0.017550000920891762 0.061491966247558594
v 0.010820350609719753 0.017550000920891762 0.06181638687849045
v 0.010403722524642944 0.01745876483619213 0.061109282076358795
v 0.010527458041906357 0.017550000920891762 0.061109282076358795
v 0.012234563939273357 0.017550000920891762 0.060402173548936844
v 0.011910141445696354 0.017550000920891762 0.060185402631759644
v 0.011527457274496555 0.01745876483619213 0.05998554453253746
v 0.011527457274496555 0.017550000920891762 0.06010928004980087
v 0.012197153642773628 0.01644499972462654 0.05949249118566513
v 0.012764894403517246 0.01644499972462654 0.059871844947338104
v 0.011527457274496555 0.01644499972462654 0.05935928225517273
v 0.010857761837542057 0.01644499972462654 0.05949249118566513
v 0.013144247233867645 0.01644499972462654 0.0604395866394043
v 0.011144774034619331 0.017550000920891762 0.060185402631759644
v 0.010603577829897404 0.017550000920891762 0.060726597905159
v 0.010820350609719753 0.017550000920891762 0.060402173548936844
v 0.010403722524642944 0.017150092869997025 0.06023428216576576
v 0.009844062849879265 0.01644499972462654 0.060774438083171844
v 0.00977745745331049 0.01644499972462654 0.061109282076358795
v 0.00991066824644804 0.01644499972462654 0.0604395866394043
v 0.010290021076798439 0.01644499972462654 0.059871844947338104
v 0.00977745745331049 0.016249999403953552 0.061109282076358795
v 0.00991066824644804 0.016249999403953552 0.06177897751331329
v 0.00977745745331049 0.01644499972462654 0.061109282076358795
v 0.010290021076798439 0.016249999403953552 0.062346719205379486
v 0.010857761837542057 0.016249999403953552 0.06272607296705246
v 0.010290021076798439 0.01644499972462654 0.062346719205379486
v 0.00991066824644804 0.01644499972462654 0.06177897751331329
v 0.011527457274496555 0.016249999403953552 0.06285928189754486
v 0.012197153642773628 0.016249999403953552 0.06272607296705246
v 0.012197153642773628 0.01644499972462654 0.06272607296705246
v 0.012764894403517246 0.016249999403953552 0.062346719205379486
v 0.013144247233867645 0.016249999403953552 0.06177897751331329
v 0.013144247233867645 0.01644499972462654 0.06177897751331329
v 0.012764894403517246 0.01644499972462654 0.062346719205379486
v 0.011527457274496555 0.01644499972462654 0.06285928189754486
v 0.010857761837542057 0.01644499972462654 0.06272607296705246
v 0.013277458027005196 0.01644499972462654 0.061109282076358795
v 0.00991066824644804 0.01644499972462654 0.0604395866394043
v 0.013277458027005196 0.016249999403953552 0.061109282076358795
v 0.013144247233867645 0.016249999403953552 0.0604395866394043
v 0.012764894403517246 0.016249999403953552 0.059871844947338104
v 0.012197153642773628 0.016249999403953552 0.05949249118566513
v 0.012197153642773628 0.01644499972462654 0.05949249118566513
v 0.012764894403517246 0.01644499972462654 0.059871844947338104
v 0.011527457274496555 0.016249999403953552 0.05935928225517273
v 0.010857761837542057 0.016249999403953552 0.05949249118566513
v 0.010857761837542057 0.01644499972462654 0.05949249118566513
v 0.010290021076798439 0.016249999403953552 0.059871844947338104
v 0.00991066824644804 0.016249999403953552 0.0604395866394043
v 0.010290021076798439 0.01644499972462654 0.059871844947338104
v 0.011527457274496555 0.01644499972462654 0.05935928225517273
v 0.013144247233867645 0.01644499972462654 0.0604395866394043
v 0.010776902548968792 0.017550000920891762 0.061109282076358795
v 0.010877457447350025 0.01744944415986538 0.061109282076358795
v -0.054400064051151276 0.01054999977350235 0.030522171407938004
v -0.054400064051151276 0.010250000283122063 0.03082217089831829
v -0.054667942225933075 0.010250000283122063 0.03087545558810234
v -0.05510717257857323 0.01054999977350235 0.030815064907073975
v -0.05489503964781761 0.010250000283122063 0.03102719597518444
v -0.05532394349575043 0.01054999977350235 0.031139487400650978
v -0.05504678189754486 0.010250000283122063 0.03125429153442383
v -0.05510006472468376 0.010250000283122063 0.03152216970920563
v -0.0554000660777092 0.01054999977350235 0.03152216970920563
v -0.05489503964781761 0.010250000283122063 0.032017145305871964
v -0.054667942225933075 0.010250000283122063 0.03216888755559921
v -0.054782748222351074 0.01054999977350235 0.03244604915380478
v -0.05504678189754486 0.010250000283122063 0.03179004788398743
v -0.05532394349575043 0.01054999977350235 0.031904853880405426
v -0.054782748222351074 0.01054999977350235 0.030598292127251625
v -0.05510717257857323 0.01054999977350235 0.03222927823662758
v -0.054400064051151276 0.01054999977350235 0.03252217173576355
v -0.054132185876369476 0.010250000283122063 0.03087545558810234
v -0.054132185876369476 0.010250000283122063 0.03216888755559921
v -0.05390509217977524 0.010250000283122063 0.032017145305871964
v -0.05401737987995148 0.01054999977350235 0.03244604915380478
v -0.05375334993004799 0.010250000283122063 0.03179004788398743
v -0.053476184606552124 0.01054999977350235 0.031904853880405426
v -0.054400064051151276 0.010250000283122063 0.03222217038273811
v -0.05375334993004799 0.010250000283122063 0.03125429153442383
v -0.05390509217977524 0.010250000283122063 0.03102719597518444
v -0.053476184606552124 0.01054999977350235 0.031139487400650978
v -0.05369295924901962 0.01054999977350235 0.030815064907073975
v -0.05370006337761879 0.010250000283122063 0.03152216970920563
v -0.05340006574988365 0.01054999977350235 0.03152216970920563
v -0.05369295924901962 0.01054999977350235 0.03222927823662758
v -0.05401737987995148 0.01054999977350235 0.030598292127251625
v -0.054667942225933075 0.010250000283122063 0.03216888755559921
v -0.05489503964781761 0.010250000283122063 0.032017145305871964
v -0.05504678189754486 0.010250000283122063 0.03179004788398743
v -0.054400064051151276 0.010250000283122063 0.03222217038273811
v -0.05510006472468376 0.010250000283122063 0.03152216970920563
v -0.054132185876369476 0.010250000283122063 0.03216888755559921
v -0.05390509217977524 0.010250000283122063 0.032017145305871964
v -0.05375334993004799 0.010250000283122063 0.03179004788398743
v -0.05370006337761879 0.010250000283122063 0.03152216970920563
v -0.054667942225933075 0.010250000283122063 0.03087545558810234
v -0.05489503964781761 0.010250000283122063 0.03102719597518444
v -0.054132185876369476 0.010250000283122063 0.03087545558810234
v -0.054400064051151276 0.010250000283122063 0.03082217089831829
v -0.05375334993004799 0.010250000283122063 0.03125429153442383
v -0.05390509217977524 0.010250000283122063 0.03102719597518444
v -0.05504678189754486 0.010250000283122063 0.03125429153442383
v -0.055050063878297806 0.01664000004529953 0.03114689327776432
v -0.054400064051151276 0.01664000004529953 0.030771614983677864
v -0.05472506582736969 0.01744944415986538 0.030959254130721092
v -0.054400064051151276 0.017550000920891762 0.030771614983677864
v -0.055050063878297806 0.017550000920891762 0.03114689327776432
v -0.05407506600022316 0.01744944415986538 0.030959254130721092
v -0.054400064051151276 0.017550000920891762 0.030771614983677864
v -0.054400064051151276 0.01664000004529953 0.030771614983677864
v -0.053750064224004745 0.01664000004529953 0.03114689327776432
v -0.053750064224004745 0.017550000920891762 0.03114689327776432
v -0.053750064224004745 0.01744944415986538 0.03152216970920563
v -0.053750064224004745 0.01664000004529953 0.03114689327776432
v -0.053750064224004745 0.01664000004529953 0.031897448003292084
v -0.053750064224004745 0.017550000920891762 0.03114689327776432
v -0.053750064224004745 0.017550000920891762 0.031897448003292084
v -0.05407506600022316 0.01744944415986538 0.03208508715033531
v -0.053750064224004745 0.01664000004529953 0.031897448003292084
v -0.054400064051151276 0.01664000004529953 0.03227272629737854
v -0.053750064224004745 0.017550000920891762 0.031897448003292084
v -0.054400064051151276 0.017550000920891762 0.03227272629737854
v -0.054400064051151276 0.01664000004529953 0.03227272629737854
v -0.055050063878297806 0.01664000004529953 0.031897448003292084
v -0.05472506582736969 0.01744944415986538 0.03208508715033531
v -0.055050063878297806 0.017550000920891762 0.031897448003292084
v -0.054400064051151276 0.017550000920891762 0.03227272629737854
v -0.055050063878297806 0.01744944415986538 0.03152216970920563
v -0.055050063878297806 0.01664000004529953 0.03114689327776432
v -0.055050063878297806 0.017550000920891762 0.03114689327776432
v -0.055050063878297806 0.017550000920891762 0.031897448003292084
v -0.055050063878297806 0.01664000004529953 0.031897448003292084
v -0.053750064224004745 0.01664000004529953 0.031897448003292084
v -0.054400064051151276 0.01664000004529953 0.030771614983677864
v -0.054400064051151276 0.01664000004529953 0.03227272629737854
v -0.053750064224004745 0.01664000004529953 0.03114689327776432
v -0.055050063878297806 0.01664000004529953 0.03114689327776432
v -0.055050063878297806 0.01664000004529953 0.031897448003292084
v -0.05472506582736969 0.01744944415986538 0.030959254130721092
v -0.054400064051151276 0.017550000920891762 0.030771614983677864
v -0.05477534234523773 0.017550000920891762 0.030872171744704247
v -0.055050063878297806 0.017550000920891762 0.03114689327776432
v -0.05407506600022316 0.01744944415986538 0.030959254130721092
v -0.053750064224004745 0.017550000920891762 0.03114689327776432
v -0.05402478575706482 0.017550000920891762 0.030872171744704247
v -0.053750064224004745 0.017550000920891762 0.031897448003292084
v -0.05364951118826866 0.017550000920891762 0.03152216970920563
v -0.053750064224004745 0.01744944415986538 0.03152216970920563
v -0.05407506600022316 0.01744944415986538 0.03208508715033531
v -0.054400064051151276 0.017550000920891762 0.03227272629737854
v -0.05402478575706482 0.017550000920891762 0.03217216953635216
v -0.05472506582736969 0.01744944415986538 0.03208508715033531
v -0.055050063878297806 0.017550000920891762 0.031897448003292084
v -0.05477534234523773 0.017550000920891762 0.03217216953635216
v -0.054400064051151276 0.017550000920891762 0.03227272629737854
v -0.05477534234523773 0.017550000920891762 0.03217216953635216
v -0.05510717257857323 0.017550000920891762 0.03222927823662758
v -0.054782748222351074 0.017550000920891762 0.03244604915380478
v -0.055050063878297806 0.017550000920891762 0.031897448003292084
v -0.054400064051151276 0.017550000920891762 0.03227272629737854
v -0.05515062063932419 0.017550000920891762 0.03152216970920563
v -0.0554000660777092 0.017550000920891762 0.03152216970920563
v -0.05532394349575043 0.017550000920891762 0.031904853880405426
v -0.05532394349575043 0.017550000920891762 0.031139487400650978
v -0.05401737987995148 0.017550000920891762 0.03244604915380478
v -0.054400064051151276 0.017550000920891762 0.03252217173576355
v -0.05402478575706482 0.017550000920891762 0.03217216953635216
v -0.05369295924901962 0.017550000920891762 0.03222927823662758
v -0.053750064224004745 0.017550000920891762 0.031897448003292084
v -0.053476184606552124 0.017550000920891762 0.031904853880405426
v -0.05364951118826866 0.017550000920891762 0.03152216970920563
v -0.05510717257857323 0.017550000920891762 0.030815064907073975
v -0.055050063878297806 0.017550000920891762 0.03114689327776432
v -0.05477534234523773 0.017550000920891762 0.030872171744704247
v -0.054400064051151276 0.017550000920891762 0.030771614983677864
v -0.054782748222351074 0.017550000920891762 0.030598292127251625
v -0.05401737987995148 0.017550000920891762 0.030598292127251625
v -0.054400064051151276 0.017550000920891762 0.030522171407938004
v -0.053476184606552124 0.017550000920891762 0.031139487400650978
v -0.05340006574988365 0.017550000920891762 0.03152216970920563
v -0.053750064224004745 0.017550000920891762 0.03114689327776432
v -0.05369295924901962 0.017550000920891762 0.030815064907073975
v -0.05402478575706482 0.017550000920891762 0.030872171744704247
v -0.053162626922130585 0.01644499972462654 0.03275960683822632
v -0.05278327688574791 0.01644499972462654 0.032191865146160126
v -0.05327633023262024 0.017150092869997025 0.03239716961979866
v -0.05401737987995148 0.017550000920891762 0.03244604915380478
v -0.054400064051151276 0.01745876483619213 0.03264590725302696
v -0.05373036861419678 0.01644499972462654 0.03313896059989929
v -0.054400064051151276 0.017550000920891762 0.03252217173576355
v -0.05265006422996521 0.01644499972462654 0.03152216970920563
v -0.05340006574988365 0.017550000920891762 0.03152216970920563
v -0.05327633023262024 0.01745876483619213 0.03152216970920563
v -0.053476184606552124 0.017550000920891762 0.031139487400650978
v -0.053476184606552124 0.017550000920891762 0.031904853880405426
v -0.05327633023262024 0.017150092869997025 0.030647171661257744
v -0.05369295924901962 0.017550000920891762 0.03222927823662758
v -0.054400064051151276 0.01644499972462654 0.03327216953039169
v -0.055069759488105774 0.01644499972462654 0.03313896059989929
v -0.05552380159497261 0.017150092869997025 0.03239716961979866
v -0.054782748222351074 0.017550000920891762 0.03244604915380478
v -0.05563750118017197 0.01644499972462654 0.03275960683822632
v -0.05601685494184494 0.01644499972462654 0.032191865146160126
v -0.05608345940709114 0.01644499972462654 0.03185701742768288
v -0.05532394349575043 0.017550000920891762 0.031904853880405426
v -0.05510717257857323 0.017550000920891762 0.03222927823662758
v -0.05552380159497261 0.01745876483619213 0.03152216970920563
v -0.0554000660777092 0.017550000920891762 0.03152216970920563
v -0.05369295924901962 0.017550000920891762 0.030815064907073975
v -0.05401737987995148 0.017550000920891762 0.030598292127251625
v -0.054400064051151276 0.01745876483619213 0.03039843589067459
v -0.054400064051151276 0.017550000920891762 0.030522171407938004
v -0.05373036861419678 0.01644499972462654 0.02990538254380226
v -0.053162626922130585 0.01644499972462654 0.030284734442830086
v -0.054400064051151276 0.01644499972462654 0.02977217175066471
v -0.055069759488105774 0.01644499972462654 0.02990538254380226
v -0.05278327688574791 0.01644499972462654 0.03085247427225113
v -0.054782748222351074 0.017550000920891762 0.030598292127251625
v -0.05510717257857323 0.017550000920891762 0.030815064907073975
v -0.05552380159497261 0.017150092869997025 0.030647171661257744
v -0.05532394349575043 0.017550000920891762 0.031139487400650978
v -0.05608345940709114 0.01644499972462654 0.03118732012808323
v -0.05615006387233734 0.01644499972462654 0.03152216970920563
v -0.05601685494184494 0.01644499972462654 0.03085247427225113
v -0.05563750118017197 0.01644499972462654 0.030284734442830086
v -0.05615006387233734 0.016249999403953552 0.03152216970920563
v -0.05601685494184494 0.016249999403953552 0.032191865146160126
v -0.05615006387233734 0.01644499972462654 0.03152216970920563
v -0.05563750118017197 0.016249999403953552 0.03275960683822632
v -0.055069759488105774 0.016249999403953552 0.03313896059989929
v -0.055069759488105774 0.01644499972462654 0.03313896059989929
v -0.05601685494184494 0.01644499972462654 0.032191865146160126
v -0.054400064051151276 0.016249999403953552 0.03327216953039169
v -0.05373036861419678 0.016249999403953552 0.03313896059989929
v -0.05373036861419678 0.01644499972462654 0.03313896059989929
v -0.053162626922130585 0.016249999403953552 0.03275960683822632
v -0.05278327688574791 0.016249999403953552 0.032191865146160126
v -0.05278327688574791 0.01644499972462654 0.032191865146160126
v -0.053162626922130585 0.01644499972462654 0.03275960683822632
v -0.054400064051151276 0.01644499972462654 0.03327216953039169
v -0.05563750118017197 0.01644499972462654 0.03275960683822632
v -0.05265006422996521 0.016249999403953552 0.03152216970920563
v -0.05265006422996521 0.01644499972462654 0.03152216970920563
v -0.05601685494184494 0.016249999403953552 0.03085247427225113
v -0.05278327688574791 0.016249999403953552 0.03085247427225113
v -0.053162626922130585 0.016249999403953552 0.030284734442830086
v -0.05373036861419678 0.016249999403953552 0.02990538254380226
v -0.05373036861419678 0.01644499972462654 0.02990538254380226
v -0.053162626922130585 0.01644499972462654 0.030284734442830086
v -0.054400064051151276 0.016249999403953552 0.02977217175066471
v -0.055069759488105774 0.016249999403953552 0.02990538254380226
v -0.055069759488105774 0.01644499972462654 0.02990538254380226
v -0.05563750118017197 0.016249999403953552 0.030284734442830086
v -0.05601685494184494 0.01644499972462654 0.03085247427225113
v -0.05563750118017197 0.01644499972462654 0.030284734442830086
v -0.054400064051151276 0.01644499972462654 0.02977217175066471
v -0.05278327688574791 0.01644499972462654 0.03085247427225113
v -0.05515062063932419 0.017550000920891762 0.03152216970920563
v -0.055050063878297806 0.01744944415986538 0.03152216970920563
v 0.19200000166893005 -0.014580141752958298 0.007577930111438036
v 0.19257402420043945 -0.014580141752958298 0.007692110724747181
v 0.19200000166893005 -0.014750000089406967 0.007408072240650654
v 0.19306066632270813 -0.014580141752958298 0.008017269894480705
v 0.19338582456111908 -0.014580141752958298 0.008503904566168785
v 0.19318076968193054 -0.014750000089406967 0.00789716187864542
v 0.19263902306556702 -0.014750000089406967 0.0075351824052631855
v 0.19338582456111908 -0.014580141752958298 0.009651955217123032
v 0.19306066632270813 -0.014580141752958298 0.010138589888811111
v 0.1935427486896515 -0.014750000089406967 0.009716956876218319
v 0.19257402420043945 -0.014580141752958298 0.010463749058544636
v 0.19318076968193054 -0.014750000089406967 0.010258697904646397
v 0.19349999725818634 -0.014580141752958298 0.009077929891645908
v 0.1935427486896515 -0.014750000089406967 0.008438902907073498
v 0.193669855594635 -0.014750000089406967 0.009077929891645908
v 0.19263902306556702 -0.014750000089406967 0.010620677843689919
v 0.19200000166893005 -0.014750000089406967 0.010747788473963737
v 0.19142597913742065 -0.014580141752958298 0.007692110724747181
v 0.19200000166893005 -0.014580141752958298 0.010577930137515068
v 0.19142597913742065 -0.014580141752958298 0.010463749058544636
v 0.19093933701515198 -0.014580141752958298 0.010138589888811111
v 0.19061417877674103 -0.014580141752958298 0.009651955217123032
v 0.19081923365592957 -0.014750000089406967 0.010258697904646397
v 0.1913609802722931 -0.014750000089406967 0.010620677843689919
v 0.19061417877674103 -0.014580141752958298 0.008503904566168785
v 0.19093933701515198 -0.014580141752958298 0.008017269894480705
v 0.19045725464820862 -0.014750000089406967 0.008438902907073498
v 0.19081923365592957 -0.014750000089406967 0.00789716187864542
v 0.19050000607967377 -0.014580141752958298 0.009077929891645908
v 0.19045725464820862 -0.014750000089406967 0.009716956876218319
v 0.1903301477432251 -0.014750000089406967 0.009077929891645908
v 0.1913609802722931 -0.014750000089406967 0.0075351824052631855
v 0.19257734715938568 -0.016280142590403557 0.010077930055558681
v 0.19249999523162842 -0.01612544059753418 0.009943955577909946
v 0.19300000369548798 -0.016280142590403557 0.009655280038714409
v 0.19200000166893005 -0.016280142590403557 0.010232631117105484
v 0.19099999964237213 -0.016280142590403557 0.009655280038714409
v 0.1908452957868576 -0.016280142590403557 0.009077929891645908
v 0.19099999964237213 -0.01612544059753418 0.009077929891645908
v 0.19099999964237213 -0.016280142590403557 0.008500579744577408
v 0.19249999523162842 -0.01612544059753418 0.008211905136704445
v 0.19200000166893005 -0.016280142590403557 0.007923229597508907
v 0.19257734715938568 -0.016280142590403557 0.008077929727733135
v 0.19300000369548798 -0.016280142590403557 0.008500579744577408
v 0.19142265617847443 -0.016280142590403557 0.008077929727733135
v 0.1914999932050705 -0.01612544059753418 0.008211905136704445
v 0.19142265617847443 -0.016280142590403557 0.010077930055558681
v 0.1914999932050705 -0.01612544059753418 0.009943955577909946
v 0.19099999964237213 -0.015090142376720905 0.008500579744577408
v 0.19200000166893005 -0.015090142376720905 0.007923229597508907
v 0.19099999964237213 -0.015090142376720905 0.009655280038714409
v 0.19200000166893005 -0.015090142376720905 0.010232631117105484
v 0.19300000369548798 -0.015090142376720905 0.008500579744577408
v 0.19300000369548798 -0.015090142376720905 0.009655280038714409
v 0.1914999932050705 -0.01612544059753418 0.009943955577909946
v 0.19099999964237213 -0.015090142376720905 0.009655280038714409
v 0.19200000166893005 -0.015090142376720905 0.010232631117105484
v 0.19099999964237213 -0.016280142590403557 0.009655280038714409
v 0.19200000166893005 -0.016280142590403557 0.010232631117105484
v 0.19099999964237213 -0.01612544059753418 0.009077929891645908
v 0.19099999964237213 -0.015090142376720905 0.008500579744577408
v 0.19099999964237213 -0.015090142376720905 0.009655280038714409
v 0.19099999964237213 -0.016280142590403557 0.008500579744577408
v 0.19099999964237213 -0.016280142590403557 0.009655280038714409
v 0.1914999932050705 -0.01612544059753418 0.008211905136704445
v 0.19200000166893005 -0.016280142590403557 0.007923229597508907
v 0.19200000166893005 -0.015090142376720905 0.007923229597508907
v 0.19099999964237213 -0.015090142376720905 0.008500579744577408
v 0.19099999964237213 -0.016280142590403557 0.008500579744577408
v 0.19300000369548798 -0.015090142376720905 0.008500579744577408
v 0.19200000166893005 -0.015090142376720905 0.007923229597508907
v 0.19249999523162842 -0.01612544059753418 0.008211905136704445
v 0.19200000166893005 -0.016280142590403557 0.007923229597508907
v 0.19300000369548798 -0.016280142590403557 0.008500579744577408
v 0.19300000369548798 -0.01612544059753418 0.009077929891645908
v 0.19300000369548798 -0.015090142376720905 0.008500579744577408
v 0.19300000369548798 -0.016280142590403557 0.008500579744577408
v 0.19300000369548798 -0.016280142590403557 0.009655280038714409
v 0.19300000369548798 -0.015090142376720905 0.009655280038714409
v 0.19200000166893005 -0.015090142376720905 0.010232631117105484
v 0.19300000369548798 -0.015090142376720905 0.009655280038714409
v 0.19249999523162842 -0.01612544059753418 0.009943955577909946
v 0.19300000369548798 -0.016280142590403557 0.009655280038714409
v 0.19200000166893005 -0.016280142590403557 0.010232631117105484
v 0.19142265617847443 -0.016280142590403557 0.010077930055558681
v 0.19085195660591125 -0.016280142590403557 0.011849569156765938
v 0.1898786723613739 -0.016280142590403557 0.01119925081729889
v 0.19099999964237213 -0.016280142590403557 0.009655280038714409
v 0.189228355884552 -0.016280142590403557 0.010225980542600155
v 0.1908452957868576 -0.016280142590403557 0.009077929891645908
v 0.1889999955892563 -0.016280142590403557 0.009077929891645908
v 0.189228355884552 -0.016280142590403557 0.007929880172014236
v 0.19200000166893005 -0.016280142590403557 0.010232631117105484
v 0.19314804673194885 -0.016280142590403557 0.011849569156765938
v 0.19257734715938568 -0.016280142590403557 0.010077930055558681
v 0.194121316075325 -0.016280142590403557 0.01119925081729889
v 0.19200000166893005 -0.016280142590403557 0.012077930383384228
v 0.19300000369548798 -0.016280142590403557 0.009655280038714409
v 0.1947716325521469 -0.016280142590403557 0.010225980542600155
v 0.1931547075510025 -0.016280142590403557 0.009077929891645908
v 0.19142265617847443 -0.016280142590403557 0.008077929727733135
v 0.19099999964237213 -0.016280142590403557 0.008500579744577408
v 0.1898786723613739 -0.016280142590403557 0.006956609897315502
v 0.19085195660591125 -0.016280142590403557 0.0063062915578484535
v 0.19200000166893005 -0.016280142590403557 0.007923229597508907
v 0.19200000166893005 -0.016280142590403557 0.006077930331230164
v 0.19314804673194885 -0.016280142590403557 0.0063062915578484535
v 0.19499999284744263 -0.016280142590403557 0.009077929891645908
v 0.1947716325521469 -0.016280142590403557 0.007929880172014236
v 0.19300000369548798 -0.016280142590403557 0.008500579744577408
v 0.19257734715938568 -0.016280142590403557 0.008077929727733135
v 0.194121316075325 -0.016280142590403557 0.006956609897315502
v 0.19200000166893005 -0.016280142590403557 0.012077930383384228
v 0.19314804673194885 -0.016280142590403557 0.011849569156765938
v 0.19314804673194885 -0.016080141067504883 0.011849569156765938
v 0.194121316075325 -0.016280142590403557 0.01119925081729889
v 0.1947716325521469 -0.016280142590403557 0.010225980542600155
v 0.1947716325521469 -0.016080141067504883 0.010225980542600155
v 0.194121316075325 -0.016080141067504883 0.01119925081729889
v 0.19499999284744263 -0.016280142590403557 0.009077929891645908
v 0.1947716325521469 -0.016280142590403557 0.007929880172014236
v 0.1947716325521469 -0.016080141067504883 0.007929880172014236
v 0.194121316075325 -0.016280142590403557 0.006956609897315502
v 0.19314804673194885 -0.016280142590403557 0.0063062915578484535
v 0.19314804673194885 -0.016080141067504883 0.0063062915578484535
v 0.194121316075325 -0.016080141067504883 0.006956609897315502
v 0.19499999284744263 -0.016080141067504883 0.009077929891645908
v 0.19200000166893005 -0.016080141067504883 0.012077930383384228
v 0.19200000166893005 -0.016280142590403557 0.006077930331230164
v 0.19200000166893005 -0.016080141067504883 0.006077930331230164
v 0.19085195660591125 -0.016080141067504883 0.011849569156765938
v 0.19085195660591125 -0.016280142590403557 0.0063062915578484535
v 0.19085195660591125 -0.016080141067504883 0.0063062915578484535
v 0.1898786723613739 -0.016280142590403557 0.006956609897315502
v 0.189228355884552 -0.016280142590403557 0.007929880172014236
v 0.189228355884552 -0.016080141067504883 0.007929880172014236
v 0.1898786723613739 -0.016080141067504883 0.006956609897315502
v 0.1889999955892563 -0.016280142590403557 0.009077929891645908
v 0.189228355884552 -0.016280142590403557 0.010225980542600155
v 0.189228355884552 -0.016080141067504883 0.010225980542600155
v 0.1898786723613739 -0.016280142590403557 0.01119925081729889
v 0.19085195660591125 -0.016280142590403557 0.011849569156765938
v 0.1898786723613739 -0.016080141067504883 0.01119925081729889
v 0.1889999955892563 -0.016080141067504883 0.009077929891645908
v 0.1931547075510025 -0.016280142590403557 0.009077929891645908
v 0.19300000369548798 -0.01612544059753418 0.009077929891645908
v 0.1902526468038559 -0.014726849272847176 -0.005422069691121578
v 0.1908266693353653 -0.014726849272847176 -0.005307889077812433
v 0.1902526468038559 -0.014750000089406967 -0.00544522050768137
v 0.1916598528623581 -0.014750000089406967 -0.004504954442381859
v 0.19131331145763397 -0.014726849272847176 -0.004982729908078909
v 0.19163846969604492 -0.014726849272847176 -0.004496094770729542
v 0.19083553552627563 -0.014750000089406967 -0.005329277366399765
v 0.19163846969604492 -0.014726849272847176 -0.0033480445854365826
v 0.19131331145763397 -0.014726849272847176 -0.002861409680917859
v 0.19132967293262482 -0.014750000089406967 -0.002845039824023843
v 0.1908266693353653 -0.014726849272847176 -0.0025362505111843348
v 0.19083553552627563 -0.014750000089406967 -0.002514862222597003
v 0.19175264239311218 -0.014726849272847176 -0.003922069910913706
v 0.19177579879760742 -0.014750000089406967 -0.003922069910913706
v 0.1916598528623581 -0.014750000089406967 -0.003339185379445553
v 0.19132967293262482 -0.014750000089406967 -0.004999099764972925
v 0.1902526468038559 -0.014750000089406967 -0.002398919314146042
v 0.1896786242723465 -0.014726849272847176 -0.005307889077812433
v 0.1902526468038559 -0.014726849272847176 -0.0024220698978751898
v 0.1896786242723465 -0.014726849272847176 -0.0025362505111843348
v 0.18919198215007782 -0.014726849272847176 -0.002861409680917859
v 0.18886682391166687 -0.014726849272847176 -0.0033480445854365826
v 0.1888454407453537 -0.014750000089406967 -0.003339185379445553
v 0.18966975808143616 -0.014750000089406967 -0.002514862222597003
v 0.18886682391166687 -0.014726849272847176 -0.004496094770729542
v 0.18919198215007782 -0.014726849272847176 -0.004982729908078909
v 0.18917562067508698 -0.014750000089406967 -0.004999099764972925
v 0.18966975808143616 -0.014750000089406967 -0.005329277366399765
v 0.1887526512145996 -0.014726849272847176 -0.003922069910913706
v 0.18872949481010437 -0.014750000089406967 -0.003922069910913706
v 0.1888454407453537 -0.014750000089406967 -0.004504954442381859
v 0.18917562067508698 -0.014750000089406967 -0.002845039824023843
v 0.19082999229431152 -0.016426850110292435 -0.0029220697470009327
v 0.19075264036655426 -0.016272148117423058 -0.0030560442246496677
v 0.19125264883041382 -0.016426850110292435 -0.0033447197638452053
v 0.1902526468038559 -0.016426850110292435 -0.002767369383946061
v 0.18925264477729797 -0.016426850110292435 -0.0033447197638452053
v 0.18909794092178345 -0.016426850110292435 -0.003922069910913706
v 0.18925264477729797 -0.016272148117423058 -0.003922069910913706
v 0.18925264477729797 -0.016426850110292435 -0.004499420057982206
v 0.19075264036655426 -0.016272148117423058 -0.004788095131516457
v 0.1902526468038559 -0.016426850110292435 -0.005076770205050707
v 0.19082999229431152 -0.016426850110292435 -0.004922069609165192
v 0.19125264883041382 -0.016426850110292435 -0.004499420057982206
v 0.18967530131340027 -0.016426850110292435 -0.004922069609165192
v 0.18975265324115753 -0.016272148117423058 -0.004788095131516457
v 0.18967530131340027 -0.016426850110292435 -0.0029220697470009327
v 0.18975265324115753 -0.016272148117423058 -0.0030560442246496677
v 0.18925264477729797 -0.015236849896609783 -0.004499420057982206
v 0.1902526468038559 -0.015236849896609783 -0.005076770205050707
v 0.18925264477729797 -0.015236849896609783 -0.0033447197638452053
v 0.1902526468038559 -0.015236849896609783 -0.002767369383946061
v 0.19125264883041382 -0.015236849896609783 -0.0033447197638452053
v 0.19125264883041382 -0.015236849896609783 -0.004499420057982206
v 0.18975265324115753 -0.016272148117423058 -0.0030560442246496677
v 0.18925264477729797 -0.015236849896609783 -0.0033447197638452053
v 0.1902526468038559 -0.015236849896609783 -0.002767369383946061
v 0.18925264477729797 -0.016426850110292435 -0.0033447197638452053
v 0.1902526468038559 -0.016426850110292435 -0.002767369383946061
v 0.18925264477729797 -0.016272148117423058 -0.003922069910913706
v 0.18925264477729797 -0.015236849896609783 -0.004499420057982206
v 0.18925264477729797 -0.015236849896609783 -0.0033447197638452053
v 0.18925264477729797 -0.016426850110292435 -0.004499420057982206
v 0.18925264477729797 -0.016426850110292435 -0.0033447197638452053
v 0.18975265324115753 -0.016272148117423058 -0.004788095131516457
v 0.1902526468038559 -0.016426850110292435 -0.005076770205050707
v 0.1902526468038559 -0.015236849896609783 -0.005076770205050707
v 0.18925264477729797 -0.015236849896609783 -0.004499420057982206
v 0.18925264477729797 -0.016426850110292435 -0.004499420057982206
v 0.19125264883041382 -0.015236849896609783 -0.004499420057982206
v 0.1902526468038559 -0.015236849896609783 -0.005076770205050707
v 0.19075264036655426 -0.016272148117423058 -0.004788095131516457
v 0.1902526468038559 -0.016426850110292435 -0.005076770205050707
v 0.19125264883041382 -0.016426850110292435 -0.004499420057982206
v 0.19125264883041382 -0.016272148117423058 -0.003922069910913706
v 0.19125264883041382 -0.015236849896609783 -0.004499420057982206
v 0.19125264883041382 -0.016426850110292435 -0.004499420057982206
v 0.19125264883041382 -0.016426850110292435 -0.0033447197638452053
v 0.19125264883041382 -0.015236849896609783 -0.0033447197638452053
v 0.1902526468038559 -0.015236849896609783 -0.002767369383946061
v 0.19125264883041382 -0.015236849896609783 -0.0033447197638452053
v 0.19075264036655426 -0.016272148117423058 -0.0030560442246496677
v 0.19125264883041382 -0.016426850110292435 -0.0033447197638452053
v 0.1902526468038559 -0.016426850110292435 -0.002767369383946061
v 0.1891046017408371 -0.016426850110292435 -0.0011504312278702855
v 0.1902526468038559 -0.016426850110292435 -0.002767369383946061
v 0.1902526468038559 -0.016426850110292435 -0.0009220698266290128
v 0.18967530131340027 -0.016426850110292435 -0.0029220697470009327
v 0.18813133239746094 -0.016426850110292435 -0.0018007494509220123
v 0.18748100101947784 -0.016426850110292435 -0.002774019492790103
v 0.18909794092178345 -0.016426850110292435 -0.003922069910913706
v 0.18925264477729797 -0.016426850110292435 -0.0033447197638452053
v 0.18725264072418213 -0.016426850110292435 -0.003922069910913706
v 0.19237396121025085 -0.016426850110292435 -0.0018007494509220123
v 0.1914006918668747 -0.016426850110292435 -0.0011504312278702855
v 0.19082999229431152 -0.016426850110292435 -0.0029220697470009327
v 0.19125264883041382 -0.016426850110292435 -0.0033447197638452053
v 0.19302427768707275 -0.016426850110292435 -0.002774019492790103
v 0.19140735268592834 -0.016426850110292435 -0.003922069910913706
v 0.19325265288352966 -0.016426850110292435 -0.003922069910913706
v 0.18925264477729797 -0.016426850110292435 -0.004499420057982206
v 0.18813133239746094 -0.016426850110292435 -0.006043390370905399
v 0.18967530131340027 -0.016426850110292435 -0.004922069609165192
v 0.18748100101947784 -0.016426850110292435 -0.005070119630545378
v 0.1891046017408371 -0.016426850110292435 -0.006693708244711161
v 0.1902526468038559 -0.016426850110292435 -0.005076770205050707
v 0.1902526468038559 -0.016426850110292435 -0.006922069936990738
v 0.19302427768707275 -0.016426850110292435 -0.005070119630545378
v 0.19125264883041382 -0.016426850110292435 -0.004499420057982206
v 0.19237396121025085 -0.016426850110292435 -0.006043390370905399
v 0.19082999229431152 -0.016426850110292435 -0.004922069609165192
v 0.1914006918668747 -0.016426850110292435 -0.006693708244711161
v 0.1902526468038559 -0.016426850110292435 -0.0009220698266290128
v 0.1914006918668747 -0.016426850110292435 -0.0011504312278702855
v 0.1914006918668747 -0.01622684858739376 -0.0011504312278702855
v 0.19237396121025085 -0.016426850110292435 -0.0018007494509220123
v 0.19302427768707275 -0.016426850110292435 -0.002774019492790103
v 0.19302427768707275 -0.01622684858739376 -0.002774019492790103
v 0.19237396121025085 -0.01622684858739376 -0.0018007494509220123
v 0.19325265288352966 -0.016426850110292435 -0.003922069910913706
v 0.19325265288352966 -0.01622684858739376 -0.003922069910913706
v 0.19237396121025085 -0.01622684858739376 -0.006043390370905399
v 0.19302427768707275 -0.016426850110292435 -0.005070119630545378
v 0.19237396121025085 -0.016426850110292435 -0.006043390370905399
v 0.19302427768707275 -0.01622684858739376 -0.005070119630545378
v 0.1914006918668747 -0.01622684858739376 -0.006693708244711161
v 0.1914006918668747 -0.016426850110292435 -0.006693708244711161
v 0.1902526468038559 -0.01622684858739376 -0.0009220698266290128
v 0.1902526468038559 -0.016426850110292435 -0.006922069936990738
v 0.1902526468038559 -0.01622684858739376 -0.006922069936990738
v 0.1891046017408371 -0.01622684858739376 -0.0011504312278702855
v 0.1891046017408371 -0.01622684858739376 -0.006693708244711161
v 0.1891046017408371 -0.016426850110292435 -0.006693708244711161
v 0.18748100101947784 -0.01622684858739376 -0.005070119630545378
v 0.18813133239746094 -0.016426850110292435 -0.006043390370905399
v 0.18748100101947784 -0.016426850110292435 -0.005070119630545378
v 0.18813133239746094 -0.01622684858739376 -0.006043390370905399
v 0.18725264072418213 -0.016426850110292435 -0.003922069910913706
v 0.18725264072418213 -0.01622684858739376 -0.003922069910913706
v 0.18813133239746094 -0.016426850110292435 -0.0018007494509220123
v 0.1891046017408371 -0.016426850110292435 -0.0011504312278702855
v 0.18748100101947784 -0.016426850110292435 -0.002774019492790103
v 0.18813133239746094 -0.01622684858739376 -0.0018007494509220123
v 0.18748100101947784 -0.01622684858739376 -0.002774019492790103
v 0.19140735268592834 -0.016426850110292435 -0.003922069910913706
v 0.19125264883041382 -0.016272148117423058 -0.003922069910913706
v 0.0494999997317791 -0.016450000926852226 0.03492264822125435
v 0.049654699862003326 -0.016450000926852226 0.03550000116229057
v 0.0494999997317791 -0.01629529893398285 0.03550000116229057
v 0.0494999997317791 -0.016450000926852226 0.0360773503780365
v 0.048500001430511475 -0.016450000926852226 0.03849999979138374
v 0.04964805021882057 -0.016450000926852226 0.03827163949608803
v 0.04964805021882057 -0.016249999403953552 0.03827163949608803
v 0.05062131956219673 -0.016450000926852226 0.03762131929397583
v 0.05127163976430893 -0.016450000926852226 0.03664804995059967
v 0.05127163976430893 -0.016249999403953552 0.03664804995059967
v 0.05062131956219673 -0.016249999403953552 0.03762131929397583
v 0.051500000059604645 -0.016450000926852226 0.03550000116229057
v 0.05127163976430893 -0.016450000926852226 0.03435194864869118
v 0.05127163976430893 -0.016249999403953552 0.03435194864869118
v 0.05062131956219673 -0.016450000926852226 0.033378683030605316
v 0.04964805021882057 -0.016450000926852226 0.03272836282849312
v 0.04964805021882057 -0.016249999403953552 0.03272836282849312
v 0.05062131956219673 -0.016249999403953552 0.033378683030605316
v 0.051500000059604645 -0.016249999403953552 0.03550000116229057
v 0.048500001430511475 -0.016249999403953552 0.03849999979138374
v 0.048500001430511475 -0.016450000926852226 0.032499998807907104
v 0.04735194891691208 -0.016249999403953552 0.03827163949608803
v 0.04735194891691208 -0.016450000926852226 0.03272836282849312
v 0.04735194891691208 -0.016249999403953552 0.03272836282849312
v 0.04637867957353592 -0.016450000926852226 0.033378683030605316
v 0.04572836309671402 -0.016450000926852226 0.03435194864869118
v 0.04572836309671402 -0.016249999403953552 0.03435194864869118
v 0.04637867957353592 -0.016249999403953552 0.033378683030605316
v 0.045499999076128006 -0.016450000926852226 0.03550000116229057
v 0.04572836309671402 -0.016450000926852226 0.03664804995059967
v 0.04572836309671402 -0.016249999403953552 0.03664804995059967
v 0.04637867957353592 -0.016450000926852226 0.03762131929397583
v 0.04735194891691208 -0.016450000926852226 0.03827163949608803
v 0.04637867957353592 -0.016249999403953552 0.03762131929397583
v 0.045499999076128006 -0.016249999403953552 0.03550000116229057
v 0.048500001430511475 -0.016249999403953552 0.032499998807907104
v 0.04735194891691208 -0.016450000926852226 0.03827163949608803
v 0.048500001430511475 -0.016450000926852226 0.036654699593782425
v 0.048500001430511475 -0.016450000926852226 0.03849999979138374
v 0.04792264848947525 -0.016450000926852226 0.0364999994635582
v 0.04637867957353592 -0.016450000926852226 0.03762131929397583
v 0.04572836309671402 -0.016450000926852226 0.03664804995059967
v 0.047345299273729324 -0.016450000926852226 0.03550000116229057
v 0.04749999940395355 -0.016450000926852226 0.0360773503780365
v 0.045499999076128006 -0.016450000926852226 0.03550000116229057
v 0.05062131956219673 -0.016450000926852226 0.03762131929397583
v 0.04964805021882057 -0.016450000926852226 0.03827163949608803
v 0.0490773506462574 -0.016450000926852226 0.0364999994635582
v 0.0494999997317791 -0.016450000926852226 0.0360773503780365
v 0.05127163976430893 -0.016450000926852226 0.03664804995059967
v 0.049654699862003326 -0.016450000926852226 0.03550000116229057
v 0.051500000059604645 -0.016450000926852226 0.03550000116229057
v 0.04749999940395355 -0.016450000926852226 0.03492264822125435
v 0.04637867957353592 -0.016450000926852226 0.033378683030605316
v 0.04792264848947525 -0.016450000926852226 0.03449999913573265
v 0.04572836309671402 -0.016450000926852226 0.03435194864869118
v 0.04735194891691208 -0.016450000926852226 0.03272836282849312
v 0.048500001430511475 -0.016450000926852226 0.03434529900550842
v 0.048500001430511475 -0.016450000926852226 0.032499998807907104
v 0.05127163976430893 -0.016450000926852226 0.03435194864869118
v 0.0494999997317791 -0.016450000926852226 0.03492264822125435
v 0.05062131956219673 -0.016450000926852226 0.033378683030605316
v 0.0490773506462574 -0.016450000926852226 0.03449999913573265
v 0.04964805021882057 -0.016450000926852226 0.03272836282849312
v 0.048500001430511475 -0.015259999781847 0.036654699593782425
v 0.0494999997317791 -0.015259999781847 0.0360773503780365
v 0.04899999871850014 -0.01629529893398285 0.03636602684855461
v 0.0494999997317791 -0.016450000926852226 0.0360773503780365
v 0.048500001430511475 -0.016450000926852226 0.036654699593782425
v 0.0494999997317791 -0.01629529893398285 0.03550000116229057
v 0.0494999997317791 -0.015259999781847 0.03492264822125435
v 0.0494999997317791 -0.016450000926852226 0.03492264822125435
v 0.0494999997317791 -0.016450000926852226 0.0360773503780365
v 0.0494999997317791 -0.015259999781847 0.0360773503780365
v 0.0494999997317791 -0.015259999781847 0.03492264822125435
v 0.048500001430511475 -0.015259999781847 0.03434529900550842
v 0.04899999871850014 -0.01629529893398285 0.034633975476026535
v 0.048500001430511475 -0.016450000926852226 0.03434529900550842
v 0.0494999997317791 -0.016450000926852226 0.03492264822125435
v 0.04800000041723251 -0.01629529893398285 0.034633975476026535
v 0.048500001430511475 -0.016450000926852226 0.03434529900550842
v 0.048500001430511475 -0.015259999781847 0.03434529900550842
v 0.04749999940395355 -0.015259999781847 0.03492264822125435
v 0.04749999940395355 -0.016450000926852226 0.03492264822125435
v 0.04749999940395355 -0.01629529893398285 0.03550000116229057
v 0.04749999940395355 -0.015259999781847 0.03492264822125435
v 0.04749999940395355 -0.015259999781847 0.0360773503780365
v 0.04749999940395355 -0.016450000926852226 0.03492264822125435
v 0.04749999940395355 -0.016450000926852226 0.0360773503780365
v 0.04800000041723251 -0.01629529893398285 0.03636602684855461
v 0.04749999940395355 -0.015259999781847 0.0360773503780365
v 0.048500001430511475 -0.015259999781847 0.036654699593782425
v 0.04749999940395355 -0.016450000926852226 0.0360773503780365
v 0.048500001430511475 -0.016450000926852226 0.036654699593782425
v 0.04749999940395355 -0.015259999781847 0.03492264822125435
v 0.048500001430511475 -0.015259999781847 0.03434529900550842
v 0.04749999940395355 -0.015259999781847 0.0360773503780365
v 0.048500001430511475 -0.015259999781847 0.036654699593782425
v 0.0494999997317791 -0.015259999781847 0.03492264822125435
v 0.0494999997317791 -0.015259999781847 0.0360773503780365
v 0.04800000041723251 -0.01629529893398285 0.03636602684855461
v 0.048500001430511475 -0.016450000926852226 0.036654699593782425
v 0.04792264848947525 -0.016450000926852226 0.0364999994635582
v 0.04749999940395355 -0.016450000926852226 0.0360773503780365
v 0.04800000041723251 -0.01629529893398285 0.034633975476026535
v 0.04749999940395355 -0.016450000926852226 0.03492264822125435
v 0.04792264848947525 -0.016450000926852226 0.03449999913573265
v 0.048500001430511475 -0.016450000926852226 0.03434529900550842
v 0.04899999871850014 -0.01629529893398285 0.034633975476026535
v 0.0490773506462574 -0.016450000926852226 0.03449999913573265
v 0.047345299273729324 -0.016450000926852226 0.03550000116229057
v 0.04749999940395355 -0.01629529893398285 0.03550000116229057
v 0.04899999871850014 -0.01629529893398285 0.03636602684855461
v 0.0490773506462574 -0.016450000926852226 0.0364999994635582
v 0.04450000077486038 -0.016450000926852226 -0.0020773501601070166
v 0.04465470090508461 -0.016450000926852226 -0.001500000013038516
v 0.04450000077486038 -0.01629529893398285 -0.001500000013038516
v 0.04450000077486038 -0.016450000926852226 -0.0009226497495546937
v 0.04349999874830246 -0.016450000926852226 0.001500000013038516
v 0.044648051261901855 -0.016450000926852226 0.0012716385535895824
v 0.044648051261901855 -0.016249999403953552 0.0012716385535895824
v 0.045621320605278015 -0.016450000926852226 0.0006213203305378556
v 0.046271637082099915 -0.016450000926852226 -0.000351949711330235
v 0.046271637082099915 -0.016249999403953552 -0.000351949711330235
v 0.045621320605278015 -0.016249999403953552 0.0006213203305378556
v 0.04650000110268593 -0.016450000926852226 -0.001500000013038516
v 0.046271637082099915 -0.016450000926852226 -0.0026480501983314753
v 0.046271637082099915 -0.016249999403953552 -0.0026480501983314753
v 0.045621320605278015 -0.016450000926852226 -0.003621320240199566
v 0.044648051261901855 -0.016450000926852226 -0.0042716385796666145
v 0.044648051261901855 -0.016249999403953552 -0.0042716385796666145
v 0.045621320605278015 -0.016249999403953552 -0.003621320240199566
v 0.04650000110268593 -0.016249999403953552 -0.001500000013038516
v 0.04349999874830246 -0.016249999403953552 0.001500000013038516
v 0.04349999874830246 -0.016450000926852226 -0.0044999998062849045
v 0.04235194995999336 -0.016450000926852226 0.0012716385535895824
v 0.04235194995999336 -0.016450000926852226 -0.0042716385796666145
v 0.04235194995999336 -0.016249999403953552 -0.0042716385796666145
v 0.0413786806166172 -0.016450000926852226 -0.003621320240199566
v 0.040728360414505005 -0.016450000926852226 -0.0026480501983314753
v 0.040728360414505005 -0.016249999403953552 -0.0026480501983314753
v 0.0413786806166172 -0.016249999403953552 -0.003621320240199566
v 0.04050000011920929 -0.016450000926852226 -0.001500000013038516
v 0.040728360414505005 -0.016450000926852226 -0.000351949711330235
v 0.04050000011920929 -0.016249999403953552 -0.001500000013038516
v 0.0413786806166172 -0.016450000926852226 0.0006213203305378556
v 0.04235194995999336 -0.016249999403953552 0.0012716385535895824
v 0.0413786806166172 -0.016249999403953552 0.0006213203305378556
v 0.04349999874830246 -0.016249999403953552 -0.0044999998062849045
v 0.040728360414505005 -0.016249999403953552 -0.000351949711330235
v 0.04235194995999336 -0.016450000926852226 0.0012716385535895824
v 0.04349999874830246 -0.016450000926852226 -0.0003452994569670409
v 0.04349999874830246 -0.016450000926852226 0.001500000013038516
v 0.042922649532556534 -0.016450000926852226 -0.0005000000237487257
v 0.0413786806166172 -0.016450000926852226 0.0006213203305378556
v 0.040728360414505005 -0.016450000926852226 -0.000351949711330235
v 0.04234530031681061 -0.016450000926852226 -0.001500000013038516
v 0.042500000447034836 -0.016450000926852226 -0.0009226497495546937
v 0.04050000011920929 -0.016450000926852226 -0.001500000013038516
v 0.045621320605278015 -0.016450000926852226 0.0006213203305378556
v 0.044648051261901855 -0.016450000926852226 0.0012716385535895824
v 0.044077351689338684 -0.016450000926852226 -0.0005000000237487257
v 0.04450000077486038 -0.016450000926852226 -0.0009226497495546937
v 0.046271637082099915 -0.016450000926852226 -0.000351949711330235
v 0.04465470090508461 -0.016450000926852226 -0.001500000013038516
v 0.04650000110268593 -0.016450000926852226 -0.001500000013038516
v 0.042500000447034836 -0.016450000926852226 -0.0020773501601070166
v 0.0413786806166172 -0.016450000926852226 -0.003621320240199566
v 0.042922649532556534 -0.016450000926852226 -0.0024999999441206455
v 0.040728360414505005 -0.016450000926852226 -0.0026480501983314753
v 0.04235194995999336 -0.016450000926852226 -0.0042716385796666145
v 0.04349999874830246 -0.016450000926852226 -0.0026547005400061607
v 0.04349999874830246 -0.016450000926852226 -0.0044999998062849045
v 0.046271637082099915 -0.016450000926852226 -0.0026480501983314753
v 0.04450000077486038 -0.016450000926852226 -0.0020773501601070166
v 0.045621320605278015 -0.016450000926852226 -0.003621320240199566
v 0.044077351689338684 -0.016450000926852226 -0.0024999999441206455
v 0.044648051261901855 -0.016450000926852226 -0.0042716385796666145
v 0.04349999874830246 -0.015259999781847 -0.0003452994569670409
v 0.04450000077486038 -0.015259999781847 -0.0009226497495546937
v 0.04399999976158142 -0.01629529893398285 -0.0006339746178127825
v 0.04450000077486038 -0.016450000926852226 -0.0009226497495546937
v 0.04349999874830246 -0.016450000926852226 -0.0003452994569670409
v 0.04450000077486038 -0.01629529893398285 -0.001500000013038516
v 0.04450000077486038 -0.015259999781847 -0.0020773501601070166
v 0.04450000077486038 -0.016450000926852226 -0.0020773501601070166
v 0.04450000077486038 -0.016450000926852226 -0.0009226497495546937
v 0.04450000077486038 -0.015259999781847 -0.0009226497495546937
v 0.04450000077486038 -0.015259999781847 -0.0020773501601070166
v 0.04349999874830246 -0.015259999781847 -0.0026547005400061607
v 0.04399999976158142 -0.01629529893398285 -0.0023660254664719105
v 0.04349999874830246 -0.016450000926852226 -0.0026547005400061607
v 0.04450000077486038 -0.016450000926852226 -0.0020773501601070166
v 0.0430000014603138 -0.01629529893398285 -0.0023660254664719105
v 0.04349999874830246 -0.016450000926852226 -0.0026547005400061607
v 0.04349999874830246 -0.015259999781847 -0.0026547005400061607
v 0.042500000447034836 -0.015259999781847 -0.0020773501601070166
v 0.042500000447034836 -0.016450000926852226 -0.0020773501601070166
v 0.042500000447034836 -0.01629529893398285 -0.001500000013038516
v 0.042500000447034836 -0.015259999781847 -0.0020773501601070166
v 0.042500000447034836 -0.015259999781847 -0.0009226497495546937
v 0.042500000447034836 -0.016450000926852226 -0.0020773501601070166
v 0.042500000447034836 -0.016450000926852226 -0.0009226497495546937
v 0.0430000014603138 -0.01629529893398285 -0.0006339746178127825
v 0.042500000447034836 -0.015259999781847 -0.0009226497495546937
v 0.04349999874830246 -0.015259999781847 -0.0003452994569670409
v 0.042500000447034836 -0.016450000926852226 -0.0009226497495546937
v 0.04349999874830246 -0.016450000926852226 -0.0003452994569670409
v 0.042500000447034836 -0.015259999781847 -0.0009226497495546937
v 0.042500000447034836 -0.015259999781847 -0.0020773501601070166
v 0.04349999874830246 -0.015259999781847 -0.0003452994569670409
v 0.04349999874830246 -0.015259999781847 -0.0026547005400061607
v 0.04450000077486038 -0.015259999781847 -0.0009226497495546937
v 0.04450000077486038 -0.015259999781847 -0.0020773501601070166
v 0.042922649532556534 -0.016450000926852226 -0.0005000000237487257
v 0.0430000014603138 -0.01629529893398285 -0.0006339746178127825
v 0.04349999874830246 -0.016450000926852226 -0.0003452994569670409
v 0.042500000447034836 -0.016450000926852226 -0.0009226497495546937
v 0.042922649532556534 -0.016450000926852226 -0.0024999999441206455
v 0.0430000014603138 -0.01629529893398285 -0.0023660254664719105
v 0.042500000447034836 -0.016450000926852226 -0.0020773501601070166
v 0.04349999874830246 -0.016450000926852226 -0.0026547005400061607
v 0.04399999976158142 -0.01629529893398285 -0.0023660254664719105
v 0.044077351689338684 -0.016450000926852226 -0.0024999999441206455
v 0.04234530031681061 -0.016450000926852226 -0.001500000013038516
v 0.042500000447034836 -0.01629529893398285 -0.001500000013038516
v 0.04399999976158142 -0.01629529893398285 -0.0006339746178127825
v 0.044077351689338684 -0.016450000926852226 -0.0005000000237487257
v -0.04064999893307686 -0.016450000926852226 0.03492264822125435
v -0.04049529880285263 -0.016450000926852226 0.03550000116229057
v -0.04064999893307686 -0.01629529893398285 0.03550000116229057
v -0.04064999893307686 -0.016450000926852226 0.0360773503780365
v -0.04165000095963478 -0.016450000926852226 0.03849999979138374
v -0.040501948446035385 -0.016450000926852226 0.03827163949608803
v -0.040501948446035385 -0.016249999403953552 0.03827163949608803
v -0.039528679102659225 -0.016450000926852226 0.03762131929397583
v -0.03887835890054703 -0.016450000926852226 0.03664804995059967
v -0.03887835890054703 -0.016249999403953552 0.03664804995059967
v -0.039528679102659225 -0.016249999403953552 0.03762131929397583
v -0.03864999860525131 -0.016450000926852226 0.03550000116229057
v -0.03887835890054703 -0.016450000926852226 0.03435194864869118
v -0.03887835890054703 -0.016249999403953552 0.03435194864869118
v -0.039528679102659225 -0.016450000926852226 0.033378683030605316
v -0.040501948446035385 -0.016450000926852226 0.03272836282849312
v -0.040501948446035385 -0.016249999403953552 0.03272836282849312
v -0.039528679102659225 -0.016249999403953552 0.033378683030605316
v -0.03864999860525131 -0.016249999403953552 0.03550000116229057
v -0.04165000095963478 -0.016249999403953552 0.03849999979138374
v -0.04165000095963478 -0.016450000926852226 0.032499998807907104
v -0.04279804974794388 -0.016249999403953552 0.03827163949608803
v -0.04279804974794388 -0.016450000926852226 0.03272836282849312
v -0.04279804974794388 -0.016249999403953552 0.03272836282849312
v -0.04377131909132004 -0.016450000926852226 0.033378683030605316
v -0.044421639293432236 -0.016450000926852226 0.03435194864869118
v -0.044421639293432236 -0.016249999403953552 0.03435194864869118
v -0.04377131909132004 -0.016249999403953552 0.033378683030605316
v -0.04464999586343765 -0.016450000926852226 0.03550000116229057
v -0.044421639293432236 -0.016450000926852226 0.03664804995059967
v -0.044421639293432236 -0.016249999403953552 0.03664804995059967
v -0.04377131909132004 -0.016450000926852226 0.03762131929397583
v -0.04279804974794388 -0.016450000926852226 0.03827163949608803
v -0.04377131909132004 -0.016249999403953552 0.03762131929397583
v -0.04464999586343765 -0.016249999403953552 0.03550000116229057
v -0.04165000095963478 -0.016249999403953552 0.032499998807907104
v -0.04279804974794388 -0.016450000926852226 0.03827163949608803
v -0.04165000095963478 -0.016450000926852226 0.036654699593782425
v -0.04165000095963478 -0.016450000926852226 0.03849999979138374
v -0.04222735017538071 -0.016450000926852226 0.0364999994635582
v -0.04377131909132004 -0.016450000926852226 0.03762131929397583
v -0.044421639293432236 -0.016450000926852226 0.03664804995059967
v -0.04280469939112663 -0.016450000926852226 0.03550000116229057
v -0.042649999260902405 -0.016450000926852226 0.0360773503780365
v -0.04464999586343765 -0.016450000926852226 0.03550000116229057
v -0.039528679102659225 -0.016450000926852226 0.03762131929397583
v -0.040501948446035385 -0.016450000926852226 0.03827163949608803
v -0.041072648018598557 -0.016450000926852226 0.0364999994635582
v -0.04064999893307686 -0.016450000926852226 0.0360773503780365
v -0.03887835890054703 -0.016450000926852226 0.03664804995059967
v -0.04049529880285263 -0.016450000926852226 0.03550000116229057
v -0.03864999860525131 -0.016450000926852226 0.03550000116229057
v -0.042649999260902405 -0.016450000926852226 0.03492264822125435
v -0.04377131909132004 -0.016450000926852226 0.033378683030605316
v -0.04222735017538071 -0.016450000926852226 0.03449999913573265
v -0.044421639293432236 -0.016450000926852226 0.03435194864869118
v -0.04279804974794388 -0.016450000926852226 0.03272836282849312
v -0.04165000095963478 -0.016450000926852226 0.03434529900550842
v -0.04165000095963478 -0.016450000926852226 0.032499998807907104
v -0.03887835890054703 -0.016450000926852226 0.03435194864869118
v -0.04064999893307686 -0.016450000926852226 0.03492264822125435
v -0.039528679102659225 -0.016450000926852226 0.033378683030605316
v -0.041072648018598557 -0.016450000926852226 0.03449999913573265
v -0.040501948446035385 -0.016450000926852226 0.03272836282849312
v -0.04165000095963478 -0.015259999781847 0.036654699593782425
v -0.04064999893307686 -0.015259999781847 0.0360773503780365
v -0.04114999994635582 -0.01629529893398285 0.03636602684855461
v -0.04064999893307686 -0.016450000926852226 0.0360773503780365
v -0.04165000095963478 -0.016450000926852226 0.036654699593782425
v -0.04064999893307686 -0.01629529893398285 0.03550000116229057
v -0.04064999893307686 -0.015259999781847 0.03492264822125435
v -0.04064999893307686 -0.016450000926852226 0.03492264822125435
v -0.04064999893307686 -0.016450000926852226 0.0360773503780365
v -0.04064999893307686 -0.015259999781847 0.0360773503780365
v -0.04064999893307686 -0.015259999781847 0.03492264822125435
v -0.04165000095963478 -0.015259999781847 0.03434529900550842
v -0.04114999994635582 -0.01629529893398285 0.034633975476026535
v -0.04165000095963478 -0.016450000926852226 0.03434529900550842
v -0.04064999893307686 -0.016450000926852226 0.03492264822125435
v -0.042149998247623444 -0.01629529893398285 0.034633975476026535
v -0.04165000095963478 -0.016450000926852226 0.03434529900550842
v -0.04165000095963478 -0.015259999781847 0.03434529900550842
v -0.042649999260902405 -0.015259999781847 0.03492264822125435
v -0.042649999260902405 -0.016450000926852226 0.03492264822125435
v -0.042649999260902405 -0.01629529893398285 0.03550000116229057
v -0.042649999260902405 -0.015259999781847 0.03492264822125435
v -0.042649999260902405 -0.015259999781847 0.0360773503780365
v -0.042649999260902405 -0.016450000926852226 0.03492264822125435
v -0.042649999260902405 -0.016450000926852226 0.0360773503780365
v -0.042149998247623444 -0.01629529893398285 0.03636602684855461
v -0.042649999260902405 -0.015259999781847 0.0360773503780365
v -0.04165000095963478 -0.015259999781847 0.036654699593782425
v -0.042649999260902405 -0.016450000926852226 0.0360773503780365
v -0.04165000095963478 -0.016450000926852226 0.036654699593782425
v -0.042649999260902405 -0.015259999781847 0.03492264822125435
v -0.04165000095963478 -0.015259999781847 0.03434529900550842
v -0.042649999260902405 -0.015259999781847 0.0360773503780365
v -0.04165000095963478 -0.015259999781847 0.036654699593782425
v -0.04064999893307686 -0.015259999781847 0.03492264822125435
v -0.04064999893307686 -0.015259999781847 0.0360773503780365
v -0.042149998247623444 -0.01629529893398285 0.03636602684855461
v -0.04165000095963478 -0.016450000926852226 0.036654699593782425
v -0.04222735017538071 -0.016450000926852226 0.0364999994635582
v -0.042649999260902405 -0.016450000926852226 0.0360773503780365
v -0.042149998247623444 -0.01629529893398285 0.034633975476026535
v -0.042649999260902405 -0.016450000926852226 0.03492264822125435
v -0.04222735017538071 -0.016450000926852226 0.03449999913573265
v -0.04165000095963478 -0.016450000926852226 0.03434529900550842
v -0.04114999994635582 -0.01629529893398285 0.034633975476026535
v -0.041072648018598557 -0.016450000926852226 0.03449999913573265
v -0.04280469939112663 -0.016450000926852226 0.03550000116229057
v -0.042649999260902405 -0.01629529893398285 0.03550000116229057
v -0.04114999994635582 -0.01629529893398285 0.03636602684855461
v -0.041072648018598557 -0.016450000926852226 0.0364999994635582
v 0.012527457438409328 -0.01054999977350235 0.06110967695713043
v 0.012174279429018497 -0.010250000283122063 0.06084165722131729
v 0.012227457948029041 -0.010250000283122063 0.06110955774784088
v 0.012234844267368317 -0.01054999977350235 0.06040245294570923
v 0.01202262844890356 -0.010250000283122063 0.06061450392007828
v 0.011795591562986374 -0.010250000283122063 0.060462672263383865
v 0.011910506524145603 -0.01054999977350235 0.06018555164337158
v 0.012022236362099648 -0.010250000283122063 0.06160445138812065
v 0.01179508026689291 -0.010250000283122063 0.06175610423088074
v 0.01190977543592453 -0.01054999977350235 0.062033310532569885
v 0.012174067087471485 -0.010250000283122063 0.06137741357088089
v 0.01245118584483862 -0.01054999977350235 0.06149233132600784
v 0.012234284542500973 -0.01054999977350235 0.06181666627526283
v 0.011527180671691895 -0.010250000283122063 0.06180928274989128
v 0.01245148852467537 -0.01054999977350235 0.060726962983608246
v 0.011527061462402344 -0.01054999977350235 0.06210928037762642
v 0.011259322986006737 -0.010250000283122063 0.061755891889333725
v 0.01152773480862379 -0.010250000283122063 0.06040928140282631
v 0.011144408956170082 -0.01054999977350235 0.06203300878405571
v 0.011032287031412125 -0.010250000283122063 0.06160406023263931
v 0.010527458041906357 -0.01054999977350235 0.06110888719558716
v 0.010880636051297188 -0.010250000283122063 0.06137690320611
v 0.010827457532286644 -0.010250000283122063 0.06110900267958641
v 0.010820071212947369 -0.01054999977350235 0.06181610748171806
v 0.011527853086590767 -0.01054999977350235 0.06010928004980087
v 0.011259835213422775 -0.010250000283122063 0.06046245992183685
v 0.011145140044391155 -0.01054999977350235 0.06018524989485741
v 0.011032679118216038 -0.010250000283122063 0.06061410903930664
v 0.010603729635477066 -0.01054999977350235 0.06072623282670975
v 0.0108808483928442 -0.010250000283122063 0.0608411468565464
v 0.010820630937814713 -0.01054999977350235 0.06040189415216446
v 0.010603426955640316 -0.01054999977350235 0.061491597443819046
v 0.011259322986006737 -0.010250000283122063 0.061755891889333725
v 0.011527180671691895 -0.010250000283122063 0.06180928274989128
v 0.01179508026689291 -0.010250000283122063 0.06175610423088074
v 0.010827457532286644 -0.010250000283122063 0.06110900267958641
v 0.011259835213422775 -0.010250000283122063 0.06046245992183685
v 0.010880636051297188 -0.010250000283122063 0.06137690320611
v 0.011032287031412125 -0.010250000283122063 0.06160406023263931
v 0.0108808483928442 -0.010250000283122063 0.0608411468565464
v 0.012022236362099648 -0.010250000283122063 0.06160445138812065
v 0.012174067087471485 -0.010250000283122063 0.06137741357088089
v 0.012227457948029041 -0.010250000283122063 0.06110955774784088
v 0.012174279429018497 -0.010250000283122063 0.06084165722131729
v 0.011795591562986374 -0.010250000283122063 0.060462672263383865
v 0.01202262844890356 -0.010250000283122063 0.06061450392007828
v 0.011032679118216038 -0.010250000283122063 0.06061410903930664
v 0.01152773480862379 -0.010250000283122063 0.06040928140282631
v 0.012271630577743053 -0.01664000004529953 0.06101160869002342
v 0.011814957484602928 -0.01664000004529953 0.06041597202420235
v 0.012043293565511703 -0.01744944415986538 0.060713790357112885
v 0.011814957484602928 -0.017550000920891762 0.06041597202420235
v 0.012271630577743053 -0.017550000920891762 0.06101160869002342
v 0.011442870832979679 -0.01744944415986538 0.060464806854724884
v 0.011814957484602928 -0.017550000920891762 0.06041597202420235
v 0.011814957484602928 -0.01664000004529953 0.06041597202420235
v 0.01107078418135643 -0.01664000004529953 0.06051364541053772
v 0.01107078418135643 -0.017550000920891762 0.06051364541053772
v 0.010927034541964531 -0.01744944415986538 0.060860298573970795
v 0.01107078418135643 -0.01664000004529953 0.06051364541053772
v 0.010783284902572632 -0.01664000004529953 0.06120695546269417
v 0.01107078418135643 -0.017550000920891762 0.06051364541053772
v 0.010783284902572632 -0.017550000920891762 0.06120695546269417
v 0.011011620983481407 -0.01744944415986538 0.06150477007031441
v 0.010783284902572632 -0.01664000004529953 0.06120695546269417
v 0.011239957995712757 -0.01664000004529953 0.061802588403224945
v 0.010783284902572632 -0.017550000920891762 0.06120695546269417
v 0.011239957995712757 -0.017550000920891762 0.061802588403224945
v 0.011239957995712757 -0.01664000004529953 0.061802588403224945
v 0.011984131298959255 -0.01664000004529953 0.06170491874217987
v 0.011612044647336006 -0.01744944415986538 0.06175375357270241
v 0.011984131298959255 -0.017550000920891762 0.06170491874217987
v 0.011239957995712757 -0.017550000920891762 0.061802588403224945
v 0.012127880938351154 -0.01744944415986538 0.0613582618534565
v 0.012271630577743053 -0.01664000004529953 0.06101160869002342
v 0.012271630577743053 -0.017550000920891762 0.06101160869002342
v 0.011984131298959255 -0.017550000920891762 0.06170491874217987
v 0.011984131298959255 -0.01664000004529953 0.06170491874217987
v 0.01107078418135643 -0.01664000004529953 0.06051364541053772
v 0.011814957484602928 -0.01664000004529953 0.06041597202420235
v 0.010783284902572632 -0.01664000004529953 0.06120695546269417
v 0.011239957995712757 -0.01664000004529953 0.061802588403224945
v 0.012271630577743053 -0.01664000004529953 0.06101160869002342
v 0.011984131298959255 -0.01664000004529953 0.06170491874217987
v 0.012043293565511703 -0.01744944415986538 0.060713790357112885
v 0.011814957484602928 -0.017550000920891762 0.06041597202420235
v 0.01212309394031763 -0.017550000920891762 0.060652606189250946
v 0.012271630577743053 -0.017550000920891762 0.06101160869002342
v 0.011442870832979679 -0.01744944415986538 0.060464806854724884
v 0.01107078418135643 -0.017550000920891762 0.06051364541053772
v 0.011429784819483757 -0.017550000920891762 0.06036510691046715
v 0.010783284902572632 -0.017550000920891762 0.06120695546269417
v 0.010834148153662682 -0.017550000920891762 0.060821782797575
v 0.010927034541964531 -0.01744944415986538 0.060860298573970795
v 0.011011620983481407 -0.01744944415986538 0.06150477007031441
v 0.011239957995712757 -0.017550000920891762 0.061802588403224945
v 0.010931821539998055 -0.017550000920891762 0.061565957963466644
v 0.011625130660831928 -0.017550000920891762 0.061853453516960144
v 0.011612044647336006 -0.01744944415986538 0.06175375357270241
v 0.011984131298959255 -0.017550000920891762 0.06170491874217987
v 0.011625130660831928 -0.017550000920891762 0.061853453516960144
v 0.01190977543592453 -0.017550000920891762 0.062033310532569885
v 0.011527061462402344 -0.017550000920891762 0.06210928037762642
v 0.011984131298959255 -0.017550000920891762 0.06170491874217987
v 0.011239957995712757 -0.017550000920891762 0.061802588403224945
v 0.012220766395330429 -0.017550000920891762 0.06139678135514259
v 0.01245118584483862 -0.017550000920891762 0.06149233132600784
v 0.012234284542500973 -0.017550000920891762 0.06181666627526283
v 0.012527457438409328 -0.017550000920891762 0.06110967695713043
v 0.010820071212947369 -0.017550000920891762 0.06181610748171806
v 0.011144408956170082 -0.017550000920891762 0.06203300878405571
v 0.010931821539998055 -0.017550000920891762 0.061565957963466644
v 0.010603426955640316 -0.017550000920891762 0.061491597443819046
v 0.010783284902572632 -0.017550000920891762 0.06120695546269417
v 0.010527458041906357 -0.017550000920891762 0.06110888719558716
v 0.010834148153662682 -0.017550000920891762 0.060821782797575
v 0.01245148852467537 -0.017550000920891762 0.060726962983608246
v 0.012271630577743053 -0.017550000920891762 0.06101160869002342
v 0.01212309394031763 -0.017550000920891762 0.060652606189250946
v 0.011814957484602928 -0.017550000920891762 0.06041597202420235
v 0.012234844267368317 -0.017550000920891762 0.06040245294570923
v 0.011527853086590767 -0.017550000920891762 0.06010928004980087
v 0.011910506524145603 -0.017550000920891762 0.06018555164337158
v 0.010820630937814713 -0.017550000920891762 0.06040189415216446
v 0.010603729635477066 -0.017550000920891762 0.06072623282670975
v 0.01107078418135643 -0.017550000920891762 0.06051364541053772
v 0.011145140044391155 -0.017550000920891762 0.06018524989485741
v 0.011429784819483757 -0.017550000920891762 0.06036510691046715
v 0.00991040375083685 -0.01644499972462654 0.06177833676338196
v 0.00977745745331049 -0.01644499972462654 0.06110858917236328
v 0.01015426404774189 -0.017150092869997025 0.061487097293138504
v 0.010820071212947369 -0.017550000920891762 0.06181610748171806
v 0.011097012087702751 -0.01745876483619213 0.06214730814099312
v 0.010289531201124191 -0.01644499972462654 0.06234622746706009
v 0.011144408956170082 -0.017550000920891762 0.06203300878405571
v 0.009910933673381805 -0.01644499972462654 0.06043894588947296
v 0.010489432141184807 -0.01745876483619213 0.060678835958242416
v 0.010527458041906357 -0.017550000920891762 0.06110888719558716
v 0.010824600234627724 -0.017150092869997025 0.05987057462334633
v 0.010603729635477066 -0.017550000920891762 0.06072623282670975
v 0.010820630937814713 -0.017550000920891762 0.06040189415216446
v 0.010603426955640316 -0.017550000920891762 0.061491597443819046
v 0.010857122018933296 -0.01644499972462654 0.06272580474615097
v 0.011526765301823616 -0.01644499972462654 0.06285928189754486
v 0.012230315245687962 -0.017150092869997025 0.06234798952937126
v 0.011527061462402344 -0.017550000920891762 0.06210928037762642
v 0.012196513824164867 -0.01644499972462654 0.06272633373737335
v 0.012764404527842999 -0.01644499972462654 0.062347207218408585
v 0.01295419316738844 -0.01644499972462654 0.06206341087818146
v 0.012234284542500973 -0.017550000920891762 0.06181666627526283
v 0.01190977543592453 -0.017550000920891762 0.062033310532569885
v 0.012565483339130878 -0.01745876483619213 0.06153973191976547
v 0.01245118584483862 -0.017550000920891762 0.06149233132600784
v 0.011145140044391155 -0.017550000920891762 0.06018524989485741
v 0.011527853086590767 -0.017550000920891762 0.06010928004980087
v 0.011957904323935509 -0.01745876483619213 0.06007125601172447
v 0.011910506524145603 -0.017550000920891762 0.06018555164337158
v 0.01152815017849207 -0.01644499972462654 0.05935928225517273
v 0.010858401656150818 -0.01644499972462654 0.05949222669005394
v 0.012197793461382389 -0.01644499972462654 0.05949275568127632
v 0.012765384279191494 -0.01644499972462654 0.0598723329603672
v 0.010290510952472687 -0.01644499972462654 0.05987135320901871
v 0.012234844267368317 -0.017550000920891762 0.06040245294570923
v 0.012527457438409328 -0.017550000920891762 0.06110967695713043
v 0.01245148852467537 -0.017550000920891762 0.060726962983608246
v 0.012900651432573795 -0.017150092869997025 0.06073146313428879
v 0.013210720382630825 -0.01644499972462654 0.06144479289650917
v 0.01314398180693388 -0.01644499972462654 0.06177961826324463
v 0.013277457095682621 -0.01644499972462654 0.06110997498035431
v 0.013144511729478836 -0.01644499972462654 0.060440223664045334
v 0.01314398180693388 -0.016249999403953552 0.06177961826324463
v 0.012764404527842999 -0.016249999403953552 0.062347207218408585
v 0.012764404527842999 -0.01644499972462654 0.062347207218408585
v 0.012196513824164867 -0.016249999403953552 0.06272633373737335
v 0.011526765301823616 -0.016249999403953552 0.06285928189754486
v 0.012196513824164867 -0.01644499972462654 0.06272633373737335
v 0.010857122018933296 -0.016249999403953552 0.06272580474615097
v 0.010289531201124191 -0.016249999403953552 0.06234622746706009
v 0.010857122018933296 -0.01644499972462654 0.06272580474615097
v 0.00991040375083685 -0.016249999403953552 0.06177833676338196
v 0.00977745745331049 -0.016249999403953552 0.06110858917236328
v 0.00991040375083685 -0.01644499972462654 0.06177833676338196
v 0.010289531201124191 -0.01644499972462654 0.06234622746706009
v 0.011526765301823616 -0.01644499972462654 0.06285928189754486
v 0.01314398180693388 -0.01644499972462654 0.06177961826324463
v 0.00977745745331049 -0.01644499972462654 0.06110858917236328
v 0.009910933673381805 -0.016249999403953552 0.06043894588947296
v 0.013277457095682621 -0.01644499972462654 0.06110997498035431
v 0.010290510952472687 -0.016249999403953552 0.05987135320901871
v 0.010290510952472687 -0.01644499972462654 0.05987135320901871
v 0.01152815017849207 -0.016249999403953552 0.05935928225517273
v 0.010858401656150818 -0.01644499972462654 0.05949222669005394
v 0.010858401656150818 -0.016249999403953552 0.05949222669005394
v 0.01152815017849207 -0.01644499972462654 0.05935928225517273
v 0.012197793461382389 -0.016249999403953552 0.05949275568127632
v 0.013144511729478836 -0.01644499972462654 0.060440223664045334
v 0.012765384279191494 -0.016249999403953552 0.0598723329603672
v 0.013144511729478836 -0.016249999403953552 0.060440223664045334
v 0.012197793461382389 -0.01644499972462654 0.05949275568127632
v 0.013277457095682621 -0.016249999403953552 0.06110997498035431
v 0.009910933673381805 -0.01644499972462654 0.06043894588947296
v 0.012765384279191494 -0.01644499972462654 0.0598723329603672
v 0.012220766395330429 -0.017550000920891762 0.06139678135514259
v 0.012127880938351154 -0.01744944415986538 0.0613582618534565
v -0.05413193255662918 -0.010250000283122063 0.030875561758875847
v -0.05390489473938942 -0.010250000283122063 0.03102739155292511
v -0.05401701480150223 -0.01054999977350235 0.030598443001508713
v -0.053753241896629333 -0.010250000283122063 0.03125454857945442
v -0.05370006337761879 -0.010250000283122063 0.03152244910597801
v -0.053476035594940186 -0.01054999977350235 0.031139852479100227
v -0.05369267985224724 -0.01054999977350235 0.03081534430384636
v -0.05390528589487076 -0.010250000283122063 0.03201734274625778
v -0.05413244292140007 -0.010250000283122063 0.03216899186372757
v -0.05369323864579201 -0.01054999977350235 0.03222955763339996
v -0.053753457963466644 -0.010250000283122063 0.03179030492901802
v -0.05340006574988365 -0.01054999977350235 0.03152256831526756
v -0.05440034344792366 -0.010250000283122063 0.03222217038273811
v -0.05440045893192291 -0.01054999977350235 0.03252217173576355
v -0.05347633734345436 -0.01054999977350235 0.031905218958854675
v -0.054017748683691025 -0.01054999977350235 0.032446201890707016
v -0.054783113300800323 -0.01054999977350235 0.03244590014219284
v -0.05439978837966919 -0.010250000283122063 0.03082217089831829
v -0.05510006472468376 -0.010250000283122063 0.03152189403772354
v -0.055324096232652664 -0.01054999977350235 0.03190448880195618
v -0.05504688620567322 -0.010250000283122063 0.03178979456424713
v -0.05510745197534561 -0.01054999977350235 0.032228998839855194
v -0.05489523708820343 -0.010250000283122063 0.032016951590776443
v -0.05466819927096367 -0.010250000283122063 0.03216877952218056
v -0.05532379448413849 -0.01054999977350235 0.03113912232220173
v -0.055046673864126205 -0.010250000283122063 0.03125403821468353
v -0.05489484220743179 -0.010250000283122063 0.03102700039744377
v -0.05466768890619278 -0.010250000283122063 0.030875349417328835
v -0.05439966917037964 -0.01054999977350235 0.030522171407938004
v -0.05510689318180084 -0.01054999977350235 0.03081478364765644
v -0.0554000660777092 -0.01054999977350235 0.03152177482843399
v -0.054782383143901825 -0.01054999977350235 0.030598139390349388
v -0.05466819927096367 -0.010250000283122063 0.03216877952218056
v -0.05440034344792366 -0.010250000283122063 0.03222217038273811
v -0.05413244292140007 -0.010250000283122063 0.03216899186372757
v -0.055046673864126205 -0.010250000283122063 0.03125403821468353
v -0.05489484220743179 -0.010250000283122063 0.03102700039744377
v -0.053753241896629333 -0.010250000283122063 0.03125454857945442
v -0.05489523708820343 -0.010250000283122063 0.032016951590776443
v -0.05504688620567322 -0.010250000283122063 0.03178979456424713
v -0.05510006472468376 -0.010250000283122063 0.03152189403772354
v -0.05390528589487076 -0.010250000283122063 0.03201734274625778
v -0.053753457963466644 -0.010250000283122063 0.03179030492901802
v -0.05370006337761879 -0.010250000283122063 0.03152244910597801
v -0.05390489473938942 -0.010250000283122063 0.03102739155292511
v -0.05466768890619278 -0.010250000283122063 0.030875349417328835
v -0.05439978837966919 -0.010250000283122063 0.03082217089831829
v -0.05413193255662918 -0.010250000283122063 0.030875561758875847
v -0.05365589261054993 -0.01664000004529953 0.03142450004816055
v -0.05411256477236748 -0.01664000004529953 0.03082886151969433
v -0.05388423055410385 -0.01744944415986538 0.031126679852604866
v -0.05411256477236748 -0.017550000920891762 0.03082886151969433
v -0.05365589261054993 -0.017550000920891762 0.03142450004816055
v -0.05448465049266815 -0.01744944415986538 0.030877698212862015
v -0.05411256477236748 -0.017550000920891762 0.03082886151969433
v -0.05411256477236748 -0.01664000004529953 0.03082886151969433
v -0.054856739938259125 -0.01664000004529953 0.0309265349060297
v -0.054856739938259125 -0.017550000920891762 0.0309265349060297
v -0.055000487715005875 -0.01744944415986538 0.031273189932107925
v -0.054856739938259125 -0.01664000004529953 0.0309265349060297
v -0.05514423921704292 -0.01664000004529953 0.031619843095541
v -0.054856739938259125 -0.017550000920891762 0.0309265349060297
v -0.05514423921704292 -0.017550000920891762 0.031619843095541
v -0.054915901273489 -0.01744944415986538 0.03191766142845154
v -0.05514423921704292 -0.01664000004529953 0.031619843095541
v -0.054687563329935074 -0.01664000004529953 0.032215479761362076
v -0.05514423921704292 -0.017550000920891762 0.031619843095541
v -0.054687563329935074 -0.017550000920891762 0.032215479761362076
v -0.054687563329935074 -0.01664000004529953 0.032215479761362076
v -0.053943391889333725 -0.01664000004529953 0.0321178063750267
v -0.0543154776096344 -0.01744944415986538 0.03216664493083954
v -0.053943391889333725 -0.017550000920891762 0.0321178063750267
v -0.054687563329935074 -0.017550000920891762 0.032215479761362076
v -0.05379964038729668 -0.01744944415986538 0.03177115321159363
v -0.05365589261054993 -0.01664000004529953 0.03142450004816055
v -0.05365589261054993 -0.017550000920891762 0.03142450004816055
v -0.053943391889333725 -0.017550000920891762 0.0321178063750267
v -0.053943391889333725 -0.01664000004529953 0.0321178063750267
v -0.054856739938259125 -0.01664000004529953 0.0309265349060297
v -0.05411256477236748 -0.01664000004529953 0.03082886151969433
v -0.05514423921704292 -0.01664000004529953 0.031619843095541
v -0.054687563329935074 -0.01664000004529953 0.032215479761362076
v -0.053943391889333725 -0.01664000004529953 0.0321178063750267
v -0.05365589261054993 -0.01664000004529953 0.03142450004816055
v -0.0538044273853302 -0.017550000920891762 0.031065497547388077
v -0.05388423055410385 -0.01744944415986538 0.031126679852604866
v -0.05411256477236748 -0.017550000920891762 0.03082886151969433
v -0.05365589261054993 -0.017550000920891762 0.03142450004816055
v -0.05448465049266815 -0.01744944415986538 0.030877698212862015
v -0.054856739938259125 -0.017550000920891762 0.0309265349060297
v -0.05449773743748665 -0.017550000920891762 0.03077799826860428
v -0.05514423921704292 -0.017550000920891762 0.031619843095541
v -0.055093374103307724 -0.017550000920891762 0.03123467229306698
v -0.055000487715005875 -0.01744944415986538 0.031273189932107925
v -0.05499570071697235 -0.017550000920891762 0.03197884559631348
v -0.054915901273489 -0.01744944415986538 0.03191766142845154
v -0.054687563329935074 -0.017550000920891762 0.032215479761362076
v -0.0543023906648159 -0.017550000920891762 0.032266344875097275
v -0.0543154776096344 -0.01744944415986538 0.03216664493083954
v -0.053943391889333725 -0.017550000920891762 0.0321178063750267
v -0.0543023906648159 -0.017550000920891762 0.032266344875097275
v -0.054017748683691025 -0.017550000920891762 0.032446201890707016
v -0.05440045893192291 -0.017550000920891762 0.03252217173576355
v -0.053943391889333725 -0.017550000920891762 0.0321178063750267
v -0.054687563329935074 -0.017550000920891762 0.032215479761362076
v -0.053706757724285126 -0.017550000920891762 0.031809668987989426
v -0.05347633734345436 -0.017550000920891762 0.031905218958854675
v -0.05369323864579201 -0.017550000920891762 0.03222955763339996
v -0.05340006574988365 -0.017550000920891762 0.03152256831526756
v -0.05510745197534561 -0.017550000920891762 0.032228998839855194
v -0.054783113300800323 -0.017550000920891762 0.03244590014219284
v -0.05499570071697235 -0.017550000920891762 0.03197884559631348
v -0.055324096232652664 -0.017550000920891762 0.03190448880195618
v -0.05514423921704292 -0.017550000920891762 0.031619843095541
v -0.0554000660777092 -0.017550000920891762 0.03152177482843399
v -0.055093374103307724 -0.017550000920891762 0.03123467229306698
v -0.053476035594940186 -0.017550000920891762 0.031139852479100227
v -0.05365589261054993 -0.017550000920891762 0.03142450004816055
v -0.0538044273853302 -0.017550000920891762 0.031065497547388077
v -0.05411256477236748 -0.017550000920891762 0.03082886151969433
v -0.05369267985224724 -0.017550000920891762 0.03081534430384636
v -0.05439966917037964 -0.017550000920891762 0.030522171407938004
v -0.05401701480150223 -0.017550000920891762 0.030598443001508713
v -0.05510689318180084 -0.017550000920891762 0.03081478364765644
v -0.05532379448413849 -0.017550000920891762 0.03113912232220173
v -0.054856739938259125 -0.017550000920891762 0.0309265349060297
v -0.054782383143901825 -0.017550000920891762 0.030598139390349388
v -0.05449773743748665 -0.017550000920891762 0.03077799826860428
v -0.05601711943745613 -0.01644499972462654 0.03219122812151909
v -0.05615006387233734 -0.01644499972462654 0.031521476805210114
v -0.055773258209228516 -0.017150092869997025 0.031899988651275635
v -0.05510745197534561 -0.017550000920891762 0.032228998839855194
v -0.054830510169267654 -0.01745876483619213 0.03256019577383995
v -0.055637992918491364 -0.01644499972462654 0.03275911882519722
v -0.054783113300800323 -0.017550000920891762 0.03244590014219284
v -0.05601659044623375 -0.01644499972462654 0.030851835384964943
v -0.0554380901157856 -0.01745876483619213 0.031091725453734398
v -0.0554000660777092 -0.017550000920891762 0.03152177482843399
v -0.05510292202234268 -0.017150092869997025 0.03028346411883831
v -0.05532379448413849 -0.017550000920891762 0.03113912232220173
v -0.055324096232652664 -0.017550000920891762 0.03190448880195618
v -0.05507040023803711 -0.01644499972462654 0.0331386961042881
v -0.05440075695514679 -0.01644499972462654 0.03327216953039169
v -0.05369720607995987 -0.017150092869997025 0.032760877162218094
v -0.05440045893192291 -0.017550000920891762 0.03252217173576355
v -0.05373100936412811 -0.01644499972462654 0.03313922509551048
v -0.05316311866044998 -0.01644499972462654 0.032760098576545715
v -0.05297333002090454 -0.01644499972462654 0.03247630223631859
v -0.0527835413813591 -0.01644499972462654 0.03219250589609146
v -0.05336203798651695 -0.01745876483619213 0.031952615827322006
v -0.05369323864579201 -0.017550000920891762 0.03222955763339996
v -0.054017748683691025 -0.017550000920891762 0.032446201890707016
v -0.05347633734345436 -0.017550000920891762 0.031905218958854675
v -0.05510689318180084 -0.017550000920891762 0.03081478364765644
v -0.054782383143901825 -0.017550000920891762 0.030598139390349388
v -0.05439966917037964 -0.017550000920891762 0.030522171407938004
v -0.05439937114715576 -0.01644499972462654 0.02977217175066471
v -0.05506912246346474 -0.01644499972462654 0.02990511618554592
v -0.0539696179330349 -0.01745876483619213 0.030484145507216454
v -0.05372972786426544 -0.01644499972462654 0.029905647039413452
v -0.053162138909101486 -0.01644499972462654 0.030285224318504333
v -0.05563701316714287 -0.01644499972462654 0.030284244567155838
v -0.05401701480150223 -0.017550000920891762 0.030598443001508713
v -0.053026869893074036 -0.017150092869997025 0.03114435449242592
v -0.05369267985224724 -0.017550000920891762 0.03081534430384636
v -0.053476035594940186 -0.017550000920891762 0.031139852479100227
v -0.05340006574988365 -0.017550000920891762 0.03152256831526756
v -0.052716802805662155 -0.01644499972462654 0.0318576842546463
v -0.05265006422996521 -0.01644499972462654 0.03152286261320114
v -0.05278301239013672 -0.01644499972462654 0.030853115022182465
v -0.0527835413813591 -0.016249999403953552 0.03219250589609146
v -0.05316311866044998 -0.016249999403953552 0.032760098576545715
v -0.05316311866044998 -0.01644499972462654 0.032760098576545715
v -0.05373100936412811 -0.016249999403953552 0.03313922509551048
v -0.05440075695514679 -0.016249999403953552 0.03327216953039169
v -0.05440075695514679 -0.01644499972462654 0.03327216953039169
v -0.05373100936412811 -0.01644499972462654 0.03313922509551048
v -0.05507040023803711 -0.016249999403953552 0.0331386961042881
v -0.055637992918491364 -0.016249999403953552 0.03275911882519722
v -0.055637992918491364 -0.01644499972462654 0.03275911882519722
v -0.05601711943745613 -0.016249999403953552 0.03219122812151909
v -0.05615006387233734 -0.016249999403953552 0.031521476805210114
v -0.05601711943745613 -0.01644499972462654 0.03219122812151909
v -0.05507040023803711 -0.01644499972462654 0.0331386961042881
v -0.0527835413813591 -0.01644499972462654 0.03219250589609146
v -0.05615006387233734 -0.01644499972462654 0.031521476805210114
v -0.05601659044623375 -0.01644499972462654 0.030851835384964943
v -0.05265006422996521 -0.016249999403953552 0.03152286261320114
v -0.05601659044623375 -0.016249999403953552 0.030851835384964943
v -0.05563701316714287 -0.016249999403953552 0.030284244567155838
v -0.05563701316714287 -0.01644499972462654 0.030284244567155838
v -0.05439937114715576 -0.016249999403953552 0.02977217175066471
v -0.05439937114715576 -0.01644499972462654 0.02977217175066471
v -0.05506912246346474 -0.016249999403953552 0.02990511618554592
v -0.053162138909101486 -0.01644499972462654 0.030285224318504333
v -0.05372972786426544 -0.016249999403953552 0.029905647039413452
v -0.053162138909101486 -0.016249999403953552 0.030285224318504333
v -0.05278301239013672 -0.016249999403953552 0.030853115022182465
v -0.05278301239013672 -0.01644499972462654 0.030853115022182465
v -0.05372972786426544 -0.01644499972462654 0.029905647039413452
v -0.05506912246346474 -0.01644499972462654 0.02990511618554592
v -0.05265006422996521 -0.01644499972462654 0.03152286261320114
v -0.053706757724285126 -0.017550000920891762 0.031809668987989426
v -0.05379964038729668 -0.01744944415986538 0.03177115321159363
v -0.06761106848716736 -0.005249999929219484 0.030059820041060448
v -0.06712131947278976 0.005249999929219484 0.030703868716955185
v -0.06777163594961166 0.005249999929219484 0.029730599373579025
v -0.06684698164463043 -0.005249999929219484 0.030946580693125725
v -0.06614973396062851 0.005249999929219484 0.03135348856449127
v -0.06797763705253601 -0.005249999929219484 0.028948156163096428
v -0.06800000369548798 0.005249999929219484 0.02858254872262478
v -0.06777163594961166 0.005249999929219484 0.027434498071670532
v -0.06789088994264603 -0.005249999929219484 0.02778083272278309
v -0.06712131947278976 0.005249999929219484 0.026461228728294373
v -0.0661480501294136 0.005249999929219484 0.025810910388827324
v -0.06647726893424988 -0.005249999929219484 0.025971481576561928
v -0.06736402958631516 -0.005249999929219484 0.026735564693808556
v -0.06499999761581421 0.005249999929219484 0.02558254823088646
v -0.06536560505628586 -0.005249999929219484 0.025604911148548126
v -0.06614973396062851 -0.005249999929219484 0.03135348856449127
v -0.06419828534126282 -0.005249999929219484 0.02569165825843811
v -0.06385195255279541 0.005249999929219484 0.025810910388827324
v -0.0661480501294136 0.005249999929219484 0.03135418891906738
v -0.06287868320941925 0.005249999929219484 0.026461228728294373
v -0.06315301358699799 -0.005249999929219484 0.026218516752123833
v -0.06222836300730705 0.005249999929219484 0.027434498071670532
v -0.062388934195041656 -0.005249999929219484 0.02710527740418911
v -0.06385195255279541 0.005249999929219484 0.03135418891906738
v -0.06499999761581421 0.005249999929219484 0.0315825492143631
v -0.06463439017534256 -0.005249999929219484 0.03156018629670143
v -0.06222836300730705 0.005249999929219484 0.029730599373579025
v -0.06287868320941925 0.005249999929219484 0.030703868716955185
v -0.06263596564531326 -0.005249999929219484 0.030429532751441002
v -0.0658017173409462 -0.005249999929219484 0.03147343918681145
v -0.06352272629737854 -0.005249999929219484 0.03119361586868763
v -0.06199999898672104 0.005249999929219484 0.02858254872262478
v -0.062022361904382706 -0.005249999929219484 0.02821694128215313
v -0.06210910901427269 -0.005249999929219484 0.02938426472246647
v -0.0701608806848526 -0.005249999929219484 0.029545782133936882
v -0.06921237707138062 -0.005249999929219484 0.03171598166227341
v -0.06761106848716736 -0.005249999929219484 0.030059820041060448
v -0.06797763705253601 -0.005249999929219484 0.028948156163096428
v -0.07005906105041504 -0.005249999929219484 0.027179546654224396
v -0.06789088994264603 -0.005249999929219484 0.02778083272278309
v -0.06684698164463043 -0.005249999929219484 0.030946580693125725
v -0.06740657985210419 -0.005249999929219484 0.033248476684093475
v -0.0658017173409462 -0.005249999929219484 0.03147343918681145
v -0.06614973396062851 -0.005249999929219484 0.03135348856449127
v -0.06463439017534256 -0.005249999929219484 0.03156018629670143
v -0.06511099636554718 -0.005249999929219484 0.03383137658238411
v -0.06736402958631516 -0.005249999929219484 0.026735564693808556
v -0.06892763823270798 -0.005249999929219484 0.02509884722530842
v -0.06647726893424988 -0.005249999929219484 0.025971481576561928
v -0.06699687242507935 -0.005249999929219484 0.023727137595415115
v -0.06536560505628586 -0.005249999929219484 0.025604911148548126
v -0.0646597146987915 -0.005249999929219484 0.023343589156866074
v -0.06419828534126282 -0.005249999929219484 0.02569165825843811
v -0.06239180639386177 -0.005249999929219484 0.024026254191994667
v -0.06315301358699799 -0.005249999929219484 0.026218516752123833
v -0.062388934195041656 -0.005249999929219484 0.02710527740418911
v -0.0556480772793293 -0.005249999929219484 0.03403150662779808
v -0.06263596564531326 -0.005249999929219484 0.030429532751441002
v -0.06352272629737854 -0.005249999929219484 0.03119361586868763
v -0.055270422250032425 -0.005249999929219484 0.03201459348201752
v -0.055392611771821976 -0.005249999929219484 0.03164403885602951
v -0.06210910901427269 -0.005249999929219484 0.02938426472246647
v -0.054388586431741714 -0.005249999929219484 0.033721596002578735
v -0.05501572787761688 -0.005249999929219484 0.032310180366039276
v -0.05466730520129204 -0.005249999929219484 0.032485801726579666
v -0.05345389246940613 -0.005249999929219484 0.03282231092453003
v -0.055363696068525314 -0.005249999929219484 0.031254932284355164
v -0.055188074707984924 -0.005249999929219484 0.03090650960803032
v -0.0541774183511734 -0.005249999929219484 0.028728477656841278
v -0.062022361904382706 -0.005249999929219484 0.02821694128215313
v -0.054892487823963165 -0.005249999929219484 0.030651815235614777
v -0.05452193319797516 -0.005249999929219484 0.030529623851180077
v -0.05413282662630081 -0.005249999929219484 0.030558539554476738
v -0.05325743928551674 -0.005249999929219484 0.029642809182405472
v -0.0529194176197052 -0.005249999929219484 0.0308950487524271
v -0.06996086984872818 -0.010250000283122063 0.02920684777200222
v -0.07014256715774536 -0.010250000283122063 0.02963918261229992
v -0.07015766203403473 -0.010250000283122063 0.02760222926735878
v -0.06991206109523773 -0.010250000283122063 0.027648910880088806
v -0.06952758133411407 -0.010250000283122063 0.030704114586114883
v -0.06935328990221024 -0.010250000283122063 0.031517062336206436
v -0.06939628720283508 -0.010250000283122063 0.025712857022881508
v -0.06938587874174118 -0.010250000283122063 0.02618170715868473
v -0.0679730772972107 -0.010250000283122063 0.024255504831671715
v -0.068433478474617 -0.010250000283122063 0.024947820231318474
v -0.067147396504879 -0.010250000283122063 0.024067165330052376
v -0.06742586195468903 -0.010250000283122063 0.03295464068651199
v -0.0679086372256279 -0.010250000283122063 0.0329531691968441
v -0.06865428388118744 -0.010250000283122063 0.03199520334601402
v -0.06602610647678375 -0.010250000283122063 0.03373129665851593
v -0.06406554579734802 -0.010250000283122063 0.02341638132929802
v -0.06565263122320175 -0.010250000283122063 0.023625323548913002
v -0.0661022812128067 -0.010250000283122063 0.023449569940567017
v -0.07005906105041504 -0.005249999929219484 0.027179546654224396
v -0.06892763823270798 -0.005249999929219484 0.02509884722530842
v -0.06939628720283508 -0.010250000283122063 0.025712857022881508
v -0.06510093063116074 -0.007747985888272524 0.02333351969718933
v -0.06699687242507935 -0.005249999929219484 0.023727137595415115
v -0.06477970629930496 -0.0068361456505954266 0.023337172344326973
v -0.0679730772972107 -0.010250000283122063 0.024255504831671715
v -0.0646597146987915 -0.005249999929219484 0.023343589156866074
v -0.06239180639386177 -0.005249999929219484 0.024026254191994667
v -0.06397765129804611 -0.0063018505461514 0.023433053866028786
v -0.06305301189422607 -0.006363850086927414 0.023706922307610512
v -0.0661022812128067 -0.010250000283122063 0.023449569940567017
v -0.06478157639503479 -0.008661475963890553 0.023337094113230705
v -0.06398103386163712 -0.009197216480970383 0.023432383313775063
v -0.07005906105041504 -0.010250000283122063 0.027179546654224396
v -0.06305568665266037 -0.009137330576777458 0.023705855011940002
v -0.06239180639386177 -0.008505720645189285 0.024026254191994667
v -0.06239180639386177 -0.010250000283122063 0.024026254191994667
v -0.06406554579734802 -0.010250000283122063 0.02341638132929802
v -0.06239180639386177 -0.006994279101490974 0.024026254191994667
v -0.07015766203403473 -0.010250000283122063 0.02760222926735878
v -0.06511099636554718 -0.005249999929219484 0.03383137658238411
v -0.06677910685539246 -0.006302784197032452 0.03352190926671028
v -0.0658450797200203 -0.0063626691699028015 0.03376408666372299
v -0.06740657985210419 -0.005249999929219484 0.033248476684093475
v -0.06511099636554718 -0.006994279101490974 0.03383137658238411
v -0.06921237707138062 -0.005249999929219484 0.03171598166227341
v -0.06751438230276108 -0.0068385242484509945 0.03319127857685089
v -0.0677899643778801 -0.007752014324069023 0.033029865473508835
v -0.0701608806848526 -0.005249999929219484 0.029545782133936882
v -0.07014256715774536 -0.010250000283122063 0.02963918261229992
v -0.06511099636554718 -0.008505720645189285 0.03383137658238411
v -0.06584223359823227 -0.009136149659752846 0.03376454859972
v -0.06511099636554718 -0.010250000283122063 0.03383137658238411
v -0.06602610647678375 -0.010250000283122063 0.03373129665851593
v -0.0667758658528328 -0.009198149666190147 0.0335230752825737
v -0.0679086372256279 -0.010250000283122063 0.0329531691968441
v -0.06935328990221024 -0.010250000283122063 0.031517062336206436
v -0.06751273572444916 -0.00866385456174612 0.03319217264652252
v -0.0556480772793293 -0.005249999929219484 0.03403150662779808
v -0.06490024924278259 -0.00774999987334013 0.03383583202958107
v -0.0556480772793293 -0.010250000283122063 0.03403150662779808
v -0.05345389246940613 -0.010250000283122063 0.03282231092453003
v -0.05466730520129204 -0.010250000283122063 0.032485801726579666
v -0.05466730520129204 -0.005249999929219484 0.032485801726579666
v -0.05345389246940613 -0.005249999929219484 0.03282231092453003
v -0.05413282662630081 -0.005249999929219484 0.030558539554476738
v -0.0529194176197052 -0.010250000283122063 0.0308950487524271
v -0.0529194176197052 -0.005249999929219484 0.0308950487524271
v -0.05413282662630081 -0.010250000283122063 0.030558539554476738
v -0.0541774183511734 -0.010250000283122063 0.028728477656841278
v -0.0541774183511734 -0.005249999929219484 0.028728477656841278
v -0.062208857387304306 -0.00774999987334013 0.02413097955286503
v -0.054388586431741714 -0.010250000283122063 0.033721596002578735
v -0.054388586431741714 -0.005249999929219484 0.033721596002578735
v -0.05345389246940613 -0.010250000283122063 0.03282231092453003
v -0.05345389246940613 -0.005249999929219484 0.03282231092453003
v -0.05325743928551674 -0.005249999929219484 0.029642809182405472
v -0.05325743928551674 -0.010250000283122063 0.029642809182405472
v -0.0529194176197052 -0.005249999929219484 0.0308950487524271
v -0.0529194176197052 -0.010250000283122063 0.0308950487524271
v -0.06562183797359467 -0.007170463912189007 0.025647703558206558
v -0.06575114279985428 -0.00774999987334013 0.025678105652332306
v -0.06510093063116074 -0.007747985888272524 0.02333351969718933
v -0.06477970629930496 -0.0068361456505954266 0.023337172344326973
v -0.06527335941791534 -0.006690481211990118 0.025595029816031456
v -0.06305301189422607 -0.006363850086927414 0.023706922307610512
v -0.06322833150625229 -0.006688930559903383 0.0261615589261055
v -0.06365596503019333 -0.0063659995794296265 0.0259004645049572
v -0.06477437913417816 -0.00636752275750041 0.02559104561805725
v -0.06510088592767715 -0.00774999987334013 0.0233333557844162
v -0.06420127302408218 -0.006250003352761269 0.025690829381346703
v -0.06239180639386177 -0.006994279101490974 0.024026254191994667
v -0.06397765129804611 -0.0063018505461514 0.023433053866028786
v -0.062956303358078 -0.0071679363027215 0.02638634853065014
v -0.06562148034572601 -0.00833030603826046 0.02564762718975544
v -0.06286025047302246 -0.007745780516415834 0.02647981606423855
v -0.062208857387304306 -0.00774999987334013 0.02413097955286503
v -0.0629543736577034 -0.008326494134962559 0.0263881403952837
v -0.06527221947908401 -0.008810595609247684 0.0255949255079031
v -0.06478157639503479 -0.008661475963890553 0.023337094113230705
v -0.06322604417800903 -0.008808408863842487 0.026163237169384956
v -0.06239180639386177 -0.008505720645189285 0.024026254191994667
v -0.06365212798118591 -0.009132231585681438 0.025902392342686653
v -0.06305568665266037 -0.009137330576777458 0.023705855011940002
v -0.06398103386163712 -0.009197216480970383 0.023432383313775063
v -0.06477002799510956 -0.009134272113442421 0.025591377168893814
v -0.06419500708580017 -0.009249996393918991 0.025692567229270935
v -0.06677910685539246 -0.006302784197032452 0.03352190926671028
v -0.06751438230276108 -0.0068385242484509945 0.03319127857685089
v -0.06634344160556793 -0.006365728098899126 0.03126492723822594
v -0.06779000908136368 -0.00774999987334013 0.03303002566099167
v -0.06704431027173996 -0.007169694174081087 0.030778180807828903
v -0.0658450797200203 -0.0063626691699028015 0.03376408666372299
v -0.06579843908548355 -0.006250003818422556 0.03147434815764427
v -0.0652250275015831 -0.0063677686266601086 0.03157409653067589
v -0.06511099636554718 -0.006994279101490974 0.03383137658238411
v -0.06472545862197876 -0.00669159134849906 0.031569961458444595
v -0.06713975220918655 -0.00774999987334013 0.03068527579307556
v -0.06677207350730896 -0.0066894046030938625 0.03100324049592018
v -0.06437676399946213 -0.007173506077378988 0.03151709586381912
v -0.06490024924278259 -0.00774999987334013 0.03383583202958107
v -0.0677899643778801 -0.007752014324069023 0.033029865473508835
v -0.06584223359823227 -0.009136149659752846 0.03376454859972
v -0.06511099636554718 -0.008505720645189285 0.03383137658238411
v -0.06472828984260559 -0.008811069652438164 0.03157021850347519
v -0.06437933444976807 -0.00833206344395876 0.031517643481492996
v -0.06634734570980072 -0.009132477454841137 0.031262971460819244
v -0.0667758658528328 -0.009198149666190147 0.0335230752825737
v -0.06580470502376556 -0.009249996393918991 0.03147260844707489
v -0.06751273572444916 -0.00866385456174612 0.03319217264652252
v -0.06704457849264145 -0.008329535834491253 0.030777933076024055
v -0.06522931158542633 -0.009134000167250633 0.03157377243041992
v -0.06424886733293533 -0.007754219695925713 0.03148699179291725
v -0.06677300482988358 -0.008809519000351429 0.03100256249308586
v -0.06614973396062851 -0.006323569919914007 0.03135348856449127
v -0.06634344160556793 -0.006365728098899126 0.03126492723822594
v -0.06677207350730896 -0.0066894046030938625 0.03100324049592018
v -0.06614973396062851 -0.009176326915621758 0.03135348856449127
v -0.06677300482988358 -0.008809519000351429 0.03100256249308586
v -0.06704431027173996 -0.007169694174081087 0.030778180807828903
v -0.06634734570980072 -0.009132477454841137 0.031262971460819244
v -0.06704457849264145 -0.008329535834491253 0.030777933076024055
v -0.06713975220918655 -0.00774999987334013 0.03068527579307556
v -0.06472545862197876 -0.00669159134849906 0.031569961458444595
v -0.06437933444976807 -0.00833206344395876 0.031517643481492996
v -0.06437676399946213 -0.007173506077378988 0.03151709586381912
v -0.0652250275015831 -0.0063677686266601086 0.03157409653067589
v -0.06472828984260559 -0.008811069652438164 0.03157021850347519
v -0.06424886733293533 -0.007754219695925713 0.03148699179291725
v -0.06522931158542633 -0.009134000167250633 0.03157377243041992
v -0.06580470502376556 -0.009249996393918991 0.03147260844707489
v -0.06579843908548355 -0.006250003818422556 0.03147434815764427
v -0.06562148034572601 -0.00833030603826046 0.02564762718975544
v -0.06562183797359467 -0.007170463912189007 0.025647703558206558
v -0.06527335941791534 -0.006690481211990118 0.025595029816031456
v -0.06527221947908401 -0.008810595609247684 0.0255949255079031
v -0.06477437913417816 -0.00636752275750041 0.02559104561805725
v -0.06477002799510956 -0.009134272113442421 0.025591377168893814
v -0.06420127302408218 -0.006250003352761269 0.025690829381346703
v -0.06575114279985428 -0.00774999987334013 0.025678105652332306
v -0.06419500708580017 -0.009249996393918991 0.025692567229270935
v -0.06365212798118591 -0.009132231585681438 0.025902392342686653
v -0.06365596503019333 -0.0063659995794296265 0.0259004645049572
v -0.06322833150625229 -0.006688930559903383 0.0261615589261055
v -0.062956303358078 -0.0071679363027215 0.02638634853065014
v -0.06322604417800903 -0.008808408863842487 0.026163237169384956
v -0.06286025047302246 -0.007745780516415834 0.02647981606423855
v -0.0629543736577034 -0.008326494134962559 0.0263881403952837
v -0.06562148034572601 0.007169694174081087 0.02564762718975544
v -0.06562183797359467 0.008329535834491253 0.025647703558206558
v -0.06527335941791534 0.008809519000351429 0.025595029816031456
v -0.06527221947908401 0.0066894046030938625 0.0255949255079031
v -0.06477437913417816 0.009132477454841137 0.02559104561805725
v -0.06477002799510956 0.006365728098899126 0.025591377168893814
v -0.06420127302408218 0.009249996393918991 0.025690829381346703
v -0.06575114279985428 0.00774999987334013 0.025678105652332306
v -0.06419500708580017 0.006250003818422556 0.025692567229270935
v -0.06365212798118591 0.0063677686266601086 0.025902392342686653
v -0.06365596503019333 0.009134000167250633 0.0259004645049572
v -0.06322833150625229 0.008811069652438164 0.0261615589261055
v -0.062956303358078 0.00833206344395876 0.02638634853065014
v -0.06322604417800903 0.00669159134849906 0.026163237169384956
v -0.06286025047302246 0.007754219695925713 0.02647981606423855
v -0.0629543736577034 0.007173506077378988 0.0263881403952837
v -0.06614973396062851 0.00917643029242754 0.03135348856449127
v -0.06634344160556793 0.009134272113442421 0.03126492723822594
v -0.06677207350730896 0.008810595609247684 0.03100324049592018
v -0.06614973396062851 0.0063236732967197895 0.03135348856449127
v -0.06677300482988358 0.006690481211990118 0.03100256249308586
v -0.06704431027173996 0.00833030603826046 0.030778180807828903
v -0.06634734570980072 0.00636752275750041 0.031262971460819244
v -0.06704457849264145 0.007170463912189007 0.030777933076024055
v -0.06713975220918655 0.00774999987334013 0.03068527579307556
v -0.06472545862197876 0.008808408863842487 0.031569961458444595
v -0.06437933444976807 0.0071679363027215 0.031517643481492996
v -0.06437676399946213 0.008326494134962559 0.03151709586381912
v -0.0652250275015831 0.009132231585681438 0.03157409653067589
v -0.06472828984260559 0.006688930559903383 0.03157021850347519
v -0.06424886733293533 0.007745780516415834 0.03148699179291725
v -0.06522931158542633 0.0063659995794296265 0.03157377243041992
v -0.06580470502376556 0.006250003352761269 0.03147260844707489
v -0.06579843908548355 0.009249996393918991 0.03147434815764427
v -0.06677910685539246 0.009197216480970383 0.03352190926671028
v -0.06751438230276108 0.008661475963890553 0.03319127857685089
v -0.06634344160556793 0.009134272113442421 0.03126492723822594
v -0.06779000908136368 0.00774999987334013 0.03303002566099167
v -0.06704431027173996 0.00833030603826046 0.030778180807828903
v -0.0652250275015831 0.009132231585681438 0.03157409653067589
v -0.0658450797200203 0.009137330576777458 0.03376408666372299
v -0.06579843908548355 0.009249996393918991 0.03147434815764427
v -0.06614973396062851 0.00917643029242754 0.03135348856449127
v -0.06472545862197876 0.008808408863842487 0.031569961458444595
v -0.06511099636554718 0.008505720645189285 0.03383137658238411
v -0.06713975220918655 0.00774999987334013 0.03068527579307556
v -0.06677207350730896 0.008810595609247684 0.03100324049592018
v -0.06437676399946213 0.008326494134962559 0.03151709586381912
v -0.06490024924278259 0.00774999987334013 0.03383583202958107
v -0.0677899643778801 0.007747985888272524 0.033029865473508835
v -0.06584223359823227 0.006363850086927414 0.03376454859972
v -0.06511099636554718 0.006994279101490974 0.03383137658238411
v -0.06472828984260559 0.006688930559903383 0.03157021850347519
v -0.06437933444976807 0.0071679363027215 0.031517643481492996
v -0.06614973396062851 0.0063236732967197895 0.03135348856449127
v -0.0667758658528328 0.0063018505461514 0.0335230752825737
v -0.06580470502376556 0.006250003352761269 0.03147260844707489
v -0.06751273572444916 0.0068361456505954266 0.03319217264652252
v -0.06704457849264145 0.007170463912189007 0.030777933076024055
v -0.06634734570980072 0.00636752275750041 0.031262971460819244
v -0.06522931158542633 0.0063659995794296265 0.03157377243041992
v -0.06424886733293533 0.007745780516415834 0.03148699179291725
v -0.06677300482988358 0.006690481211990118 0.03100256249308586
v -0.06562183797359467 0.008329535834491253 0.025647703558206558
v -0.06575114279985428 0.00774999987334013 0.025678105652332306
v -0.06510093063116074 0.007752014324069023 0.02333351969718933
v -0.06477970629930496 0.00866385456174612 0.023337172344326973
v -0.06527335941791534 0.008809519000351429 0.025595029816031456
v -0.06305301189422607 0.009136149659752846 0.023706922307610512
v -0.06322833150625229 0.008811069652438164 0.0261615589261055
v -0.06365596503019333 0.009134000167250633 0.0259004645049572
v -0.06477437913417816 0.009132477454841137 0.02559104561805725
v -0.06510088592767715 0.00774999987334013 0.0233333557844162
v -0.06420127302408218 0.009249996393918991 0.025690829381346703
v -0.06239180639386177 0.008505720645189285 0.024026254191994667
v -0.06397765129804611 0.009198149666190147 0.023433053866028786
v -0.062956303358078 0.00833206344395876 0.02638634853065014
v -0.06562148034572601 0.007169694174081087 0.02564762718975544
v -0.06286025047302246 0.007754219695925713 0.02647981606423855
v -0.062208857387304306 0.00774999987334013 0.02413097955286503
v -0.0629543736577034 0.007173506077378988 0.0263881403952837
v -0.06527221947908401 0.0066894046030938625 0.0255949255079031
v -0.06478157639503479 0.0068385242484509945 0.023337094113230705
v -0.06322604417800903 0.00669159134849906 0.026163237169384956
v -0.06239180639386177 0.006994279101490974 0.024026254191994667
v -0.06365212798118591 0.0063677686266601086 0.025902392342686653
v -0.06305568665266037 0.0063626691699028015 0.023705855011940002
v -0.06398103386163712 0.006302784197032452 0.023432383313775063
v -0.06477002799510956 0.006365728098899126 0.025591377168893814
v -0.06419500708580017 0.006250003818422556 0.025692567229270935
v -0.0541774183511734 0.005249999929219484 0.028728477656841278
v -0.0541774183511734 0.010250000283122063 0.028728477656841278
v -0.05325743928551674 0.005249999929219484 0.029642809182405472
v -0.05325743928551674 0.010250000283122063 0.029642809182405472
v -0.0529194176197052 0.010250000283122063 0.0308950487524271
v -0.0529194176197052 0.005249999929219484 0.0308950487524271
v -0.0556480772793293 0.010250000283122063 0.03403150662779808
v -0.0556480772793293 0.005249999929219484 0.03403150662779808
v -0.054388586431741714 0.005249999929219484 0.033721596002578735
v -0.054388586431741714 0.010250000283122063 0.033721596002578735
v -0.05345389246940613 0.010250000283122063 0.03282231092453003
v -0.05345389246940613 0.005249999929219484 0.03282231092453003
v -0.06239180639386177 0.005249999929219484 0.024026254191994667
v -0.06239180639386177 0.006994279101490974 0.024026254191994667
v -0.062208857387304306 0.00774999987334013 0.02413097955286503
v -0.06239180639386177 0.010250000283122063 0.024026254191994667
v -0.06239180639386177 0.008505720645189285 0.024026254191994667
v -0.05413282662630081 0.010250000283122063 0.030558539554476738
v -0.0529194176197052 0.005249999929219484 0.0308950487524271
v -0.0529194176197052 0.010250000283122063 0.0308950487524271
v -0.05413282662630081 0.005249999929219484 0.030558539554476738
v -0.05345389246940613 0.010250000283122063 0.03282231092453003
v -0.05466730520129204 0.005249999929219484 0.032485801726579666
v -0.05466730520129204 0.010250000283122063 0.032485801726579666
v -0.05345389246940613 0.005249999929219484 0.03282231092453003
v -0.06490024924278259 0.00774999987334013 0.03383583202958107
v -0.06511099636554718 0.006994279101490974 0.03383137658238411
v -0.06511099636554718 0.008505720645189285 0.03383137658238411
v -0.06511099636554718 0.005249999929219484 0.03383137658238411
v -0.06511099636554718 0.010250000283122063 0.03383137658238411
v -0.06892763823270798 0.005249999929219484 0.02509884722530842
v -0.06939628720283508 0.010250000283122063 0.025712857022881508
v -0.0679730772972107 0.010250000283122063 0.024255504831671715
v -0.06477970629930496 0.00866385456174612 0.023337172344326973
v -0.06510093063116074 0.007752014324069023 0.02333351969718933
v -0.07005906105041504 0.010250000283122063 0.027179546654224396
v -0.07005906105041504 0.005249999929219484 0.027179546654224396
v -0.0661022812128067 0.010250000283122063 0.023449569940567017
v -0.06406554579734802 0.010250000283122063 0.02341638132929802
v -0.06305301189422607 0.009136149659752846 0.023706922307610512
v -0.06397765129804611 0.009198149666190147 0.023433053866028786
v -0.06510088592767715 0.00774999987334013 0.0233333557844162
v -0.06478157639503479 0.0068385242484509945 0.023337094113230705
v -0.06699687242507935 0.005249999929219484 0.023727137595415115
v -0.0646597146987915 0.005249999929219484 0.023343589156866074
v -0.06305568665266037 0.0063626691699028015 0.023705855011940002
v -0.06398103386163712 0.006302784197032452 0.023432383313775063
v -0.07015766203403473 0.010250000283122063 0.02760222926735878
v -0.06602610647678375 0.010250000283122063 0.03373129665851593
v -0.0658450797200203 0.009137330576777458 0.03376408666372299
v -0.06677910685539246 0.009197216480970383 0.03352190926671028
v -0.0679086372256279 0.010250000283122063 0.0329531691968441
v -0.06935328990221024 0.010250000283122063 0.031517062336206436
v -0.06751438230276108 0.008661475963890553 0.03319127857685089
v -0.07014256715774536 0.010250000283122063 0.02963918261229992
v -0.06779000908136368 0.00774999987334013 0.03303002566099167
v -0.0701608806848526 0.005249999929219484 0.029545782133936882
v -0.06584223359823227 0.006363850086927414 0.03376454859972
v -0.0667758658528328 0.0063018505461514 0.0335230752825737
v -0.06740657985210419 0.005249999929219484 0.033248476684093475
v -0.0677899643778801 0.007747985888272524 0.033029865473508835
v -0.06751273572444916 0.0068361456505954266 0.03319217264652252
v -0.06921237707138062 0.005249999929219484 0.03171598166227341
v -0.0701608806848526 0.005249999929219484 0.029545782133936882
v -0.06712131947278976 0.005249999929219484 0.030703868716955185
v -0.06921237707138062 0.005249999929219484 0.03171598166227341
v -0.06614973396062851 0.005249999929219484 0.03135348856449127
v -0.06800000369548798 0.005249999929219484 0.02858254872262478
v -0.06777163594961166 0.005249999929219484 0.029730599373579025
v -0.07005906105041504 0.005249999929219484 0.027179546654224396
v -0.0661480501294136 0.005249999929219484 0.03135418891906738
v -0.06511099636554718 0.005249999929219484 0.03383137658238411
v -0.06740657985210419 0.005249999929219484 0.033248476684093475
v -0.06499999761581421 0.005249999929219484 0.0315825492143631
v -0.06892763823270798 0.005249999929219484 0.02509884722530842
v -0.06777163594961166 0.005249999929219484 0.027434498071670532
v -0.0661480501294136 0.005249999929219484 0.025810910388827324
v -0.06699687242507935 0.005249999929219484 0.023727137595415115
v -0.06712131947278976 0.005249999929219484 0.026461228728294373
v -0.0646597146987915 0.005249999929219484 0.023343589156866074
v -0.06499999761581421 0.005249999929219484 0.02558254823088646
v -0.06239180639386177 0.005249999929219484 0.024026254191994667
v -0.06385195255279541 0.005249999929219484 0.025810910388827324
v -0.06287868320941925 0.005249999929219484 0.026461228728294373
v -0.06385195255279541 0.005249999929219484 0.03135418891906738
v -0.0556480772793293 0.005249999929219484 0.03403150662779808
v -0.06287868320941925 0.005249999929219484 0.030703868716955185
v -0.055270422250032425 0.005249999929219484 0.03201459348201752
v -0.06222836300730705 0.005249999929219484 0.029730599373579025
v -0.055392611771821976 0.005249999929219484 0.03164403885602951
v -0.055363696068525314 0.005249999929219484 0.031254932284355164
v -0.05501572787761688 0.005249999929219484 0.032310180366039276
v -0.054388586431741714 0.005249999929219484 0.033721596002578735
v -0.05466730520129204 0.005249999929219484 0.032485801726579666
v -0.05345389246940613 0.005249999929219484 0.03282231092453003
v -0.06199999898672104 0.005249999929219484 0.02858254872262478
v -0.055188074707984924 0.005249999929219484 0.03090650960803032
v -0.06222836300730705 0.005249999929219484 0.027434498071670532
v -0.0541774183511734 0.005249999929219484 0.028728477656841278
v -0.054892487823963165 0.005249999929219484 0.030651815235614777
v -0.05325743928551674 0.005249999929219484 0.029642809182405472
v -0.05413282662630081 0.005249999929219484 0.030558539554476738
v -0.05452193319797516 0.005249999929219484 0.030529623851180077
v -0.0529194176197052 0.005249999929219484 0.0308950487524271
v -0.07015766203403473 0.010250000283122063 0.02760222926735878
v -0.06991206109523773 0.010250000283122063 0.027648910880088806
v -0.07005906105041504 0.010250000283122063 0.027179546654224396
v -0.06996086984872818 0.010250000283122063 0.02920684777200222
v -0.07014256715774536 0.010250000283122063 0.02963918261229992
v -0.06952758133411407 0.010250000283122063 0.030704114586114883
v -0.06939628720283508 0.010250000283122063 0.025712857022881508
v -0.06938587874174118 0.010250000283122063 0.02618170715868473
v -0.068433478474617 0.010250000283122063 0.024947820231318474
v -0.0679730772972107 0.010250000283122063 0.024255504831671715
v -0.067147396504879 0.010250000283122063 0.024067165330052376
v -0.06935328990221024 0.010250000283122063 0.031517062336206436
v -0.06865428388118744 0.010250000283122063 0.03199520334601402
v -0.0679086372256279 0.010250000283122063 0.0329531691968441
v -0.06602610647678375 0.010250000283122063 0.03373129665851593
v -0.06742586195468903 0.010250000283122063 0.03295464068651199
v -0.0661022812128067 0.010250000283122063 0.023449569940567017
v -0.06565263122320175 0.010250000283122063 0.023625323548913002
v -0.06406554579734802 0.010250000283122063 0.02341638132929802
v -0.06614973396062851 -0.014750000089406967 0.03135348856449127
v -0.06712131947278976 -0.014750000089406967 0.030703868716955185
v -0.06614973396062851 -0.014800000004470348 0.03135348856449127
v -0.06777163594961166 -0.014750000089406967 0.029730599373579025
v -0.06800000369548798 -0.014750000089406967 0.02858254872262478
v -0.06777233630418777 -0.014800000004470348 0.029728911817073822
v -0.06712260842323303 -0.014800000004470348 0.030702577903866768
v -0.06712131947278976 -0.014750000089406967 0.026461228728294373
v -0.0661480501294136 -0.014750000089406967 0.025810910388827324
v -0.0671200305223465 -0.014800000004470348 0.026459937915205956
v -0.06777163594961166 -0.014750000089406967 0.027434498071670532
v -0.06777094304561615 -0.014800000004470348 0.027432812377810478
v -0.06499999761581421 -0.014750000089406967 0.02558254823088646
v -0.0661463662981987 -0.014800000004470348 0.025810211896896362
v -0.06800000369548798 -0.014800000004470348 0.028580723330378532
v -0.06499817222356796 -0.014800000004470348 0.02558255009353161
v -0.06385195255279541 -0.014750000089406967 0.025810910388827324
v -0.0661480501294136 -0.014750000089406967 0.03135418891906738
v -0.06287868320941925 -0.014750000089406967 0.026461228728294373
v -0.06385026127099991 -0.014800000004470348 0.025811608880758286
v -0.06222836300730705 -0.014750000089406967 0.027434498071670532
v -0.06199999898672104 -0.014750000089406967 0.02858254872262478
v -0.06222766265273094 -0.014800000004470348 0.027436185628175735
v -0.06287738680839539 -0.014800000004470348 0.02646251954138279
v -0.06222836300730705 -0.014750000089406967 0.029730599373579025
v -0.06287868320941925 -0.014750000089406967 0.030703868716955185
v -0.062229059636592865 -0.014800000004470348 0.02973228506743908
v -0.06385195255279541 -0.014750000089406967 0.03135418891906738
v -0.06499999761581421 -0.014750000089406967 0.0315825492143631
v -0.06385363638401031 -0.014800000004470348 0.031354885548353195
v -0.06287997215986252 -0.014800000004470348 0.030705159530043602
v -0.06199999898672104 -0.014800000004470348 0.028584374114871025
v -0.06500182300806046 -0.014800000004470348 0.0315825492143631
v -0.06499818712472916 -0.014876537024974823 0.025597773492336273
v -0.06389757990837097 -0.014984776265919209 0.025925645604729652
v -0.06499829888343811 -0.014999999664723873 0.025782549753785133
v -0.06499824672937393 -0.014984776265919209 0.025706011801958084
v -0.06392691284418106 -0.014999999664723873 0.025996338576078415
v -0.06609918922185898 -0.014984776265919209 0.025924306362867355
v -0.06606993824243546 -0.014999999664723873 0.025995034724473953
v -0.06703278422355652 -0.014984776265919209 0.02654729224741459
v -0.06612397730350494 -0.014941421337425709 0.02586434595286846
v -0.06499820947647095 -0.014941421337425709 0.025641128420829773
v -0.06697869300842285 -0.014999999664723873 0.02660144492983818
v -0.06301889568567276 -0.014999999664723873 0.026603855192661285
v -0.06775687634944916 -0.014876537024974823 0.02743864618241787
v -0.06798477470874786 -0.014876537024974823 0.02858073264360428
v -0.06775826960802078 -0.014876537024974823 0.029723094776272774
v -0.06765690445899963 -0.014984776265919209 0.027480129152536392
v -0.06758621335029602 -0.014999999664723873 0.02750946208834648
v -0.06787653267383575 -0.014984776265919209 0.0285807978361845
v -0.06780000030994415 -0.014999999664723873 0.028580844402313232
v -0.06758751720190048 -0.014999999664723873 0.029652487486600876
v -0.0670352578163147 -0.014984776265919209 0.03061532974243164
v -0.06698110699653625 -0.014999999664723873 0.030561242252588272
v -0.06610242277383804 -0.014984776265919209 0.031239451840519905
v -0.0661405473947525 -0.014876537024974823 0.025824280455708504
v -0.06707863509654999 -0.014941421337425709 0.026501383632421494
v -0.06387270987033844 -0.014941421337425709 0.025865714997053146
v -0.06771683692932129 -0.014941421337425709 0.02745526283979416
v -0.06710927188396454 -0.014876537024974823 0.026470709592103958
v -0.0638560950756073 -0.014876537024974823 0.02582567185163498
v -0.06794141978025436 -0.014941421337425709 0.028580758720636368
v -0.06291883438825607 -0.014941421337425709 0.0265039149671793
v -0.06765824556350708 -0.014984776265919209 0.0296817347407341
v -0.06771820038557053 -0.014941421337425709 0.029706528410315514
v -0.06708116084337234 -0.014941421337425709 0.03066118247807026
v -0.06711184233427048 -0.014876537024974823 0.03069181926548481
v -0.06612728536128998 -0.014941421337425709 0.03129938244819641
v -0.06614390015602112 -0.014876537024974823 0.03133942559361458
v -0.06296474486589432 -0.014984776265919209 0.026549767702817917
v -0.06393005698919296 -0.014999999664723873 0.031170062720775604
v -0.06302130967378616 -0.014999999664723873 0.030563652515411377
v -0.06390081346035004 -0.014984776265919209 0.031240791082382202
v -0.06500181555747986 -0.014876537024974823 0.031567323952913284
v -0.06607308983802795 -0.014999999664723873 0.031168758869171143
v -0.0650017037987709 -0.014999999664723873 0.03138254955410957
v -0.06500174850225449 -0.014984776265919209 0.03145908564329147
v -0.06387601792812347 -0.014941421337425709 0.031300753355026245
v -0.06500179320573807 -0.014941421337425709 0.031523969024419785
v -0.0629672184586525 -0.014984776265919209 0.03061780519783497
v -0.06289073079824448 -0.014876537024974823 0.0306943878531456
v -0.06224173307418823 -0.014876537024974823 0.027442002668976784
v -0.06288816034793854 -0.014876537024974823 0.026473278179764748
v -0.06224312260746956 -0.014876537024974823 0.029726451262831688
v -0.06234309822320938 -0.014984776265919209 0.029684968292713165
v -0.062413789331912994 -0.014999999664723873 0.029655637219548225
v -0.062123462557792664 -0.014984776265919209 0.028584299609065056
v -0.06220000237226486 -0.014999999664723873 0.028584253042936325
v -0.06241248548030853 -0.014999999664723873 0.02751260995864868
v -0.062341757118701935 -0.014984776265919209 0.027483362704515457
v -0.06385945528745651 -0.014876537024974823 0.031340815126895905
v -0.06292136758565903 -0.014941421337425709 0.030663713812828064
v -0.062283165752887726 -0.014941421337425709 0.0297098346054554
v -0.06205857917666435 -0.014941421337425709 0.02858433872461319
v -0.06201522424817085 -0.014876537024974823 0.02858436480164528
v -0.06228179484605789 -0.014941421337425709 0.027458569034934044
v -0.06393005698919296 -0.014999999664723873 0.031170062720775604
v -0.0650017037987709 -0.014999999664723873 0.03138254955410957
v -0.06607308983802795 -0.014999999664723873 0.031168758869171143
v -0.06220000237226486 -0.014999999664723873 0.028584253042936325
v -0.06302130967378616 -0.014999999664723873 0.030563652515411377
v -0.06780000030994415 -0.014999999664723873 0.028580844402313232
v -0.06698110699653625 -0.014999999664723873 0.030561242252588272
v -0.06758751720190048 -0.014999999664723873 0.029652487486600876
v -0.062413789331912994 -0.014999999664723873 0.029655637219548225
v -0.06392691284418106 -0.014999999664723873 0.025996338576078415
v -0.06241248548030853 -0.014999999664723873 0.02751260995864868
v -0.06301889568567276 -0.014999999664723873 0.026603855192661285
v -0.06697869300842285 -0.014999999664723873 0.02660144492983818
v -0.06758621335029602 -0.014999999664723873 0.02750946208834648
v -0.06606993824243546 -0.014999999664723873 0.025995034724473953
v -0.06499829888343811 -0.014999999664723873 0.025782549753785133
v -0.001658282009884715 -0.021150000393390656 0.0025000202003866434
v -0.0005753364530391991 -0.021150000393390656 0.002944314619526267
v -0.001148050301708281 -0.011350000277161598 0.0027716385666280985
v 0.0005951987695880234 -0.021150000393390656 0.0029403637163341045
v 0.0016751204384490848 -0.021150000393390656 0.0024887691251933575
v 0.001148050301708281 -0.011350000277161598 0.0027716385666280985
v 2.300248662805836e-18 -0.011350000277161598 0.003000000026077032
v 0.0025000202003866434 -0.021150000393390656 0.001658282009884715
v 0.002944314619526267 -0.021150000393390656 0.0005753364530391991
v 0.0027716385666280985 -0.011350000277161598 0.001148050301708281
v 0.0029403637163341045 -0.021150000393390656 -0.0005951987695880234
v 0.0024887691251933575 -0.021150000393390656 -0.0016751204384490848
v 0.0027716385666280985 -0.011350000277161598 -0.001148050301708281
v 0.003000000026077032 -0.011350000277161598 -5.4303282248473195e-18
v 0.00212132022716105 -0.011350000277161598 0.00212132022716105
v -0.001658282009884715 -0.011350000277161598 0.0025000202003866434
v 0.00212132022716105 -0.011350000277161598 -0.00212132022716105
v -0.00212132022716105 -0.011350000277161598 0.00212132022716105
v 0.001658282009884715 -0.021150000393390656 -0.0025000202003866434
v 0.0005753364530391991 -0.021150000393390656 -0.002944314619526267
v 0.001148050301708281 -0.011350000277161598 -0.0027716385666280985
v -0.0005951987695880234 -0.021150000393390656 -0.0029403637163341045
v -0.0016751204384490848 -0.021150000393390656 -0.0024887691251933575
v -0.001148050301708281 -0.011350000277161598 -0.0027716385666280985
v 1.9328545325840305e-18 -0.011350000277161598 -0.003000000026077032
v -0.0025000202003866434 -0.021150000393390656 -0.001658282009884715
v -0.002944314619526267 -0.021150000393390656 -0.0005753364530391991
v -0.0027716385666280985 -0.011350000277161598 -0.001148050301708281
v -0.0029403637163341045 -0.021150000393390656 0.0005951987695880234
v -0.0024887691251933575 -0.021150000393390656 0.0016751204384490848
v -0.0027716385666280985 -0.011350000277161598 0.001148050301708281
v -0.003000000026077032 -0.011350000277161598 -4.695540377994015e-18
v -0.00212132022716105 -0.011350000277161598 -0.00212132022716105
v -0.0029403637163341045 -0.021150000393390656 0.0005951987695880234
v -0.002450302941724658 -0.021150000393390656 0.0004959990037605166
v -0.0024887691251933575 -0.021150000393390656 0.0016751204384490848
v -0.0024535953998565674 -0.021150000393390656 -0.00047944707330316305
v -0.002073974348604679 -0.021150000393390656 0.001395933679305017
v -0.001658282009884715 -0.021150000393390656 0.0025000202003866434
v -0.002944314619526267 -0.021150000393390656 -0.0005753364530391991
v -0.0025000202003866434 -0.021150000393390656 -0.001658282009884715
v -0.002083350205793977 -0.021150000393390656 -0.0013819016749039292
v -0.0016751204384490848 -0.021150000393390656 -0.0024887691251933575
v -0.0013819016749039292 -0.021150000393390656 0.002083350205793977
v -0.0005753364530391991 -0.021150000393390656 0.002944314619526267
v -0.00047944707330316305 -0.021150000393390656 0.0024535953998565674
v 0.0004959990037605166 -0.021150000393390656 0.002450302941724658
v 0.0005951987695880234 -0.021150000393390656 0.0029403637163341045
v 0.0016751204384490848 -0.021150000393390656 0.0024887691251933575
v 0.001395933679305017 -0.021150000393390656 0.002073974348604679
v 0.0025000202003866434 -0.021150000393390656 0.001658282009884715
v -0.001395933679305017 -0.021150000393390656 -0.002073974348604679
v -0.0005951987695880234 -0.021150000393390656 -0.0029403637163341045
v -0.0004959990037605166 -0.021150000393390656 -0.002450302941724658
v 0.00047944707330316305 -0.021150000393390656 -0.0024535953998565674
v 0.0005753364530391991 -0.021150000393390656 -0.002944314619526267
v 0.0013819016749039292 -0.021150000393390656 -0.002083350205793977
v 0.001658282009884715 -0.021150000393390656 -0.0025000202003866434
v 0.002073974348604679 -0.021150000393390656 -0.001395933679305017
v 0.002083350205793977 -0.021150000393390656 0.0013819016749039292
v 0.0024535953998565674 -0.021150000393390656 0.00047944707330316305
v 0.002944314619526267 -0.021150000393390656 0.0005753364530391991
v 0.002450302941724658 -0.021150000393390656 -0.0004959990037605166
v 0.0024887691251933575 -0.021150000393390656 -0.0016751204384490848
v 0.0029403637163341045 -0.021150000393390656 -0.0005951987695880234
v 0.0013819016749039292 -0.021150000393390656 -0.002083350205793977
v 0.002073974348604679 -0.021150000393390656 -0.001395933679305017
v 0.002073974348604679 -0.02264999970793724 -0.001395933679305017
v 0.002450302941724658 -0.021150000393390656 -0.0004959990037605166
v 0.0024535953998565674 -0.021150000393390656 0.00047944707330316305
v 0.0024535953998565674 -0.02264999970793724 0.00047944707330316305
v 0.002450302941724658 -0.02264999970793724 -0.0004959990037605166
v 0.002083350205793977 -0.021150000393390656 0.0013819016749039292
v 0.001395933679305017 -0.021150000393390656 0.002073974348604679
v 0.001395933679305017 -0.02264999970793724 0.002073974348604679
v 0.0004959990037605166 -0.021150000393390656 0.002450302941724658
v -0.00047944707330316305 -0.021150000393390656 0.0024535953998565674
v -0.00047944707330316305 -0.02264999970793724 0.0024535953998565674
v 0.0004959990037605166 -0.02264999970793724 0.002450302941724658
v 0.002083350205793977 -0.02264999970793724 0.0013819016749039292
v 0.0013819016749039292 -0.02264999970793724 -0.002083350205793977
v -0.0013819016749039292 -0.021150000393390656 0.002083350205793977
v -0.0013819016749039292 -0.02264999970793724 0.002083350205793977
v 0.00047944707330316305 -0.02264999970793724 -0.0024535953998565674
v -0.002073974348604679 -0.021150000393390656 0.001395933679305017
v -0.002073974348604679 -0.02264999970793724 0.001395933679305017
v -0.002450302941724658 -0.021150000393390656 0.0004959990037605166
v -0.0024535953998565674 -0.021150000393390656 -0.00047944707330316305
v -0.0024535953998565674 -0.02264999970793724 -0.00047944707330316305
v -0.002450302941724658 -0.02264999970793724 0.0004959990037605166
v -0.002083350205793977 -0.021150000393390656 -0.0013819016749039292
v -0.001395933679305017 -0.021150000393390656 -0.002073974348604679
v -0.001395933679305017 -0.02264999970793724 -0.002073974348604679
v -0.0004959990037605166 -0.021150000393390656 -0.002450302941724658
v 0.00047944707330316305 -0.021150000393390656 -0.0024535953998565674
v -0.0004959990037605166 -0.02264999970793724 -0.002450302941724658
v -0.002083350205793977 -0.02264999970793724 -0.0013819016749039292
v -0.0024887691251933575 -0.02264999970793724 0.0016751204384490848
v -0.002450302941724658 -0.02264999970793724 0.0004959990037605166
v -0.0029403637163341045 -0.02264999970793724 0.0005951987695880234
v -0.002944314619526267 -0.02264999970793724 -0.0005753364530391991
v -0.001658282009884715 -0.02264999970793724 0.0025000202003866434
v -0.002073974348604679 -0.02264999970793724 0.001395933679305017
v -0.002083350205793977 -0.02264999970793724 -0.0013819016749039292
v -0.0025000202003866434 -0.02264999970793724 -0.001658282009884715
v -0.0024535953998565674 -0.02264999970793724 -0.00047944707330316305
v -0.0016751204384490848 -0.02264999970793724 -0.0024887691251933575
v -0.00047944707330316305 -0.02264999970793724 0.0024535953998565674
v -0.0013819016749039292 -0.02264999970793724 0.002083350205793977
v 0.0005951987695880234 -0.02264999970793724 0.0029403637163341045
v -0.0005753364530391991 -0.02264999970793724 0.002944314619526267
v 0.0016751204384490848 -0.02264999970793724 0.0024887691251933575
v 0.0004959990037605166 -0.02264999970793724 0.002450302941724658
v 0.0025000202003866434 -0.02264999970793724 0.001658282009884715
v 0.001395933679305017 -0.02264999970793724 0.002073974348604679
v -0.0004959990037605166 -0.02264999970793724 -0.002450302941724658
v -0.001395933679305017 -0.02264999970793724 -0.002073974348604679
v 0.00047944707330316305 -0.02264999970793724 -0.0024535953998565674
v -0.0005951987695880234 -0.02264999970793724 -0.0029403637163341045
v 0.001658282009884715 -0.02264999970793724 -0.0025000202003866434
v 0.0005753364530391991 -0.02264999970793724 -0.002944314619526267
v 0.0024887691251933575 -0.02264999970793724 -0.0016751204384490848
v 0.0013819016749039292 -0.02264999970793724 -0.002083350205793977
v 0.0024535953998565674 -0.02264999970793724 0.00047944707330316305
v 0.002083350205793977 -0.02264999970793724 0.0013819016749039292
v 0.002944314619526267 -0.02264999970793724 0.0005753364530391991
v 0.0029403637163341045 -0.02264999970793724 -0.0005951987695880234
v 0.002073974348604679 -0.02264999970793724 -0.001395933679305017
v 0.002450302941724658 -0.02264999970793724 -0.0004959990037605166
v -0.001658282009884715 -0.023150000721216202 0.0025000202003866434
v -0.0005753364530391991 -0.023150000721216202 0.002944314619526267
v -0.001658282009884715 -0.02264999970793724 0.0025000202003866434
v 0.0005951987695880234 -0.023150000721216202 0.0029403637163341045
v 0.0016751204384490848 -0.023150000721216202 0.0024887691251933575
v 0.0005951987695880234 -0.02264999970793724 0.0029403637163341045
v -0.0005753364530391991 -0.02264999970793724 0.002944314619526267
v 0.0025000202003866434 -0.023150000721216202 0.001658282009884715
v 0.002944314619526267 -0.023150000721216202 0.0005753364530391991
v 0.0025000202003866434 -0.02264999970793724 0.001658282009884715
v 0.0029403637163341045 -0.023150000721216202 -0.0005951987695880234
v 0.0024887691251933575 -0.023150000721216202 -0.0016751204384490848
v 0.0024887691251933575 -0.02264999970793724 -0.0016751204384490848
v 0.0029403637163341045 -0.02264999970793724 -0.0005951987695880234
v 0.0016751204384490848 -0.02264999970793724 0.0024887691251933575
v 0.002944314619526267 -0.02264999970793724 0.0005753364530391991
v 0.001658282009884715 -0.023150000721216202 -0.0025000202003866434
v 0.001658282009884715 -0.02264999970793724 -0.0025000202003866434
v -0.0024887691251933575 -0.02264999970793724 0.0016751204384490848
v 0.0005753364530391991 -0.023150000721216202 -0.002944314619526267
v 0.0005753364530391991 -0.02264999970793724 -0.002944314619526267
v -0.0005951987695880234 -0.023150000721216202 -0.0029403637163341045
v -0.0016751204384490848 -0.023150000721216202 -0.0024887691251933575
v -0.0016751204384490848 -0.02264999970793724 -0.0024887691251933575
v -0.0005951987695880234 -0.02264999970793724 -0.0029403637163341045
v -0.0025000202003866434 -0.023150000721216202 -0.001658282009884715
v -0.002944314619526267 -0.023150000721216202 -0.0005753364530391991
v -0.002944314619526267 -0.02264999970793724 -0.0005753364530391991
v -0.0029403637163341045 -0.023150000721216202 0.0005951987695880234
v -0.0024887691251933575 -0.023150000721216202 0.0016751204384490848
v -0.0029403637163341045 -0.02264999970793724 0.0005951987695880234
v -0.0025000202003866434 -0.02264999970793724 -0.001658282009884715
v -0.0024887691251933575 -0.023150000721216202 0.0016751204384490848
v -0.0029403637163341045 -0.023150000721216202 0.0005951987695880234
v -0.002944314619526267 -0.023150000721216202 -0.0005753364530391991
v -0.0005753364530391991 -0.023150000721216202 0.002944314619526267
v -0.0005951987695880234 -0.023150000721216202 -0.0029403637163341045
v -0.001658282009884715 -0.023150000721216202 0.0025000202003866434
v 0.0016751204384490848 -0.023150000721216202 0.0024887691251933575
v 0.0005951987695880234 -0.023150000721216202 0.0029403637163341045
v 0.001658282009884715 -0.023150000721216202 -0.0025000202003866434
v -0.0025000202003866434 -0.023150000721216202 -0.001658282009884715
v 0.0005753364530391991 -0.023150000721216202 -0.002944314619526267
v 0.0025000202003866434 -0.023150000721216202 0.001658282009884715
v 0.002944314619526267 -0.023150000721216202 0.0005753364530391991
v 0.0029403637163341045 -0.023150000721216202 -0.0005951987695880234
v 0.0024887691251933575 -0.023150000721216202 -0.0016751204384490848
v -0.0016751204384490848 -0.023150000721216202 -0.0024887691251933575
v 0.021350262686610222 0.005249999929219484 0.06310348957777023
v 0.020533764734864235 0.005249999929219484 0.06259836256504059
v 0.021350262686610222 -0.005249999929219484 0.06310348957777023
v 0.01981634646654129 0.005249999929219484 0.061673443764448166
v 0.01950748823583126 0.005249999929219484 0.06054438650608063
v 0.019728360697627068 -0.005249999929219484 0.061480604112148285
v 0.020378679037094116 -0.005249999929219484 0.062453869730234146
v 0.01965421438217163 0.005249999929219484 0.059383075684309006
v 0.020234184339642525 0.005249999929219484 0.0583663135766983
v 0.019728360697627068 -0.005249999929219484 0.05918449908494949
v 0.021159105002880096 0.005249999929219484 0.05764889344573021
v 0.022288164123892784 0.005249999929219484 0.05734003707766533
v 0.021351950243115425 -0.005249999929219484 0.057560909539461136
v 0.020378679037094116 -0.005249999929219484 0.058211229741573334
v 0.019500000402331352 -0.005249999929219484 0.06033254787325859
v 0.02250000089406967 -0.005249999929219484 0.05733254924416542
v 0.023449473083019257 0.005249999929219484 0.05748676136136055
v 0.02364804968237877 -0.005249999929219484 0.057560909539461136
v 0.021351950243115425 -0.005249999929219484 0.06310418993234634
v 0.02446623519062996 0.005249999929219484 0.05806673318147659
v 0.025183653458952904 0.005249999929219484 0.058991651982069016
v 0.024621320888400078 -0.005249999929219484 0.058211229741573334
v 0.025492511689662933 0.005249999929219484 0.06012071296572685
v 0.025345785543322563 0.005249999929219484 0.061282023787498474
v 0.025499999523162842 -0.005249999929219484 0.06033254787325859
v 0.025271639227867126 -0.005249999929219484 0.05918449908494949
v 0.02476581558585167 0.005249999929219484 0.06229878216981888
v 0.023840894922614098 0.005249999929219484 0.06301620602607727
v 0.024621320888400078 -0.005249999929219484 0.062453869730234146
v 0.02271183580160141 0.005249999929219484 0.06332506239414215
v 0.021550526842474937 0.005249999929219484 0.06317833811044693
v 0.02250000089406967 -0.005249999929219484 0.06333255022764206
v 0.02364804968237877 -0.005249999929219484 0.06310418993234634
v 0.025271639227867126 -0.005249999929219484 0.061480604112148285
v 0.02736692689359188 0.005249999929219484 0.062301184982061386
v 0.026006456464529037 0.005249999929219484 0.06423988193273544
v 0.02476581558585167 0.005249999929219484 0.06229878216981888
v 0.025345785543322563 0.005249999929219484 0.061282023787498474
v 0.02773689478635788 0.005249999929219484 0.05996183678507805
v 0.025492511689662933 0.005249999929219484 0.06012071296572685
v 0.023840894922614098 0.005249999929219484 0.06301620602607727
v 0.023932363837957382 0.005249999929219484 0.06538337469100952
v 0.021566761657595634 0.005249999929219484 0.06549893319606781
v 0.02271183580160141 0.005249999929219484 0.06332506239414215
v 0.021550526842474937 0.005249999929219484 0.06317833811044693
v 0.025183653458952904 0.005249999929219484 0.058991651982069016
v 0.02704106830060482 0.005249999929219484 0.05769793316721916
v 0.02446623519062996 0.005249999929219484 0.05806673318147659
v 0.025421056896448135 0.005249999929219484 0.055970218032598495
v 0.023449473083019257 0.005249999929219484 0.05748676136136055
v 0.023206563666462898 0.005249999929219484 0.055130310356616974
v 0.022288164123892784 0.005249999929219484 0.05734003707766533
v 0.020848270505666733 0.005249999929219484 0.05534914880990982
v 0.021159105002880096 0.005249999929219484 0.05764889344573021
v 0.020234184339642525 0.005249999929219484 0.0583663135766983
v 0.021350262686610222 0.005249999929219484 0.06310348957777023
v 0.01225245650857687 0.005249999929219484 0.06381643563508987
v 0.01981634646654129 0.005249999929219484 0.061673443764448166
v 0.020533764734864235 0.005249999929219484 0.06259836256504059
v 0.012282729148864746 0.005249999929219484 0.06176469102501869
v 0.012476053088903427 0.005249999929219484 0.061425771564245224
v 0.01950748823583126 0.005249999929219484 0.06054438650608063
v 0.011079560965299606 0.005249999929219484 0.06326264888048172
v 0.011974423192441463 0.005249999929219484 0.062003832310438156
v 0.011598069220781326 0.005249999929219484 0.06210678443312645
v 0.010342005640268326 0.005249999929219484 0.06219569593667984
v 0.012524961493909359 0.005249999929219484 0.06103866919875145
v 0.012422009371221066 0.005249999929219484 0.06066231429576874
v 0.01186386588960886 0.005249999929219484 0.05832699313759804
v 0.01965421438217163 0.005249999929219484 0.059383075684309006
v 0.012182869017124176 0.005249999929219484 0.06035400927066803
v 0.011843948625028133 0.005249999929219484 0.06016068533062935
v 0.011456845328211784 0.005249999929219484 0.06011177599430084
v 0.010780679062008858 0.005249999929219484 0.059040483087301254
v 0.010200781747698784 0.005249999929219484 0.06020069122314453
v 0.02773689478635788 0.005249999929219484 0.05996183678507805
v 0.02704106830060482 0.005249999929219484 0.05769793316721916
v 0.027619494125247 0.010250000283122063 0.05916924774646759
v 0.025421056896448135 0.005249999929219484 0.055970218032598495
v 0.023640993982553482 0.007747985888272524 0.05520803481340408
v 0.023206563666462898 0.005249999929219484 0.055130310356616974
v 0.023325441405177116 0.0068361456505954266 0.055147845298051834
v 0.020848270505666733 0.005249999929219484 0.05534914880990982
v 0.022520316764712334 0.0063018505461514 0.05508258938789368
v 0.021559707820415497 0.006363850086927414 0.055167440325021744
v 0.020848270505666733 0.006994279101490974 0.05534914880990982
v 0.02773689478635788 0.010250000283122063 0.05996183678507805
v 0.02507965825498104 0.010250000283122063 0.055760037153959274
v 0.02671009674668312 0.010250000283122063 0.057196058332920074
v 0.023327291011810303 0.008661475963890553 0.05514813959598541
v 0.023007415235042572 0.010250000283122063 0.055107127875089645
v 0.02252376638352871 0.009197216480970383 0.05508260428905487
v 0.021562542766332626 0.009137330576777458 0.055166926234960556
v 0.020848270505666733 0.010250000283122063 0.05534914880990982
v 0.027560077607631683 0.010250000283122063 0.06173187494277954
v 0.021566761657595634 0.005249999929219484 0.06549893319606781
v 0.023263098672032356 0.006302784197032452 0.06552679091691971
v 0.02229958027601242 0.0063626691699028015 0.06557872146368027
v 0.023932363837957382 0.005249999929219484 0.06538337469100952
v 0.021566761657595634 0.006994279101490974 0.06549893319606781
v 0.02404937520623207 0.0068385242484509945 0.06534871459007263
v 0.026006456464529037 0.005249999929219484 0.06423988193273544
v 0.024351514875888824 0.007752014324069023 0.06524522602558136
v 0.02736692689359188 0.005249999929219484 0.062301184982061386
v 0.021566761657595634 0.010250000283122063 0.06549893319606781
v 0.021566761657595634 0.008505720645189285 0.06549893319606781
v 0.02229670248925686 0.009136149659752846 0.06557860970497131
v 0.023259684443473816 0.009198149666190147 0.0655272975564003
v 0.020848270505666733 0.008505720645189285 0.05534914880990982
v 0.02404758706688881 0.00866385456174612 0.0653492659330368
v 0.02412416972219944 0.010250000283122063 0.06532499939203262
v 0.026294395327568054 0.010250000283122063 0.06396091729402542
v 0.021359315142035484 0.00774999987334013 0.06546146422624588
v 0.01225245650857687 0.010250000283122063 0.06381643563508987
v 0.01225245650857687 0.005249999929219484 0.06381643563508987
v 0.010342005640268326 0.010250000283122063 0.06219569593667984
v 0.011598069220781326 0.010250000283122063 0.06210678443312645
v 0.011598069220781326 0.005249999929219484 0.06210678443312645
v 0.010342005640268326 0.005249999929219484 0.06219569593667984
v 0.011456845328211784 0.005249999929219484 0.06011177599430084
v 0.010200781747698784 0.010250000283122063 0.06020069122314453
v 0.010200781747698784 0.005249999929219484 0.06020069122314453
v 0.011456845328211784 0.010250000283122063 0.06011177599430084
v 0.01186386588960886 0.010250000283122063 0.05832699313759804
v 0.01186386588960886 0.005249999929219484 0.05832699313759804
v 0.0206481721252203 0.00774999987334013 0.05541547015309334
v 0.011552661657333374 0.010250000283122063 0.06357904523611069
v 0.011079560965299606 0.005249999929219484 0.06326264888048172
v 0.010815570130944252 0.010250000283122063 0.06300269067287445
v 0.010342005640268326 0.010250000283122063 0.06219569593667984
v 0.010342005640268326 0.005249999929219484 0.06219569593667984
v 0.010780679062008858 0.010250000283122063 0.059040483087301254
v 0.010780679062008858 0.005249999929219484 0.059040483087301254
v 0.010200781747698784 0.010250000283122063 0.06020069122314453
v 0.010200781747698784 0.005249999929219484 0.06020069122314453
v 0.023691771551966667 0.007169694174081087 0.05757942795753479
v 0.023812800645828247 0.00774999987334013 0.05763503909111023
v 0.023640993982553482 0.007747985888272524 0.05520803481340408
v 0.023325441405177116 0.0068361456505954266 0.055147845298051834
v 0.02335992455482483 0.0066894046030938625 0.057458434253931046
v 0.021559707820415497 0.006363850086927414 0.055167440325021744
v 0.021241651847958565 0.00669159134849906 0.05760921165347099
v 0.021711040288209915 0.0063677686266601086 0.05743815004825592
v 0.022868435829877853 0.006365728098899126 0.057355258613824844
v 0.023640984669327736 0.00774999987334013 0.05520786717534065
v 0.022284772247076035 0.006250003818422556 0.05734027922153473
v 0.020848270505666733 0.006994279101490974 0.05534914880990982
v 0.022520316764712334 0.0063018505461514 0.05508258938789368
v 0.02093074470758438 0.007173506077378988 0.05777570605278015
v 0.02369210682809353 0.008329535834491253 0.05757957324385643
v 0.020820293575525284 0.007754219695925713 0.05784687027335167
v 0.0206481721252203 0.00774999987334013 0.05541547015309334
v 0.020932985469698906 0.00833206344395876 0.05777433514595032
v 0.023327291011810303 0.008661475963890553 0.05514813959598541
v 0.023361025378108025 0.008809519000351429 0.05745876580476761
v 0.022872764617204666 0.009132477454841137 0.05735579878091812
v 0.0212442297488451 0.008811069652438164 0.057608023285865784
v 0.020848270505666733 0.008505720645189285 0.05534914880990982
v 0.021562542766332626 0.009137330576777458 0.055166926234960556
v 0.021715186536312103 0.009134000167250633 0.057437025010585785
v 0.022291257977485657 0.009249996393918991 0.05733982101082802
v 0.02252376638352871 0.009197216480970383 0.05508260428905487
v 0.02404937520623207 0.0068385242484509945 0.06534871459007263
v 0.02435152791440487 0.00774999987334013 0.06524538993835449
v 0.024030232802033424 0.007084337528795004 0.06291293352842331
v 0.02369045279920101 0.006625778041779995 0.06308624148368835
v 0.023263098672032356 0.006302784197032452 0.06552679091691971
v 0.0231989286839962 0.006332698278129101 0.06324999779462814
v 0.022614941000938416 0.0062531414441764355 0.06333034485578537
v 0.02229958027601242 0.0063626691699028015 0.06557872146368027
v 0.021566761657595634 0.006994279101490974 0.06549893319606781
v 0.021572723984718323 0.0067594596184790134 0.06318564713001251
v 0.02204054594039917 0.006406775675714016 0.06329715996980667
v 0.024180341511964798 0.00774999987334013 0.06282712519168854
v 0.024176737293601036 0.007653492968529463 0.06282022595405579
v 0.021272407844662666 0.0072603109292685986 0.0630698874592781
v 0.021359315142035484 0.00774999987334013 0.06546146422624588
v 0.024351514875888824 0.007752014324069023 0.06524522602558136
v 0.02229670248925686 0.009136149659752846 0.06557860970497131
v 0.021566761657595634 0.008505720645189285 0.06549893319606781
v 0.02171144261956215 0.008876040577888489 0.06322705745697021
v 0.021350262686610222 0.008419042453169823 0.06310348957777023
v 0.02337217889726162 0.009093387052416801 0.06320296972990036
v 0.023259684443473816 0.009198149666190147 0.0655272975564003
v 0.022809062153100967 0.009246822446584702 0.06331658363342285
v 0.02404758706688881 0.00866385456174612 0.0653492659330368
v 0.02410089783370495 0.008239882998168468 0.06286969780921936
v 0.022221116349101067 0.009168017655611038 0.06331955641508102
v 0.021190520375967026 0.007847897708415985 0.06303167343139648
v 0.023819737136363983 0.008740787394344807 0.06302667409181595
v 0.021350262686610222 0.008419042453169823 0.06310348957777023
v 0.021190520375967026 0.007847897708415985 0.06303167343139648
v 0.021350262686610222 0.007128413766622543 0.06310348957777023
v 0.02410089783370495 0.008239882998168468 0.06286969780921936
v 0.023819737136363983 0.008740787394344807 0.06302667409181595
v 0.024030232802033424 0.007084337528795004 0.06291293352842331
v 0.021272407844662666 0.0072603109292685986 0.0630698874592781
v 0.024176737293601036 0.007653492968529463 0.06282022595405579
v 0.024180341511964798 0.00774999987334013 0.06282712519168854
v 0.02369045279920101 0.006625778041779995 0.06308624148368835
v 0.02171144261956215 0.008876040577888489 0.06322705745697021
v 0.0231989286839962 0.006332698278129101 0.06324999779462814
v 0.02337217889726162 0.009093387052416801 0.06320296972990036
v 0.022809062153100967 0.009246822446584702 0.06331658363342285
v 0.022221116349101067 0.009168017655611038 0.06331955641508102
v 0.022614941000938416 0.0062531414441764355 0.06333034485578537
v 0.02204054594039917 0.006406775675714016 0.06329715996980667
v 0.021572723984718323 0.0067594596184790134 0.06318564713001251
v 0.02093074470758438 0.007173506077378988 0.05777570605278015
v 0.020820293575525284 0.007754219695925713 0.05784687027335167
v 0.020932985469698906 0.00833206344395876 0.05777433514595032
v 0.021241651847958565 0.00669159134849906 0.05760921165347099
v 0.0212442297488451 0.008811069652438164 0.057608023285865784
v 0.021711040288209915 0.0063677686266601086 0.05743815004825592
v 0.021715186536312103 0.009134000167250633 0.057437025010585785
v 0.022284772247076035 0.006250003818422556 0.05734027922153473
v 0.022291257977485657 0.009249996393918991 0.05733982101082802
v 0.022868435829877853 0.006365728098899126 0.057355258613824844
v 0.022872764617204666 0.009132477454841137 0.05735579878091812
v 0.023361025378108025 0.008809519000351429 0.05745876580476761
v 0.02335992455482483 0.0066894046030938625 0.057458434253931046
v 0.02369210682809353 0.008329535834491253 0.05757957324385643
v 0.023691771551966667 0.007169694174081087 0.05757942795753479
v 0.023812800645828247 0.00774999987334013 0.05763503909111023
v 0.020932985469698906 -0.00833206344395876 0.05777433514595032
v 0.02093074470758438 -0.007173506077378988 0.05777570605278015
v 0.021241651847958565 -0.00669159134849906 0.05760921165347099
v 0.0212442297488451 -0.008811069652438164 0.057608023285865784
v 0.021711040288209915 -0.0063677686266601086 0.05743815004825592
v 0.021715186536312103 -0.009134000167250633 0.057437025010585785
v 0.022284772247076035 -0.006250003818422556 0.05734027922153473
v 0.020820293575525284 -0.007754219695925713 0.05784687027335167
v 0.022291257977485657 -0.009249996393918991 0.05733982101082802
v 0.022872764617204666 -0.009132477454841137 0.05735579878091812
v 0.022868435829877853 -0.006365728098899126 0.057355258613824844
v 0.02335992455482483 -0.0066894046030938625 0.057458434253931046
v 0.023691771551966667 -0.007169694174081087 0.05757942795753479
v 0.023361025378108025 -0.008809519000351429 0.05745876580476761
v 0.023812800645828247 -0.00774999987334013 0.05763503909111023
v 0.02369210682809353 -0.008329535834491253 0.05757957324385643
v 0.021350262686610222 -0.007107128389179707 0.06310348957777023
v 0.02130899205803871 -0.0071679363027215 0.06308600306510925
v 0.021187206730246544 -0.007745780516415834 0.06303006410598755
v 0.024068035185337067 -0.007170463912189007 0.06289014220237732
v 0.023757273331284523 -0.006690481211990118 0.06305637955665588
v 0.024067724123597145 -0.00833030603826046 0.06289032846689224
v 0.021306579932570457 -0.008326494134962559 0.06308495998382568
v 0.021350262686610222 -0.008391296491026878 0.06310348957777023
v 0.024179711937904358 -0.00774999987334013 0.06281822174787521
v 0.023756230250000954 -0.008810595609247684 0.06305686384439468
v 0.021640561521053314 -0.006688930559903383 0.06320680677890778
v 0.023284176364541054 -0.009134272113442421 0.06322824954986572
v 0.023288385942578316 -0.00636752275750041 0.0632271021604538
v 0.022714929655194283 -0.006250003352761269 0.06332483887672424
v 0.02213090844452381 -0.0063659995794296265 0.06330975890159607
v 0.02270844392478466 -0.009249996393918991 0.06332530081272125
v 0.02212664671242237 -0.009132231585681438 0.06330922245979309
v 0.021637840196490288 -0.008808408863842487 0.06320599466562271
v 0.02404937520623207 -0.008661475963890553 0.06534871459007263
v 0.02435152791440487 -0.00774999987334013 0.06524538993835449
v 0.024067724123597145 -0.00833030603826046 0.06289032846689224
v 0.023263098672032356 -0.009197216480970383 0.06552679091691971
v 0.023284176364541054 -0.009134272113442421 0.06322824954986572
v 0.023756230250000954 -0.008810595609247684 0.06305686384439468
v 0.02270844392478466 -0.009249996393918991 0.06332530081272125
v 0.02229958027601242 -0.009137330576777458 0.06557872146368027
v 0.021566761657595634 -0.008505720645189285 0.06549893319606781
v 0.021637840196490288 -0.008808408863842487 0.06320599466562271
v 0.02212664671242237 -0.009132231585681438 0.06330922245979309
v 0.024179711937904358 -0.00774999987334013 0.06281822174787521
v 0.021350262686610222 -0.008391296491026878 0.06310348957777023
v 0.021306579932570457 -0.008326494134962559 0.06308495998382568
v 0.021359315142035484 -0.00774999987334013 0.06546146422624588
v 0.024351514875888824 -0.007747985888272524 0.06524522602558136
v 0.02229670248925686 -0.006363850086927414 0.06557860970497131
v 0.021566761657595634 -0.006994279101490974 0.06549893319606781
v 0.021640561521053314 -0.006688930559903383 0.06320680677890778
v 0.02130899205803871 -0.0071679363027215 0.06308600306510925
v 0.023288385942578316 -0.00636752275750041 0.0632271021604538
v 0.023259684443473816 -0.0063018505461514 0.0655272975564003
v 0.022714929655194283 -0.006250003352761269 0.06332483887672424
v 0.02404758706688881 -0.0068361456505954266 0.0653492659330368
v 0.024068035185337067 -0.007170463912189007 0.06289014220237732
v 0.02213090844452381 -0.0063659995794296265 0.06330975890159607
v 0.021350262686610222 -0.007107128389179707 0.06310348957777023
v 0.021187206730246544 -0.007745780516415834 0.06303006410598755
v 0.023757273331284523 -0.006690481211990118 0.06305637955665588
v 0.02369210682809353 -0.008329535834491253 0.05757957324385643
v 0.023812800645828247 -0.00774999987334013 0.05763503909111023
v 0.023640993982553482 -0.007752014324069023 0.05520803481340408
v 0.023325441405177116 -0.00866385456174612 0.055147845298051834
v 0.023361025378108025 -0.008809519000351429 0.05745876580476761
v 0.021559707820415497 -0.009136149659752846 0.055167440325021744
v 0.0212442297488451 -0.008811069652438164 0.057608023285865784
v 0.021715186536312103 -0.009134000167250633 0.057437025010585785
v 0.022872764617204666 -0.009132477454841137 0.05735579878091812
v 0.023640984669327736 -0.00774999987334013 0.05520786717534065
v 0.022291257977485657 -0.009249996393918991 0.05733982101082802
v 0.020848270505666733 -0.008505720645189285 0.05534914880990982
v 0.022520316764712334 -0.009198149666190147 0.05508258938789368
v 0.020932985469698906 -0.00833206344395876 0.05777433514595032
v 0.023691771551966667 -0.007169694174081087 0.05757942795753479
v 0.020820293575525284 -0.007754219695925713 0.05784687027335167
v 0.0206481721252203 -0.00774999987334013 0.05541547015309334
v 0.02093074470758438 -0.007173506077378988 0.05777570605278015
v 0.02335992455482483 -0.0066894046030938625 0.057458434253931046
v 0.023327291011810303 -0.0068385242484509945 0.05514813959598541
v 0.021241651847958565 -0.00669159134849906 0.05760921165347099
v 0.020848270505666733 -0.006994279101490974 0.05534914880990982
v 0.021711040288209915 -0.0063677686266601086 0.05743815004825592
v 0.021562542766332626 -0.0063626691699028015 0.055166926234960556
v 0.02252376638352871 -0.006302784197032452 0.05508260428905487
v 0.022868435829877853 -0.006365728098899126 0.057355258613824844
v 0.022284772247076035 -0.006250003818422556 0.05734027922153473
v 0.01186386588960886 -0.010250000283122063 0.05832699313759804
v 0.010780679062008858 -0.005249999929219484 0.059040483087301254
v 0.01186386588960886 -0.005249999929219484 0.05832699313759804
v 0.010780679062008858 -0.010250000283122063 0.059040483087301254
v 0.010200781747698784 -0.010250000283122063 0.06020069122314453
v 0.010200781747698784 -0.005249999929219484 0.06020069122314453
v 0.01225245650857687 -0.005249999929219484 0.06381643563508987
v 0.011552661657333374 -0.010250000283122063 0.06357904523611069
v 0.01225245650857687 -0.010250000283122063 0.06381643563508987
v 0.011079560965299606 -0.005249999929219484 0.06326264888048172
v 0.010342005640268326 -0.005249999929219484 0.06219569593667984
v 0.010815570130944252 -0.010250000283122063 0.06300269067287445
v 0.010342005640268326 -0.010250000283122063 0.06219569593667984
v 0.020848270505666733 -0.005249999929219484 0.05534914880990982
v 0.020848270505666733 -0.006994279101490974 0.05534914880990982
v 0.0206481721252203 -0.00774999987334013 0.05541547015309334
v 0.020848270505666733 -0.010250000283122063 0.05534914880990982
v 0.020848270505666733 -0.008505720645189285 0.05534914880990982
v 0.011456845328211784 -0.010250000283122063 0.06011177599430084
v 0.010200781747698784 -0.005249999929219484 0.06020069122314453
v 0.010200781747698784 -0.010250000283122063 0.06020069122314453
v 0.011456845328211784 -0.005249999929219484 0.06011177599430084
v 0.010342005640268326 -0.005249999929219484 0.06219569593667984
v 0.011598069220781326 -0.005249999929219484 0.06210678443312645
v 0.011598069220781326 -0.010250000283122063 0.06210678443312645
v 0.010342005640268326 -0.010250000283122063 0.06219569593667984
v 0.021359315142035484 -0.00774999987334013 0.06546146422624588
v 0.021566761657595634 -0.006994279101490974 0.06549893319606781
v 0.021566761657595634 -0.008505720645189285 0.06549893319606781
v 0.021566761657595634 -0.005249999929219484 0.06549893319606781
v 0.021566761657595634 -0.010250000283122063 0.06549893319606781
v 0.02507965825498104 -0.010250000283122063 0.055760037153959274
v 0.023640993982553482 -0.007752014324069023 0.05520803481340408
v 0.02671009674668312 -0.010250000283122063 0.057196058332920074
v 0.027619494125247 -0.010250000283122063 0.05916924774646759
v 0.02704106830060482 -0.005249999929219484 0.05769793316721916
v 0.02773689478635788 -0.005249999929219484 0.05996183678507805
v 0.02773689478635788 -0.010250000283122063 0.05996183678507805
v 0.023007415235042572 -0.010250000283122063 0.055107127875089645
v 0.021559707820415497 -0.009136149659752846 0.055167440325021744
v 0.022520316764712334 -0.009198149666190147 0.05508258938789368
v 0.023325441405177116 -0.00866385456174612 0.055147845298051834
v 0.023640984669327736 -0.00774999987334013 0.05520786717534065
v 0.025421056896448135 -0.005249999929219484 0.055970218032598495
v 0.023327291011810303 -0.0068385242484509945 0.05514813959598541
v 0.023206563666462898 -0.005249999929219484 0.055130310356616974
v 0.02252376638352871 -0.006302784197032452 0.05508260428905487
v 0.021562542766332626 -0.0063626691699028015 0.055166926234960556
v 0.027560077607631683 -0.010250000283122063 0.06173187494277954
v 0.023263098672032356 -0.009197216480970383 0.06552679091691971
v 0.02229958027601242 -0.009137330576777458 0.06557872146368027
v 0.02412416972219944 -0.010250000283122063 0.06532499939203262
v 0.02404937520623207 -0.008661475963890553 0.06534871459007263
v 0.026294395327568054 -0.010250000283122063 0.06396091729402542
v 0.02435152791440487 -0.00774999987334013 0.06524538993835449
v 0.02736692689359188 -0.005249999929219484 0.062301184982061386
v 0.024351514875888824 -0.007747985888272524 0.06524522602558136
v 0.02229670248925686 -0.006363850086927414 0.06557860970497131
v 0.023259684443473816 -0.0063018505461514 0.0655272975564003
v 0.02404758706688881 -0.0068361456505954266 0.0653492659330368
v 0.023932363837957382 -0.005249999929219484 0.06538337469100952
v 0.026006456464529037 -0.005249999929219484 0.06423988193273544
v 0.024621320888400078 -0.005249999929219484 0.062453869730234146
v 0.026006456464529037 -0.005249999929219484 0.06423988193273544
v 0.02736692689359188 -0.005249999929219484 0.062301184982061386
v 0.02773689478635788 -0.005249999929219484 0.05996183678507805
v 0.025271639227867126 -0.005249999929219484 0.061480604112148285
v 0.02364804968237877 -0.005249999929219484 0.06310418993234634
v 0.025499999523162842 -0.005249999929219484 0.06033254787325859
v 0.02250000089406967 -0.005249999929219484 0.06333255022764206
v 0.021566761657595634 -0.005249999929219484 0.06549893319606781
v 0.023932363837957382 -0.005249999929219484 0.06538337469100952
v 0.021351950243115425 -0.005249999929219484 0.06310418993234634
v 0.021350262686610222 -0.005249999929219484 0.06310348957777023
v 0.02704106830060482 -0.005249999929219484 0.05769793316721916
v 0.025271639227867126 -0.005249999929219484 0.05918449908494949
v 0.02364804968237877 -0.005249999929219484 0.057560909539461136
v 0.025421056896448135 -0.005249999929219484 0.055970218032598495
v 0.024621320888400078 -0.005249999929219484 0.058211229741573334
v 0.020848270505666733 -0.005249999929219484 0.05534914880990982
v 0.02250000089406967 -0.005249999929219484 0.05733254924416542
v 0.023206563666462898 -0.005249999929219484 0.055130310356616974
v 0.021351950243115425 -0.005249999929219484 0.057560909539461136
v 0.020378679037094116 -0.005249999929219484 0.058211229741573334
v 0.020378679037094116 -0.005249999929219484 0.062453869730234146
v 0.019728360697627068 -0.005249999929219484 0.061480604112148285
v 0.01225245650857687 -0.005249999929219484 0.06381643563508987
v 0.012476053088903427 -0.005249999929219484 0.061425771564245224
v 0.012282729148864746 -0.005249999929219484 0.06176469102501869
v 0.019500000402331352 -0.005249999929219484 0.06033254787325859
v 0.011974423192441463 -0.005249999929219484 0.062003832310438156
v 0.011079560965299606 -0.005249999929219484 0.06326264888048172
v 0.011598069220781326 -0.005249999929219484 0.06210678443312645
v 0.010342005640268326 -0.005249999929219484 0.06219569593667984
v 0.012422009371221066 -0.005249999929219484 0.06066231429576874
v 0.012524961493909359 -0.005249999929219484 0.06103866919875145
v 0.019728360697627068 -0.005249999929219484 0.05918449908494949
v 0.01186386588960886 -0.005249999929219484 0.05832699313759804
v 0.012182869017124176 -0.005249999929219484 0.06035400927066803
v 0.010780679062008858 -0.005249999929219484 0.059040483087301254
v 0.011456845328211784 -0.005249999929219484 0.06011177599430084
v 0.011843948625028133 -0.005249999929219484 0.06016068533062935
v 0.010200781747698784 -0.005249999929219484 0.06020069122314453
v 0.027560077607631683 -0.010250000283122063 0.06173187494277954
v 0.026294395327568054 -0.010250000283122063 0.06396091729402542
v 0.026890922337770462 -0.010250000283122063 0.06272415816783905
v 0.02755041792988777 -0.010250000283122063 0.05996665358543396
v 0.02773689478635788 -0.010250000283122063 0.05996183678507805
v 0.02748134545981884 -0.010250000283122063 0.06076405569911003
v 0.027186134830117226 -0.010250000283122063 0.06174410879611969
v 0.027619494125247 -0.010250000283122063 0.05916924774646759
v 0.01661582477390766 -0.010250000283122063 0.06442186236381531
v 0.01225245650857687 -0.010250000283122063 0.06381643563508987
v 0.014084244146943092 -0.010250000283122063 0.0640004500746727
v 0.02556447684764862 -0.010250000283122063 0.06428337097167969
v 0.02412416972219944 -0.010250000283122063 0.06532499939203262
v 0.021566761657595634 -0.010250000283122063 0.06549893319606781
v 0.023724349215626717 -0.010250000283122063 0.06518033146858215
v 0.021678991615772247 -0.010250000283122063 0.06526467949151993
v 0.011552661657333374 -0.010250000283122063 0.06357904523611069
v 0.021350262686610222 -0.014750000089406967 0.06310348957777023
v 0.020378679037094116 -0.014750000089406967 0.062453869730234146
v 0.021350262686610222 -0.014800000004470348 0.06310348957777023
v 0.019728360697627068 -0.014750000089406967 0.061480604112148285
v 0.019500000402331352 -0.014750000089406967 0.06033254787325859
v 0.019727664068341255 -0.014800000004470348 0.06147891283035278
v 0.02037739008665085 -0.014800000004470348 0.06245257705450058
v 0.019728360697627068 -0.014750000089406967 0.05918449908494949
v 0.020378679037094116 -0.014750000089406967 0.058211229741573334
v 0.01972906105220318 -0.014800000004470348 0.05918281152844429
v 0.021351950243115425 -0.014750000089406967 0.057560909539461136
v 0.02250000089406967 -0.014750000089406967 0.05733254924416542
v 0.02135363593697548 -0.014800000004470348 0.057560212910175323
v 0.020379971712827682 -0.014800000004470348 0.05820993706583977
v 0.019500000402331352 -0.014800000004470348 0.060330722481012344
v 0.022501828148961067 -0.014800000004470348 0.05733254924416542
v 0.02364804968237877 -0.014750000089406967 0.057560909539461136
v 0.021351950243115425 -0.014750000089406967 0.06310418993234634
v 0.024621320888400078 -0.014750000089406967 0.058211229741573334
v 0.023649737238883972 -0.014800000004470348 0.05756160989403725
v 0.025271639227867126 -0.014750000089406967 0.05918449908494949
v 0.025499999523162842 -0.014750000089406967 0.06033254787325859
v 0.02527233585715294 -0.014800000004470348 0.0591861866414547
v 0.024622611701488495 -0.014800000004470348 0.0582125149667263
v 0.025271639227867126 -0.014750000089406967 0.061480604112148285
v 0.024621320888400078 -0.014750000089406967 0.062453869730234146
v 0.025270938873291016 -0.014800000004470348 0.06148228421807289
v 0.02364804968237877 -0.014750000089406967 0.06310418993234634
v 0.02250000089406967 -0.014750000089406967 0.06333255022764206
v 0.023646363988518715 -0.014800000004470348 0.06310488283634186
v 0.02462002821266651 -0.014800000004470348 0.062455158680677414
v 0.025499999523162842 -0.014800000004470348 0.06033437326550484
v 0.022498173639178276 -0.014800000004470348 0.06333255022764206
v 0.021359454840421677 -0.014876537024974823 0.057574279606342316
v 0.022501816973090172 -0.014876537024974823 0.057347774505615234
v 0.023602420464158058 -0.014984776265919209 0.057675644755363464
v 0.0225017499178648 -0.014984776265919209 0.057456012815237045
v 0.022501789033412933 -0.014941421337425709 0.057391129434108734
v 0.02250170335173607 -0.014999999664723873 0.05753254517912865
v 0.021430060267448425 -0.014999999664723873 0.057745035737752914
v 0.02140081487596035 -0.014984776265919209 0.057674307376146317
v 0.02046721987426281 -0.014984776265919209 0.0582972913980484
v 0.02357308752834797 -0.014999999664723873 0.057746339589357376
v 0.021376021206378937 -0.014941421337425709 0.057614345103502274
v 0.02052130550146103 -0.014999999664723873 0.05835144594311714
v 0.02448110282421112 -0.014999999664723873 0.05835385620594025
v 0.019743122160434723 -0.014876537024974823 0.05918864533305168
v 0.019515223801136017 -0.014876537024974823 0.06033073365688324
v 0.019741732627153397 -0.014876537024974823 0.061473093926906586
v 0.019843097776174545 -0.014984776265919209 0.05923013016581535
v 0.01991378888487816 -0.014999999664723873 0.059259459376335144
v 0.0198417566716671 -0.014984776265919209 0.06143173575401306
v 0.019700000062584877 -0.014999999664723873 0.060330845415592194
v 0.019912485033273697 -0.014999999664723873 0.06140248849987984
v 0.019623463973402977 -0.014984776265919209 0.060330796986818314
v 0.020518897101283073 -0.014999999664723873 0.06231124326586723
v 0.021426912397146225 -0.014999999664723873 0.0629187598824501
v 0.020464744418859482 -0.014984776265919209 0.0623653307557106
v 0.02039072848856449 -0.014876537024974823 0.05822071060538292
v 0.02042136713862419 -0.014941421337425709 0.058251384645700455
v 0.02362728677690029 -0.014941421337425709 0.05761571601033211
v 0.01978316716849804 -0.014941421337425709 0.05920526385307312
v 0.02364390157163143 -0.014876537024974823 0.05757566913962364
v 0.019558578729629517 -0.014941421337425709 0.06033075973391533
v 0.024581164121627808 -0.014941421337425709 0.05825391411781311
v 0.019781796261668205 -0.014941421337425709 0.061456527560949326
v 0.020418835803866386 -0.014941421337425709 0.06241118162870407
v 0.020388159900903702 -0.014876537024974823 0.06244181841611862
v 0.021372713148593903 -0.014941421337425709 0.06304938346147537
v 0.021356098353862762 -0.014876537024974823 0.06308942288160324
v 0.021397579461336136 -0.014984776265919209 0.06298945099115372
v 0.024535255506634712 -0.014984776265919209 0.05829976871609688
v 0.023640546947717667 -0.014876537024974823 0.06309081614017487
v 0.022498182952404022 -0.014876537024974823 0.06331732124090195
v 0.022498248144984245 -0.014984776265919209 0.06320908665657043
v 0.02356993965804577 -0.014999999664723873 0.06292006373405457
v 0.023599185049533844 -0.014984776265919209 0.06299079209566116
v 0.022498296573758125 -0.014999999664723873 0.06313254684209824
v 0.024532780051231384 -0.014984776265919209 0.06236780434846878
v 0.023623978719115257 -0.014941421337425709 0.0630507543683052
v 0.02249821089208126 -0.014941421337425709 0.06327396631240845
v 0.025484776124358177 -0.014876537024974823 0.06033436581492424
v 0.024611840024590492 -0.014876537024974823 0.05822327733039856
v 0.02515690214931965 -0.014984776265919209 0.061434969305992126
v 0.024478694424033165 -0.014999999664723873 0.06231365352869034
v 0.025158243253827095 -0.014984776265919209 0.05923336371779442
v 0.025299999862909317 -0.014999999664723873 0.060334254056215286
v 0.025087514892220497 -0.014999999664723873 0.05926261097192764
v 0.025086211040616035 -0.014999999664723873 0.06140563637018204
v 0.024609271436929703 -0.014876537024974823 0.06244438886642456
v 0.024578632786870003 -0.014941421337425709 0.062413714826107025
v 0.025216832756996155 -0.014941421337425709 0.06145983561873436
v 0.02525687776505947 -0.014876537024974823 0.0614764504134655
v 0.025376535952091217 -0.014984776265919209 0.06033429875969887
v 0.025441421195864677 -0.014941421337425709 0.06033433973789215
v 0.02521820366382599 -0.014941421337425709 0.059208568185567856
v 0.025258267298340797 -0.014876537024974823 0.059192001819610596
v 0.022498296573758125 -0.014999999664723873 0.06313254684209824
v 0.021426912397146225 -0.014999999664723873 0.0629187598824501
v 0.020518897101283073 -0.014999999664723873 0.06231124326586723
v 0.024478694424033165 -0.014999999664723873 0.06231365352869034
v 0.02356993965804577 -0.014999999664723873 0.06292006373405457
v 0.025087514892220497 -0.014999999664723873 0.05926261097192764
v 0.019912485033273697 -0.014999999664723873 0.06140248849987984
v 0.019700000062584877 -0.014999999664723873 0.060330845415592194
v 0.01991378888487816 -0.014999999664723873 0.059259459376335144
v 0.02052130550146103 -0.014999999664723873 0.05835144594311714
v 0.025086211040616035 -0.014999999664723873 0.06140563637018204
v 0.025299999862909317 -0.014999999664723873 0.060334254056215286
v 0.02357308752834797 -0.014999999664723873 0.057746339589357376
v 0.02448110282421112 -0.014999999664723873 0.05835385620594025
v 0.02250170335173607 -0.014999999664723873 0.05753254517912865
v 0.021430060267448425 -0.014999999664723873 0.057745035737752914
v -0.0621715746819973 -0.01600000075995922 0.031410977244377136
v -0.06252512335777283 -0.01600000075995922 0.03105742298066616
v -0.06176642328500748 -0.01600000075995922 0.029921941459178925
v -0.06366060674190521 -0.01600000075995922 0.03181612864136696
v -0.0613044835627079 -0.01600000075995922 0.030113281682133675
v -0.061500001698732376 -0.01600000075995922 0.02858254872262478
v -0.06346926838159561 -0.01600000075995922 0.032278068363666534
v -0.06499999761581421 -0.01600000075995922 0.03258254751563072
v -0.06499999761581421 -0.01600000075995922 0.03208255022764206
v -0.0663393884897232 -0.01600000075995922 0.03181612864136696
v -0.061000000685453415 -0.01600000075995922 0.02858254872262478
v -0.06176642328500748 -0.01600000075995922 0.027243155986070633
v -0.0613044835627079 -0.01600000075995922 0.027051815763115883
v -0.0621715746819973 -0.01600000075995922 0.02575412206351757
v -0.06252512335777283 -0.01600000075995922 0.026107674464583397
v -0.06346926838159561 -0.01600000075995922 0.024887030944228172
v -0.06366060674190521 -0.01600000075995922 0.025348970666527748
v -0.06499999761581421 -0.01600000075995922 0.025082547217607498
v -0.0665307343006134 -0.01600000075995922 0.032278068363666534
v -0.06782842427492142 -0.01600000075995922 0.031410977244377136
v -0.06747487187385559 -0.01600000075995922 0.03105742298066616
v -0.06869551539421082 -0.01600000075995922 0.030113281682133675
v -0.06823357939720154 -0.01600000075995922 0.029921941459178925
v -0.0689999982714653 -0.01600000075995922 0.02858254872262478
v -0.06849999725818634 -0.01600000075995922 0.02858254872262478
v -0.06823357939720154 -0.01600000075995922 0.027243155986070633
v -0.0663393884897232 -0.01600000075995922 0.025348970666527748
v -0.06499999761581421 -0.01600000075995922 0.024582548066973686
v -0.0665307343006134 -0.01600000075995922 0.024887030944228172
v -0.06782842427492142 -0.01600000075995922 0.02575412206351757
v -0.06869551539421082 -0.01600000075995922 0.027051815763115883
v -0.06747487187385559 -0.01600000075995922 0.026107674464583397
v -0.0689999982714653 -0.016249999403953552 0.02858254872262478
v -0.06869551539421082 -0.01600000075995922 0.027051815763115883
v -0.0689999982714653 -0.01600000075995922 0.02858254872262478
v -0.0665307343006134 -0.016249999403953552 0.024887030944228172
v -0.0665307343006134 -0.01600000075995922 0.024887030944228172
v -0.06782842427492142 -0.01600000075995922 0.02575412206351757
v -0.06869551539421082 -0.016249999403953552 0.027051815763115883
v -0.06346926838159561 -0.016249999403953552 0.024887030944228172
v -0.06346926838159561 -0.01600000075995922 0.024887030944228172
v -0.06499999761581421 -0.01600000075995922 0.024582548066973686
v -0.0613044835627079 -0.016249999403953552 0.027051815763115883
v -0.0613044835627079 -0.01600000075995922 0.027051815763115883
v -0.0621715746819973 -0.01600000075995922 0.02575412206351757
v -0.0621715746819973 -0.016249999403953552 0.02575412206351757
v -0.06499999761581421 -0.016249999403953552 0.024582548066973686
v -0.06782842427492142 -0.016249999403953552 0.02575412206351757
v -0.061000000685453415 -0.016249999403953552 0.02858254872262478
v -0.061000000685453415 -0.01600000075995922 0.02858254872262478
v -0.06869551539421082 -0.01600000075995922 0.030113281682133675
v -0.0613044835627079 -0.01600000075995922 0.030113281682133675
v -0.0613044835627079 -0.016249999403953552 0.030113281682133675
v -0.06346926838159561 -0.016249999403953552 0.032278068363666534
v -0.06346926838159561 -0.01600000075995922 0.032278068363666534
v -0.0621715746819973 -0.01600000075995922 0.031410977244377136
v -0.06782842427492142 -0.016249999403953552 0.031410977244377136
v -0.06782842427492142 -0.01600000075995922 0.031410977244377136
v -0.0665307343006134 -0.01600000075995922 0.032278068363666534
v -0.06869551539421082 -0.016249999403953552 0.030113281682133675
v -0.0665307343006134 -0.016249999403953552 0.032278068363666534
v -0.06499999761581421 -0.01600000075995922 0.03258254751563072
v -0.06499999761581421 -0.016249999403953552 0.03258254751563072
v -0.0621715746819973 -0.016249999403953552 0.031410977244377136
v 0.025733578950166702 -0.01600000075995922 0.061671942472457886
v 0.026195518672466278 -0.01600000075995922 0.06186328083276749
v 0.024974873289465904 -0.01600000075995922 0.06280742585659027
v 0.026000000536441803 -0.01600000075995922 0.06033254787325859
v 0.026499999687075615 -0.01600000075995922 0.06033254787325859
v 0.02532842755317688 -0.01600000075995922 0.0631609782576561
v 0.024030733853578568 -0.01600000075995922 0.0640280693769455
v 0.02250000089406967 -0.01600000075995922 0.06383255124092102
v 0.023839391767978668 -0.01600000075995922 0.06356612592935562
v 0.02250000089406967 -0.01600000075995922 0.06433255225419998
v 0.025733578950166702 -0.01600000075995922 0.058993156999349594
v 0.026195518672466278 -0.01600000075995922 0.058801814913749695
v 0.024974873289465904 -0.01600000075995922 0.05785767361521721
v 0.02532842755317688 -0.01600000075995922 0.05750412121415138
v 0.023839391767978668 -0.01600000075995922 0.05709896981716156
v 0.024030733853578568 -0.01600000075995922 0.056637030094861984
v 0.02250000089406967 -0.01600000075995922 0.0563325472176075
v 0.02250000089406967 -0.01600000075995922 0.05683254823088646
v 0.020969266071915627 -0.01600000075995922 0.0640280693769455
v 0.021160608157515526 -0.01600000075995922 0.06356612592935562
v 0.019671572372317314 -0.01600000075995922 0.0631609782576561
v 0.02002512663602829 -0.01600000075995922 0.06280742585659027
v 0.018804481253027916 -0.01600000075995922 0.06186328083276749
v 0.019266420975327492 -0.01600000075995922 0.061671942472457886
v 0.01899999938905239 -0.01600000075995922 0.06033254787325859
v 0.01850000023841858 -0.01600000075995922 0.06033254787325859
v 0.020969266071915627 -0.01600000075995922 0.056637030094861984
v 0.021160608157515526 -0.01600000075995922 0.05709896981716156
v 0.019671572372317314 -0.01600000075995922 0.05750412121415138
v 0.02002512663602829 -0.01600000075995922 0.05785767361521721
v 0.019266420975327492 -0.01600000075995922 0.058993156999349594
v 0.018804481253027916 -0.01600000075995922 0.058801814913749695
v 0.01850000023841858 -0.016249999403953552 0.06033254787325859
v 0.018804481253027916 -0.01600000075995922 0.058801814913749695
v 0.01850000023841858 -0.01600000075995922 0.06033254787325859
v 0.020969266071915627 -0.016249999403953552 0.056637030094861984
v 0.020969266071915627 -0.01600000075995922 0.056637030094861984
v 0.019671572372317314 -0.01600000075995922 0.05750412121415138
v 0.018804481253027916 -0.016249999403953552 0.058801814913749695
v 0.024030733853578568 -0.016249999403953552 0.056637030094861984
v 0.024030733853578568 -0.01600000075995922 0.056637030094861984
v 0.02250000089406967 -0.01600000075995922 0.0563325472176075
v 0.026195518672466278 -0.016249999403953552 0.058801814913749695
v 0.026195518672466278 -0.01600000075995922 0.058801814913749695
v 0.02532842755317688 -0.01600000075995922 0.05750412121415138
v 0.02532842755317688 -0.016249999403953552 0.05750412121415138
v 0.02250000089406967 -0.016249999403953552 0.0563325472176075
v 0.019671572372317314 -0.016249999403953552 0.05750412121415138
v 0.026499999687075615 -0.016249999403953552 0.06033254787325859
v 0.026499999687075615 -0.01600000075995922 0.06033254787325859
v 0.018804481253027916 -0.016249999403953552 0.06186328083276749
v 0.026195518672466278 -0.016249999403953552 0.06186328083276749
v 0.026195518672466278 -0.01600000075995922 0.06186328083276749
v 0.024030733853578568 -0.016249999403953552 0.0640280693769455
v 0.024030733853578568 -0.01600000075995922 0.0640280693769455
v 0.02532842755317688 -0.01600000075995922 0.0631609782576561
v 0.02532842755317688 -0.016249999403953552 0.0631609782576561
v 0.020969266071915627 -0.016249999403953552 0.0640280693769455
v 0.020969266071915627 -0.01600000075995922 0.0640280693769455
v 0.02250000089406967 -0.01600000075995922 0.06433255225419998
v 0.018804481253027916 -0.01600000075995922 0.06186328083276749
v 0.019671572372317314 -0.01600000075995922 0.0631609782576561
v 0.019671572372317314 -0.016249999403953552 0.0631609782576561
v 0.02250000089406967 -0.016249999403953552 0.06433255225419998
v 0.025733578950166702 -0.014750000089406967 0.061671942472457886
v 0.024974873289465904 -0.014750000089406967 0.06280742585659027
v 0.025271639227867126 -0.014750000089406967 0.061480604112148285
v 0.025499999523162842 -0.014750000089406967 0.06033254787325859
v 0.024621320888400078 -0.014750000089406967 0.062453869730234146
v 0.026000000536441803 -0.014750000089406967 0.06033254787325859
v 0.023839391767978668 -0.014750000089406967 0.06356612592935562
v 0.02250000089406967 -0.014750000089406967 0.06383255124092102
v 0.02364804968237877 -0.014750000089406967 0.06310418993234634
v 0.025271639227867126 -0.014750000089406967 0.05918449908494949
v 0.025733578950166702 -0.014750000089406967 0.058993156999349594
v 0.024621320888400078 -0.014750000089406967 0.058211229741573334
v 0.024974873289465904 -0.014750000089406967 0.05785767361521721
v 0.02364804968237877 -0.014750000089406967 0.057560909539461136
v 0.023839391767978668 -0.014750000089406967 0.05709896981716156
v 0.02250000089406967 -0.014750000089406967 0.05683254823088646
v 0.02250000089406967 -0.014750000089406967 0.05733254924416542
v 0.02250000089406967 -0.014750000089406967 0.06333255022764206
v 0.021160608157515526 -0.014750000089406967 0.06356612592935562
v 0.021351950243115425 -0.014750000089406967 0.06310418993234634
v 0.021350262686610222 -0.014750000089406967 0.06310348957777023
v 0.02002512663602829 -0.014750000089406967 0.06280742585659027
v 0.020378679037094116 -0.014750000089406967 0.062453869730234146
v 0.019728360697627068 -0.014750000089406967 0.061480604112148285
v 0.019266420975327492 -0.014750000089406967 0.061671942472457886
v 0.019500000402331352 -0.014750000089406967 0.06033254787325859
v 0.021160608157515526 -0.014750000089406967 0.05709896981716156
v 0.021351950243115425 -0.014750000089406967 0.057560909539461136
v 0.02002512663602829 -0.014750000089406967 0.05785767361521721
v 0.020378679037094116 -0.014750000089406967 0.058211229741573334
v 0.01899999938905239 -0.014750000089406967 0.06033254787325859
v 0.019728360697627068 -0.014750000089406967 0.05918449908494949
v 0.019266420975327492 -0.014750000089406967 0.058993156999349594
v -0.06252512335777283 -0.014750000089406967 0.03105742298066616
v -0.06287868320941925 -0.014750000089406967 0.030703868716955185
v -0.06176642328500748 -0.014750000089406967 0.029921941459178925
v -0.06385195255279541 -0.014750000089406967 0.03135418891906738
v -0.06222836300730705 -0.014750000089406967 0.029730599373579025
v -0.061500001698732376 -0.014750000089406967 0.02858254872262478
v -0.06366060674190521 -0.014750000089406967 0.03181612864136696
v -0.06499999761581421 -0.014750000089406967 0.03208255022764206
v -0.06499999761581421 -0.014750000089406967 0.0315825492143631
v -0.0661480501294136 -0.014750000089406967 0.03135418891906738
v -0.06199999898672104 -0.014750000089406967 0.02858254872262478
v -0.06176642328500748 -0.014750000089406967 0.027243155986070633
v -0.06222836300730705 -0.014750000089406967 0.027434498071670532
v -0.06252512335777283 -0.014750000089406967 0.026107674464583397
v -0.06287868320941925 -0.014750000089406967 0.026461228728294373
v -0.06385195255279541 -0.014750000089406967 0.025810910388827324
v -0.06366060674190521 -0.014750000089406967 0.025348970666527748
v -0.06499999761581421 -0.014750000089406967 0.02558254823088646
v -0.0663393884897232 -0.014750000089406967 0.03181612864136696
v -0.06614973396062851 -0.014750000089406967 0.03135348856449127
v -0.06747487187385559 -0.014750000089406967 0.03105742298066616
v -0.06712131947278976 -0.014750000089406967 0.030703868716955185
v -0.06823357939720154 -0.014750000089406967 0.029921941459178925
v -0.06777163594961166 -0.014750000089406967 0.029730599373579025
v -0.06849999725818634 -0.014750000089406967 0.02858254872262478
v -0.06800000369548798 -0.014750000089406967 0.02858254872262478
v -0.0661480501294136 -0.014750000089406967 0.025810910388827324
v -0.06499999761581421 -0.014750000089406967 0.025082547217607498
v -0.0663393884897232 -0.014750000089406967 0.025348970666527748
v -0.06712131947278976 -0.014750000089406967 0.026461228728294373
v -0.06777163594961166 -0.014750000089406967 0.027434498071670532
v -0.06823357939720154 -0.014750000089406967 0.027243155986070633
v -0.06747487187385559 -0.014750000089406967 0.026107674464583397
v 0.19304567575454712 -0.016249999403953552 -0.0027651602867990732
v 0.19302427768707275 -0.01622684858739376 -0.002774019492790103
v 0.19325265288352966 -0.01622684858739376 -0.003922069910913706
v 0.1914006918668747 -0.01622684858739376 -0.0011504312278702855
v 0.19237396121025085 -0.01622684858739376 -0.0018007494509220123
v 0.19140955805778503 -0.016249999403953552 -0.0011290429392829537
v 0.1923903375864029 -0.016249999403953552 -0.001784379594027996
v 0.18909573554992676 -0.016249999403953552 -0.0011290429392829537
v 0.18813133239746094 -0.01622684858739376 -0.0018007494509220123
v 0.1891046017408371 -0.01622684858739376 -0.0011504312278702855
v 0.1902526468038559 -0.01622684858739376 -0.0009220698266290128
v 0.1881149560213089 -0.016249999403953552 -0.001784379594027996
v 0.18748100101947784 -0.01622684858739376 -0.002774019492790103
v 0.1932757943868637 -0.016249999403953552 -0.003922069910913706
v 0.1902526468038559 -0.016249999403953552 -0.0008989193011075258
v 0.18745961785316467 -0.016249999403953552 -0.0027651602867990732
v 0.18725264072418213 -0.01622684858739376 -0.003922069910913706
v 0.19304567575454712 -0.016249999403953552 -0.005078979302197695
v 0.18745961785316467 -0.016249999403953552 -0.005078979302197695
v 0.18748100101947784 -0.01622684858739376 -0.005070119630545378
v 0.18813133239746094 -0.01622684858739376 -0.006043390370905399
v 0.18909573554992676 -0.016249999403953552 -0.006715096533298492
v 0.1891046017408371 -0.01622684858739376 -0.006693708244711161
v 0.1881149560213089 -0.016249999403953552 -0.006059760227799416
v 0.19140955805778503 -0.016249999403953552 -0.006715096533298492
v 0.19237396121025085 -0.01622684858739376 -0.006043390370905399
v 0.1914006918668747 -0.01622684858739376 -0.006693708244711161
v 0.1902526468038559 -0.01622684858739376 -0.006922069936990738
v 0.1923903375864029 -0.016249999403953552 -0.006059760227799416
v 0.19302427768707275 -0.01622684858739376 -0.005070119630545378
v 0.18722949922084808 -0.016249999403953552 -0.003922069910913706
v 0.1902526468038559 -0.016249999403953552 -0.006945220287889242
v 0.19492857158184052 -0.016249999403953552 0.010290982201695442
v 0.1947716325521469 -0.016080141067504883 0.010225980542600155
v 0.19499999284744263 -0.016080141067504883 0.009077929891645908
v 0.19314804673194885 -0.016080141067504883 0.011849569156765938
v 0.194121316075325 -0.016080141067504883 0.01119925081729889
v 0.19321304559707642 -0.016249999403953552 0.012006497010588646
v 0.19424143433570862 -0.016249999403953552 0.0113193579018116
v 0.1898786723613739 -0.016080141067504883 0.01119925081729889
v 0.19085195660591125 -0.016080141067504883 0.011849569156765938
v 0.1897585690021515 -0.016249999403953552 0.0113193579018116
v 0.189228355884552 -0.016080141067504883 0.010225980542600155
v 0.19200000166893005 -0.016080141067504883 0.012077930383384228
v 0.1907869428396225 -0.016249999403953552 0.012006497010588646
v 0.1951698511838913 -0.016249999403953552 0.009077929891645908
v 0.19200000166893005 -0.016249999403953552 0.012247787788510323
v 0.1890714317560196 -0.016249999403953552 0.010290982201695442
v 0.1889999955892563 -0.016080141067504883 0.009077929891645908
v 0.19492857158184052 -0.016249999403953552 0.007864877581596375
v 0.1890714317560196 -0.016249999403953552 0.007864877581596375
v 0.189228355884552 -0.016080141067504883 0.007929880172014236
v 0.19085195660591125 -0.016080141067504883 0.0063062915578484535
v 0.1898786723613739 -0.016080141067504883 0.006956609897315502
v 0.1907869428396225 -0.016249999403953552 0.006149363238364458
v 0.1897585690021515 -0.016249999403953552 0.006836501881480217
v 0.19424143433570862 -0.016249999403953552 0.006836501881480217
v 0.194121316075325 -0.016080141067504883 0.006956609897315502
v 0.19314804673194885 -0.016080141067504883 0.0063062915578484535
v 0.19200000166893005 -0.016080141067504883 0.006077930331230164
v 0.1947716325521469 -0.016080141067504883 0.007929880172014236
v 0.19321304559707642 -0.016249999403953552 0.006149363238364458
v 0.18883013725280762 -0.016249999403953552 0.009077929891645908
v 0.19200000166893005 -0.016249999403953552 0.005908071994781494
v -0.003000000026077032 -0.011350000277161598 -4.695540377994015e-18
v -0.006005216855555773 -0.011350000277161598 -0.002487442223355174
v -0.0027716385666280985 -0.011350000277161598 -0.001148050301708281
v -0.006500000134110451 -0.011350000277161598 2.530333317701095e-16
v -0.0027716385666280985 -0.011350000277161598 0.001148050301708281
v -0.004596194252371788 -0.011350000277161598 -0.004596194252371788
v -0.002487442223355174 -0.011350000277161598 -0.006005216855555773
v -0.001148050301708281 -0.011350000277161598 -0.0027716385666280985
v -0.00212132022716105 -0.011350000277161598 -0.00212132022716105
v 4.451355668551626e-17 -0.011350000277161598 -0.006500000134110451
v -0.004596194252371788 -0.011350000277161598 0.004596194252371788
v -0.006005216855555773 -0.011350000277161598 0.002487442223355174
v -0.00212132022716105 -0.011350000277161598 0.00212132022716105
v -0.001658282009884715 -0.011350000277161598 0.0025000202003866434
v -0.002487442223355174 -0.011350000277161598 0.006005216855555773
v -0.001148050301708281 -0.011350000277161598 0.0027716385666280985
v 2.300248662805836e-18 -0.011350000277161598 0.003000000026077032
v 5.591112283592927e-17 -0.011350000277161598 0.006500000134110451
v 1.1980664789355726e-18 -0.011350000277161598 -0.003000000026077032
v 0.001148050301708281 -0.011350000277161598 -0.0027716385666280985
v 0.002487442223355174 -0.011350000277161598 -0.006005216855555773
v 0.00212132022716105 -0.011350000277161598 -0.00212132022716105
v 0.004596194252371788 -0.011350000277161598 -0.004596194252371788
v 0.0027716385666280985 -0.011350000277161598 -0.001148050301708281
v 0.006005216855555773 -0.011350000277161598 -0.002487442223355174
v 0.003000000026077032 -0.011350000277161598 -5.4303282248473195e-18
v 0.002487442223355174 -0.011350000277161598 0.006005216855555773
v 0.001148050301708281 -0.011350000277161598 0.0027716385666280985
v 0.004596194252371788 -0.011350000277161598 0.004596194252371788
v 0.00212132022716105 -0.011350000277161598 0.00212132022716105
v 0.006500000134110451 -0.011350000277161598 2.4243178799293586e-16
v 0.0027716385666280985 -0.011350000277161598 0.001148050301708281
v 0.006005216855555773 -0.011350000277161598 0.002487442223355174
v -0.042546216398477554 -0.010250000283122063 0.020084571093320847
v -0.04032597318291664 -0.01425000000745058 0.018357712775468826
v -0.042546216398477554 -0.01425000000745058 0.020084571093320847
v -0.04032597318291664 -0.010250000283122063 0.018357712775468826
v -0.045226920396089554 -0.01425000000745058 0.020936228334903717
v -0.045226920396089554 -0.010250000283122063 0.020936228334903717
v 0.1909133791923523 -0.01425000000745058 -0.007667451165616512
v 0.1909133791923523 -0.01425000000745058 -0.009667451493442059
v 0.021413380280137062 -0.01425000000745058 -0.007667451165616512
v 0.021413380280137062 -0.01425000000745058 -0.009667451493442059
v -0.04032597318291664 -0.01425000000745058 0.018357712775468826
v -0.033601418137550354 -0.01425000000745058 0.01088933926075697
v -0.04117598757147789 -0.01425000000745058 0.014411666430532932
v -0.04895390570163727 -0.01425000000745058 0.017458777874708176
v -0.042546216398477554 -0.01425000000745058 0.020084571093320847
v -0.045226920396089554 -0.01425000000745058 0.020936228334903717
v -0.056905392557382584 -0.01425000000745058 0.020019005984067917
v -0.06565263122320175 -0.01425000000745058 0.023625323548913002
v -0.06499999761581421 -0.01425000000745058 0.022082548588514328
v -0.06675945967435837 -0.01425000000745058 0.022765228524804115
v -0.06706912070512772 -0.01425000000745058 0.024030765518546104
v -0.06823516637086868 -0.01425000000745058 0.023941675201058388
v -0.06830594688653946 -0.01425000000745058 0.02483145147562027
v -0.06925570219755173 -0.01425000000745058 0.025957856327295303
v -0.06929275393486023 -0.01425000000745058 0.025504766032099724
v -0.06983592361211777 -0.01425000000745058 0.027312172576785088
v 0.19238676130771637 -0.01425000000745058 0.015189604833722115
v 0.11040650308132172 -0.01425000000745058 0.02930932305753231
v 0.03657952696084976 -0.01425000000745058 0.04589899629354477
v 0.032172106206417084 -0.01425000000745058 0.04840528219938278
v 0.03417201340198517 -0.01425000000745058 0.04679373651742935
v 0.02881300263106823 -0.01425000000745058 0.04539128765463829
v 0.028480088338255882 -0.01425000000745058 0.049234483391046524
v -0.06157612055540085 -0.01425000000745058 0.040465231984853745
v -0.05617586523294449 -0.01425000000745058 0.039196714758872986
v -0.061500001698732376 -0.01425000000745058 0.040082547813653946
v -0.06157612055540085 -0.01425000000745058 0.03969986364245415
v -0.06179289147257805 -0.01425000000745058 0.0407896563410759
v -0.044925861060619354 -0.01425000000745058 0.04543878883123398
v -0.06054187938570976 -0.01425000000745058 0.05452614650130272
v -0.022425860166549683 -0.01425000000745058 0.05792294442653656
v 0.030785944312810898 -0.01425000000745058 0.050567518919706345
v -0.05624060705304146 -0.01425000000745058 0.057211119681596756
v 0.029473884031176567 -0.01425000000745058 0.06093665957450867
v 0.02748134545981884 -0.01425000000745058 0.06076405569911003
v 0.026890922337770462 -0.01425000000745058 0.06272415816783905
v 0.03015640564262867 -0.01425000000745058 0.05305757746100426
v 0.02869059331715107 -0.01425000000745058 0.06360004842281342
v 0.02556447684764862 -0.01425000000745058 0.06428337097167969
v 0.026933584362268448 -0.01425000000745058 0.06574949622154236
v 0.023724349215626717 -0.01425000000745058 0.06518033146858215
v -0.051500000059604645 -0.01425000000745058 0.05901020020246506
v 0.02171354368329048 -0.01425000000745058 0.06728822737932205
v 0.024479219689965248 -0.01425000000745058 0.06704691052436829
v 0.021678991615772247 -0.01425000000745058 0.06526467949151993
v 0.19200000166893005 -0.01425000000745058 0.013227356597781181
v 0.028147174045443535 -0.01425000000745058 0.05307767540216446
v -0.0625 -0.01425000000745058 0.03908254951238632
v -0.0621173158288002 -0.01425000000745058 0.039158668369054794
v -0.06179289147257805 -0.01425000000745058 0.03937544301152229
v -0.0628826841711998 -0.01425000000745058 0.039158668369054794
v -0.0704568549990654 -0.01425000000745058 0.037385739386081696
v -0.06320710480213165 -0.01425000000745058 0.03937544301152229
v -0.06998653709888458 -0.01425000000745058 0.02894917130470276
v -0.07063987106084824 -0.01425000000745058 0.032318536192178726
v -0.06959812343120575 -0.01425000000745058 0.030546540394425392
v -0.06742586195468903 -0.01425000000745058 0.03295464068651199
v -0.06871265918016434 -0.01425000000745058 0.03193160519003868
v -0.06342387944459915 -0.01425000000745058 0.03969986364245415
v -0.0621173158288002 -0.01425000000745058 0.0410064272582531
v -0.0625 -0.01425000000745058 0.04108254984021187
v -0.0628826841711998 -0.01425000000745058 0.0410064272582531
v -0.06929381191730499 -0.01425000000745058 0.042321059852838516
v -0.06320710480213165 -0.01425000000745058 0.0407896563410759
v -0.06350000202655792 -0.01425000000745058 0.040082547813653946
v -0.06342387944459915 -0.01425000000745058 0.040465231984853745
v -0.0642402321100235 -0.01425000000745058 0.051057394593954086
v -0.06719499826431274 -0.01425000000745058 0.046936795115470886
v -0.06742586195468903 -0.01425000000745058 0.03295464068651199
v -0.06602610647678375 -0.010250000283122063 0.03373129665851593
v -0.06742586195468903 -0.010250000283122063 0.03295464068651199
v -0.04844817519187927 -0.010250000283122063 0.04348443076014519
v -0.022425860166549683 -0.01425000000745058 0.05792294442653656
v -0.029542217031121254 -0.010250000283122063 0.05397442355751991
v -0.022425860166549683 -0.010250000283122063 0.05792294442653656
v 0.193669855594635 -0.014750000089406967 0.009077929891645908
v 0.1935427486896515 -0.010250000283122063 0.009716956876218319
v 0.193669855594635 -0.010250000283122063 0.009077929891645908
v 0.19318076968193054 -0.014750000089406967 0.010258697904646397
v 0.19263902306556702 -0.010250000283122063 0.010620677843689919
v 0.19318076968193054 -0.010250000283122063 0.010258697904646397
v 0.1935427486896515 -0.014750000089406967 0.009716956876218319
v 0.1913609802722931 -0.014750000089406967 0.010620677843689919
v 0.1913609802722931 -0.010250000283122063 0.010620677843689919
v 0.19200000166893005 -0.010250000283122063 0.010747788473963737
v 0.19081923365592957 -0.014750000089406967 0.010258697904646397
v 0.19045725464820862 -0.010250000283122063 0.009716956876218319
v 0.19081923365592957 -0.010250000283122063 0.010258697904646397
v 0.19263902306556702 -0.014750000089406967 0.010620677843689919
v 0.19045725464820862 -0.014750000089406967 0.009716956876218319
v 0.19200000166893005 -0.014750000089406967 0.010747788473963737
v 0.1903301477432251 -0.010250000283122063 0.009077929891645908
v 0.1935427486896515 -0.014750000089406967 0.008438902907073498
v 0.1903301477432251 -0.014750000089406967 0.009077929891645908
v 0.19045725464820862 -0.010250000283122063 0.008438902907073498
v 0.19081923365592957 -0.014750000089406967 0.00789716187864542
v 0.1913609802722931 -0.010250000283122063 0.0075351824052631855
v 0.19081923365592957 -0.010250000283122063 0.00789716187864542
v 0.19045725464820862 -0.014750000089406967 0.008438902907073498
v 0.19200000166893005 -0.014750000089406967 0.007408072240650654
v 0.19263902306556702 -0.010250000283122063 0.0075351824052631855
v 0.19200000166893005 -0.010250000283122063 0.007408072240650654
v 0.19318076968193054 -0.014750000089406967 0.00789716187864542
v 0.1935427486896515 -0.010250000283122063 0.008438902907073498
v 0.19318076968193054 -0.010250000283122063 0.00789716187864542
v 0.19263902306556702 -0.014750000089406967 0.0075351824052631855
v 0.1913609802722931 -0.014750000089406967 0.0075351824052631855
v 0.1916598528623581 -0.014750000089406967 -0.003339185379445553
v 0.1916598528623581 -0.010250000283122063 -0.003339185379445553
v 0.19177579879760742 -0.010250000283122063 -0.003922069910913706
v 0.19083553552627563 -0.014750000089406967 -0.002514862222597003
v 0.19083553552627563 -0.010250000283122063 -0.002514862222597003
v 0.19132967293262482 -0.010250000283122063 -0.002845039824023843
v 0.19132967293262482 -0.014750000089406967 -0.002845039824023843
v 0.18966975808143616 -0.014750000089406967 -0.002514862222597003
v 0.18966975808143616 -0.010250000283122063 -0.002514862222597003
v 0.1902526468038559 -0.010250000283122063 -0.002398919314146042
v 0.1888454407453537 -0.014750000089406967 -0.003339185379445553
v 0.1888454407453537 -0.010250000283122063 -0.003339185379445553
v 0.18917562067508698 -0.010250000283122063 -0.002845039824023843
v 0.18917562067508698 -0.014750000089406967 -0.002845039824023843
v 0.19177579879760742 -0.014750000089406967 -0.003922069910913706
v 0.1902526468038559 -0.014750000089406967 -0.002398919314146042
v 0.18872949481010437 -0.014750000089406967 -0.003922069910913706
v 0.1916598528623581 -0.010250000283122063 -0.004504954442381859
v 0.18917562067508698 -0.014750000089406967 -0.004999099764972925
v 0.18917562067508698 -0.010250000283122063 -0.004999099764972925
v 0.1888454407453537 -0.010250000283122063 -0.004504954442381859
v 0.18966975808143616 -0.014750000089406967 -0.005329277366399765
v 0.18966975808143616 -0.010250000283122063 -0.005329277366399765
v 0.1888454407453537 -0.014750000089406967 -0.004504954442381859
v 0.18872949481010437 -0.010250000283122063 -0.003922069910913706
v 0.19083553552627563 -0.010250000283122063 -0.005329277366399765
v 0.1902526468038559 -0.010250000283122063 -0.00544522050768137
v 0.19083553552627563 -0.014750000089406967 -0.005329277366399765
v 0.1916598528623581 -0.014750000089406967 -0.004504954442381859
v 0.19132967293262482 -0.010250000283122063 -0.004999099764972925
v 0.19132967293262482 -0.014750000089406967 -0.004999099764972925
v 0.1902526468038559 -0.014750000089406967 -0.00544522050768137
v 0.011552661657333374 -0.010250000283122063 0.06357904523611069
v -0.022425860166549683 -0.010250000283122063 0.05792294442653656
v -0.022425860166549683 -0.01425000000745058 0.05792294442653656
v 0.021678991615772247 -0.01425000000745058 0.06526467949151993
v 0.021678991615772247 -0.010250000283122063 0.06526467949151993
v 0.02748134545981884 -0.010250000283122063 0.06076405569911003
v 0.026890922337770462 -0.010250000283122063 0.06272415816783905
v 0.026890922337770462 -0.01425000000745058 0.06272415816783905
v 0.02748134545981884 -0.01425000000745058 0.06076405569911003
v 0.02556447684764862 -0.01425000000745058 0.06428337097167969
v 0.02556447684764862 -0.010250000283122063 0.06428337097167969
v 0.023724349215626717 -0.010250000283122063 0.06518033146858215
v 0.023724349215626717 -0.01425000000745058 0.06518033146858215
v -0.06406554579734802 -0.010250000283122063 0.02341638132929802
v -0.06565263122320175 -0.01425000000745058 0.023625323548913002
v -0.06565263122320175 -0.010250000283122063 0.023625323548913002
v -0.06865428388118744 -0.010250000283122063 0.03199520334601402
v -0.06952758133411407 -0.010250000283122063 0.030704114586114883
v -0.06996086984872818 -0.010250000283122063 0.02920684777200222
v -0.06959812343120575 -0.01425000000745058 0.030546540394425392
v -0.06871265918016434 -0.01425000000745058 0.03193160519003868
v -0.06998653709888458 -0.01425000000745058 0.02894917130470276
v -0.06991206109523773 -0.010250000283122063 0.027648910880088806
v -0.06983592361211777 -0.01425000000745058 0.027312172576785088
v -0.06925570219755173 -0.01425000000745058 0.025957856327295303
v -0.06938587874174118 -0.010250000283122063 0.02618170715868473
v -0.068433478474617 -0.010250000283122063 0.024947820231318474
v -0.067147396504879 -0.010250000283122063 0.024067165330052376
v -0.06830594688653946 -0.01425000000745058 0.02483145147562027
v -0.06706912070512772 -0.01425000000745058 0.024030765518546104
v 0.006005216855555773 -0.011350000277161598 -0.002487442223355174
v 0.006005216855555773 -0.016249999403953552 -0.002487442223355174
v 0.006500000134110451 -0.016249999403953552 2.4216214034813337e-16
v 0.002487442223355174 -0.011350000277161598 -0.006005216855555773
v 0.002487442223355174 -0.016249999403953552 -0.006005216855555773
v 0.004596194252371788 -0.016249999403953552 -0.004596194252371788
v 0.004596194252371788 -0.011350000277161598 -0.004596194252371788
v -0.002487442223355174 -0.011350000277161598 -0.006005216855555773
v -0.002487442223355174 -0.016249999403953552 -0.006005216855555773
v 4.3880492201672276e-17 -0.016249999403953552 -0.006500000134110451
v -0.004596194252371788 -0.011350000277161598 -0.004596194252371788
v -0.006005216855555773 -0.016249999403953552 -0.002487442223355174
v -0.004596194252371788 -0.016249999403953552 -0.004596194252371788
v 4.451355668551626e-17 -0.011350000277161598 -0.006500000134110451
v 0.006500000134110451 -0.011350000277161598 2.4243178799293586e-16
v -0.006005216855555773 -0.011350000277161598 -0.002487442223355174
v -0.006500000134110451 -0.016249999403953552 2.551517611711925e-16
v 0.006005216855555773 -0.016249999403953552 0.002487442223355174
v -0.006005216855555773 -0.011350000277161598 0.002487442223355174
v -0.006005216855555773 -0.016249999403953552 0.002487442223355174
v -0.004596194252371788 -0.011350000277161598 0.004596194252371788
v -0.002487442223355174 -0.016249999403953552 0.006005216855555773
v -0.004596194252371788 -0.016249999403953552 0.004596194252371788
v 0.002487442223355174 -0.011350000277161598 0.006005216855555773
v 0.002487442223355174 -0.016249999403953552 0.006005216855555773
v 5.84621412275979e-17 -0.016249999403953552 0.006500000134110451
v 0.006005216855555773 -0.011350000277161598 0.002487442223355174
v 0.004596194252371788 -0.016249999403953552 0.004596194252371788
v 0.004596194252371788 -0.011350000277161598 0.004596194252371788
v 5.591112283592927e-17 -0.011350000277161598 0.006500000134110451
v -0.006500000134110451 -0.011350000277161598 2.530333317701095e-16
v -0.002487442223355174 -0.011350000277161598 0.006005216855555773
v 0.03417201340198517 -0.01425000000745058 0.04679373651742935
v 0.03417201340198517 -0.016249999403953552 0.04679373651742935
v 0.03657952696084976 -0.016249999403953552 0.04589899629354477
v 0.03657952696084976 -0.01425000000745058 0.04589899629354477
v 0.032172106206417084 -0.01425000000745058 0.04840528219938278
v 0.032172106206417084 -0.016249999403953552 0.04840528219938278
v 0.03015640564262867 -0.01425000000745058 0.05305757746100426
v 0.030785944312810898 -0.016249999403953552 0.050567518919706345
v 0.030785944312810898 -0.01425000000745058 0.050567518919706345
v 0.03015640564262867 -0.016249999403953552 0.05305757746100426
v -0.06499999761581421 -0.016249999403953552 0.022082548588514328
v -0.06675945967435837 -0.016249999403953552 0.022765228524804115
v -0.06499999761581421 -0.01425000000745058 0.022082548588514328
v -0.06675945967435837 -0.01425000000745058 0.022765228524804115
v -0.06823516637086868 -0.016249999403953552 0.023941675201058388
v -0.06823516637086868 -0.01425000000745058 0.023941675201058388
v -0.06929275393486023 -0.016249999403953552 0.025504766032099724
v -0.06983592361211777 -0.016249999403953552 0.027312172576785088
v -0.06983592361211777 -0.01425000000745058 0.027312172576785088
v -0.06929275393486023 -0.01425000000745058 0.025504766032099724
v -0.07063987106084824 -0.01425000000745058 0.032318536192178726
v -0.06983592361211777 -0.016249999403953552 0.027312172576785088
v -0.07063987106084824 -0.016249999403953552 0.032318536192178726
v -0.0704568549990654 -0.01425000000745058 0.037385739386081696
v -0.0704568549990654 -0.016249999403953552 0.037385739386081696
v -0.06929381191730499 -0.016249999403953552 0.042321059852838516
v -0.06929381191730499 -0.01425000000745058 0.042321059852838516
v -0.06719499826431274 -0.016249999403953552 0.046936795115470886
v -0.06719499826431274 -0.01425000000745058 0.046936795115470886
v -0.06054187938570976 -0.01425000000745058 0.05452614650130272
v -0.0642402321100235 -0.016249999403953552 0.051057394593954086
v -0.06054187938570976 -0.016249999403953552 0.05452614650130272
v -0.05624060705304146 -0.016249999403953552 0.057211119681596756
v -0.051500000059604645 -0.016249999403953552 0.05901020020246506
v -0.051500000059604645 -0.01425000000745058 0.05901020020246506
v -0.05624060705304146 -0.01425000000745058 0.057211119681596756
v -0.0642402321100235 -0.01425000000745058 0.051057394593954086
v -0.06157612055540085 -0.01425000000745058 0.03969986364245415
v -0.06157612055540085 -0.016249999403953552 0.03969986364245415
v -0.061500001698732376 -0.016249999403953552 0.040082547813653946
v -0.0621173158288002 -0.01425000000745058 0.039158668369054794
v -0.0621173158288002 -0.016249999403953552 0.039158668369054794
v -0.06179289147257805 -0.016249999403953552 0.03937544301152229
v -0.06179289147257805 -0.01425000000745058 0.03937544301152229
v -0.0628826841711998 -0.01425000000745058 0.039158668369054794
v -0.0628826841711998 -0.016249999403953552 0.039158668369054794
v -0.0625 -0.016249999403953552 0.03908254951238632
v -0.06342387944459915 -0.01425000000745058 0.03969986364245415
v -0.06342387944459915 -0.016249999403953552 0.03969986364245415
v -0.06320710480213165 -0.016249999403953552 0.03937544301152229
v -0.06320710480213165 -0.01425000000745058 0.03937544301152229
v -0.0625 -0.01425000000745058 0.03908254951238632
v -0.061500001698732376 -0.01425000000745058 0.040082547813653946
v -0.06350000202655792 -0.016249999403953552 0.040082547813653946
v -0.06157612055540085 -0.01425000000745058 0.040465231984853745
v -0.06350000202655792 -0.01425000000745058 0.040082547813653946
v -0.06342387944459915 -0.016249999403953552 0.040465231984853745
v -0.06320710480213165 -0.01425000000745058 0.0407896563410759
v -0.0628826841711998 -0.016249999403953552 0.0410064272582531
v -0.06320710480213165 -0.016249999403953552 0.0407896563410759
v -0.06342387944459915 -0.01425000000745058 0.040465231984853745
v -0.0621173158288002 -0.01425000000745058 0.0410064272582531
v -0.0621173158288002 -0.016249999403953552 0.0410064272582531
v -0.0625 -0.016249999403953552 0.04108254984021187
v -0.06157612055540085 -0.016249999403953552 0.040465231984853745
v -0.06179289147257805 -0.016249999403953552 0.0407896563410759
v -0.06179289147257805 -0.01425000000745058 0.0407896563410759
v -0.0625 -0.01425000000745058 0.04108254984021187
v -0.0628826841711998 -0.01425000000745058 0.0410064272582531
v 0.02171354368329048 -0.016249999403953552 0.06728822737932205
v -0.051500000059604645 -0.01425000000745058 0.05901020020246506
v -0.051500000059604645 -0.016249999403953552 0.05901020020246506
v 0.02171354368329048 -0.01425000000745058 0.06728822737932205
v 0.024479219689965248 -0.016249999403953552 0.06704691052436829
v 0.024479219689965248 -0.01425000000745058 0.06704691052436829
v 0.026933584362268448 -0.016249999403953552 0.06574949622154236
v 0.026933584362268448 -0.01425000000745058 0.06574949622154236
v 0.02869059331715107 -0.016249999403953552 0.06360004842281342
v 0.029473884031176567 -0.016249999403953552 0.06093665957450867
v 0.029473884031176567 -0.01425000000745058 0.06093665957450867
v 0.02869059331715107 -0.01425000000745058 0.06360004842281342
v 0.19238676130771637 -0.01425000000745058 0.015189604833722115
v 0.19238676130771637 -0.016249999403953552 0.015189604833722115
v 0.19200000166893005 -0.01425000000745058 0.013227356597781181
v 0.19238676130771637 -0.01425000000745058 0.015189604833722115
v 0.19238676130771637 -0.016249999403953552 0.015189604833722115
v 0.19200000166893005 -0.016249999403953552 0.013227356597781181
v 0.012422009371221066 -0.005249999929219484 0.06066231429576874
v 0.012234844267368317 -0.01054999977350235 0.06040245294570923
v 0.01245148852467537 -0.01054999977350235 0.060726962983608246
v 0.012182869017124176 -0.005249999929219484 0.06035400927066803
v 0.011910506524145603 -0.01054999977350235 0.06018555164337158
v 0.012524961493909359 -0.005249999929219484 0.06103866919875145
v 0.012527457438409328 -0.01054999977350235 0.061109282076358795
v 0.011145140044391155 -0.01054999977350235 0.06018524989485741
v 0.011527853086590767 -0.01054999977350235 0.06010928004980087
v 0.010772185400128365 -0.010250000283122063 0.0604538694024086
v 0.010603729635477066 -0.01054999977350235 0.06072623282670975
v 0.010820630937814713 -0.01054999977350235 0.06040189415216446
v 0.011080492287874222 -0.010250000283122063 0.060214728116989136
v 0.011843948625028133 -0.005249999929219484 0.06016068533062935
v 0.012527457438409328 -0.005249999929219484 0.061109282076358795
v 0.010578862391412258 -0.010250000283122063 0.06079278886318207
v 0.012476053088903427 -0.005249999929219484 0.061425771564245224
v 0.010529953986406326 -0.010250000283122063 0.06117989495396614
v 0.010527458041906357 -0.01054999977350235 0.06110888719558716
v 0.010603426955640316 -0.01054999977350235 0.061491597443819046
v 0.01063290610909462 -0.010250000283122063 0.061556246131658554
v 0.010820071212947369 -0.01054999977350235 0.06181610748171806
v 0.011144408956170082 -0.01054999977350235 0.06203300878405571
v 0.01087204646319151 -0.010250000283122063 0.06186455488204956
v 0.01190977543592453 -0.01054999977350235 0.062033310532569885
v 0.011527061462402344 -0.01054999977350235 0.06210928037762642
v 0.012234284542500973 -0.01054999977350235 0.06181666627526283
v 0.011974423192441463 -0.005249999929219484 0.062003832310438156
v 0.011210966855287552 -0.010250000283122063 0.06205787509679794
v 0.01245118584483862 -0.01054999977350235 0.06149233132600784
v 0.012282729148864746 -0.005249999929219484 0.06176469102501869
v 0.15075264871120453 -0.010250000283122063 0.01067792996764183
v 0.15067651867866516 -0.016249999403953552 0.010295246727764606
v 0.15075264871120453 -0.016249999403953552 0.01067792996764183
v 0.15045975148677826 -0.010250000283122063 0.009970823302865028
v 0.1501353234052658 -0.016249999403953552 0.009754050523042679
v 0.15045975148677826 -0.016249999403953552 0.009970823302865028
v 0.15067651867866516 -0.010250000283122063 0.010295246727764606
v 0.1493699699640274 -0.010250000283122063 0.009754050523042679
v 0.1493699699640274 -0.016249999403953552 0.009754050523042679
v 0.1497526466846466 -0.016249999403953552 0.009677929803729057
v 0.14882875978946686 -0.010250000283122063 0.010295246727764606
v 0.14882875978946686 -0.016249999403953552 0.010295246727764606
v 0.14904554188251495 -0.016249999403953552 0.009970823302865028
v 0.14904554188251495 -0.010250000283122063 0.009970823302865028
v 0.1497526466846466 -0.010250000283122063 0.009677929803729057
v 0.1501353234052658 -0.010250000283122063 0.009754050523042679
v 0.14875264465808868 -0.010250000283122063 0.01067792996764183
v 0.15067651867866516 -0.010250000283122063 0.011060613207519054
v 0.14882875978946686 -0.010250000283122063 0.011060613207519054
v 0.14882875978946686 -0.016249999403953552 0.011060613207519054
v 0.14875264465808868 -0.016249999403953552 0.01067792996764183
v 0.1493699699640274 -0.010250000283122063 0.011601809412240982
v 0.1493699699640274 -0.016249999403953552 0.011601809412240982
v 0.14904554188251495 -0.016249999403953552 0.011385036632418633
v 0.14904554188251495 -0.010250000283122063 0.011385036632418633
v 0.1501353234052658 -0.010250000283122063 0.011601809412240982
v 0.1501353234052658 -0.016249999403953552 0.011601809412240982
v 0.1497526466846466 -0.016249999403953552 0.011677930131554604
v 0.15067651867866516 -0.016249999403953552 0.011060613207519054
v 0.15045975148677826 -0.016249999403953552 0.011385036632418633
v 0.15045975148677826 -0.010250000283122063 0.011385036632418633
v 0.1497526466846466 -0.010250000283122063 0.011677930131554604
v 0.05542387813329697 -0.010250000283122063 0.019617317244410515
v 0.05542387813329697 -0.016249999403953552 0.019617317244410515
v 0.05550000071525574 -0.016249999403953552 0.019999999552965164
v 0.054882682859897614 -0.010250000283122063 0.019076120108366013
v 0.054882682859897614 -0.016249999403953552 0.019076120108366013
v 0.055207107216119766 -0.016249999403953552 0.019292892888188362
v 0.055207107216119766 -0.010250000283122063 0.019292892888188362
v 0.054499998688697815 -0.010250000283122063 0.01899999938905239
v 0.054117318242788315 -0.016249999403953552 0.019076120108366013
v 0.054499998688697815 -0.016249999403953552 0.01899999938905239
v 0.05379289388656616 -0.010250000283122063 0.019292892888188362
v 0.05357611924409866 -0.016249999403953552 0.019617317244410515
v 0.05379289388656616 -0.016249999403953552 0.019292892888188362
v 0.054117318242788315 -0.010250000283122063 0.019076120108366013
v 0.05550000071525574 -0.010250000283122063 0.019999999552965164
v 0.05357611924409866 -0.010250000283122063 0.019617317244410515
v 0.05350000038743019 -0.016249999403953552 0.019999999552965164
v 0.05542387813329697 -0.010250000283122063 0.020382683724164963
v 0.05350000038743019 -0.010250000283122063 0.019999999552965164
v 0.05357611924409866 -0.016249999403953552 0.020382683724164963
v 0.05379289388656616 -0.010250000283122063 0.020707106217741966
v 0.054117318242788315 -0.016249999403953552 0.020923878997564316
v 0.05379289388656616 -0.016249999403953552 0.020707106217741966
v 0.05357611924409866 -0.010250000283122063 0.020382683724164963
v 0.054882682859897614 -0.010250000283122063 0.020923878997564316
v 0.054882682859897614 -0.016249999403953552 0.020923878997564316
v 0.054499998688697815 -0.016249999403953552 0.020999999716877937
v 0.05542387813329697 -0.016249999403953552 0.020382683724164963
v 0.055207107216119766 -0.016249999403953552 0.020707106217741966
v 0.055207107216119766 -0.010250000283122063 0.020707106217741966
v 0.054117318242788315 -0.010250000283122063 0.020923878997564316
v 0.054499998688697815 -0.010250000283122063 0.020999999716877937
v -0.053529709577560425 -0.010250000283122063 0.031029747799038887
v -0.05369267985224724 -0.01054999977350235 0.03081534430384636
v -0.053476035594940186 -0.01054999977350235 0.031139852479100227
v -0.05378440394997597 -0.010250000283122063 0.030734160915017128
v -0.05401701480150223 -0.01054999977350235 0.030598443001508713
v -0.053407520055770874 -0.010250000283122063 0.031400300562381744
v -0.05340006574988365 -0.01054999977350235 0.03152216970920563
v -0.05452193319797516 -0.005249999929219484 0.030529623851180077
v -0.054782383143901825 -0.01054999977350235 0.030598139390349388
v -0.05439966917037964 -0.01054999977350235 0.030522171407938004
v -0.055188074707984924 -0.005249999929219484 0.03090650960803032
v -0.05532379448413849 -0.01054999977350235 0.03113912232220173
v -0.05510689318180084 -0.01054999977350235 0.03081478364765644
v -0.054892487823963165 -0.005249999929219484 0.030651815235614777
v -0.05413282662630081 -0.010250000283122063 0.030558539554476738
v -0.05340006574988365 -0.010250000283122063 0.03152216970920563
v -0.05413282662630081 -0.005249999929219484 0.030558539554476738
v -0.05395861715078354 -0.010250000283122063 0.030646350234746933
v -0.055363696068525314 -0.005249999929219484 0.031254932284355164
v -0.053436435759067535 -0.010250000283122063 0.03178941085934639
v -0.055324096232652664 -0.01054999977350235 0.03190448880195618
v -0.0554000660777092 -0.01054999977350235 0.03152177482843399
v -0.055392611771821976 -0.005249999929219484 0.03164403885602951
v -0.054783113300800323 -0.01054999977350235 0.03244590014219284
v -0.05510745197534561 -0.01054999977350235 0.032228998839855194
v -0.05501572787761688 -0.005249999929219484 0.032310180366039276
v -0.055270422250032425 -0.005249999929219484 0.03201459348201752
v -0.054472748190164566 -0.010250000283122063 0.032500259578228
v -0.05440045893192291 -0.01054999977350235 0.03252217173576355
v -0.05466730520129204 -0.010250000283122063 0.032485801726579666
v -0.054017748683691025 -0.01054999977350235 0.032446201890707016
v -0.053907640278339386 -0.010250000283122063 0.03239252790808678
v -0.05369323864579201 -0.01054999977350235 0.03222955763339996
v -0.05427819490432739 -0.010250000283122063 0.03251471742987633
v -0.05347633734345436 -0.01054999977350235 0.031905218958854675
v -0.05361205339431763 -0.010250000283122063 0.032137833535671234
v -0.05466730520129204 -0.005249999929219484 0.032485801726579666
v 0.019266420975327492 -0.01600000075995922 0.058993156999349594
v 0.02002512663602829 -0.014750000089406967 0.05785767361521721
v 0.019266420975327492 -0.014750000089406967 0.058993156999349594
v 0.021160608157515526 -0.01600000075995922 0.05709896981716156
v 0.021160608157515526 -0.014750000089406967 0.05709896981716156
v 0.01899999938905239 -0.01600000075995922 0.06033254787325859
v 0.01899999938905239 -0.014750000089406967 0.06033254787325859
v 0.023839391767978668 -0.014750000089406967 0.05709896981716156
v 0.02250000089406967 -0.014750000089406967 0.05683254823088646
v 0.023839391767978668 -0.01600000075995922 0.05709896981716156
v 0.025733578950166702 -0.01600000075995922 0.058993156999349594
v 0.025733578950166702 -0.014750000089406967 0.058993156999349594
v 0.024974873289465904 -0.014750000089406967 0.05785767361521721
v 0.02250000089406967 -0.01600000075995922 0.05683254823088646
v 0.02002512663602829 -0.01600000075995922 0.05785767361521721
v 0.024974873289465904 -0.01600000075995922 0.05785767361521721
v 0.026000000536441803 -0.01600000075995922 0.06033254787325859
v 0.026000000536441803 -0.014750000089406967 0.06033254787325859
v 0.019266420975327492 -0.01600000075995922 0.061671942472457886
v 0.025733578950166702 -0.01600000075995922 0.061671942472457886
v 0.025733578950166702 -0.014750000089406967 0.061671942472457886
v 0.023839391767978668 -0.01600000075995922 0.06356612592935562
v 0.023839391767978668 -0.014750000089406967 0.06356612592935562
v 0.024974873289465904 -0.014750000089406967 0.06280742585659027
v 0.024974873289465904 -0.01600000075995922 0.06280742585659027
v 0.021160608157515526 -0.01600000075995922 0.06356612592935562
v 0.021160608157515526 -0.014750000089406967 0.06356612592935562
v 0.02250000089406967 -0.014750000089406967 0.06383255124092102
v 0.019266420975327492 -0.014750000089406967 0.061671942472457886
v 0.02002512663602829 -0.014750000089406967 0.06280742585659027
v 0.02002512663602829 -0.01600000075995922 0.06280742585659027
v 0.02250000089406967 -0.01600000075995922 0.06383255124092102
v -0.06823357939720154 -0.01600000075995922 0.027243155986070633
v -0.06747487187385559 -0.014750000089406967 0.026107674464583397
v -0.06823357939720154 -0.014750000089406967 0.027243155986070633
v -0.0663393884897232 -0.01600000075995922 0.025348970666527748
v -0.0663393884897232 -0.014750000089406967 0.025348970666527748
v -0.06849999725818634 -0.01600000075995922 0.02858254872262478
v -0.06849999725818634 -0.014750000089406967 0.02858254872262478
v -0.06366060674190521 -0.014750000089406967 0.025348970666527748
v -0.06499999761581421 -0.014750000089406967 0.025082547217607498
v -0.06366060674190521 -0.01600000075995922 0.025348970666527748
v -0.06176642328500748 -0.01600000075995922 0.027243155986070633
v -0.06176642328500748 -0.014750000089406967 0.027243155986070633
v -0.06252512335777283 -0.014750000089406967 0.026107674464583397
v -0.06499999761581421 -0.01600000075995922 0.025082547217607498
v -0.06747487187385559 -0.01600000075995922 0.026107674464583397
v -0.06252512335777283 -0.01600000075995922 0.026107674464583397
v -0.061500001698732376 -0.01600000075995922 0.02858254872262478
v -0.061500001698732376 -0.014750000089406967 0.02858254872262478
v -0.06823357939720154 -0.01600000075995922 0.029921941459178925
v -0.06176642328500748 -0.01600000075995922 0.029921941459178925
v -0.06176642328500748 -0.014750000089406967 0.029921941459178925
v -0.06366060674190521 -0.01600000075995922 0.03181612864136696
v -0.06366060674190521 -0.014750000089406967 0.03181612864136696
v -0.06252512335777283 -0.014750000089406967 0.03105742298066616
v -0.06252512335777283 -0.01600000075995922 0.03105742298066616
v -0.0663393884897232 -0.01600000075995922 0.03181612864136696
v -0.0663393884897232 -0.014750000089406967 0.03181612864136696
v -0.06499999761581421 -0.014750000089406967 0.03208255022764206
v -0.06747487187385559 -0.01600000075995922 0.03105742298066616
v -0.06823357939720154 -0.014750000089406967 0.029921941459178925
v -0.06747487187385559 -0.014750000089406967 0.03105742298066616
v -0.06499999761581421 -0.01600000075995922 0.03208255022764206
v 0.026890922337770462 0.010250000283122063 0.06272415816783905
v 0.026294395327568054 0.010250000283122063 0.06396091729402542
v 0.027560077607631683 0.010250000283122063 0.06173187494277954
v 0.01225245650857687 0.010250000283122063 0.06381643563508987
v 0.014084244146943092 0.010250000283122063 0.0640004500746727
v 0.011552661657333374 0.010250000283122063 0.06357904523611069
v 0.027186134830117226 0.010250000283122063 0.06174410879611969
v 0.02748134545981884 0.010250000283122063 0.06076405569911003
v 0.02755041792988777 0.010250000283122063 0.05996665358543396
v 0.02773689478635788 0.010250000283122063 0.05996183678507805
v 0.027619494125247 0.010250000283122063 0.05916924774646759
v 0.02556447684764862 0.010250000283122063 0.06428337097167969
v 0.023724349215626717 0.010250000283122063 0.06518033146858215
v 0.021566761657595634 0.010250000283122063 0.06549893319606781
v 0.02412416972219944 0.010250000283122063 0.06532499939203262
v 0.01661582477390766 0.010250000283122063 0.06442186236381531
v 0.021678991615772247 0.010250000283122063 0.06526467949151993
v -0.001658282009884715 0.011350000277161598 0.0025000202003866434
v -0.001148050301708281 0.011350000277161598 0.0027716385666280985
v -0.001658282009884715 0.021150000393390656 0.0025000202003866434
v 5.0037865862839404e-17 0.011350000277161598 0.003000000026077032
v 0.001148050301708281 0.011350000277161598 0.0027716385666280985
v 0.0005951987695880234 0.021150000393390656 0.0029403637163341045
v -0.0005753364530391991 0.021150000393390656 0.002944314619526267
v 0.00212132022716105 0.011350000277161598 0.00212132022716105
v 0.0027716385666280985 0.011350000277161598 0.001148050301708281
v 0.0025000202003866434 0.021150000393390656 0.001658282009884715
v 0.003000000026077032 0.011350000277161598 2.425448933611739e-16
v 0.0027716385666280985 0.011350000277161598 -0.001148050301708281
v 0.0029403637163341045 0.021150000393390656 -0.0005951987695880234
v 0.002944314619526267 0.021150000393390656 0.0005753364530391991
v 0.0016751204384490848 0.021150000393390656 0.0024887691251933575
v 0.0024887691251933575 0.021150000393390656 -0.0016751204384490848
v 0.00212132022716105 0.011350000277161598 -0.00212132022716105
v -0.00212132022716105 0.011350000277161598 0.00212132022716105
v 0.001148050301708281 0.011350000277161598 -0.0027716385666280985
v 0.001658282009884715 0.021150000393390656 -0.0025000202003866434
v 4.6109717482723084e-17 0.011350000277161598 -0.003000000026077032
v -0.001148050301708281 0.011350000277161598 -0.0027716385666280985
v -0.0005951987695880234 0.021150000393390656 -0.0029403637163341045
v 0.0005753364530391991 0.021150000393390656 -0.002944314619526267
v -0.00212132022716105 0.011350000277161598 -0.00212132022716105
v -0.0027716385666280985 0.011350000277161598 -0.001148050301708281
v -0.0025000202003866434 0.021150000393390656 -0.001658282009884715
v -0.003000000026077032 0.011350000277161598 2.468404356647169e-16
v -0.0027716385666280985 0.011350000277161598 0.001148050301708281
v -0.0029403637163341045 0.021150000393390656 0.0005951987695880234
v -0.002944314619526267 0.021150000393390656 -0.0005753364530391991
v -0.0016751204384490848 0.021150000393390656 -0.0024887691251933575
v -0.0024887691251933575 0.021150000393390656 0.0016751204384490848
v -0.0005753364530391991 0.021150000393390656 0.002944314619526267
v -0.00047944707330316305 0.021150000393390656 0.0024535953998565674
v -0.0013819016749039292 0.021150000393390656 0.002083350205793977
v 0.0005951987695880234 0.021150000393390656 0.0029403637163341045
v -0.001658282009884715 0.021150000393390656 0.0025000202003866434
v -0.002073974348604679 0.021150000393390656 0.001395933679305017
v 0.0016751204384490848 0.021150000393390656 0.0024887691251933575
v 0.001395933679305017 0.021150000393390656 0.002073974348604679
v 0.0004959990037605166 0.021150000393390656 0.002450302941724658
v 0.002083350205793977 0.021150000393390656 0.0013819016749039292
v -0.0024887691251933575 0.021150000393390656 0.0016751204384490848
v -0.002450302941724658 0.021150000393390656 0.0004959990037605166
v -0.0029403637163341045 0.021150000393390656 0.0005951987695880234
v -0.002944314619526267 0.021150000393390656 -0.0005753364530391991
v -0.0024535953998565674 0.021150000393390656 -0.00047944707330316305
v -0.002083350205793977 0.021150000393390656 -0.0013819016749039292
v -0.0025000202003866434 0.021150000393390656 -0.001658282009884715
v -0.0016751204384490848 0.021150000393390656 -0.0024887691251933575
v 0.0025000202003866434 0.021150000393390656 0.001658282009884715
v 0.002944314619526267 0.021150000393390656 0.0005753364530391991
v 0.0024535953998565674 0.021150000393390656 0.00047944707330316305
v 0.0029403637163341045 0.021150000393390656 -0.0005951987695880234
v 0.002450302941724658 0.021150000393390656 -0.0004959990037605166
v 0.002073974348604679 0.021150000393390656 -0.001395933679305017
v 0.0024887691251933575 0.021150000393390656 -0.0016751204384490848
v 0.001658282009884715 0.021150000393390656 -0.0025000202003866434
v -0.0004959990037605166 0.021150000393390656 -0.002450302941724658
v -0.0005951987695880234 0.021150000393390656 -0.0029403637163341045
v -0.001395933679305017 0.021150000393390656 -0.002073974348604679
v 0.0005753364530391991 0.021150000393390656 -0.002944314619526267
v 0.0013819016749039292 0.021150000393390656 -0.002083350205793977
v 0.00047944707330316305 0.021150000393390656 -0.0024535953998565674
v -0.0013819016749039292 0.021150000393390656 0.002083350205793977
v -0.00047944707330316305 0.021150000393390656 0.0024535953998565674
v -0.00047944707330316305 0.02264999970793724 0.0024535953998565674
v 0.0004959990037605166 0.021150000393390656 0.002450302941724658
v 0.001395933679305017 0.021150000393390656 0.002073974348604679
v 0.001395933679305017 0.02264999970793724 0.002073974348604679
v 0.0004959990037605166 0.02264999970793724 0.002450302941724658
v 0.002083350205793977 0.021150000393390656 0.0013819016749039292
v 0.0024535953998565674 0.021150000393390656 0.00047944707330316305
v 0.0024535953998565674 0.02264999970793724 0.00047944707330316305
v 0.002450302941724658 0.021150000393390656 -0.0004959990037605166
v 0.002073974348604679 0.021150000393390656 -0.001395933679305017
v 0.002073974348604679 0.02264999970793724 -0.001395933679305017
v 0.002450302941724658 0.02264999970793724 -0.0004959990037605166
v 0.002083350205793977 0.02264999970793724 0.0013819016749039292
v -0.0013819016749039292 0.02264999970793724 0.002083350205793977
v 0.0013819016749039292 0.021150000393390656 -0.002083350205793977
v 0.0013819016749039292 0.02264999970793724 -0.002083350205793977
v -0.002073974348604679 0.02264999970793724 0.001395933679305017
v 0.00047944707330316305 0.021150000393390656 -0.0024535953998565674
v 0.00047944707330316305 0.02264999970793724 -0.0024535953998565674
v -0.0004959990037605166 0.021150000393390656 -0.002450302941724658
v -0.001395933679305017 0.021150000393390656 -0.002073974348604679
v -0.001395933679305017 0.02264999970793724 -0.002073974348604679
v -0.0004959990037605166 0.02264999970793724 -0.002450302941724658
v -0.002083350205793977 0.021150000393390656 -0.0013819016749039292
v -0.0024535953998565674 0.021150000393390656 -0.00047944707330316305
v -0.0024535953998565674 0.02264999970793724 -0.00047944707330316305
v -0.002450302941724658 0.021150000393390656 0.0004959990037605166
v -0.002073974348604679 0.021150000393390656 0.001395933679305017
v -0.002450302941724658 0.02264999970793724 0.0004959990037605166
v -0.002083350205793977 0.02264999970793724 -0.0013819016749039292
v -0.001658282009884715 0.02264999970793724 0.0025000202003866434
v -0.00047944707330316305 0.02264999970793724 0.0024535953998565674
v -0.0005753364530391991 0.02264999970793724 0.002944314619526267
v 0.0005951987695880234 0.02264999970793724 0.0029403637163341045
v -0.0024887691251933575 0.02264999970793724 0.0016751204384490848
v -0.0013819016749039292 0.02264999970793724 0.002083350205793977
v 0.0004959990037605166 0.02264999970793724 0.002450302941724658
v 0.001395933679305017 0.02264999970793724 0.002073974348604679
v 0.0016751204384490848 0.02264999970793724 0.0024887691251933575
v 0.002083350205793977 0.02264999970793724 0.0013819016749039292
v -0.002450302941724658 0.02264999970793724 0.0004959990037605166
v -0.002073974348604679 0.02264999970793724 0.001395933679305017
v -0.0024535953998565674 0.02264999970793724 -0.00047944707330316305
v -0.0029403637163341045 0.02264999970793724 0.0005951987695880234
v -0.002944314619526267 0.02264999970793724 -0.0005753364530391991
v -0.002083350205793977 0.02264999970793724 -0.0013819016749039292
v -0.0025000202003866434 0.02264999970793724 -0.001658282009884715
v -0.0016751204384490848 0.02264999970793724 -0.0024887691251933575
v 0.0024535953998565674 0.02264999970793724 0.00047944707330316305
v 0.002944314619526267 0.02264999970793724 0.0005753364530391991
v 0.0025000202003866434 0.02264999970793724 0.001658282009884715
v 0.0029403637163341045 0.02264999970793724 -0.0005951987695880234
v 0.0024887691251933575 0.02264999970793724 -0.0016751204384490848
v 0.002450302941724658 0.02264999970793724 -0.0004959990037605166
v 0.001658282009884715 0.02264999970793724 -0.0025000202003866434
v 0.002073974348604679 0.02264999970793724 -0.001395933679305017
v -0.001395933679305017 0.02264999970793724 -0.002073974348604679
v -0.0005951987695880234 0.02264999970793724 -0.0029403637163341045
v -0.0004959990037605166 0.02264999970793724 -0.002450302941724658
v 0.00047944707330316305 0.02264999970793724 -0.0024535953998565674
v 0.0005753364530391991 0.02264999970793724 -0.002944314619526267
v 0.0013819016749039292 0.02264999970793724 -0.002083350205793977
v -0.001658282009884715 0.02264999970793724 0.0025000202003866434
v -0.0005753364530391991 0.02264999970793724 0.002944314619526267
v -0.001658282009884715 0.023150000721216202 0.0025000202003866434
v 0.0005951987695880234 0.02264999970793724 0.0029403637163341045
v 0.0016751204384490848 0.02264999970793724 0.0024887691251933575
v 0.0005951987695880234 0.023150000721216202 0.0029403637163341045
v -0.0005753364530391991 0.023150000721216202 0.002944314619526267
v 0.0025000202003866434 0.02264999970793724 0.001658282009884715
v 0.002944314619526267 0.02264999970793724 0.0005753364530391991
v 0.002944314619526267 0.023150000721216202 0.0005753364530391991
v 0.0029403637163341045 0.02264999970793724 -0.0005951987695880234
v 0.0024887691251933575 0.02264999970793724 -0.0016751204384490848
v 0.0029403637163341045 0.023150000721216202 -0.0005951987695880234
v 0.0025000202003866434 0.023150000721216202 0.001658282009884715
v 0.0016751204384490848 0.023150000721216202 0.0024887691251933575
v 0.0024887691251933575 0.023150000721216202 -0.0016751204384490848
v 0.001658282009884715 0.02264999970793724 -0.0025000202003866434
v 0.001658282009884715 0.023150000721216202 -0.0025000202003866434
v -0.0024887691251933575 0.02264999970793724 0.0016751204384490848
v 0.0005753364530391991 0.02264999970793724 -0.002944314619526267
v 0.0005753364530391991 0.023150000721216202 -0.002944314619526267
v -0.0005951987695880234 0.02264999970793724 -0.0029403637163341045
v -0.0016751204384490848 0.02264999970793724 -0.0024887691251933575
v -0.0016751204384490848 0.023150000721216202 -0.0024887691251933575
v -0.0005951987695880234 0.023150000721216202 -0.0029403637163341045
v -0.0025000202003866434 0.02264999970793724 -0.001658282009884715
v -0.002944314619526267 0.02264999970793724 -0.0005753364530391991
v -0.002944314619526267 0.023150000721216202 -0.0005753364530391991
v -0.0029403637163341045 0.02264999970793724 0.0005951987695880234
v -0.0024887691251933575 0.023150000721216202 0.0016751204384490848
v -0.0029403637163341045 0.023150000721216202 0.0005951987695880234
v -0.0025000202003866434 0.023150000721216202 -0.001658282009884715
v -0.002944314619526267 0.023150000721216202 -0.0005753364530391991
v -0.0029403637163341045 0.023150000721216202 0.0005951987695880234
v -0.0024887691251933575 0.023150000721216202 0.0016751204384490848
v 0.0025000202003866434 0.023150000721216202 0.001658282009884715
v -0.001658282009884715 0.023150000721216202 0.0025000202003866434
v 0.0016751204384490848 0.023150000721216202 0.0024887691251933575
v -0.0005753364530391991 0.023150000721216202 0.002944314619526267
v 0.0005951987695880234 0.023150000721216202 0.0029403637163341045
v -0.0016751204384490848 0.023150000721216202 -0.0024887691251933575
v -0.0025000202003866434 0.023150000721216202 -0.001658282009884715
v -0.0005951987695880234 0.023150000721216202 -0.0029403637163341045
v 0.001658282009884715 0.023150000721216202 -0.0025000202003866434
v 0.0005753364530391991 0.023150000721216202 -0.002944314619526267
v 0.0029403637163341045 0.023150000721216202 -0.0005951987695880234
v 0.002944314619526267 0.023150000721216202 0.0005753364530391991
v 0.0024887691251933575 0.023150000721216202 -0.0016751204384490848
v 0.021350262686610222 0.014800000004470348 0.06310348957777023
v 0.02037739008665085 0.014800000004470348 0.06245257705450058
v 0.020378679037094116 0.014750000089406967 0.062453869730234146
v 0.019727664068341255 0.014800000004470348 0.06147891283035278
v 0.019500000402331352 0.014800000004470348 0.060330722481012344
v 0.019500000402331352 0.014750000089406967 0.06033254787325859
v 0.019728360697627068 0.014750000089406967 0.061480604112148285
v 0.01972906105220318 0.014800000004470348 0.05918281152844429
v 0.020379971712827682 0.014800000004470348 0.05820993706583977
v 0.020378679037094116 0.014750000089406967 0.058211229741573334
v 0.02135363593697548 0.014800000004470348 0.057560212910175323
v 0.022501828148961067 0.014800000004470348 0.05733254924416542
v 0.02250000089406967 0.014750000089406967 0.05733254924416542
v 0.021351950243115425 0.014750000089406967 0.057560909539461136
v 0.019728360697627068 0.014750000089406967 0.05918449908494949
v 0.021350262686610222 0.014750000089406967 0.06310348957777023
v 0.02364804968237877 0.014750000089406967 0.057560909539461136
v 0.021351950243115425 0.014750000089406967 0.06310418993234634
v 0.023649737238883972 0.014800000004470348 0.05756160989403725
v 0.024622611701488495 0.014800000004470348 0.0582125149667263
v 0.024621320888400078 0.014750000089406967 0.058211229741573334
v 0.02527233585715294 0.014800000004470348 0.0591861866414547
v 0.025499999523162842 0.014800000004470348 0.06033437326550484
v 0.025499999523162842 0.014750000089406967 0.06033254787325859
v 0.025271639227867126 0.014750000089406967 0.05918449908494949
v 0.025270938873291016 0.014800000004470348 0.06148228421807289
v 0.02462002821266651 0.014800000004470348 0.062455158680677414
v 0.024621320888400078 0.014750000089406967 0.062453869730234146
v 0.023646363988518715 0.014800000004470348 0.06310488283634186
v 0.022498173639178276 0.014800000004470348 0.06333255022764206
v 0.02250000089406967 0.014750000089406967 0.06333255022764206
v 0.02364804968237877 0.014750000089406967 0.06310418993234634
v 0.025271639227867126 0.014750000089406967 0.061480604112148285
v 0.02364390157163143 0.014876537024974823 0.05757566913962364
v 0.022501816973090172 0.014876537024974823 0.057347774505615234
v 0.021359454840421677 0.014876537024974823 0.057574279606342316
v 0.022501789033412933 0.014941421337425709 0.057391129434108734
v 0.02362728677690029 0.014941421337425709 0.05761571601033211
v 0.0225017499178648 0.014984776265919209 0.057456012815237045
v 0.02039072848856449 0.014876537024974823 0.05822071060538292
v 0.02042136713862419 0.014941421337425709 0.058251384645700455
v 0.021376021206378937 0.014941421337425709 0.057614345103502274
v 0.02140081487596035 0.014984776265919209 0.057674307376146317
v 0.024611840024590492 0.014876537024974823 0.05822327733039856
v 0.019743122160434723 0.014876537024974823 0.05918864533305168
v 0.019515223801136017 0.014876537024974823 0.06033073365688324
v 0.020388159900903702 0.014876537024974823 0.06244181841611862
v 0.01978316716849804 0.014941421337425709 0.05920526385307312
v 0.019558578729629517 0.014941421337425709 0.06033075973391533
v 0.019741732627153397 0.014876537024974823 0.061473093926906586
v 0.019781796261668205 0.014941421337425709 0.061456527560949326
v 0.020418835803866386 0.014941421337425709 0.06241118162870407
v 0.021356098353862762 0.014876537024974823 0.06308942288160324
v 0.021372713148593903 0.014941421337425709 0.06304938346147537
v 0.02046721987426281 0.014984776265919209 0.0582972913980484
v 0.023602420464158058 0.014984776265919209 0.057675644755363464
v 0.02250170335173607 0.014999999664723873 0.05753254517912865
v 0.019843097776174545 0.014984776265919209 0.05923013016581535
v 0.021430060267448425 0.014999999664723873 0.057745035737752914
v 0.02357308752834797 0.014999999664723873 0.057746339589357376
v 0.02052130550146103 0.014999999664723873 0.05835144594311714
v 0.01991378888487816 0.014999999664723873 0.059259459376335144
v 0.019623463973402977 0.014984776265919209 0.060330796986818314
v 0.02448110282421112 0.014999999664723873 0.05835385620594025
v 0.019700000062584877 0.014999999664723873 0.060330845415592194
v 0.0198417566716671 0.014984776265919209 0.06143173575401306
v 0.020464744418859482 0.014984776265919209 0.0623653307557106
v 0.020518897101283073 0.014999999664723873 0.06231124326586723
v 0.019912485033273697 0.014999999664723873 0.06140248849987984
v 0.021426912397146225 0.014999999664723873 0.0629187598824501
v 0.021397579461336136 0.014984776265919209 0.06298945099115372
v 0.024581164121627808 0.014941421337425709 0.05825391411781311
v 0.022498182952404022 0.014876537024974823 0.06331732124090195
v 0.023640546947717667 0.014876537024974823 0.06309081614017487
v 0.02249821089208126 0.014941421337425709 0.06327396631240845
v 0.023623978719115257 0.014941421337425709 0.0630507543683052
v 0.024578632786870003 0.014941421337425709 0.062413714826107025
v 0.024609271436929703 0.014876537024974823 0.06244438886642456
v 0.023599185049533844 0.014984776265919209 0.06299079209566116
v 0.022498248144984245 0.014984776265919209 0.06320908665657043
v 0.02525687776505947 0.014876537024974823 0.0614764504134655
v 0.025484776124358177 0.014876537024974823 0.06033436581492424
v 0.025258267298340797 0.014876537024974823 0.059192001819610596
v 0.025216832756996155 0.014941421337425709 0.06145983561873436
v 0.025441421195864677 0.014941421337425709 0.06033433973789215
v 0.02521820366382599 0.014941421337425709 0.059208568185567856
v 0.024532780051231384 0.014984776265919209 0.06236780434846878
v 0.02515690214931965 0.014984776265919209 0.061434969305992126
v 0.024478694424033165 0.014999999664723873 0.06231365352869034
v 0.02356993965804577 0.014999999664723873 0.06292006373405457
v 0.022498296573758125 0.014999999664723873 0.06313254684209824
v 0.025086211040616035 0.014999999664723873 0.06140563637018204
v 0.025376535952091217 0.014984776265919209 0.06033429875969887
v 0.025158243253827095 0.014984776265919209 0.05923336371779442
v 0.024535255506634712 0.014984776265919209 0.05829976871609688
v 0.025299999862909317 0.014999999664723873 0.060334254056215286
v 0.025087514892220497 0.014999999664723873 0.05926261097192764
v 0.020518897101283073 0.014999999664723873 0.06231124326586723
v 0.021426912397146225 0.014999999664723873 0.0629187598824501
v 0.022498296573758125 0.014999999664723873 0.06313254684209824
v 0.02356993965804577 0.014999999664723873 0.06292006373405457
v 0.024478694424033165 0.014999999664723873 0.06231365352869034
v 0.019912485033273697 0.014999999664723873 0.06140248849987984
v 0.025087514892220497 0.014999999664723873 0.05926261097192764
v 0.01991378888487816 0.014999999664723873 0.059259459376335144
v 0.019700000062584877 0.014999999664723873 0.060330845415592194
v 0.02052130550146103 0.014999999664723873 0.05835144594311714
v 0.025086211040616035 0.014999999664723873 0.06140563637018204
v 0.025299999862909317 0.014999999664723873 0.060334254056215286
v 0.02357308752834797 0.014999999664723873 0.057746339589357376
v 0.02448110282421112 0.014999999664723873 0.05835385620594025
v 0.021430060267448425 0.014999999664723873 0.057745035737752914
v 0.02250170335173607 0.014999999664723873 0.05753254517912865
v -0.06614973396062851 0.014800000004470348 0.03135348856449127
v -0.06712260842323303 0.014800000004470348 0.030702577903866768
v -0.06712131947278976 0.014750000089406967 0.030703868716955185
v -0.06777233630418777 0.014800000004470348 0.029728911817073822
v -0.06800000369548798 0.014800000004470348 0.028580723330378532
v -0.06800000369548798 0.014750000089406967 0.02858254872262478
v -0.06777163594961166 0.014750000089406967 0.029730599373579025
v -0.0671200305223465 0.014800000004470348 0.026459937915205956
v -0.0661463662981987 0.014800000004470348 0.025810211896896362
v -0.0661480501294136 0.014750000089406967 0.025810910388827324
v -0.06777094304561615 0.014800000004470348 0.027432812377810478
v -0.06712131947278976 0.014750000089406967 0.026461228728294373
v -0.06499817222356796 0.014800000004470348 0.02558255009353161
v -0.06499999761581421 0.014750000089406967 0.02558254823088646
v -0.06777163594961166 0.014750000089406967 0.027434498071670532
v -0.06614973396062851 0.014750000089406967 0.03135348856449127
v -0.06385195255279541 0.014750000089406967 0.025810910388827324
v -0.0661480501294136 0.014750000089406967 0.03135418891906738
v -0.06385026127099991 0.014800000004470348 0.025811608880758286
v -0.06287738680839539 0.014800000004470348 0.02646251954138279
v -0.06287868320941925 0.014750000089406967 0.026461228728294373
v -0.06222766265273094 0.014800000004470348 0.027436185628175735
v -0.06199999898672104 0.014800000004470348 0.028584374114871025
v -0.06199999898672104 0.014750000089406967 0.02858254872262478
v -0.06222836300730705 0.014750000089406967 0.027434498071670532
v -0.062229059636592865 0.014800000004470348 0.02973228506743908
v -0.06287997215986252 0.014800000004470348 0.030705159530043602
v -0.06287868320941925 0.014750000089406967 0.030703868716955185
v -0.06385363638401031 0.014800000004470348 0.031354885548353195
v -0.06500182300806046 0.014800000004470348 0.0315825492143631
v -0.06499999761581421 0.014750000089406967 0.0315825492143631
v -0.06385195255279541 0.014750000089406967 0.03135418891906738
v -0.06222836300730705 0.014750000089406967 0.029730599373579025
v -0.0638560950756073 0.014876537024974823 0.02582567185163498
v -0.06288816034793854 0.014876537024974823 0.026473278179764748
v -0.06499818712472916 0.014876537024974823 0.025597773492336273
v -0.0661405473947525 0.014876537024974823 0.025824280455708504
v -0.06499820947647095 0.014941421337425709 0.025641128420829773
v -0.06387270987033844 0.014941421337425709 0.025865714997053146
v -0.06612397730350494 0.014941421337425709 0.02586434595286846
v -0.06707863509654999 0.014941421337425709 0.026501383632421494
v -0.06710927188396454 0.014876537024974823 0.026470709592103958
v -0.06609918922185898 0.014984776265919209 0.025924306362867355
v -0.06499824672937393 0.014984776265919209 0.025706011801958084
v -0.06775687634944916 0.014876537024974823 0.02743864618241787
v -0.06798477470874786 0.014876537024974823 0.02858073264360428
v -0.06775826960802078 0.014876537024974823 0.029723094776272774
v -0.06771683692932129 0.014941421337425709 0.02745526283979416
v -0.06794141978025436 0.014941421337425709 0.028580758720636368
v -0.06711184233427048 0.014876537024974823 0.03069181926548481
v -0.06771820038557053 0.014941421337425709 0.029706528410315514
v -0.06708116084337234 0.014941421337425709 0.03066118247807026
v -0.06703278422355652 0.014984776265919209 0.02654729224741459
v -0.06389757990837097 0.014984776265919209 0.025925645604729652
v -0.06499829888343811 0.014999999664723873 0.025782549753785133
v -0.06765690445899963 0.014984776265919209 0.027480129152536392
v -0.06697869300842285 0.014999999664723873 0.02660144492983818
v -0.06392691284418106 0.014999999664723873 0.025996338576078415
v -0.06606993824243546 0.014999999664723873 0.025995034724473953
v -0.06758621335029602 0.014999999664723873 0.02750946208834648
v -0.06301889568567276 0.014999999664723873 0.026603855192661285
v -0.06787653267383575 0.014984776265919209 0.0285807978361845
v -0.06765824556350708 0.014984776265919209 0.0296817347407341
v -0.0670352578163147 0.014984776265919209 0.03061532974243164
v -0.06780000030994415 0.014999999664723873 0.028580844402313232
v -0.06758751720190048 0.014999999664723873 0.029652487486600876
v -0.06698110699653625 0.014999999664723873 0.030561242252588272
v -0.06610242277383804 0.014984776265919209 0.031239451840519905
v -0.06612728536128998 0.014941421337425709 0.03129938244819641
v -0.06614390015602112 0.014876537024974823 0.03133942559361458
v -0.06291883438825607 0.014941421337425709 0.0265039149671793
v -0.06500181555747986 0.014876537024974823 0.031567323952913284
v -0.06385945528745651 0.014876537024974823 0.031340815126895905
v -0.06500179320573807 0.014941421337425709 0.031523969024419785
v -0.06500174850225449 0.014984776265919209 0.03145908564329147
v -0.06289073079824448 0.014876537024974823 0.0306943878531456
v -0.06292136758565903 0.014941421337425709 0.030663713812828064
v -0.06387601792812347 0.014941421337425709 0.031300753355026245
v -0.06390081346035004 0.014984776265919209 0.031240791082382202
v -0.06224312260746956 0.014876537024974823 0.029726451262831688
v -0.06224173307418823 0.014876537024974823 0.027442002668976784
v -0.062283165752887726 0.014941421337425709 0.0297098346054554
v -0.06205857917666435 0.014941421337425709 0.02858433872461319
v -0.06201522424817085 0.014876537024974823 0.02858436480164528
v -0.06228179484605789 0.014941421337425709 0.027458569034934044
v -0.0629672184586525 0.014984776265919209 0.03061780519783497
v -0.0650017037987709 0.014999999664723873 0.03138254955410957
v -0.06234309822320938 0.014984776265919209 0.029684968292713165
v -0.06302130967378616 0.014999999664723873 0.030563652515411377
v -0.06607308983802795 0.014999999664723873 0.031168758869171143
v -0.06393005698919296 0.014999999664723873 0.031170062720775604
v -0.062413789331912994 0.014999999664723873 0.029655637219548225
v -0.062123462557792664 0.014984776265919209 0.028584299609065056
v -0.062341757118701935 0.014984776265919209 0.027483362704515457
v -0.06296474486589432 0.014984776265919209 0.026549767702817917
v -0.06241248548030853 0.014999999664723873 0.02751260995864868
v -0.06220000237226486 0.014999999664723873 0.028584253042936325
v -0.06607308983802795 0.014999999664723873 0.031168758869171143
v -0.0650017037987709 0.014999999664723873 0.03138254955410957
v -0.06393005698919296 0.014999999664723873 0.031170062720775604
v -0.06302130967378616 0.014999999664723873 0.030563652515411377
v -0.062413789331912994 0.014999999664723873 0.029655637219548225
v -0.06220000237226486 0.014999999664723873 0.028584253042936325
v -0.06780000030994415 0.014999999664723873 0.028580844402313232
v -0.06698110699653625 0.014999999664723873 0.030561242252588272
v -0.06758751720190048 0.014999999664723873 0.029652487486600876
v -0.06241248548030853 0.014999999664723873 0.02751260995864868
v -0.06392691284418106 0.014999999664723873 0.025996338576078415
v -0.06301889568567276 0.014999999664723873 0.026603855192661285
v -0.06606993824243546 0.014999999664723873 0.025995034724473953
v -0.06758621335029602 0.014999999664723873 0.02750946208834648
v -0.06697869300842285 0.014999999664723873 0.02660144492983818
v -0.06499829888343811 0.014999999664723873 0.025782549753785133
v 0.018804481253027916 0.01600000075995922 0.06186328083276749
v 0.019266420975327492 0.01600000075995922 0.061671942472457886
v 0.01850000023841858 0.01600000075995922 0.06033254787325859
v 0.02002512663602829 0.01600000075995922 0.06280742585659027
v 0.01899999938905239 0.01600000075995922 0.06033254787325859
v 0.018804481253027916 0.01600000075995922 0.058801814913749695
v 0.020969266071915627 0.01600000075995922 0.0640280693769455
v 0.021160608157515526 0.01600000075995922 0.06356612592935562
v 0.02250000089406967 0.01600000075995922 0.06383255124092102
v 0.019671572372317314 0.01600000075995922 0.0631609782576561
v 0.019266420975327492 0.01600000075995922 0.058993156999349594
v 0.02002512663602829 0.01600000075995922 0.05785767361521721
v 0.019671572372317314 0.01600000075995922 0.05750412121415138
v 0.021160608157515526 0.01600000075995922 0.05709896981716156
v 0.02250000089406967 0.01600000075995922 0.05683254823088646
v 0.02250000089406967 0.01600000075995922 0.0563325472176075
v 0.020969266071915627 0.01600000075995922 0.056637030094861984
v 0.023839391767978668 0.01600000075995922 0.05709896981716156
v 0.02250000089406967 0.01600000075995922 0.06433255225419998
v 0.024030733853578568 0.01600000075995922 0.0640280693769455
v 0.023839391767978668 0.01600000075995922 0.06356612592935562
v 0.024974873289465904 0.01600000075995922 0.06280742585659027
v 0.02532842755317688 0.01600000075995922 0.0631609782576561
v 0.025733578950166702 0.01600000075995922 0.061671942472457886
v 0.026195518672466278 0.01600000075995922 0.06186328083276749
v 0.026000000536441803 0.01600000075995922 0.06033254787325859
v 0.024974873289465904 0.01600000075995922 0.05785767361521721
v 0.02532842755317688 0.01600000075995922 0.05750412121415138
v 0.025733578950166702 0.01600000075995922 0.058993156999349594
v 0.024030733853578568 0.01600000075995922 0.056637030094861984
v 0.026499999687075615 0.01600000075995922 0.06033254787325859
v 0.026195518672466278 0.01600000075995922 0.058801814913749695
v 0.026195518672466278 0.016249999403953552 0.058801814913749695
v 0.026195518672466278 0.01600000075995922 0.058801814913749695
v 0.026499999687075615 0.01600000075995922 0.06033254787325859
v 0.024030733853578568 0.016249999403953552 0.056637030094861984
v 0.024030733853578568 0.01600000075995922 0.056637030094861984
v 0.02532842755317688 0.01600000075995922 0.05750412121415138
v 0.02532842755317688 0.016249999403953552 0.05750412121415138
v 0.020969266071915627 0.016249999403953552 0.056637030094861984
v 0.020969266071915627 0.01600000075995922 0.056637030094861984
v 0.02250000089406967 0.01600000075995922 0.0563325472176075
v 0.018804481253027916 0.016249999403953552 0.058801814913749695
v 0.018804481253027916 0.01600000075995922 0.058801814913749695
v 0.019671572372317314 0.01600000075995922 0.05750412121415138
v 0.019671572372317314 0.016249999403953552 0.05750412121415138
v 0.02250000089406967 0.016249999403953552 0.0563325472176075
v 0.026499999687075615 0.016249999403953552 0.06033254787325859
v 0.01850000023841858 0.016249999403953552 0.06033254787325859
v 0.01850000023841858 0.01600000075995922 0.06033254787325859
v 0.026195518672466278 0.016249999403953552 0.06186328083276749
v 0.018804481253027916 0.016249999403953552 0.06186328083276749
v 0.018804481253027916 0.01600000075995922 0.06186328083276749
v 0.020969266071915627 0.016249999403953552 0.0640280693769455
v 0.020969266071915627 0.01600000075995922 0.0640280693769455
v 0.019671572372317314 0.01600000075995922 0.0631609782576561
v 0.019671572372317314 0.016249999403953552 0.0631609782576561
v 0.024030733853578568 0.016249999403953552 0.0640280693769455
v 0.024030733853578568 0.01600000075995922 0.0640280693769455
v 0.02250000089406967 0.01600000075995922 0.06433255225419998
v 0.026195518672466278 0.01600000075995922 0.06186328083276749
v 0.02532842755317688 0.01600000075995922 0.0631609782576561
v 0.02532842755317688 0.016249999403953552 0.0631609782576561
v 0.02250000089406967 0.016249999403953552 0.06433255225419998
v -0.06782842427492142 0.01600000075995922 0.031410977244377136
v -0.06747487187385559 0.01600000075995922 0.03105742298066616
v -0.06869551539421082 0.01600000075995922 0.030113281682133675
v -0.0663393884897232 0.01600000075995922 0.03181612864136696
v -0.06823357939720154 0.01600000075995922 0.029921941459178925
v -0.06849999725818634 0.01600000075995922 0.02858254872262478
v -0.0665307343006134 0.01600000075995922 0.032278068363666534
v -0.06499999761581421 0.01600000075995922 0.03258254751563072
v -0.06499999761581421 0.01600000075995922 0.03208255022764206
v -0.06346926838159561 0.01600000075995922 0.032278068363666534
v -0.0689999982714653 0.01600000075995922 0.02858254872262478
v -0.06869551539421082 0.01600000075995922 0.027051815763115883
v -0.06823357939720154 0.01600000075995922 0.027243155986070633
v -0.06747487187385559 0.01600000075995922 0.026107674464583397
v -0.06782842427492142 0.01600000075995922 0.02575412206351757
v -0.0663393884897232 0.01600000075995922 0.025348970666527748
v -0.0665307343006134 0.01600000075995922 0.024887030944228172
v -0.06499999761581421 0.01600000075995922 0.025082547217607498
v -0.06366060674190521 0.01600000075995922 0.03181612864136696
v -0.0621715746819973 0.01600000075995922 0.031410977244377136
v -0.06252512335777283 0.01600000075995922 0.03105742298066616
v -0.0613044835627079 0.01600000075995922 0.030113281682133675
v -0.06176642328500748 0.01600000075995922 0.029921941459178925
v -0.061500001698732376 0.01600000075995922 0.02858254872262478
v -0.061000000685453415 0.01600000075995922 0.02858254872262478
v -0.0613044835627079 0.01600000075995922 0.027051815763115883
v -0.06366060674190521 0.01600000075995922 0.025348970666527748
v -0.06346926838159561 0.01600000075995922 0.024887030944228172
v -0.06499999761581421 0.01600000075995922 0.024582548066973686
v -0.0621715746819973 0.01600000075995922 0.02575412206351757
v -0.06176642328500748 0.01600000075995922 0.027243155986070633
v -0.06252512335777283 0.01600000075995922 0.026107674464583397
v -0.0613044835627079 0.016249999403953552 0.027051815763115883
v -0.0613044835627079 0.01600000075995922 0.027051815763115883
v -0.061000000685453415 0.01600000075995922 0.02858254872262478
v -0.0621715746819973 0.01600000075995922 0.02575412206351757
v -0.06346926838159561 0.016249999403953552 0.024887030944228172
v -0.06346926838159561 0.01600000075995922 0.024887030944228172
v -0.0621715746819973 0.016249999403953552 0.02575412206351757
v -0.06499999761581421 0.01600000075995922 0.024582548066973686
v -0.06499999761581421 0.016249999403953552 0.024582548066973686
v -0.06782842427492142 0.01600000075995922 0.02575412206351757
v -0.0665307343006134 0.01600000075995922 0.024887030944228172
v -0.06782842427492142 0.016249999403953552 0.02575412206351757
v -0.0665307343006134 0.016249999403953552 0.024887030944228172
v -0.06869551539421082 0.01600000075995922 0.027051815763115883
v -0.06869551539421082 0.016249999403953552 0.027051815763115883
v -0.061000000685453415 0.016249999403953552 0.02858254872262478
v -0.0689999982714653 0.016249999403953552 0.02858254872262478
v -0.0689999982714653 0.01600000075995922 0.02858254872262478
v -0.0613044835627079 0.016249999403953552 0.030113281682133675
v -0.06782842427492142 0.016249999403953552 0.031410977244377136
v -0.06782842427492142 0.01600000075995922 0.031410977244377136
v -0.06869551539421082 0.01600000075995922 0.030113281682133675
v -0.06869551539421082 0.016249999403953552 0.030113281682133675
v -0.0665307343006134 0.01600000075995922 0.032278068363666534
v -0.0665307343006134 0.016249999403953552 0.032278068363666534
v -0.06346926838159561 0.01600000075995922 0.032278068363666534
v -0.06499999761581421 0.01600000075995922 0.03258254751563072
v -0.06346926838159561 0.016249999403953552 0.032278068363666534
v -0.0621715746819973 0.016249999403953552 0.031410977244377136
v -0.0621715746819973 0.01600000075995922 0.031410977244377136
v -0.06499999761581421 0.016249999403953552 0.03258254751563072
v -0.0613044835627079 0.01600000075995922 0.030113281682133675
v -0.06747487187385559 0.014750000089406967 0.03105742298066616
v -0.06712131947278976 0.014750000089406967 0.030703868716955185
v -0.06777163594961166 0.014750000089406967 0.029730599373579025
v -0.06614973396062851 0.014750000089406967 0.03135348856449127
v -0.06823357939720154 0.014750000089406967 0.029921941459178925
v -0.06800000369548798 0.014750000089406967 0.02858254872262478
v -0.0663393884897232 0.014750000089406967 0.03181612864136696
v -0.06499999761581421 0.014750000089406967 0.03208255022764206
v -0.0661480501294136 0.014750000089406967 0.03135418891906738
v -0.06849999725818634 0.014750000089406967 0.02858254872262478
v -0.06823357939720154 0.014750000089406967 0.027243155986070633
v -0.06777163594961166 0.014750000089406967 0.027434498071670532
v -0.06747487187385559 0.014750000089406967 0.026107674464583397
v -0.06712131947278976 0.014750000089406967 0.026461228728294373
v -0.0663393884897232 0.014750000089406967 0.025348970666527748
v -0.0661480501294136 0.014750000089406967 0.025810910388827324
v -0.06499999761581421 0.014750000089406967 0.025082547217607498
v -0.06499999761581421 0.014750000089406967 0.0315825492143631
v -0.06366060674190521 0.014750000089406967 0.03181612864136696
v -0.06385195255279541 0.014750000089406967 0.03135418891906738
v -0.06252512335777283 0.014750000089406967 0.03105742298066616
v -0.06287868320941925 0.014750000089406967 0.030703868716955185
v -0.06176642328500748 0.014750000089406967 0.029921941459178925
v -0.06222836300730705 0.014750000089406967 0.029730599373579025
v -0.061500001698732376 0.014750000089406967 0.02858254872262478
v -0.06199999898672104 0.014750000089406967 0.02858254872262478
v -0.06499999761581421 0.014750000089406967 0.02558254823088646
v -0.06385195255279541 0.014750000089406967 0.025810910388827324
v -0.06366060674190521 0.014750000089406967 0.025348970666527748
v -0.06252512335777283 0.014750000089406967 0.026107674464583397
v -0.06222836300730705 0.014750000089406967 0.027434498071670532
v -0.06176642328500748 0.014750000089406967 0.027243155986070633
v -0.06287868320941925 0.014750000089406967 0.026461228728294373
v 0.02002512663602829 0.014750000089406967 0.06280742585659027
v 0.020378679037094116 0.014750000089406967 0.062453869730234146
v 0.019266420975327492 0.014750000089406967 0.061671942472457886
v 0.021350262686610222 0.014750000089406967 0.06310348957777023
v 0.019728360697627068 0.014750000089406967 0.061480604112148285
v 0.019500000402331352 0.014750000089406967 0.06033254787325859
v 0.021160608157515526 0.014750000089406967 0.06356612592935562
v 0.02250000089406967 0.014750000089406967 0.06333255022764206
v 0.021351950243115425 0.014750000089406967 0.06310418993234634
v 0.02250000089406967 0.014750000089406967 0.06383255124092102
v 0.01899999938905239 0.014750000089406967 0.06033254787325859
v 0.019266420975327492 0.014750000089406967 0.058993156999349594
v 0.019728360697627068 0.014750000089406967 0.05918449908494949
v 0.02002512663602829 0.014750000089406967 0.05785767361521721
v 0.020378679037094116 0.014750000089406967 0.058211229741573334
v 0.021160608157515526 0.014750000089406967 0.05709896981716156
v 0.021351950243115425 0.014750000089406967 0.057560909539461136
v 0.02250000089406967 0.014750000089406967 0.05683254823088646
v 0.023839391767978668 0.014750000089406967 0.06356612592935562
v 0.02364804968237877 0.014750000089406967 0.06310418993234634
v 0.024621320888400078 0.014750000089406967 0.062453869730234146
v 0.024974873289465904 0.014750000089406967 0.06280742585659027
v 0.025733578950166702 0.014750000089406967 0.061671942472457886
v 0.025271639227867126 0.014750000089406967 0.061480604112148285
v 0.026000000536441803 0.014750000089406967 0.06033254787325859
v 0.025499999523162842 0.014750000089406967 0.06033254787325859
v 0.02250000089406967 0.014750000089406967 0.05733254924416542
v 0.02364804968237877 0.014750000089406967 0.057560909539461136
v 0.023839391767978668 0.014750000089406967 0.05709896981716156
v 0.024974873289465904 0.014750000089406967 0.05785767361521721
v 0.025733578950166702 0.014750000089406967 0.058993156999349594
v 0.025271639227867126 0.014750000089406967 0.05918449908494949
v 0.024621320888400078 0.014750000089406967 0.058211229741573334
v 0.19304567575454712 0.016249999403953552 -0.005078979302197695
v 0.19302427768707275 0.01622684858739376 -0.005070119630545378
v 0.19325265288352966 0.01622684858739376 -0.003922069910913706
v 0.1914006918668747 0.01622684858739376 -0.006693708244711161
v 0.19237396121025085 0.01622684858739376 -0.006043390370905399
v 0.19140955805778503 0.016249999403953552 -0.006715096533298492
v 0.1923903375864029 0.016249999403953552 -0.006059760227799416
v 0.18813133239746094 0.01622684858739376 -0.006043390370905399
v 0.1891046017408371 0.01622684858739376 -0.006693708244711161
v 0.18909573554992676 0.016249999403953552 -0.006715096533298492
v 0.1881149560213089 0.016249999403953552 -0.006059760227799416
v 0.18748100101947784 0.01622684858739376 -0.005070119630545378
v 0.1902526468038559 0.01622684858739376 -0.006922069936990738
v 0.1932757943868637 0.016249999403953552 -0.003922069910913706
v 0.1902526468038559 0.016249999403953552 -0.006945220287889242
v 0.18745961785316467 0.016249999403953552 -0.005078979302197695
v 0.18725264072418213 0.01622684858739376 -0.003922069910913706
v 0.19304567575454712 0.016249999403953552 -0.0027651602867990732
v 0.18745961785316467 0.016249999403953552 -0.0027651602867990732
v 0.18748100101947784 0.01622684858739376 -0.002774019492790103
v 0.18813133239746094 0.01622684858739376 -0.0018007494509220123
v 0.18909573554992676 0.016249999403953552 -0.0011290429392829537
v 0.1891046017408371 0.01622684858739376 -0.0011504312278702855
v 0.1881149560213089 0.016249999403953552 -0.001784379594027996
v 0.1923903375864029 0.016249999403953552 -0.001784379594027996
v 0.19302427768707275 0.01622684858739376 -0.002774019492790103
v 0.19237396121025085 0.01622684858739376 -0.0018007494509220123
v 0.1902526468038559 0.01622684858739376 -0.0009220698266290128
v 0.1914006918668747 0.01622684858739376 -0.0011504312278702855
v 0.19140955805778503 0.016249999403953552 -0.0011290429392829537
v 0.18722949922084808 0.016249999403953552 -0.003922069910913706
v 0.1902526468038559 0.016249999403953552 -0.0008989193011075258
v 0.19492857158184052 0.016249999403953552 0.007864877581596375
v 0.1947716325521469 0.016080141067504883 0.007929880172014236
v 0.19499999284744263 0.016080141067504883 0.009077929891645908
v 0.19314804673194885 0.016080141067504883 0.0063062915578484535
v 0.194121316075325 0.016080141067504883 0.006956609897315502
v 0.19424143433570862 0.016249999403953552 0.006836501881480217
v 0.19085195660591125 0.016080141067504883 0.0063062915578484535
v 0.19200000166893005 0.016080141067504883 0.006077930331230164
v 0.19200000166893005 0.016249999403953552 0.005908071994781494
v 0.1898786723613739 0.016080141067504883 0.006956609897315502
v 0.1897585690021515 0.016249999403953552 0.006836501881480217
v 0.189228355884552 0.016080141067504883 0.007929880172014236
v 0.19321304559707642 0.016249999403953552 0.006149363238364458
v 0.1907869428396225 0.016249999403953552 0.006149363238364458
v 0.1951698511838913 0.016249999403953552 0.009077929891645908
v 0.1890714317560196 0.016249999403953552 0.007864877581596375
v 0.1889999955892563 0.016080141067504883 0.009077929891645908
v 0.19492857158184052 0.016249999403953552 0.010290982201695442
v 0.18883013725280762 0.016249999403953552 0.009077929891645908
v 0.189228355884552 0.016080141067504883 0.010225980542600155
v 0.1898786723613739 0.016080141067504883 0.01119925081729889
v 0.1897585690021515 0.016249999403953552 0.0113193579018116
v 0.19085195660591125 0.016080141067504883 0.011849569156765938
v 0.19321304559707642 0.016249999403953552 0.012006497010588646
v 0.194121316075325 0.016080141067504883 0.01119925081729889
v 0.19314804673194885 0.016080141067504883 0.011849569156765938
v 0.1907869428396225 0.016249999403953552 0.012006497010588646
v 0.19200000166893005 0.016080141067504883 0.012077930383384228
v 0.19424143433570862 0.016249999403953552 0.0113193579018116
v 0.1947716325521469 0.016080141067504883 0.010225980542600155
v 0.1890714317560196 0.016249999403953552 0.010290982201695442
v 0.19200000166893005 0.016249999403953552 0.012247787788510323
v -0.0027716385666280985 0.011350000277161598 0.001148050301708281
v -0.004596194252371788 0.011350000277161598 0.004596194252371788
v -0.00212132022716105 0.011350000277161598 0.00212132022716105
v -0.006005216855555773 0.011350000277161598 0.002487442223355174
v -0.006500000134110451 0.011350000277161598 2.491318715452766e-16
v -0.002487442223355174 0.011350000277161598 0.006005216855555773
v -0.001658282009884715 0.011350000277161598 0.0025000202003866434
v -0.001148050301708281 0.011350000277161598 0.0027716385666280985
v 5.211497262924171e-17 0.011350000277161598 0.006500000134110451
v -0.006005216855555773 0.011350000277161598 -0.002487442223355174
v -0.0027716385666280985 0.011350000277161598 -0.001148050301708281
v -0.003000000026077032 0.011350000277161598 2.468404356647169e-16
v -0.004596194252371788 0.011350000277161598 -0.004596194252371788
v -0.00212132022716105 0.011350000277161598 -0.00212132022716105
v -0.002487442223355174 0.011350000277161598 -0.006005216855555773
v -0.001148050301708281 0.011350000277161598 -0.0027716385666280985
v 4.6109717482723084e-17 0.011350000277161598 -0.003000000026077032
v 5.0037865862839404e-17 0.011350000277161598 0.003000000026077032
v 0.001148050301708281 0.011350000277161598 0.0027716385666280985
v 0.002487442223355174 0.011350000277161598 0.006005216855555773
v 0.004596194252371788 0.011350000277161598 0.004596194252371788
v 0.00212132022716105 0.011350000277161598 0.00212132022716105
v 0.006005216855555773 0.011350000277161598 0.002487442223355174
v 0.0027716385666280985 0.011350000277161598 0.001148050301708281
v 0.003000000026077032 0.011350000277161598 2.43279694442917e-16
v 0.006500000134110451 0.011350000277161598 2.3982485880930354e-16
v 0.002487442223355174 0.011350000277161598 -0.006005216855555773
v 0.001148050301708281 0.011350000277161598 -0.0027716385666280985
v 4.36039855752305e-17 0.011350000277161598 -0.006500000134110451
v 0.00212132022716105 0.011350000277161598 -0.00212132022716105
v 0.004596194252371788 0.011350000277161598 -0.004596194252371788
v 0.0027716385666280985 0.011350000277161598 -0.001148050301708281
v 0.006005216855555773 0.011350000277161598 -0.002487442223355174
v 0.006005216855555773 0.016249999403953552 -0.002487442223355174
v 0.006005216855555773 0.011350000277161598 -0.002487442223355174
v 0.006500000134110451 0.011350000277161598 2.3982485880930354e-16
v 0.004596194252371788 0.016249999403953552 -0.004596194252371788
v 0.002487442223355174 0.011350000277161598 -0.006005216855555773
v 0.004596194252371788 0.011350000277161598 -0.004596194252371788
v -0.002487442223355174 0.016249999403953552 -0.006005216855555773
v -0.002487442223355174 0.011350000277161598 -0.006005216855555773
v 4.36039855752305e-17 0.011350000277161598 -0.006500000134110451
v -0.006005216855555773 0.016249999403953552 -0.002487442223355174
v -0.006005216855555773 0.011350000277161598 -0.002487442223355174
v -0.004596194252371788 0.011350000277161598 -0.004596194252371788
v -0.004596194252371788 0.016249999403953552 -0.004596194252371788
v 4.3441030994557554e-17 0.016249999403953552 -0.006500000134110451
v 0.006500000134110451 0.016249999403953552 2.400944799843264e-16
v 0.002487442223355174 0.016249999403953552 -0.006005216855555773
v -0.006500000134110451 0.016249999403953552 2.4940149272029946e-16
v -0.006500000134110451 0.011350000277161598 2.491318715452766e-16
v 0.006005216855555773 0.016249999403953552 0.002487442223355174
v -0.006005216855555773 0.016249999403953552 0.002487442223355174
v -0.006005216855555773 0.011350000277161598 0.002487442223355174
v -0.002487442223355174 0.016249999403953552 0.006005216855555773
v -0.002487442223355174 0.011350000277161598 0.006005216855555773
v -0.004596194252371788 0.011350000277161598 0.004596194252371788
v -0.004596194252371788 0.016249999403953552 0.004596194252371788
v 0.002487442223355174 0.016249999403953552 0.006005216855555773
v 0.002487442223355174 0.011350000277161598 0.006005216855555773
v 5.211497262924171e-17 0.011350000277161598 0.006500000134110451
v 0.006005216855555773 0.011350000277161598 0.002487442223355174
v 0.004596194252371788 0.011350000277161598 0.004596194252371788
v 5.1952018048568763e-17 0.016249999403953552 0.006500000134110451
v 0.004596194252371788 0.016249999403953552 0.004596194252371788
v -0.045226920396089554 0.01425000000745058 0.020936228334903717
v -0.042546216398477554 0.010250000283122063 0.020084571093320847
v -0.045226920396089554 0.010250000283122063 0.020936228334903717
v -0.042546216398477554 0.01425000000745058 0.020084571093320847
v -0.04032597318291664 0.01425000000745058 0.018357712775468826
v -0.04032597318291664 0.010250000283122063 0.018357712775468826
v 0.03417201340198517 0.01425000000745058 0.04679373651742935
v 0.032172106206417084 0.016249999403953552 0.04840528219938278
v 0.032172106206417084 0.01425000000745058 0.04840528219938278
v 0.03657952696084976 0.016249999403953552 0.04589899629354477
v 0.03417201340198517 0.016249999403953552 0.04679373651742935
v 0.03657952696084976 0.01425000000745058 0.04589899629354477
v 0.030785944312810898 0.016249999403953552 0.050567518919706345
v 0.03015640564262867 0.01425000000745058 0.05305757746100426
v 0.030785944312810898 0.01425000000745058 0.050567518919706345
v 0.03015640564262867 0.016249999403953552 0.05305757746100426
v 0.1909133791923523 0.01425000000745058 -0.009667451493442059
v 0.1909133791923523 0.01425000000745058 -0.007667451165616512
v 0.021413380280137062 0.01425000000745058 -0.007667451165616512
v 0.021413380280137062 0.01425000000745058 -0.009667451493442059
v -0.04895390570163727 0.01425000000745058 0.017458777874708176
v -0.042546216398477554 0.01425000000745058 0.020084571093320847
v -0.045226920396089554 0.01425000000745058 0.020936228334903717
v -0.06565263122320175 0.01425000000745058 0.023625323548913002
v -0.06499999761581421 0.01425000000745058 0.022082548588514328
v -0.056905392557382584 0.01425000000745058 0.020019005984067917
v -0.033601418137550354 0.01425000000745058 0.01088933926075697
v -0.04032597318291664 0.01425000000745058 0.018357712775468826
v -0.04117598757147789 0.01425000000745058 0.014411666430532932
v -0.06830594688653946 0.01425000000745058 0.02483145147562027
v -0.06925570219755173 0.01425000000745058 0.025957856327295303
v -0.06929275393486023 0.01425000000745058 0.025504766032099724
v -0.06983592361211777 0.01425000000745058 0.027312172576785088
v -0.06823516637086868 0.01425000000745058 0.023941675201058388
v -0.06675945967435837 0.01425000000745058 0.022765228524804115
v -0.06706912070512772 0.01425000000745058 0.024030765518546104
v -0.06499999761581421 0.01425000000745058 0.022082548588514328
v -0.06675945967435837 0.01425000000745058 0.022765228524804115
v -0.06499999761581421 0.016249999403953552 0.022082548588514328
v -0.06675945967435837 0.016249999403953552 0.022765228524804115
v -0.06823516637086868 0.01425000000745058 0.023941675201058388
v -0.06823516637086868 0.016249999403953552 0.023941675201058388
v -0.06929275393486023 0.01425000000745058 0.025504766032099724
v -0.06983592361211777 0.01425000000745058 0.027312172576785088
v -0.06983592361211777 0.016249999403953552 0.027312172576785088
v -0.06929275393486023 0.016249999403953552 0.025504766032099724
v 0.02869059331715107 0.01425000000745058 0.06360004842281342
v 0.026933584362268448 0.01425000000745058 0.06574949622154236
v 0.02556447684764862 0.01425000000745058 0.06428337097167969
v 0.023724349215626717 0.01425000000745058 0.06518033146858215
v 0.026890922337770462 0.01425000000745058 0.06272415816783905
v 0.029473884031176567 0.01425000000745058 0.06093665957450867
v 0.02748134545981884 0.01425000000745058 0.06076405569911003
v 0.03015640564262867 0.01425000000745058 0.05305757746100426
v 0.024479219689965248 0.01425000000745058 0.06704691052436829
v 0.02171354368329048 0.01425000000745058 0.06728822737932205
v 0.021678991615772247 0.01425000000745058 0.06526467949151993
v -0.022425860166549683 0.01425000000745058 0.05792294442653656
v -0.051500000059604645 0.01425000000745058 0.05901020020246506
v -0.05624060705304146 0.01425000000745058 0.057211119681596756
v 0.11040650308132172 0.01425000000745058 0.02930932305753231
v 0.19238676130771637 0.01425000000745058 0.015189604833722115
v 0.11448314785957336 0.01425000000745058 0.030544299632310867
v 0.030785944312810898 0.01425000000745058 0.050567518919706345
v 0.028480088338255882 0.01425000000745058 0.049234483391046524
v 0.032172106206417084 0.01425000000745058 0.04840528219938278
v 0.03417201340198517 0.01425000000745058 0.04679373651742935
v 0.02881300263106823 0.01425000000745058 0.04539128765463829
v 0.19200000166893005 0.01425000000745058 0.013227356597781181
v 0.03657952696084976 0.01425000000745058 0.04589899629354477
v -0.044925861060619354 0.01425000000745058 0.04543878883123398
v -0.06719499826431274 0.01425000000745058 0.046936795115470886
v -0.06929381191730499 0.01425000000745058 0.042321059852838516
v -0.06054187938570976 0.01425000000745058 0.05452614650130272
v -0.06169528514146805 0.01425000000745058 0.03893912211060524
v -0.05617586523294449 0.01425000000745058 0.039196714758872986
v -0.06161916255950928 0.01425000000745058 0.03932180628180504
v -0.06169528514146805 0.01425000000745058 0.03970448672771454
v -0.0642402321100235 0.01425000000745058 0.051057394593954086
v -0.0622364804148674 0.01425000000745058 0.04024568572640419
v -0.0626191645860672 0.01425000000745058 0.04032180458307266
v -0.063001848757267 0.01425000000745058 0.04024568572640419
v -0.06332626938819885 0.01425000000745058 0.04002891108393669
v -0.06191205605864525 0.01425000000745058 0.04002891108393669
v 0.028147174045443535 0.01425000000745058 0.05307767540216446
v -0.06354304403066635 0.01425000000745058 0.03970448672771454
v -0.0704568549990654 0.01425000000745058 0.037385739386081696
v -0.06361916661262512 0.01425000000745058 0.03932180628180504
v -0.06354304403066635 0.01425000000745058 0.03893912211060524
v -0.06742586195468903 0.01425000000745058 0.03295464068651199
v -0.0626191645860672 0.01425000000745058 0.038321804255247116
v -0.063001848757267 0.01425000000745058 0.03839792683720589
v -0.06332626938819885 0.01425000000745058 0.03861469775438309
v -0.07063987106084824 0.01425000000745058 0.032318536192178726
v -0.06871265918016434 0.01425000000745058 0.03193160519003868
v -0.0622364804148674 0.01425000000745058 0.03839792683720589
v -0.06191205605864525 0.01425000000745058 0.03861469775438309
v -0.06959812343120575 0.01425000000745058 0.030546540394425392
v -0.06998653709888458 0.01425000000745058 0.02894917130470276
v -0.06983592361211777 0.01425000000745058 0.027312172576785088
v -0.07063987106084824 0.01425000000745058 0.032318536192178726
v -0.06983592361211777 0.016249999403953552 0.027312172576785088
v -0.0704568549990654 0.01425000000745058 0.037385739386081696
v -0.0704568549990654 0.016249999403953552 0.037385739386081696
v -0.07063987106084824 0.016249999403953552 0.032318536192178726
v -0.06929381191730499 0.01425000000745058 0.042321059852838516
v -0.06929381191730499 0.016249999403953552 0.042321059852838516
v -0.06719499826431274 0.01425000000745058 0.046936795115470886
v -0.06719499826431274 0.016249999403953552 0.046936795115470886
v -0.0642402321100235 0.01425000000745058 0.051057394593954086
v -0.06054187938570976 0.01425000000745058 0.05452614650130272
v -0.06054187938570976 0.016249999403953552 0.05452614650130272
v -0.05624060705304146 0.01425000000745058 0.057211119681596756
v -0.05624060705304146 0.016249999403953552 0.057211119681596756
v -0.051500000059604645 0.016249999403953552 0.05901020020246506
v -0.051500000059604645 0.01425000000745058 0.05901020020246506
v -0.0642402321100235 0.016249999403953552 0.051057394593954086
v -0.06169528514146805 0.016249999403953552 0.03893912211060524
v -0.06169528514146805 0.01425000000745058 0.03893912211060524
v -0.06161916255950928 0.01425000000745058 0.03932180628180504
v -0.0622364804148674 0.016249999403953552 0.03839792683720589
v -0.0622364804148674 0.01425000000745058 0.03839792683720589
v -0.06191205605864525 0.01425000000745058 0.03861469775438309
v -0.06191205605864525 0.016249999403953552 0.03861469775438309
v -0.0626191645860672 0.016249999403953552 0.038321804255247116
v -0.063001848757267 0.01425000000745058 0.03839792683720589
v -0.0626191645860672 0.01425000000745058 0.038321804255247116
v -0.06332626938819885 0.016249999403953552 0.03861469775438309
v -0.06354304403066635 0.01425000000745058 0.03893912211060524
v -0.06332626938819885 0.01425000000745058 0.03861469775438309
v -0.063001848757267 0.016249999403953552 0.03839792683720589
v -0.06161916255950928 0.016249999403953552 0.03932180628180504
v -0.06354304403066635 0.016249999403953552 0.03893912211060524
v -0.06361916661262512 0.01425000000745058 0.03932180628180504
v -0.06169528514146805 0.016249999403953552 0.03970448672771454
v -0.06361916661262512 0.016249999403953552 0.03932180628180504
v -0.06354304403066635 0.01425000000745058 0.03970448672771454
v -0.06332626938819885 0.016249999403953552 0.04002891108393669
v -0.063001848757267 0.01425000000745058 0.04024568572640419
v -0.06332626938819885 0.01425000000745058 0.04002891108393669
v -0.06354304403066635 0.016249999403953552 0.03970448672771454
v -0.0622364804148674 0.016249999403953552 0.04024568572640419
v -0.0622364804148674 0.01425000000745058 0.04024568572640419
v -0.0626191645860672 0.01425000000745058 0.04032180458307266
v -0.06169528514146805 0.01425000000745058 0.03970448672771454
v -0.06191205605864525 0.01425000000745058 0.04002891108393669
v -0.06191205605864525 0.016249999403953552 0.04002891108393669
v -0.0626191645860672 0.016249999403953552 0.04032180458307266
v -0.063001848757267 0.016249999403953552 0.04024568572640419
v 0.02171354368329048 0.01425000000745058 0.06728822737932205
v -0.051500000059604645 0.016249999403953552 0.05901020020246506
v -0.051500000059604645 0.01425000000745058 0.05901020020246506
v 0.02171354368329048 0.016249999403953552 0.06728822737932205
v 0.024479219689965248 0.016249999403953552 0.06704691052436829
v 0.024479219689965248 0.01425000000745058 0.06704691052436829
v 0.026933584362268448 0.016249999403953552 0.06574949622154236
v 0.026933584362268448 0.01425000000745058 0.06574949622154236
v 0.02869059331715107 0.01425000000745058 0.06360004842281342
v 0.029473884031176567 0.01425000000745058 0.06093665957450867
v 0.029473884031176567 0.016249999403953552 0.06093665957450867
v 0.02869059331715107 0.016249999403953552 0.06360004842281342
v 0.19238676130771637 0.01425000000745058 0.015189604833722115
v 0.19238676130771637 0.016249999403953552 0.015189604833722115
v 0.19200000166893005 0.016249999403953552 0.013227356597781181
v 0.19238676130771637 0.016249999403953552 0.015189604833722115
v 0.19238676130771637 0.01425000000745058 0.015189604833722115
v 0.19200000166893005 0.01425000000745058 0.013227356597781181
v 0.05542387813329697 0.016249999403953552 0.019617317244410515
v 0.05550000071525574 0.016249999403953552 0.019999999552965164
v 0.11448314785957336 0.016249999403953552 0.030544299632310867
v 0.05542387813329697 0.016249999403953552 0.020382683724164963
v 0.055207107216119766 0.016249999403953552 0.020707106217741966
v 0.19238676130771637 0.016249999403953552 0.015189604833722115
v 0.19200000166893005 0.016249999403953552 0.013227356597781181
v 0.1501353234052658 0.016249999403953552 0.011601809412240982
v 0.19321304559707642 0.016249999403953552 0.012006497010588646
v 0.19204983115196228 0.016249999403953552 0.01307761948555708
v 0.19762644171714783 0.016249999403953552 0.012048435397446156
v 0.19207638502120972 0.016249999403953552 0.013212301768362522
v 0.19200000166893005 0.016249999403953552 0.012247787788510323
v 0.1907869428396225 0.016249999403953552 0.012006497010588646
v 0.1493699699640274 0.016249999403953552 0.011601809412240982
v 0.054882682859897614 0.016249999403953552 0.020923878997564316
v 0.048500001430511475 0.016249999403953552 0.032499998807907104
v 0.054499998688697815 0.016249999403953552 0.020999999716877937
v 0.054117318242788315 0.016249999403953552 0.020923878997564316
v 0.04964805021882057 0.016249999403953552 0.03272836282849312
v 0.055207107216119766 0.016249999403953552 0.019292892888188362
v 0.04349999874830246 0.016249999403953552 0.001500000013038516
v 0.054117318242788315 0.016249999403953552 0.019076120108366013
v 0.054499998688697815 0.016249999403953552 0.01899999938905239
v 0.054882682859897614 0.016249999403953552 0.019076120108366013
v 0.14904554188251495 0.016249999403953552 0.011385036632418633
v 0.1497526466846466 0.016249999403953552 0.011677930131554604
v 0.14882875978946686 0.016249999403953552 0.010295246727764606
v 0.044648051261901855 0.016249999403953552 0.0012716385535895824
v 0.19424143433570862 0.016249999403953552 0.0113193579018116
v 0.19492857158184052 0.016249999403953552 0.010290982201695442
v 0.15045975148677826 0.016249999403953552 0.011385036632418633
v 0.1897585690021515 0.016249999403953552 0.0113193579018116
v 0.15067651867866516 0.016249999403953552 0.011060613207519054
v 0.20320305228233337 0.016249999403953552 0.011019250378012657
v 0.20377804338932037 0.016249999403953552 0.010689882561564445
v 0.1890714317560196 0.016249999403953552 0.010290982201695442
v 0.15075264871120453 0.016249999403953552 0.01067792996764183
v 0.14882875978946686 0.016249999403953552 0.011060613207519054
v 0.14875264465808868 0.016249999403953552 0.01067792996764183
v 0.15067651867866516 0.016249999403953552 0.010295246727764606
v 0.04637867957353592 0.016249999403953552 0.03762131929397583
v 0.03657952696084976 0.016249999403953552 0.04589899629354477
v 0.04735194891691208 0.016249999403953552 0.03827163949608803
v 0.03417201340198517 0.016249999403953552 0.04679373651742935
v -0.040501948446035385 0.016249999403953552 0.03827163949608803
v 0.032172106206417084 0.016249999403953552 0.04840528219938278
v 0.04572836309671402 0.016249999403953552 0.03435194864869118
v 0.04637867957353592 0.016249999403953552 0.033378683030605316
v -0.039528679102659225 0.016249999403953552 0.033378683030605316
v 0.05127163976430893 0.016249999403953552 0.03664804995059967
v 0.05062131956219673 0.016249999403953552 0.03762131929397583
v 0.048500001430511475 0.016249999403953552 0.03849999979138374
v 0.04964805021882057 0.016249999403953552 0.03827163949608803
v -0.03887835890054703 0.016249999403953552 0.03664804995059967
v 0.04572836309671402 0.016249999403953552 0.03664804995059967
v 0.024030733853578568 0.016249999403953552 0.0640280693769455
v 0.02869059331715107 0.016249999403953552 0.06360004842281342
v 0.02532842755317688 0.016249999403953552 0.0631609782576561
v 0.026195518672466278 0.016249999403953552 0.06186328083276749
v 0.026933584362268448 0.016249999403953552 0.06574949622154236
v 0.029473884031176567 0.016249999403953552 0.06093665957450867
v 0.026195518672466278 0.016249999403953552 0.058801814913749695
v 0.03015640564262867 0.016249999403953552 0.05305757746100426
v 0.026499999687075615 0.016249999403953552 0.06033254787325859
v 0.020969266071915627 0.016249999403953552 0.056637030094861984
v 0.030785944312810898 0.016249999403953552 0.050567518919706345
v 0.05062131956219673 0.016249999403953552 0.033378683030605316
v 0.05127163976430893 0.016249999403953552 0.03435194864869118
v 0.051500000059604645 0.016249999403953552 0.03550000116229057
v 0.05379289388656616 0.016249999403953552 0.020707106217741966
v 0.05357611924409866 0.016249999403953552 0.020382683724164963
v -0.04117598757147789 0.016249999403953552 0.014411666430532932
v 0.05379289388656616 0.016249999403953552 0.019292892888188362
v 5.1952018048568763e-17 0.016249999403953552 0.006500000134110451
v 0.05357611924409866 0.016249999403953552 0.019617317244410515
v 0.05350000038743019 0.016249999403953552 0.019999999552965164
v 0.045499999076128006 0.016249999403953552 0.03550000116229057
v -0.03864999860525131 0.016249999403953552 0.03550000116229057
v 0.04735194891691208 0.016249999403953552 0.03272836282849312
v -0.040501948446035385 0.016249999403953552 0.03272836282849312
v 0.002487442223355174 0.016249999403953552 0.006005216855555773
v 0.20402155816555023 0.016249999403953552 0.010035857558250427
v 0.20382490754127502 0.016249999403953552 0.009440338239073753
v 0.20327621698379517 0.016249999403953552 0.009068823419511318
v 0.20107398927211761 0.016249999403953552 0.008116912096738815
v 0.1951698511838913 0.016249999403953552 0.009077929891645908
v 0.19492857158184052 0.016249999403953552 0.007864877581596375
v 0.19925305247306824 0.016249999403953552 0.006554842926561832
v 0.19797714054584503 0.016249999403953552 0.004523101728409529
v 0.19321304559707642 0.016249999403953552 0.006149363238364458
v 0.20402085781097412 0.016249999403953552 0.010073339566588402
v 0.19424143433570862 0.016249999403953552 0.006836501881480217
v 0.1973610371351242 0.016249999403953552 0.0022044151555746794
v 0.19200000166893005 0.016249999403953552 0.005908071994781494
v 0.1907869428396225 0.016249999403953552 0.006149363238364458
v 0.1902526468038559 0.016249999403953552 -0.0008989193011075258
v 0.1974601149559021 0.016249999403953552 -0.00019268358300905675
v 0.19140955805778503 0.016249999403953552 -0.0011290429392829537
v 0.20219027996063232 0.016249999403953552 -0.0066674514673650265
v 0.1923903375864029 0.016249999403953552 -0.006059760227799416
v 0.20209987461566925 0.016249999403953552 -0.006251956801861525
v 0.19970473647117615 0.016249999403953552 -0.0043721129186451435
v 0.20164838433265686 0.016249999403953552 -0.005778562277555466
v 0.19304567575454712 0.016249999403953552 -0.005078979302197695
v 0.20216211676597595 0.016249999403953552 -0.006903153378516436
v 0.2011902779340744 0.016249999403953552 -0.007667451165616512
v 0.20180845260620117 0.016249999403953552 -0.007453486323356628
v 0.1932757943868637 0.016249999403953552 -0.003922069910913706
v 0.19826550781726837 0.016249999403953552 -0.0024526091292500496
v 0.19304567575454712 0.016249999403953552 -0.0027651602867990732
v 0.1923903375864029 0.016249999403953552 -0.001784379594027996
v 0.19140955805778503 0.016249999403953552 -0.006715096533298492
v 0.1909133791923523 0.016249999403953552 -0.007667451165616512
v 0.1902526468038559 0.016249999403953552 -0.006945220287889242
v 0.1909133791923523 0.016249999403953552 -0.009667451493442059
v 0.18909573554992676 0.016249999403953552 -0.006715096533298492
v 0.18883013725280762 0.016249999403953552 0.009077929891645908
v 0.15045975148677826 0.016249999403953552 0.009970823302865028
v 0.1501353234052658 0.016249999403953552 0.009754050523042679
v 0.1890714317560196 0.016249999403953552 0.007864877581596375
v 0.1497526466846466 0.016249999403953552 0.009677929803729057
v 0.1897585690021515 0.016249999403953552 0.006836501881480217
v 0.18909573554992676 0.016249999403953552 -0.0011290429392829537
v 0.14904554188251495 0.016249999403953552 0.009970823302865028
v 0.1493699699640274 0.016249999403953552 0.009754050523042679
v 0.045621320605278015 0.016249999403953552 0.0006213203305378556
v 0.046271637082099915 0.016249999403953552 -0.000351949711330235
v 0.04235194995999336 0.016249999403953552 0.0012716385535895824
v 0.0413786806166172 0.016249999403953552 0.0006213203305378556
v 0.006005216855555773 0.016249999403953552 0.002487442223355174
v 0.040728360414505005 0.016249999403953552 -0.000351949711330235
v 0.006500000134110451 0.016249999403953552 2.416865313482501e-16
v 0.04650000110268593 0.016249999403953552 -0.001500000013038516
v 0.004596194252371788 0.016249999403953552 0.004596194252371788
v 0.046271637082099915 0.016249999403953552 -0.0026480501983314753
v 0.1881149560213089 0.016249999403953552 -0.001784379594027996
v 0.18722949922084808 0.016249999403953552 -0.003922069910913706
v 0.18745961785316467 0.016249999403953552 -0.0027651602867990732
v 0.1881149560213089 0.016249999403953552 -0.006059760227799416
v 0.045621320605278015 0.016249999403953552 -0.003621320240199566
v 0.18745961785316467 0.016249999403953552 -0.005078979302197695
v 0.044648051261901855 0.016249999403953552 -0.0042716385796666145
v 0.04050000011920929 0.016249999403953552 -0.001500000013038516
v 0.040728360414505005 0.016249999403953552 -0.0026480501983314753
v 0.006005216855555773 0.016249999403953552 -0.002487442223355174
v 0.004596194252371788 0.016249999403953552 -0.004596194252371788
v 0.0413786806166172 0.016249999403953552 -0.003621320240199566
v 0.04235194995999336 0.016249999403953552 -0.0042716385796666145
v 1.8629818665945433e-16 0.016249999403953552 -0.009667451493442059
v 0.04349999874830246 0.016249999403953552 -0.0044999998062849045
v 0.02532842755317688 0.016249999403953552 0.05750412121415138
v 0.02250000089406967 0.016249999403953552 0.06433255225419998
v 0.020969266071915627 0.016249999403953552 0.0640280693769455
v 0.02171354368329048 0.016249999403953552 0.06728822737932205
v 0.024479219689965248 0.016249999403953552 0.06704691052436829
v 0.019671572372317314 0.016249999403953552 0.0631609782576561
v 0.018804481253027916 0.016249999403953552 0.06186328083276749
v 0.012764894403517246 0.016249999403953552 0.062346719205379486
v 0.01850000023841858 0.016249999403953552 0.06033254787325859
v 0.013277458027005196 0.016249999403953552 0.061109282076358795
v 0.013144247233867645 0.016249999403953552 0.06177897751331329
v 0.011527457274496555 0.016249999403953552 0.06285928189754486
v 0.012197153642773628 0.016249999403953552 0.06272607296705246
v 0.010857761837542057 0.016249999403953552 0.06272607296705246
v 0.00977745745331049 0.016249999403953552 0.061109282076358795
v 0.00991066824644804 0.016249999403953552 0.0604395866394043
v -0.051500000059604645 0.016249999403953552 0.05901020020246506
v 0.00991066824644804 0.016249999403953552 0.06177897751331329
v 0.010290021076798439 0.016249999403953552 0.062346719205379486
v 0.012764894403517246 0.016249999403953552 0.059871844947338104
v 0.018804481253027916 0.016249999403953552 0.058801814913749695
v 0.013144247233867645 0.016249999403953552 0.0604395866394043
v 0.011527457274496555 0.016249999403953552 0.05935928225517273
v 0.019671572372317314 0.016249999403953552 0.05750412121415138
v 0.02250000089406967 0.016249999403953552 0.0563325472176075
v -0.039528679102659225 0.016249999403953552 0.03762131929397583
v 0.024030733853578568 0.016249999403953552 0.056637030094861984
v 0.012197153642773628 0.016249999403953552 0.05949249118566513
v 0.010290021076798439 0.016249999403953552 0.059871844947338104
v 0.010857761837542057 0.016249999403953552 0.05949249118566513
v -0.03887835890054703 0.016249999403953552 0.03435194864869118
v -0.04165000095963478 0.016249999403953552 0.03849999979138374
v -0.06054187938570976 0.016249999403953552 0.05452614650130272
v -0.05624060705304146 0.016249999403953552 0.057211119681596756
v -0.0642402321100235 0.016249999403953552 0.051057394593954086
v -0.0622364804148674 0.016249999403953552 0.04024568572640419
v -0.06719499826431274 0.016249999403953552 0.046936795115470886
v -0.06169528514146805 0.016249999403953552 0.03970448672771454
v -0.06191205605864525 0.016249999403953552 0.04002891108393669
v -0.04279804974794388 0.016249999403953552 0.03827163949608803
v -0.06161916255950928 0.016249999403953552 0.03932180628180504
v -0.06169528514146805 0.016249999403953552 0.03893912211060524
v -0.0626191645860672 0.016249999403953552 0.04032180458307266
v -0.06929381191730499 0.016249999403953552 0.042321059852838516
v -0.063001848757267 0.016249999403953552 0.04024568572640419
v -0.06332626938819885 0.016249999403953552 0.04002891108393669
v -0.06354304403066635 0.016249999403953552 0.03970448672771454
v -0.06361916661262512 0.016249999403953552 0.03932180628180504
v -0.0704568549990654 0.016249999403953552 0.037385739386081696
v -0.06191205605864525 0.016249999403953552 0.03861469775438309
v -0.04377131909132004 0.016249999403953552 0.03762131929397583
v -0.044421639293432236 0.016249999403953552 0.03664804995059967
v -0.04464999586343765 0.016249999403953552 0.03550000116229057
v -0.054400064051151276 0.016249999403953552 0.03327216953039169
v -0.06354304403066635 0.016249999403953552 0.03893912211060524
v -0.06332626938819885 0.016249999403953552 0.03861469775438309
v -0.0622364804148674 0.016249999403953552 0.03839792683720589
v -0.044421639293432236 0.016249999403953552 0.03435194864869118
v -0.063001848757267 0.016249999403953552 0.03839792683720589
v -0.0626191645860672 0.016249999403953552 0.038321804255247116
v -0.05373036861419678 0.016249999403953552 0.03313896059989929
v -0.04377131909132004 0.016249999403953552 0.033378683030605316
v -0.06499999761581421 0.016249999403953552 0.03258254751563072
v -0.033601418137550354 0.016249999403953552 0.01088933926075697
v -0.04895390570163727 0.016249999403953552 0.017458777874708176
v -0.026259198784828186 0.016249999403953552 0.006905281450599432
v -0.002487442223355174 0.016249999403953552 0.006005216855555773
v -0.004596194252371788 0.016249999403953552 0.004596194252371788
v -0.04279804974794388 0.016249999403953552 0.03272836282849312
v -0.04165000095963478 0.016249999403953552 0.032499998807907104
v -0.05265006422996521 0.016249999403953552 0.03152216970920563
v -0.05278327688574791 0.016249999403953552 0.032191865146160126
v -0.053162626922130585 0.016249999403953552 0.03275960683822632
v -0.053162626922130585 0.016249999403953552 0.030284734442830086
v -0.05278327688574791 0.016249999403953552 0.03085247427225113
v -0.05373036861419678 0.016249999403953552 0.02990538254380226
v 0.002487442223355174 0.016249999403953552 -0.006005216855555773
v 4.3441030994557554e-17 0.016249999403953552 -0.006500000134110451
v -0.0031179531943053007 0.016249999403953552 -0.009150845929980278
v -0.002487442223355174 0.016249999403953552 -0.006005216855555773
v -0.00590267451480031 0.016249999403953552 -0.007656242232769728
v -0.01917744055390358 0.016249999403953552 0.002474748995155096
v -0.006005216855555773 0.016249999403953552 0.002487442223355174
v -0.012383261695504189 0.016249999403953552 -0.0023852952290326357
v -0.006500000134110451 0.016249999403953552 2.4940149272029946e-16
v -0.004596194252371788 0.016249999403953552 -0.004596194252371788
v -0.006005216855555773 0.016249999403953552 -0.002487442223355174
v -0.06346926838159561 0.016249999403953552 0.032278068363666534
v -0.055069759488105774 0.016249999403953552 0.03313896059989929
v -0.05563750118017197 0.016249999403953552 0.03275960683822632
v -0.0613044835627079 0.016249999403953552 0.030113281682133675
v -0.05601685494184494 0.016249999403953552 0.03085247427225113
v -0.05563750118017197 0.016249999403953552 0.030284734442830086
v -0.05601685494184494 0.016249999403953552 0.032191865146160126
v -0.0621715746819973 0.016249999403953552 0.031410977244377136
v -0.06782842427492142 0.016249999403953552 0.031410977244377136
v -0.07063987106084824 0.016249999403953552 0.032318536192178726
v -0.0665307343006134 0.016249999403953552 0.032278068363666534
v -0.05615006387233734 0.016249999403953552 0.03152216970920563
v -0.06869551539421082 0.016249999403953552 0.030113281682133675
v -0.055069759488105774 0.016249999403953552 0.02990538254380226
v -0.0689999982714653 0.016249999403953552 0.02858254872262478
v -0.061000000685453415 0.016249999403953552 0.02858254872262478
v -0.054400064051151276 0.016249999403953552 0.02977217175066471
v -0.0613044835627079 0.016249999403953552 0.027051815763115883
v -0.0621715746819973 0.016249999403953552 0.02575412206351757
v -0.06346926838159561 0.016249999403953552 0.024887030944228172
v -0.056905392557382584 0.016249999403953552 0.020019005984067917
v -0.06499999761581421 0.016249999403953552 0.022082548588514328
v -0.06499999761581421 0.016249999403953552 0.024582548066973686
v -0.06869551539421082 0.016249999403953552 0.027051815763115883
v -0.06782842427492142 0.016249999403953552 0.02575412206351757
v -0.06929275393486023 0.016249999403953552 0.025504766032099724
v -0.06983592361211777 0.016249999403953552 0.027312172576785088
v -0.06823516637086868 0.016249999403953552 0.023941675201058388
v -0.0665307343006134 0.016249999403953552 0.024887030944228172
v -0.06675945967435837 0.016249999403953552 0.022765228524804115
v -0.06742586195468903 0.010250000283122063 0.03295464068651199
v -0.06602610647678375 0.010250000283122063 0.03373129665851593
v -0.06742586195468903 0.01425000000745058 0.03295464068651199
v -0.04844817519187927 0.010250000283122063 0.04348443076014519
v -0.022425860166549683 0.010250000283122063 0.05792294442653656
v -0.022425860166549683 0.01425000000745058 0.05792294442653656
v -0.029542217031121254 0.010250000283122063 0.05397442355751991
v 0.012524961493909359 0.005249999929219484 0.06103866919875145
v 0.012527457438409328 0.005249999929219484 0.061109282076358795
v 0.012527457438409328 0.01054999977350235 0.061109282076358795
v 0.012182869017124176 0.005249999929219484 0.06035400927066803
v 0.012422009371221066 0.005249999929219484 0.06066231429576874
v 0.012234563939273357 0.01054999977350235 0.060402173548936844
v 0.012451336719095707 0.01054999977350235 0.060726597905159
v 0.011843948625028133 0.005249999929219484 0.06016068533062935
v 0.011144774034619331 0.01054999977350235 0.060185402631759644
v 0.011080492287874222 0.010250000283122063 0.060214728116989136
v 0.011910141445696354 0.01054999977350235 0.060185402631759644
v 0.011527457274496555 0.01054999977350235 0.06010928004980087
v 0.010820350609719753 0.01054999977350235 0.060402173548936844
v 0.010772185400128365 0.010250000283122063 0.0604538694024086
v 0.010603577829897404 0.01054999977350235 0.060726597905159
v 0.010578862391412258 0.010250000283122063 0.06079278886318207
v 0.012476053088903427 0.005249999929219484 0.061425771564245224
v 0.010527458041906357 0.01054999977350235 0.061109282076358795
v 0.010529953986406326 0.010250000283122063 0.06117989495396614
v 0.010820350609719753 0.01054999977350235 0.06181638687849045
v 0.01087204646319151 0.010250000283122063 0.06186455488204956
v 0.01063290610909462 0.010250000283122063 0.061556246131658554
v 0.010603577829897404 0.01054999977350235 0.061491966247558594
v 0.011974423192441463 0.005249999929219484 0.062003832310438156
v 0.012234563939273357 0.01054999977350235 0.06181638687849045
v 0.012282729148864746 0.005249999929219484 0.06176469102501869
v 0.011910141445696354 0.01054999977350235 0.06203316152095795
v 0.012451336719095707 0.01054999977350235 0.061491966247558594
v 0.011144774034619331 0.01054999977350235 0.06203316152095795
v 0.011527457274496555 0.01054999977350235 0.06210928037762642
v 0.011210966855287552 0.010250000283122063 0.06205787509679794
v 0.15075264871120453 0.016249999403953552 0.01067792996764183
v 0.15067651867866516 0.010250000283122063 0.010295246727764606
v 0.15075264871120453 0.010250000283122063 0.01067792996764183
v 0.15045975148677826 0.016249999403953552 0.009970823302865028
v 0.1501353234052658 0.010250000283122063 0.009754050523042679
v 0.15045975148677826 0.010250000283122063 0.009970823302865028
v 0.15067651867866516 0.016249999403953552 0.010295246727764606
v 0.1493699699640274 0.016249999403953552 0.009754050523042679
v 0.1493699699640274 0.010250000283122063 0.009754050523042679
v 0.1497526466846466 0.010250000283122063 0.009677929803729057
v 0.14882875978946686 0.016249999403953552 0.010295246727764606
v 0.14882875978946686 0.010250000283122063 0.010295246727764606
v 0.14904554188251495 0.010250000283122063 0.009970823302865028
v 0.14904554188251495 0.016249999403953552 0.009970823302865028
v 0.1497526466846466 0.016249999403953552 0.009677929803729057
v 0.1501353234052658 0.016249999403953552 0.009754050523042679
v 0.14875264465808868 0.016249999403953552 0.01067792996764183
v 0.15067651867866516 0.010250000283122063 0.011060613207519054
v 0.14882875978946686 0.016249999403953552 0.011060613207519054
v 0.14882875978946686 0.010250000283122063 0.011060613207519054
v 0.14875264465808868 0.010250000283122063 0.01067792996764183
v 0.1493699699640274 0.016249999403953552 0.011601809412240982
v 0.1493699699640274 0.010250000283122063 0.011601809412240982
v 0.14904554188251495 0.010250000283122063 0.011385036632418633
v 0.14904554188251495 0.016249999403953552 0.011385036632418633
v 0.1497526466846466 0.016249999403953552 0.011677930131554604
v 0.1501353234052658 0.010250000283122063 0.011601809412240982
v 0.1497526466846466 0.010250000283122063 0.011677930131554604
v 0.15067651867866516 0.016249999403953552 0.011060613207519054
v 0.15045975148677826 0.010250000283122063 0.011385036632418633
v 0.1501353234052658 0.016249999403953552 0.011601809412240982
v 0.15045975148677826 0.016249999403953552 0.011385036632418633
v 0.05542387813329697 0.016249999403953552 0.019617317244410515
v 0.05542387813329697 0.010250000283122063 0.019617317244410515
v 0.05550000071525574 0.010250000283122063 0.019999999552965164
v 0.054882682859897614 0.016249999403953552 0.019076120108366013
v 0.054882682859897614 0.010250000283122063 0.019076120108366013
v 0.055207107216119766 0.010250000283122063 0.019292892888188362
v 0.055207107216119766 0.016249999403953552 0.019292892888188362
v 0.054117318242788315 0.016249999403953552 0.019076120108366013
v 0.054117318242788315 0.010250000283122063 0.019076120108366013
v 0.054499998688697815 0.010250000283122063 0.01899999938905239
v 0.05379289388656616 0.016249999403953552 0.019292892888188362
v 0.05357611924409866 0.010250000283122063 0.019617317244410515
v 0.05379289388656616 0.010250000283122063 0.019292892888188362
v 0.054499998688697815 0.016249999403953552 0.01899999938905239
v 0.05550000071525574 0.016249999403953552 0.019999999552965164
v 0.05357611924409866 0.016249999403953552 0.019617317244410515
v 0.05350000038743019 0.010250000283122063 0.019999999552965164
v 0.05542387813329697 0.010250000283122063 0.020382683724164963
v 0.05350000038743019 0.016249999403953552 0.019999999552965164
v 0.05357611924409866 0.010250000283122063 0.020382683724164963
v 0.05379289388656616 0.016249999403953552 0.020707106217741966
v 0.054117318242788315 0.010250000283122063 0.020923878997564316
v 0.05379289388656616 0.010250000283122063 0.020707106217741966
v 0.05357611924409866 0.016249999403953552 0.020382683724164963
v 0.054882682859897614 0.016249999403953552 0.020923878997564316
v 0.054882682859897614 0.010250000283122063 0.020923878997564316
v 0.054499998688697815 0.010250000283122063 0.020999999716877937
v 0.05542387813329697 0.016249999403953552 0.020382683724164963
v 0.055207107216119766 0.010250000283122063 0.020707106217741966
v 0.055207107216119766 0.016249999403953552 0.020707106217741966
v 0.054499998688697815 0.016249999403953552 0.020999999716877937
v 0.054117318242788315 0.016249999403953552 0.020923878997564316
v -0.05340006574988365 0.01054999977350235 0.03152216970920563
v -0.053407520055770874 0.010250000283122063 0.031400300562381744
v -0.05340006574988365 0.010250000283122063 0.03152216970920563
v -0.05369295924901962 0.01054999977350235 0.030815064907073975
v -0.05378440394997597 0.010250000283122063 0.030734160915017128
v -0.053529709577560425 0.010250000283122063 0.031029747799038887
v -0.053476184606552124 0.01054999977350235 0.031139487400650978
v -0.05452193319797516 0.005249999929219484 0.030529623851180077
v -0.05413282662630081 0.005249999929219484 0.030558539554476738
v -0.054400064051151276 0.01054999977350235 0.030522171407938004
v -0.054892487823963165 0.005249999929219484 0.030651815235614777
v -0.054782748222351074 0.01054999977350235 0.030598292127251625
v -0.055188074707984924 0.005249999929219484 0.03090650960803032
v -0.05510717257857323 0.01054999977350235 0.030815064907073975
v -0.05401737987995148 0.01054999977350235 0.030598292127251625
v -0.05413282662630081 0.010250000283122063 0.030558539554476738
v -0.05532394349575043 0.01054999977350235 0.031139487400650978
v -0.05395861715078354 0.010250000283122063 0.030646350234746933
v -0.055363696068525314 0.005249999929219484 0.031254932284355164
v -0.053436435759067535 0.010250000283122063 0.03178941085934639
v -0.055392611771821976 0.005249999929219484 0.03164403885602951
v -0.0554000660777092 0.01054999977350235 0.03152216970920563
v -0.05501572787761688 0.005249999929219484 0.032310180366039276
v -0.055270422250032425 0.005249999929219484 0.03201459348201752
v -0.05510717257857323 0.01054999977350235 0.03222927823662758
v -0.05532394349575043 0.01054999977350235 0.031904853880405426
v -0.054782748222351074 0.01054999977350235 0.03244604915380478
v -0.05466730520129204 0.005249999929219484 0.032485801726579666
v -0.05401737987995148 0.01054999977350235 0.03244604915380478
v -0.053907640278339386 0.010250000283122063 0.03239252790808678
v -0.05427819490432739 0.010250000283122063 0.03251471742987633
v -0.05369295924901962 0.01054999977350235 0.03222927823662758
v -0.05361205339431763 0.010250000283122063 0.032137833535671234
v -0.054400064051151276 0.01054999977350235 0.03252217173576355
v -0.054472748190164566 0.010250000283122063 0.032500259578228
v -0.05466730520129204 0.010250000283122063 0.032485801726579666
v -0.053476184606552124 0.01054999977350235 0.031904853880405426
v 0.011552661657333374 0.010250000283122063 0.06357904523611069
v -0.022425860166549683 0.01425000000745058 0.05792294442653656
v -0.022425860166549683 0.010250000283122063 0.05792294442653656
v 0.021678991615772247 0.010250000283122063 0.06526467949151993
v 0.021678991615772247 0.01425000000745058 0.06526467949151993
v 0.023724349215626717 0.010250000283122063 0.06518033146858215
v 0.023724349215626717 0.01425000000745058 0.06518033146858215
v 0.02556447684764862 0.010250000283122063 0.06428337097167969
v 0.02556447684764862 0.01425000000745058 0.06428337097167969
v 0.026890922337770462 0.010250000283122063 0.06272415816783905
v 0.02748134545981884 0.010250000283122063 0.06076405569911003
v 0.02748134545981884 0.01425000000745058 0.06076405569911003
v 0.026890922337770462 0.01425000000745058 0.06272415816783905
v -0.06406554579734802 0.010250000283122063 0.02341638132929802
v -0.06565263122320175 0.010250000283122063 0.023625323548913002
v -0.06565263122320175 0.01425000000745058 0.023625323548913002
v -0.067147396504879 0.010250000283122063 0.024067165330052376
v -0.06706912070512772 0.01425000000745058 0.024030765518546104
v -0.068433478474617 0.010250000283122063 0.024947820231318474
v -0.06938587874174118 0.010250000283122063 0.02618170715868473
v -0.06925570219755173 0.01425000000745058 0.025957856327295303
v -0.06830594688653946 0.01425000000745058 0.02483145147562027
v -0.06991206109523773 0.010250000283122063 0.027648910880088806
v -0.06996086984872818 0.010250000283122063 0.02920684777200222
v -0.06998653709888458 0.01425000000745058 0.02894917130470276
v -0.06952758133411407 0.010250000283122063 0.030704114586114883
v -0.06959812343120575 0.01425000000745058 0.030546540394425392
v -0.06871265918016434 0.01425000000745058 0.03193160519003868
v -0.06865428388118744 0.010250000283122063 0.03199520334601402
v -0.06176642328500748 0.014750000089406967 0.027243155986070633
v -0.061500001698732376 0.014750000089406967 0.02858254872262478
v -0.06176642328500748 0.01600000075995922 0.027243155986070633
v -0.06252512335777283 0.01600000075995922 0.026107674464583397
v -0.06252512335777283 0.014750000089406967 0.026107674464583397
v -0.06366060674190521 0.014750000089406967 0.025348970666527748
v -0.06747487187385559 0.01600000075995922 0.026107674464583397
v -0.06747487187385559 0.014750000089406967 0.026107674464583397
v -0.0663393884897232 0.014750000089406967 0.025348970666527748
v -0.0663393884897232 0.01600000075995922 0.025348970666527748
v -0.06499999761581421 0.014750000089406967 0.025082547217607498
v -0.06823357939720154 0.01600000075995922 0.027243155986070633
v -0.06823357939720154 0.014750000089406967 0.027243155986070633
v -0.06499999761581421 0.01600000075995922 0.025082547217607498
v -0.061500001698732376 0.01600000075995922 0.02858254872262478
v -0.06366060674190521 0.01600000075995922 0.025348970666527748
v -0.06849999725818634 0.01600000075995922 0.02858254872262478
v -0.06849999725818634 0.014750000089406967 0.02858254872262478
v -0.06176642328500748 0.014750000089406967 0.029921941459178925
v -0.06823357939720154 0.01600000075995922 0.029921941459178925
v -0.06823357939720154 0.014750000089406967 0.029921941459178925
v -0.0663393884897232 0.01600000075995922 0.03181612864136696
v -0.0663393884897232 0.014750000089406967 0.03181612864136696
v -0.06747487187385559 0.014750000089406967 0.03105742298066616
v -0.06747487187385559 0.01600000075995922 0.03105742298066616
v -0.06366060674190521 0.01600000075995922 0.03181612864136696
v -0.06366060674190521 0.014750000089406967 0.03181612864136696
v -0.06499999761581421 0.014750000089406967 0.03208255022764206
v -0.06176642328500748 0.01600000075995922 0.029921941459178925
v -0.06252512335777283 0.014750000089406967 0.03105742298066616
v -0.06252512335777283 0.01600000075995922 0.03105742298066616
v -0.06499999761581421 0.01600000075995922 0.03208255022764206
v 0.025733578950166702 0.014750000089406967 0.058993156999349594
v 0.026000000536441803 0.014750000089406967 0.06033254787325859
v 0.025733578950166702 0.01600000075995922 0.058993156999349594
v 0.024974873289465904 0.01600000075995922 0.05785767361521721
v 0.024974873289465904 0.014750000089406967 0.05785767361521721
v 0.023839391767978668 0.014750000089406967 0.05709896981716156
v 0.02002512663602829 0.01600000075995922 0.05785767361521721
v 0.02002512663602829 0.014750000089406967 0.05785767361521721
v 0.021160608157515526 0.014750000089406967 0.05709896981716156
v 0.021160608157515526 0.01600000075995922 0.05709896981716156
v 0.02250000089406967 0.014750000089406967 0.05683254823088646
v 0.019266420975327492 0.01600000075995922 0.058993156999349594
v 0.019266420975327492 0.014750000089406967 0.058993156999349594
v 0.02250000089406967 0.01600000075995922 0.05683254823088646
v 0.026000000536441803 0.01600000075995922 0.06033254787325859
v 0.023839391767978668 0.01600000075995922 0.05709896981716156
v 0.01899999938905239 0.014750000089406967 0.06033254787325859
v 0.025733578950166702 0.01600000075995922 0.061671942472457886
v 0.01899999938905239 0.01600000075995922 0.06033254787325859
v 0.019266420975327492 0.014750000089406967 0.061671942472457886
v 0.021160608157515526 0.01600000075995922 0.06356612592935562
v 0.021160608157515526 0.014750000089406967 0.06356612592935562
v 0.02002512663602829 0.014750000089406967 0.06280742585659027
v 0.02002512663602829 0.01600000075995922 0.06280742585659027
v 0.023839391767978668 0.01600000075995922 0.06356612592935562
v 0.023839391767978668 0.014750000089406967 0.06356612592935562
v 0.02250000089406967 0.014750000089406967 0.06383255124092102
v 0.025733578950166702 0.014750000089406967 0.061671942472457886
v 0.024974873289465904 0.014750000089406967 0.06280742585659027
v 0.024974873289465904 0.01600000075995922 0.06280742585659027
v 0.02250000089406967 0.01600000075995922 0.06383255124092102
v 0.019266420975327492 0.01600000075995922 0.061671942472457886
v 0.19200000166893005 -0.014580141752958298 0.010577930137515068
v 0.19257402420043945 -0.014580141752958298 0.010463749058544636
v 0.19200000166893005 -0.0101500004529953 0.010577930137515068
v 0.19306066632270813 -0.014580141752958298 0.010138589888811111
v 0.19338582456111908 -0.014580141752958298 0.009651955217123032
v 0.19306066632270813 -0.0101500004529953 0.010138589888811111
v 0.19257402420043945 -0.0101500004529953 0.010463749058544636
v 0.19349999725818634 -0.014580141752958298 0.009077929891645908
v 0.19338582456111908 -0.014580141752958298 0.008503904566168785
v 0.19349999725818634 -0.0101500004529953 0.009077929891645908
v 0.19306066632270813 -0.014580141752958298 0.008017269894480705
v 0.19257402420043945 -0.014580141752958298 0.007692110724747181
v 0.19257402420043945 -0.0101500004529953 0.007692110724747181
v 0.19306066632270813 -0.0101500004529953 0.008017269894480705
v 0.19338582456111908 -0.0101500004529953 0.009651955217123032
v 0.19338582456111908 -0.0101500004529953 0.008503904566168785
v 0.19200000166893005 -0.0101500004529953 0.007577930111438036
v 0.19142597913742065 -0.0101500004529953 0.010463749058544636
v 0.19200000166893005 -0.014580141752958298 0.007577930111438036
v 0.19142597913742065 -0.014580141752958298 0.007692110724747181
v 0.19142597913742065 -0.0101500004529953 0.007692110724747181
v 0.19093933701515198 -0.014580141752958298 0.008017269894480705
v 0.19061417877674103 -0.014580141752958298 0.008503904566168785
v 0.19061417877674103 -0.0101500004529953 0.008503904566168785
v 0.19093933701515198 -0.0101500004529953 0.008017269894480705
v 0.19050000607967377 -0.014580141752958298 0.009077929891645908
v 0.19061417877674103 -0.014580141752958298 0.009651955217123032
v 0.19050000607967377 -0.0101500004529953 0.009077929891645908
v 0.19093933701515198 -0.014580141752958298 0.010138589888811111
v 0.19142597913742065 -0.014580141752958298 0.010463749058544636
v 0.19093933701515198 -0.0101500004529953 0.010138589888811111
v 0.19061417877674103 -0.0101500004529953 0.009651955217123032
v 0.1902526468038559 -0.014726849272847176 -0.0024220698978751898
v 0.1908266693353653 -0.014726849272847176 -0.0025362505111843348
v 0.1908266693353653 -0.0101500004529953 -0.0025362505111843348
v 0.19131331145763397 -0.014726849272847176 -0.002861409680917859
v 0.19163846969604492 -0.014726849272847176 -0.0033480445854365826
v 0.19163846969604492 -0.0101500004529953 -0.0033480445854365826
v 0.19131331145763397 -0.0101500004529953 -0.002861409680917859
v 0.19175264239311218 -0.014726849272847176 -0.003922069910913706
v 0.19175264239311218 -0.0101500004529953 -0.003922069910913706
v 0.19131331145763397 -0.0101500004529953 -0.004982729908078909
v 0.19163846969604492 -0.014726849272847176 -0.004496094770729542
v 0.19131331145763397 -0.014726849272847176 -0.004982729908078909
v 0.1908266693353653 -0.0101500004529953 -0.005307889077812433
v 0.1908266693353653 -0.014726849272847176 -0.005307889077812433
v 0.1902526468038559 -0.0101500004529953 -0.0024220698978751898
v 0.19163846969604492 -0.0101500004529953 -0.004496094770729542
v 0.1902526468038559 -0.0101500004529953 -0.005422069691121578
v 0.1896786242723465 -0.0101500004529953 -0.0025362505111843348
v 0.1896786242723465 -0.0101500004529953 -0.005307889077812433
v 0.1902526468038559 -0.014726849272847176 -0.005422069691121578
v 0.1896786242723465 -0.014726849272847176 -0.005307889077812433
v 0.18886682391166687 -0.0101500004529953 -0.004496094770729542
v 0.18919198215007782 -0.014726849272847176 -0.004982729908078909
v 0.18886682391166687 -0.014726849272847176 -0.004496094770729542
v 0.18919198215007782 -0.0101500004529953 -0.004982729908078909
v 0.1887526512145996 -0.014726849272847176 -0.003922069910913706
v 0.1887526512145996 -0.0101500004529953 -0.003922069910913706
v 0.18919198215007782 -0.014726849272847176 -0.002861409680917859
v 0.1896786242723465 -0.014726849272847176 -0.0025362505111843348
v 0.18886682391166687 -0.014726849272847176 -0.0033480445854365826
v 0.18919198215007782 -0.0101500004529953 -0.002861409680917859
v 0.18886682391166687 -0.0101500004529953 -0.0033480445854365826
v 0.19207638502120972 0.010250000283122063 0.013212301768362522
v 0.17929521203041077 0.010250000283122063 0.015591536648571491
v 0.19204983115196228 0.010250000283122063 0.01307761948555708
v 0.05472628399729729 0.010250000283122063 0.04028381407260895
v 0.15045975148677826 0.010250000283122063 0.011385036632418633
v 0.1789497584104538 0.010250000283122063 0.00977678969502449
v 0.05357611924409866 0.010250000283122063 0.020382683724164963
v 0.024816032499074936 0.010250000283122063 0.021159237250685692
v 0.05350000038743019 0.010250000283122063 0.019999999552965164
v 0.1497526466846466 0.010250000283122063 0.011677930131554604
v 0.1501353234052658 0.010250000283122063 0.011601809412240982
v 0.1493699699640274 0.010250000283122063 0.011601809412240982
v 0.05542387813329697 0.010250000283122063 0.020382683724164963
v 0.052394427359104156 0.010250000283122063 0.022571617737412453
v 0.054882682859897614 0.010250000283122063 0.020923878997564316
v 0.055207107216119766 0.010250000283122063 0.020707106217741966
v 0.05550000071525574 0.010250000283122063 0.019999999552965164
v 0.05542387813329697 0.010250000283122063 0.019617317244410515
v 0.055207107216119766 0.010250000283122063 0.019292892888188362
v 0.054882682859897614 0.010250000283122063 0.019076120108366013
v 0.14904554188251495 0.010250000283122063 0.011385036632418633
v 0.15075264871120453 0.010250000283122063 0.01067792996764183
v 0.15067651867866516 0.010250000283122063 0.010295246727764606
v 0.15067651867866516 0.010250000283122063 0.011060613207519054
v 0.17860428988933563 0.010250000283122063 0.0039620427414774895
v 0.1501353234052658 0.010250000283122063 0.009754050523042679
v 0.15045975148677826 0.010250000283122063 0.009970823302865028
v 0.1497526466846466 0.010250000283122063 0.009677929803729057
v 0.1779133826494217 0.010250000283122063 -0.007667451165616512
v 0.05174179747700691 0.010250000283122063 0.017614392563700676
v 0.14882875978946686 0.010250000283122063 0.011060613207519054
v 0.14875264465808868 0.010250000283122063 0.01067792996764183
v 0.04841338098049164 0.010250000283122063 -0.007667451165616512
v 0.14904554188251495 0.010250000283122063 0.009970823302865028
v 0.14882875978946686 0.010250000283122063 0.010295246727764606
v 0.1493699699640274 0.010250000283122063 0.009754050523042679
v 0.054499998688697815 0.010250000283122063 0.020999999716877937
v 0.054117318242788315 0.010250000283122063 0.020923878997564316
v 0.05379289388656616 0.010250000283122063 0.020707106217741966
v 0.05357611924409866 0.010250000283122063 0.019617317244410515
v -0.004615203011780977 0.010250000283122063 0.030077077448368073
v -0.005998064298182726 0.010250000283122063 0.0298642348498106
v -0.007049997337162495 0.010250000283122063 0.028941715136170387
v -0.0021097338758409023 0.010250000283122063 0.024704081937670708
v -0.004544527735561132 0.010250000283122063 0.023568717762827873
v -0.0034925949294120073 0.010250000283122063 0.024491239339113235
v -0.013404802419245243 0.010250000283122063 0.018966667354106903
v 0.054117318242788315 0.010250000283122063 0.019076120108366013
v 0.05379289388656616 0.010250000283122063 0.019292892888188362
v 0.054499998688697815 0.010250000283122063 0.01899999938905239
v -0.009862382896244526 0.010250000283122063 0.015575539320707321
v -0.009187845513224602 0.010250000283122063 0.016280170530080795
v -0.013344204053282738 0.010250000283122063 0.01618947833776474
v -0.013758343644440174 0.010250000283122063 0.01805754005908966
v -0.013737063854932785 0.010250000283122063 0.017082320526242256
v -0.006866185925900936 0.010250000283122063 0.01992444507777691
v -0.011730444617569447 0.010250000283122063 0.015161399729549885
v -0.010755225084722042 0.010250000283122063 0.0151826785877347
v -0.012639572843909264 0.010250000283122063 0.015514940023422241
v 0.20211414992809296 0.010250000283122063 -0.006284767761826515
v 0.20189738273620605 0.010250000283122063 -0.005960344336926937
v 0.2015729546546936 0.010250000283122063 -0.0057435715571045876
v 0.200807586312294 0.010250000283122063 -0.0057435715571045876
v 0.20211414992809296 0.010250000283122063 -0.0070501347072422504
v 0.20026639103889465 0.010250000283122063 -0.0070501347072422504
v 0.20219027996063232 0.010250000283122063 -0.0066674514673650265
v 0.2015729546546936 0.010250000283122063 -0.007591330911964178
v 0.20189738273620605 0.010250000283122063 -0.0073745581321418285
v 0.200807586312294 0.010250000283122063 -0.007591330911964178
v 0.2011902779340744 0.010250000283122063 -0.005667451303452253
v 0.20048317313194275 0.010250000283122063 -0.005960344336926937
v 0.20026639103889465 0.010250000283122063 -0.006284767761826515
v 0.20019027590751648 0.010250000283122063 -0.0066674514673650265
v 0.2011902779340744 0.010250000283122063 -0.007667451165616512
v 0.20048317313194275 0.010250000283122063 -0.0073745581321418285
v 0.18918953835964203 0.0059259748086333275 0.013641380704939365
v 0.18932810425758362 0.006500000134110451 0.013753983192145824
v 0.18921607732772827 0.0059259748086333275 0.013776062987744808
v 0.18839305639266968 0.005114180501550436 0.01379836443811655
v 0.1888970583677292 0.00543933967128396 0.013838942162692547
v 0.18841961026191711 0.005114180501550436 0.013933046720921993
v 0.1878298670053482 0.004999999888241291 0.013909367844462395
v 0.18785642087459564 0.004999999888241291 0.014044050127267838
v 0.18729323148727417 0.005114180501550436 0.014155054464936256
v 0.1868157833814621 0.00543933967128396 0.014249159023165703
v 0.18678922951221466 0.00543933967128396 0.01411447674036026
v 0.186496764421463 0.0059259748086333275 0.014312037266790867
v 0.18930156528949738 0.006500000134110451 0.013619300909340382
v 0.18887051939964294 0.00543933967128396 0.013704259879887104
v 0.18726667761802673 0.005114180501550436 0.014020372182130814
v 0.18647021055221558 0.0059259748086333275 0.014177354983985424
v 0.18635818362236023 0.006500000134110451 0.014199436642229557
v 0.18918953835964203 0.007074024993926287 0.013641380704939365
v 0.18729323148727417 0.007885819301009178 0.014155054464936256
v 0.18678922951221466 0.007560660131275654 0.01411447674036026
v 0.1868157833814621 0.007560660131275654 0.014249159023165703
v 0.186496764421463 0.007074024993926287 0.014312037266790867
v 0.18638473749160767 0.006500000134110451 0.014334117993712425
v 0.18785642087459564 0.00800000037997961 0.014044050127267838
v 0.18841961026191711 0.007885819301009178 0.013933046720921993
v 0.1878298670053482 0.00800000037997961 0.013909367844462395
v 0.18921607732772827 0.007074024993926287 0.013776062987744808
v 0.1888970583677292 0.007560660131275654 0.013838942162692547
v 0.18839305639266968 0.007885819301009178 0.01379836443811655
v 0.18647021055221558 0.007074024993926287 0.014177354983985424
v 0.18726667761802673 0.007885819301009178 0.014020372182130814
v 0.18887051939964294 0.007560660131275654 0.013704259879887104
v 0.18932810425758362 -0.006500000134110451 0.013753983192145824
v 0.18921607732772827 -0.007074024993926287 0.013776062987744808
v 0.18918953835964203 -0.007074024993926287 0.013641380704939365
v 0.1888970583677292 -0.007560660131275654 0.013838942162692547
v 0.18841961026191711 -0.007885819301009178 0.013933046720921993
v 0.18839305639266968 -0.007885819301009178 0.01379836443811655
v 0.18729323148727417 -0.007885819301009178 0.014155054464936256
v 0.1878298670053482 -0.00800000037997961 0.013909367844462395
v 0.18785642087459564 -0.00800000037997961 0.014044050127267838
v 0.1868157833814621 -0.007560660131275654 0.014249159023165703
v 0.18678922951221466 -0.007560660131275654 0.01411447674036026
v 0.186496764421463 -0.007074024993926287 0.014312037266790867
v 0.18930156528949738 -0.006500000134110451 0.013619300909340382
v 0.18887051939964294 -0.007560660131275654 0.013704259879887104
v 0.18726667761802673 -0.007885819301009178 0.014020372182130814
v 0.18647021055221558 -0.007074024993926287 0.014177354983985424
v 0.18638473749160767 -0.006500000134110451 0.014334117993712425
v 0.18921607732772827 -0.0059259748086333275 0.013776062987744808
v 0.18647021055221558 -0.0059259748086333275 0.014177354983985424
v 0.186496764421463 -0.0059259748086333275 0.014312037266790867
v 0.18726667761802673 -0.005114180501550436 0.014020372182130814
v 0.1868157833814621 -0.00543933967128396 0.014249159023165703
v 0.18729323148727417 -0.005114180501550436 0.014155054464936256
v 0.18678922951221466 -0.00543933967128396 0.01411447674036026
v 0.18785642087459564 -0.004999999888241291 0.014044050127267838
v 0.18841961026191711 -0.005114180501550436 0.013933046720921993
v 0.1878298670053482 -0.004999999888241291 0.013909367844462395
v 0.18918953835964203 -0.0059259748086333275 0.013641380704939365
v 0.1888970583677292 -0.00543933967128396 0.013838942162692547
v 0.18887051939964294 -0.00543933967128396 0.013704259879887104
v 0.18635818362236023 -0.006500000134110451 0.014199436642229557
v 0.18839305639266968 -0.005114180501550436 0.01379836443811655
v -0.004615203011780977 -0.0024999999441206455 0.030077077448368073
v -0.005998064298182726 0.010250000283122063 0.0298642348498106
v -0.004615203011780977 0.010250000283122063 0.030077077448368073
v -0.005998064298182726 -0.0024999999441206455 0.0298642348498106
v -0.007049997337162495 -0.0024999999441206455 0.028941715136170387
v -0.007049997337162495 0.010250000283122063 0.028941715136170387
v -0.0021097338758409023 0.010250000283122063 0.024704081937670708
v -0.0034925949294120073 0.010250000283122063 0.024491239339113235
v -0.0021097338758409023 -0.0024999999441206455 0.024704081937670708
v -0.0034925949294120073 -0.0024999999441206455 0.024491239339113235
v -0.004544527735561132 0.010250000283122063 0.023568717762827873
v -0.004544527735561132 -0.0024999999441206455 0.023568717762827873
v -0.018119916319847107 0.010250000283122063 0.05628069490194321
v -0.02203269489109516 0.010250000283122063 0.056114621460437775
v -0.02203269489109516 -0.010250000283122063 0.056114621460437775
v -0.01422921009361744 0.010250000283122063 0.05583366006612778
v -0.018119916319847107 -0.010250000283122063 0.05628069490194321
v -0.01422921009361744 -0.010250000283122063 0.05583366006612778
v -0.025871530175209045 -0.010250000283122063 0.055339522659778595
v -0.029542217031121254 0.010250000283122063 0.05397442355751991
v -0.03097466379404068 0.010250000283122063 0.05325302854180336
v -0.03097466379404068 -0.010250000283122063 0.05325302854180336
v -0.025871530175209045 0.010250000283122063 0.055339522659778595
v -0.029542217031121254 -0.010250000283122063 0.05397442355751991
v -0.009862382896244526 -0.0024999999441206455 0.015575539320707321
v -0.013344204053282738 -0.0024999999441206455 0.01618947833776474
v -0.009187845513224602 -0.0024999999441206455 0.016280170530080795
v -0.013737063854932785 -0.0024999999441206455 0.017082320526242256
v -0.013758343644440174 -0.0024999999441206455 0.01805754005908966
v -0.011730444617569447 -0.0024999999441206455 0.015161399729549885
v -0.012639572843909264 -0.0024999999441206455 0.015514940023422241
v -0.010755225084722042 -0.0024999999441206455 0.0151826785877347
v -0.013404802419245243 -0.0024999999441206455 0.018966667354106903
v -0.007049997337162495 -0.0024999999441206455 0.028941715136170387
v -0.005998064298182726 -0.0024999999441206455 0.0298642348498106
v -0.004615203011780977 -0.0024999999441206455 0.030077077448368073
v -0.0021097338758409023 -0.0024999999441206455 0.024704081937670708
v 0.052394427359104156 -0.0024999999441206455 0.022571617737412453
v -0.004544527735561132 -0.0024999999441206455 0.023568717762827873
v -0.0034925949294120073 -0.0024999999441206455 0.024491239339113235
v 0.05174179747700691 -0.0024999999441206455 0.017614392563700676
v -0.009187845513224602 0.010250000283122063 0.016280170530080795
v -0.009187845513224602 -0.0024999999441206455 0.016280170530080795
v 0.05174179747700691 -0.0024999999441206455 0.017614392563700676
v 0.05174179747700691 0.010250000283122063 0.017614392563700676
v 0.052394427359104156 -0.0024999999441206455 0.022571617737412453
v 0.052394427359104156 0.010250000283122063 0.022571617737412453
v -0.013404802419245243 -0.0024999999441206455 0.018966667354106903
v -0.013404802419245243 0.010250000283122063 0.018966667354106903
v -0.013737063854932785 0.010250000283122063 0.017082320526242256
v -0.013774936087429523 0.010250000283122063 0.01794973388314247
v -0.013737063854932785 -0.0024999999441206455 0.017082320526242256
v -0.012639572843909264 0.010250000283122063 0.015514940023422241
v -0.013344204053282738 0.010250000283122063 0.01618947833776474
v -0.012639572843909264 -0.0024999999441206455 0.015514940023422241
v -0.011730444617569447 0.010250000283122063 0.015161399729549885
v -0.011730444617569447 -0.0024999999441206455 0.015161399729549885
v -0.013774936087429523 -0.0024999999441206455 0.01794973388314247
v -0.013344204053282738 -0.0024999999441206455 0.01618947833776474
v -0.010755225084722042 -0.0024999999441206455 0.0151826785877347
v -0.013758343644440174 0.010250000283122063 0.01805754005908966
v -0.009862382896244526 0.010250000283122063 0.015575539320707321
v -0.010755225084722042 0.010250000283122063 0.0151826785877347
v -0.009862382896244526 -0.0024999999441206455 0.015575539320707321
v -0.013758343644440174 -0.0024999999441206455 0.01805754005908966
v 0.028319917619228363 0.010250000283122063 0.047526951879262924
v 0.028319917619228363 -0.010250000283122063 0.047526951879262924
v -0.046664733439683914 0.010250000283122063 0.044709712266922
v -0.046664733439683914 -0.010250000283122063 0.044709712266922
v -0.052046772092580795 -0.010250000283122063 0.03686876222491264
v -0.052046772092580795 0.010250000283122063 0.03686876222491264
v -0.052113503217697144 0.010250000283122063 0.036193881183862686
v -0.05155901238322258 0.010250000283122063 0.03206811472773552
v -0.05068067088723183 0.010250000283122063 0.030169587582349777
v -0.05155901238322258 -0.010250000283122063 0.03206811472773552
v -0.052113503217697144 -0.010250000283122063 0.036193881183862686
v -0.052043043076992035 0.010250000283122063 0.03410320729017258
v -0.052043043076992035 -0.010250000283122063 0.03410320729017258
v -0.05068067088723183 -0.010250000283122063 0.030169587582349777
v -0.04944297671318054 0.010250000283122063 0.02848317287862301
v -0.04944297671318054 -0.010250000283122063 0.02848317287862301
v -0.051767583936452866 -0.010250000283122063 0.038256946951150894
v -0.04844817519187927 0.010250000283122063 0.04348443076014519
v -0.04989772289991379 -0.010250000283122063 0.04197622090578079
v -0.04989772289991379 0.010250000283122063 0.04197622090578079
v -0.05101906508207321 0.010250000283122063 0.0402103029191494
v -0.04844817519187927 -0.010250000283122063 0.04348443076014519
v -0.051767583936452866 0.010250000283122063 0.038256946951150894
v -0.05101906508207321 -0.010250000283122063 0.0402103029191494
v -0.04032597318291664 0.010250000283122063 0.018357712775468826
v -0.04032597318291664 -0.010250000283122063 0.018357712775468826
v -0.033601418137550354 -0.01425000000745058 0.01088933926075697
v -0.04032597318291664 -0.01425000000745058 0.018357712775468826
v -0.033601418137550354 0.01425000000745058 0.01088933926075697
v -0.04032597318291664 0.01425000000745058 0.018357712775468826
v -0.012383261695504189 0.016249999403953552 -0.0023852952290326357
v -0.00590267451480031 0.016249999403953552 -0.007656242232769728
v -0.00590267451480031 -0.016249999403953552 -0.007656242232769728
v -0.01917744055390358 0.016249999403953552 0.002474748995155096
v -0.01917744055390358 -0.016249999403953552 0.002474748995155096
v -0.033601418137550354 0.01425000000745058 0.01088933926075697
v -0.033601418137550354 0.016249999403953552 0.01088933926075697
v -0.026259198784828186 0.016249999403953552 0.006905281450599432
v -0.033601418137550354 -0.01425000000745058 0.01088933926075697
v -0.026259198784828186 -0.016249999403953552 0.006905281450599432
v -0.012383261695504189 -0.016249999403953552 -0.0023852952290326357
v -0.033601418137550354 -0.016249999403953552 0.01088933926075697
v -0.04117598757147789 -0.01425000000745058 0.014411666430532932
v -0.04117598757147789 -0.016249999403953552 0.014411666430532932
v -0.04895390570163727 -0.01425000000745058 0.017458777874708176
v -0.04117598757147789 0.016249999403953552 0.014411666430532932
v -0.04117598757147789 0.01425000000745058 0.014411666430532932
v -0.04895390570163727 0.016249999403953552 0.017458777874708176
v -0.04895390570163727 0.01425000000745058 0.017458777874708176
v -0.06499999761581421 0.01425000000745058 0.022082548588514328
v -0.056905392557382584 0.016249999403953552 0.020019005984067917
v -0.056905392557382584 0.01425000000745058 0.020019005984067917
v -0.06499999761581421 0.016249999403953552 0.022082548588514328
v -0.04895390570163727 -0.016249999403953552 0.017458777874708176
v -0.056905392557382584 -0.01425000000745058 0.020019005984067917
v -0.056905392557382584 -0.016249999403953552 0.020019005984067917
v -0.06499999761581421 -0.01425000000745058 0.022082548588514328
v -0.06499999761581421 -0.016249999403953552 0.022082548588514328
v -0.00590267451480031 0.016249999403953552 -0.007656242232769728
v -0.0031179531943053007 0.016249999403953552 -0.009150845929980278
v -0.00590267451480031 -0.016249999403953552 -0.007656242232769728
v -0.0031179531943053007 -0.016249999403953552 -0.009150845929980278
v 1.8629818665945433e-16 0.016249999403953552 -0.009667451493442059
v 1.8790365820163605e-16 -0.016249999403953552 -0.009667451493442059
v 0.021413380280137062 0.014000000432133675 -0.007667451165616512
v 0.021413380280137062 0.014000000432133675 -0.009667451493442059
v 0.021413380280137062 0.01425000000745058 -0.009667451493442059
v 0.021413380280137062 0.01425000000745058 -0.007667451165616512
v 0.1909133791923523 0.01425000000745058 -0.007667451165616512
v 0.021413380280137062 0.014000000432133675 -0.007667451165616512
v 0.021413380280137062 0.01425000000745058 -0.007667451165616512
v 0.1909133791923523 0.014000000432133675 -0.007667451165616512
v 0.04841338098049164 0.010250000283122063 -0.007667451165616512
v 0.05174179747700691 -0.0024999999441206455 0.017614392563700676
v 0.04841338098049164 -0.010250000283122063 -0.007667451165616512
v 0.05472628399729729 -0.010250000283122063 0.04028381407260895
v 0.05174179747700691 0.010250000283122063 0.017614392563700676
v 0.05472628399729729 0.010250000283122063 0.04028381407260895
v 0.052394427359104156 -0.0024999999441206455 0.022571617737412453
v 0.052394427359104156 0.010250000283122063 0.022571617737412453
v -0.03097466379404068 -0.010250000283122063 0.05325302854180336
v -0.046664733439683914 -0.010250000283122063 0.044709712266922
v -0.04844817519187927 -0.010250000283122063 0.04348443076014519
v -0.029542217031121254 -0.010250000283122063 0.05397442355751991
v -0.04844817519187927 0.010250000283122063 0.04348443076014519
v -0.046664733439683914 0.010250000283122063 0.044709712266922
v -0.03097466379404068 0.010250000283122063 0.05325302854180336
v -0.029542217031121254 0.010250000283122063 0.05397442355751991
v 0.02881300263106823 -0.014000000432133675 0.04539128765463829
v 0.02881300263106823 -0.01425000000745058 0.04539128765463829
v 0.19200000166893005 -0.01425000000745058 0.013227356597781181
v 0.19207638502120972 -0.016249999403953552 0.013212301768362522
v 0.19207638502120972 -0.014000000432133675 0.013212301768362522
v 0.19200000166893005 -0.016249999403953552 0.013227356597781181
v 0.02881300263106823 0.01425000000745058 0.04539128765463829
v 0.02881300263106823 0.014000000432133675 0.04539128765463829
v 0.19200000166893005 0.01425000000745058 0.013227356597781181
v 0.19207638502120972 0.014000000432133675 0.013212301768362522
v 0.19207638502120972 0.016249999403953552 0.013212301768362522
v 0.19200000166893005 0.016249999403953552 0.013227356597781181
v 0.24981337785720825 -0.004230000078678131 0.0044507612474262714
v 0.24981337785720825 -0.008729999884963036 0.0044507612474262714
v 0.24981337785720825 -0.010724999941885471 0.0044507612474262714
v 0.1936156153678894 -0.004230000078678131 0.014822273515164852
v 0.24981337785720825 -0.00215000007301569 0.0044507612474262714
v 0.1936156153678894 -0.010724999941885471 0.014822273515164852
v 0.1936156153678894 -0.014000000432133675 0.014822273515164852
v 0.1924365907907486 -0.016249999403953552 0.015039868652820587
v 0.24981337785720825 0.010924999602138996 0.0044507612474262714
v 0.24981337785720825 0.00892999954521656 0.0044507612474262714
v 0.24981337785720825 0.004430000204592943 0.0044507612474262714
v 0.1936156153678894 0.00892999954521656 0.014822273515164852
v 0.1936156153678894 0.014000000432133675 0.014822273515164852
v 0.24981337785720825 0.0023499999660998583 0.0044507612474262714
v 0.1936156153678894 -0.00215000007301569 0.014822273515164852
v 0.1936156153678894 -0.008729999884963036 0.014822273515164852
v 0.1924365907907486 -0.014000000432133675 0.015039868652820587
v 0.1936156153678894 0.0023499999660998583 0.014822273515164852
v 0.1936156153678894 0.004430000204592943 0.014822273515164852
v 0.1924365907907486 0.016450000926852226 0.015039868652820587
v 0.1924365907907486 0.014000000432133675 0.015039868652820587
v 0.1936156153678894 0.010924999602138996 0.014822273515164852
v 0.24820956587791443 0.010924999602138996 0.006780524738132954
v 0.1936393529176712 0.010924999602138996 0.014942718669772148
v 0.1947903037071228 0.010924999602138996 0.016639256849884987
v 0.1936156153678894 0.010924999602138996 0.014822273515164852
v 0.24981337785720825 0.010924999602138996 0.0044507612474262714
v 0.1925961971282959 0.010924999602138996 0.015148323960602283
v 0.1947903037071228 -0.010724999941885471 0.016639256849884987
v 0.1936393529176712 -0.010724999941885471 0.014942718669772148
v 0.24820956587791443 -0.010724999941885471 0.006780524738132954
v 0.24981337785720825 -0.010724999941885471 0.0044507612474262714
v 0.1936156153678894 -0.010724999941885471 0.014822273515164852
v 0.1925961971282959 -0.010724999941885471 0.015148323960602283
v 0.1947903037071228 0.0023499999660998583 0.016639256849884987
v 0.1936393529176712 0.0023499999660998583 0.014942718669772148
v 0.24820956587791443 0.0023499999660998583 0.006780524738132954
v 0.24981337785720825 0.0023499999660998583 0.0044507612474262714
v 0.1936156153678894 0.0023499999660998583 0.014822273515164852
v 0.1925961971282959 0.0023499999660998583 0.015148323960602283
v 0.24820956587791443 -0.00215000007301569 0.006780524738132954
v 0.1936156153678894 -0.00215000007301569 0.014822273515164852
v 0.1936393529176712 -0.00215000007301569 0.014942718669772148
v 0.1947903037071228 -0.00215000007301569 0.016639256849884987
v 0.1925961971282959 -0.00215000007301569 0.015148323960602283
v 0.24981337785720825 -0.00215000007301569 0.0044507612474262714
v 0.1947903037071228 -0.004230000078678131 0.016639256849884987
v 0.1936393529176712 -0.004230000078678131 0.014942718669772148
v 0.24820956587791443 -0.004230000078678131 0.006780524738132954
v 0.24981337785720825 -0.004230000078678131 0.0044507612474262714
v 0.1936156153678894 -0.004230000078678131 0.014822273515164852
v 0.1925961971282959 -0.004230000078678131 0.015148323960602283
v 0.24820956587791443 -0.008729999884963036 0.006780524738132954
v 0.1936156153678894 -0.008729999884963036 0.014822273515164852
v 0.1936393529176712 -0.008729999884963036 0.014942718669772148
v 0.1947903037071228 -0.008729999884963036 0.016639256849884987
v 0.1925961971282959 -0.008729999884963036 0.015148323960602283
v 0.24981337785720825 -0.008729999884963036 0.0044507612474262714
v 0.1947903037071228 0.00892999954521656 0.016639256849884987
v 0.1936393529176712 0.00892999954521656 0.014942718669772148
v 0.24820956587791443 0.00892999954521656 0.006780524738132954
v 0.24981337785720825 0.00892999954521656 0.0044507612474262714
v 0.1936156153678894 0.00892999954521656 0.014822273515164852
v 0.1925961971282959 0.00892999954521656 0.015148323960602283
v 0.24820956587791443 0.004430000204592943 0.006780524738132954
v 0.1936156153678894 0.004430000204592943 0.014822273515164852
v 0.1936393529176712 0.004430000204592943 0.014942718669772148
v 0.1947903037071228 0.004430000204592943 0.016639256849884987
v 0.1925961971282959 0.004430000204592943 0.015148323960602283
v 0.24981337785720825 0.004430000204592943 0.0044507612474262714
v 0.19207638502120972 -0.016249999403953552 0.013212301768362522
v 0.1924365907907486 -0.016249999403953552 0.015039868652820587
v 0.1924365907907486 -0.014000000432133675 0.015039868652820587
v 0.19207638502120972 -0.014000000432133675 0.013212301768362522
v 0.1924365907907486 0.016450000926852226 0.015039868652820587
v 0.19207638502120972 0.016249999403953552 0.013212301768362522
v 0.1924365907907486 0.014000000432133675 0.015039868652820587
v 0.19207638502120972 0.014000000432133675 0.013212301768362522
v 0.19204983115196228 0.016450000926852226 0.01307761948555708
v 0.19204983115196228 0.016249999403953552 0.01307761948555708
v 0.02881300263106823 -0.01425000000745058 0.04539128765463829
v 0.02881300263106823 -0.014000000432133675 0.04539128765463829
v 0.028633354231715202 -0.014000000432133675 0.04746517166495323
v 0.027619494125247 -0.010250000283122063 0.05916924774646759
v 0.028633354231715202 -0.010250000283122063 0.04746517166495323
v 0.02671009674668312 -0.010250000283122063 0.057196058332920074
v 0.028633354231715202 -0.010250000283122063 0.04746517166495323
v 0.02507965825498104 -0.010250000283122063 0.055760037153959274
v 0.028319917619228363 -0.010250000283122063 0.047526951879262924
v 0.027619494125247 -0.010250000283122063 0.05916924774646759
v 0.020848270505666733 -0.010250000283122063 0.05534914880990982
v 0.023007415235042572 -0.010250000283122063 0.055107127875089645
v 0.01186386588960886 -0.010250000283122063 0.05832699313759804
v -0.01422921009361744 -0.010250000283122063 0.05583366006612778
v 0.010200781747698784 -0.010250000283122063 0.06020069122314453
v 0.011080492287874222 -0.010250000283122063 0.060214728116989136
v 0.011456845328211784 -0.010250000283122063 0.06011177599430084
v 0.010342005640268326 -0.010250000283122063 0.06219569593667984
v 0.011598069220781326 -0.010250000283122063 0.06210678443312645
v 0.011210966855287552 -0.010250000283122063 0.06205787509679794
v 0.01087204646319151 -0.010250000283122063 0.06186455488204956
v 0.010780679062008858 -0.010250000283122063 0.059040483087301254
v -0.022425860166549683 -0.010250000283122063 0.05792294442653656
v -0.018119916319847107 -0.010250000283122063 0.05628069490194321
v -0.025871530175209045 -0.010250000283122063 0.055339522659778595
v -0.029542217031121254 -0.010250000283122063 0.05397442355751991
v -0.02203269489109516 -0.010250000283122063 0.056114621460437775
v 0.01063290610909462 -0.010250000283122063 0.061556246131658554
v 0.010578862391412258 -0.010250000283122063 0.06079278886318207
v 0.010529953986406326 -0.010250000283122063 0.06117989495396614
v 0.010772185400128365 -0.010250000283122063 0.0604538694024086
v 0.010815570130944252 -0.010250000283122063 0.06300269067287445
v 0.011552661657333374 -0.010250000283122063 0.06357904523611069
v 0.011210966855287552 0.010250000283122063 0.06205787509679794
v 0.011598069220781326 0.010250000283122063 0.06210678443312645
v 0.010342005640268326 0.010250000283122063 0.06219569593667984
v 0.01087204646319151 0.010250000283122063 0.06186455488204956
v 0.028319917619228363 0.010250000283122063 0.047526951879262924
v 0.028633354231715202 0.010250000283122063 0.04746517166495323
v 0.02507965825498104 0.010250000283122063 0.055760037153959274
v 0.02671009674668312 0.010250000283122063 0.057196058332920074
v 0.027619494125247 0.010250000283122063 0.05916924774646759
v 0.023007415235042572 0.010250000283122063 0.055107127875089645
v 0.020848270505666733 0.010250000283122063 0.05534914880990982
v -0.01422921009361744 0.010250000283122063 0.05583366006612778
v 0.01186386588960886 0.010250000283122063 0.05832699313759804
v 0.011456845328211784 0.010250000283122063 0.06011177599430084
v 0.011080492287874222 0.010250000283122063 0.060214728116989136
v 0.010200781747698784 0.010250000283122063 0.06020069122314453
v 0.01063290610909462 0.010250000283122063 0.061556246131658554
v 0.010772185400128365 0.010250000283122063 0.0604538694024086
v 0.010529953986406326 0.010250000283122063 0.06117989495396614
v -0.022425860166549683 0.010250000283122063 0.05792294442653656
v 0.010578862391412258 0.010250000283122063 0.06079278886318207
v 0.010815570130944252 0.010250000283122063 0.06300269067287445
v -0.018119916319847107 0.010250000283122063 0.05628069490194321
v 0.010780679062008858 0.010250000283122063 0.059040483087301254
v -0.02203269489109516 0.010250000283122063 0.056114621460437775
v -0.025871530175209045 0.010250000283122063 0.055339522659778595
v -0.029542217031121254 0.010250000283122063 0.05397442355751991
v 0.011552661657333374 0.010250000283122063 0.06357904523611069
v 0.02881300263106823 0.014000000432133675 0.04539128765463829
v 0.02881300263106823 0.01425000000745058 0.04539128765463829
v 0.028633354231715202 0.014000000432133675 0.04746517166495323
v 0.027619494125247 0.010250000283122063 0.05916924774646759
v 0.028633354231715202 0.010250000283122063 0.04746517166495323
v 0.1925961971282959 0.010924999602138996 0.015148323960602283
v 0.1925961971282959 0.00892999954521656 0.015148323960602283
v 0.1947903037071228 0.010924999602138996 0.016639256849884987
v 0.1947903037071228 0.00892999954521656 0.016639256849884987
v 0.1925961971282959 -0.00215000007301569 0.015148323960602283
v 0.1925961971282959 -0.004230000078678131 0.015148323960602283
v 0.1947903037071228 -0.00215000007301569 0.016639256849884987
v 0.1947903037071228 -0.004230000078678131 0.016639256849884987
v 0.1925961971282959 0.004430000204592943 0.015148323960602283
v 0.1925961971282959 0.0023499999660998583 0.015148323960602283
v 0.1947903037071228 0.004430000204592943 0.016639256849884987
v 0.1947903037071228 0.0023499999660998583 0.016639256849884987
v 0.1925961971282959 -0.008729999884963036 0.015148323960602283
v 0.1925961971282959 -0.010724999941885471 0.015148323960602283
v 0.1947903037071228 -0.008729999884963036 0.016639256849884987
v 0.1947903037071228 -0.010724999941885471 0.016639256849884987
v 0.11094310134649277 0.012669684365391731 0.030589723959565163
v 0.11020783334970474 0.012628342024981976 0.03073464334011078
v 0.11134586483240128 0.012041342444717884 0.03051033988595009
v 0.11101336032152176 0.011371658183634281 0.03057587519288063
v 0.10987532883882523 0.011958656832575798 0.03080018050968647
v 0.11027808487415314 0.011330315843224525 0.030720796436071396
v 0.11132260411977768 0.011706500314176083 0.03126859292387962
v 0.11134586483240128 0.012041342444717884 0.03051033988595009
v 0.11101336032152176 0.011371658183634281 0.03057587519288063
v 0.11150830239057541 0.012041342444717884 0.03133448213338852
v 0.11117579787969589 0.011371658183634281 0.03140002116560936
v 0.11128747463226318 0.012355513870716095 0.031275518238544464
v 0.11094310134649277 0.012669684365391731 0.030589723959565163
v 0.11134586483240128 0.012041342444717884 0.03051033988595009
v 0.1111055389046669 0.012669684365391731 0.03141386806964874
v 0.11150830239057541 0.012041342444717884 0.03133448213338852
v 0.11071845889091492 0.012649012729525566 0.03138767182826996
v 0.11037027090787888 0.012628342024981976 0.03155878931283951
v 0.11020783334970474 0.012628342024981976 0.03073464334011078
v 0.11094310134649277 0.012669684365391731 0.030589723959565163
v 0.1111055389046669 0.012669684365391731 0.03141386806964874
v 0.10987532883882523 0.011958656832575798 0.03080018050968647
v 0.11020783334970474 0.012628342024981976 0.03073464334011078
v 0.11018457263708115 0.012293499894440174 0.03149290010333061
v 0.11037027090787888 0.012628342024981976 0.03155878931283951
v 0.11003776639699936 0.011958656832575798 0.03162432461977005
v 0.11021970212459564 0.011644486337900162 0.03148597478866577
v 0.10987532883882523 0.011958656832575798 0.03080018050968647
v 0.11003776639699936 0.011958656832575798 0.03162432461977005
v 0.11044052243232727 0.011330315843224525 0.031544942408800125
v 0.11027808487415314 0.011330315843224525 0.030720796436071396
v 0.11101336032152176 0.011371658183634281 0.03057587519288063
v 0.11027808487415314 0.011330315843224525 0.030720796436071396
v 0.11078871786594391 0.011350986547768116 0.031373824924230576
v 0.11044052243232727 0.011330315843224525 0.031544942408800125
v 0.11117579787969589 0.011371658183634281 0.03140002116560936
v 0.1114300787448883 0.011661095544695854 0.03134990110993385
v 0.11132260411977768 0.011706500314176083 0.03126859292387962
v 0.11117579787969589 0.011371658183634281 0.03140002116560936
v 0.11150830239057541 0.012041342444717884 0.03133448213338852
v 0.11138951778411865 0.012410512194037437 0.03135789558291435
v 0.11128747463226318 0.012355513870716095 0.031275518238544464
v 0.1111055389046669 0.012669684365391731 0.03141386806964874
v 0.11071845889091492 0.012649012729525566 0.03138767182826996
v 0.11073247343301773 0.012749415822327137 0.031487397849559784
v 0.11037027090787888 0.012628342024981976 0.03155878931283951
v 0.11018457263708115 0.012293499894440174 0.03149290010333061
v 0.11011599004268646 0.012338903732597828 0.031608905643224716
v 0.11003776639699936 0.011958656832575798 0.03162432461977005
v 0.11015655100345612 0.01158948801457882 0.03160091117024422
v 0.11021970212459564 0.011644486337900162 0.03148597478866577
v 0.11044052243232727 0.011330315843224525 0.031544942408800125
v 0.11078871786594391 0.011350986547768116 0.031373824924230576
v 0.11081359535455704 0.01125058438628912 0.031471408903598785
v 0.11239321529865265 0.010871726088225842 0.03116006590425968
v 0.11117579787969589 0.011371658183634281 0.03140002116560936
v 0.11184627562761307 0.010325661860406399 0.03126787021756172
v 0.1114300787448883 0.011661095544695854 0.03134990110993385
v 0.11269351840019226 0.011589559726417065 0.031100880354642868
v 0.11150830239057541 0.012041342444717884 0.03133448213338852
v 0.1127014309167862 0.012369879521429539 0.031099319458007812
v 0.11138951778411865 0.012410512194037437 0.03135789558291435
v 0.11037033796310425 0.010042568668723106 0.031558774411678314
v 0.11044052243232727 0.011330315843224525 0.031544942408800125
v 0.10966605693101883 0.010348637588322163 0.0316975861787796
v 0.11081359535455704 0.01125058438628912 0.031471408903598785
v 0.11113592982292175 0.010034500621259212 0.031407877802848816
v 0.11015655100345612 0.01158948801457882 0.03160091117024422
v 0.10913030058145523 0.01090611144900322 0.0318031832575798
v 0.11241576820611954 0.013093887828290462 0.031155623495578766
v 0.1111055389046669 0.012669684365391731 0.03141386806964874
v 0.11188001185655594 0.013651362620294094 0.03126122057437897
v 0.11073247343301773 0.012749415822327137 0.031487397849559784
v 0.11117572337388992 0.01395743153989315 0.031400032341480255
v 0.11041013896465302 0.013965499587357044 0.03155093267560005
v 0.11037027090787888 0.012628342024981976 0.03155878931283951
v 0.1096997931599617 0.013674338348209858 0.031690940260887146
v 0.10884463042020798 0.011630120687186718 0.03185948729515076
v 0.11003776639699936 0.011958656832575798 0.03162432461977005
v 0.10885255038738251 0.012410440482199192 0.031857930123806
v 0.11011599004268646 0.012338903732597828 0.031608905643224716
v 0.10915283858776093 0.013128274120390415 0.03179874271154404
v 0.11184627562761307 0.010325661860406399 0.03126787021756172
v 0.11113592982292175 0.010034500621259212 0.031407877802848816
v 0.11129425466060638 0.010083143599331379 0.031172825023531914
v 0.11037033796310425 0.010042568668723106 0.031558774411678314
v 0.10966605693101883 0.010348637588322163 0.0316975861787796
v 0.10992759466171265 0.010176856070756912 0.03144219145178795
v 0.11060263961553574 0.01000451110303402 0.03130913898348808
v 0.10877799987792969 0.011845150031149387 0.0316687747836113
v 0.10884463042020798 0.011630120687186718 0.03185948729515076
v 0.10885255038738251 0.012410440482199192 0.031857930123806
v 0.108954057097435 0.01115893479436636 0.031634073704481125
v 0.10913030058145523 0.01090611144900322 0.0318031832575798
v 0.10915283858776093 0.013128274120390415 0.03179874271154404
v 0.10884799808263779 0.012550841085612774 0.031654976308345795
v 0.10935401916503906 0.010578502900898457 0.03155524283647537
v 0.11180759966373444 0.010325661860406399 0.03107164427638054
v 0.10915525257587433 0.01318725198507309 0.031594417989254
v 0.1096997931599617 0.013674338348209858 0.031690940260887146
v 0.11191544681787491 0.010402864776551723 0.031050387769937515
v 0.11141923069953918 0.013874227181077003 0.031148191541433334
v 0.11117572337388992 0.01395743153989315 0.031400032341480255
v 0.11188001185655594 0.013651362620294094 0.03126122057437897
v 0.11073435842990875 0.014000000432133675 0.0312831811606884
v 0.11041013896465302 0.013965499587357044 0.03155093267560005
v 0.10966111719608307 0.013674338348209858 0.03149471431970596
v 0.11241576820611954 0.013093887828290462 0.031155623495578766
v 0.11201796680688858 0.013512727804481983 0.031030181795358658
v 0.11269351840019226 0.011589559726417065 0.031100880354642868
v 0.11239321529865265 0.010871726088225842 0.03116006590425968
v 0.11238808929920197 0.010923461988568306 0.030957231298089027
v 0.1127014309167862 0.012369879521429539 0.031099319458007812
v 0.11267610639333725 0.012288346886634827 0.030900463461875916
v 0.11245525628328323 0.012960969470441341 0.030943993479013443
v 0.1126527339220047 0.01157945767045021 0.030905069783329964
v 0.11094310134649277 -0.011330315843224525 0.030589723959565163
v 0.11020783334970474 -0.011371658183634281 0.03073464334011078
v 0.11134586483240128 -0.011958656832575798 0.03051033988595009
v 0.11101336032152176 -0.012628342024981976 0.03057587519288063
v 0.10987532883882523 -0.012041342444717884 0.03080018050968647
v 0.11027808487415314 -0.012669684365391731 0.030720796436071396
v 0.11132260411977768 -0.012293499894440174 0.03126859292387962
v 0.11134586483240128 -0.011958656832575798 0.03051033988595009
v 0.11101336032152176 -0.012628342024981976 0.03057587519288063
v 0.11150830239057541 -0.011958656832575798 0.03133448213338852
v 0.11117579787969589 -0.012628342024981976 0.03140002116560936
v 0.11128747463226318 -0.011644486337900162 0.031275518238544464
v 0.11094310134649277 -0.011330315843224525 0.030589723959565163
v 0.11134586483240128 -0.011958656832575798 0.03051033988595009
v 0.1111055389046669 -0.011330315843224525 0.03141386806964874
v 0.11150830239057541 -0.011958656832575798 0.03133448213338852
v 0.11071845889091492 -0.011350986547768116 0.03138767182826996
v 0.11037027090787888 -0.011371658183634281 0.03155878931283951
v 0.11020783334970474 -0.011371658183634281 0.03073464334011078
v 0.11094310134649277 -0.011330315843224525 0.030589723959565163
v 0.1111055389046669 -0.011330315843224525 0.03141386806964874
v 0.10987532883882523 -0.012041342444717884 0.03080018050968647
v 0.11020783334970474 -0.011371658183634281 0.03073464334011078
v 0.11018457263708115 -0.011706500314176083 0.03149290010333061
v 0.11037027090787888 -0.011371658183634281 0.03155878931283951
v 0.11003776639699936 -0.012041342444717884 0.03162432461977005
v 0.11021970212459564 -0.012355513870716095 0.03148597478866577
v 0.10987532883882523 -0.012041342444717884 0.03080018050968647
v 0.11003776639699936 -0.012041342444717884 0.03162432461977005
v 0.11044052243232727 -0.012669684365391731 0.031544942408800125
v 0.11027808487415314 -0.012669684365391731 0.030720796436071396
v 0.11101336032152176 -0.012628342024981976 0.03057587519288063
v 0.11027808487415314 -0.012669684365391731 0.030720796436071396
v 0.11078871786594391 -0.012649012729525566 0.031373824924230576
v 0.11044052243232727 -0.012669684365391731 0.031544942408800125
v 0.11117579787969589 -0.012628342024981976 0.03140002116560936
v 0.11132260411977768 -0.012293499894440174 0.03126859292387962
v 0.11117579787969589 -0.012628342024981976 0.03140002116560936
v 0.1114300787448883 -0.012338903732597828 0.03134990110993385
v 0.11150830239057541 -0.011958656832575798 0.03133448213338852
v 0.11138951778411865 -0.01158948801457882 0.03135789558291435
v 0.11128747463226318 -0.011644486337900162 0.031275518238544464
v 0.1111055389046669 -0.011330315843224525 0.03141386806964874
v 0.11071845889091492 -0.011350986547768116 0.03138767182826996
v 0.11073247343301773 -0.01125058438628912 0.031487397849559784
v 0.11037027090787888 -0.011371658183634281 0.03155878931283951
v 0.11018457263708115 -0.011706500314176083 0.03149290010333061
v 0.11011599004268646 -0.011661095544695854 0.031608905643224716
v 0.11003776639699936 -0.012041342444717884 0.03162432461977005
v 0.11015655100345612 -0.012410512194037437 0.03160091117024422
v 0.11021970212459564 -0.012355513870716095 0.03148597478866577
v 0.11044052243232727 -0.012669684365391731 0.031544942408800125
v 0.11078871786594391 -0.012649012729525566 0.031373824924230576
v 0.11081359535455704 -0.012749415822327137 0.031471408903598785
v 0.11239321529865265 -0.013128274120390415 0.03116006590425968
v 0.11117579787969589 -0.012628342024981976 0.03140002116560936
v 0.11184627562761307 -0.013674338348209858 0.03126787021756172
v 0.1114300787448883 -0.012338903732597828 0.03134990110993385
v 0.11269351840019226 -0.012410440482199192 0.031100880354642868
v 0.1127014309167862 -0.011630120687186718 0.031099319458007812
v 0.11138951778411865 -0.01158948801457882 0.03135789558291435
v 0.11150830239057541 -0.011958656832575798 0.03133448213338852
v 0.11241576820611954 -0.01090611144900322 0.031155623495578766
v 0.11037033796310425 -0.01395743153989315 0.031558774411678314
v 0.11044052243232727 -0.012669684365391731 0.031544942408800125
v 0.10966605693101883 -0.013651362620294094 0.0316975861787796
v 0.11081359535455704 -0.012749415822327137 0.031471408903598785
v 0.11113592982292175 -0.013965499587357044 0.031407877802848816
v 0.11015655100345612 -0.012410512194037437 0.03160091117024422
v 0.10913030058145523 -0.013093887828290462 0.0318031832575798
v 0.1111055389046669 -0.011330315843224525 0.03141386806964874
v 0.11117572337388992 -0.010042568668723106 0.031400032341480255
v 0.11073247343301773 -0.01125058438628912 0.031487397849559784
v 0.11188001185655594 -0.010348637588322163 0.03126122057437897
v 0.11041013896465302 -0.010034500621259212 0.03155093267560005
v 0.11037027090787888 -0.011371658183634281 0.03155878931283951
v 0.1096997931599617 -0.010325661860406399 0.031690940260887146
v 0.10884463042020798 -0.012369879521429539 0.03185948729515076
v 0.11003776639699936 -0.012041342444717884 0.03162432461977005
v 0.10885255038738251 -0.011589559726417065 0.031857930123806
v 0.11011599004268646 -0.011661095544695854 0.031608905643224716
v 0.10915283858776093 -0.010871726088225842 0.03179874271154404
v 0.11161433905363083 -0.013787609525024891 0.031109735369682312
v 0.11184627562761307 -0.013674338348209858 0.03126787021756172
v 0.11113592982292175 -0.013965499587357044 0.031407877802848816
v 0.11073435842990875 -0.014000000432133675 0.0312831811606884
v 0.11037033796310425 -0.01395743153989315 0.031558774411678314
v 0.10885368287563324 -0.012570668011903763 0.031653858721256256
v 0.10884463042020798 -0.012369879521429539 0.03185948729515076
v 0.10885255038738251 -0.011589559726417065 0.031857930123806
v 0.10913030058145523 -0.013093887828290462 0.0318031832575798
v 0.10966605693101883 -0.013651362620294094 0.0316975861787796
v 0.10956137627363205 -0.013603330589830875 0.03151437267661095
v 0.11180759966373444 -0.013674338348209858 0.03107164427638054
v 0.10889199376106262 -0.011311639100313187 0.031646307557821274
v 0.10915283858776093 -0.010871726088225842 0.03179874271154404
v 0.10966111719608307 -0.010325661860406399 0.03149471431970596
v 0.11230742186307907 -0.013195546343922615 0.030973130837082863
v 0.11051178723573685 -0.010012906976044178 0.03132704645395279
v 0.11041013896465302 -0.010034500621259212 0.03155093267560005
v 0.11117572337388992 -0.010042568668723106 0.031400032341480255
v 0.1096997931599617 -0.010325661860406399 0.031690940260887146
v 0.11261503398418427 -0.011429332196712494 0.030912501737475395
v 0.11241576820611954 -0.01090611144900322 0.031155623495578766
v 0.1127014309167862 -0.011630120687186718 0.031099319458007812
v 0.1121642217040062 -0.010630307719111443 0.03100135549902916
v 0.11188001185655594 -0.010348637588322163 0.03126122057437897
v 0.11140972375869751 -0.010122193023562431 0.03115006536245346
v 0.11239321529865265 -0.013128274120390415 0.03116006590425968
v 0.11266639828681946 -0.012349560856819153 0.030902376398444176
v 0.11269351840019226 -0.012410440482199192 0.031100880354642868
v 0.18748527765274048 -0.005499999970197678 0.015146633610129356
v 0.18691882491111755 -0.006500000134110451 0.015258279629051685
v 0.18861818313598633 -0.005499999970197678 0.014923338778316975
v 0.18918463587760925 -0.006500000134110451 0.014811691828072071
v 0.18861818313598633 -0.007499999832361937 0.014923338778316975
v 0.18748527765274048 -0.007499999832361937 0.015146633610129356
v 0.18910162150859833 -0.006000000052154064 0.015883272513747215
v 0.18861818313598633 -0.005499999970197678 0.014923338778316975
v 0.18918463587760925 -0.006500000134110451 0.014811691828072071
v 0.18884830176830292 -0.005499999970197678 0.01609087735414505
v 0.18941475450992584 -0.006500000134110451 0.015979230403900146
v 0.18825194239616394 -0.005499999970197678 0.01605074293911457
v 0.18748527765274048 -0.005499999970197678 0.015146633610129356
v 0.18861818313598633 -0.005499999970197678 0.014923338778316975
v 0.18771539628505707 -0.005499999970197678 0.016314171254634857
v 0.18884830176830292 -0.005499999970197678 0.01609087735414505
v 0.18740226328372955 -0.006000000052154064 0.016218213364481926
v 0.18714894354343414 -0.006500000134110451 0.01642581820487976
v 0.18691882491111755 -0.006500000134110451 0.015258279629051685
v 0.18748527765274048 -0.005499999970197678 0.015146633610129356
v 0.18771539628505707 -0.005499999970197678 0.016314171254634857
v 0.18748527765274048 -0.007499999832361937 0.015146633610129356
v 0.18691882491111755 -0.006500000134110451 0.015258279629051685
v 0.18740226328372955 -0.007000000216066837 0.016218213364481926
v 0.18714894354343414 -0.006500000134110451 0.01642581820487976
v 0.18771539628505707 -0.007499999832361937 0.016314171254634857
v 0.18825194239616394 -0.007499999832361937 0.01605074293911457
v 0.18748527765274048 -0.007499999832361937 0.015146633610129356
v 0.18771539628505707 -0.007499999832361937 0.016314171254634857
v 0.18884830176830292 -0.007499999832361937 0.01609087735414505
v 0.18861818313598633 -0.007499999832361937 0.014923338778316975
v 0.18918463587760925 -0.006500000134110451 0.014811691828072071
v 0.18861818313598633 -0.007499999832361937 0.014923338778316975
v 0.18910162150859833 -0.007000000216066837 0.015883272513747215
v 0.18884830176830292 -0.007499999832361937 0.01609087735414505
v 0.18941475450992584 -0.006500000134110451 0.015979230403900146
v 0.18910162150859833 -0.006000000052154064 0.015883272513747215
v 0.18941475450992584 -0.006500000134110451 0.015979230403900146
v 0.1892629712820053 -0.005922649521380663 0.016009146347641945
v 0.18884830176830292 -0.005499999970197678 0.01609087735414505
v 0.18828184902668 -0.005345299374312162 0.016202524304389954
v 0.18825194239616394 -0.005499999970197678 0.01605074293911457
v 0.18771539628505707 -0.005499999970197678 0.016314171254634857
v 0.18740226328372955 -0.006000000052154064 0.016218213364481926
v 0.18730072677135468 -0.005922649521380663 0.016395902261137962
v 0.18714894354343414 -0.006500000134110451 0.01642581820487976
v 0.18740226328372955 -0.007000000216066837 0.016218213364481926
v 0.18730072677135468 -0.007077350281178951 0.016395902261137962
v 0.18771539628505707 -0.007499999832361937 0.016314171254634857
v 0.18828184902668 -0.007654700428247452 0.016202524304389954
v 0.18825194239616394 -0.007499999832361937 0.01605074293911457
v 0.18884830176830292 -0.007499999832361937 0.01609087735414505
v 0.1892629712820053 -0.007077350281178951 0.016009146347641945
v 0.18910162150859833 -0.007000000216066837 0.015883272513747215
v 0.19100117683410645 -0.005351949483156204 0.015666550025343895
v 0.18941475450992584 -0.006500000134110451 0.015979230403900146
v 0.19122523069381714 -0.006500000134110451 0.015622389502823353
v 0.1892629712820053 -0.005922649521380663 0.016009146347641945
v 0.19036312401294708 -0.004378679674118757 0.015792306512594223
v 0.18940822780132294 -0.0037283613346517086 0.015980515629053116
v 0.18828184902668 -0.005345299374312162 0.016202524304389954
v 0.18884830176830292 -0.005499999970197678 0.01609087735414505
v 0.18828184902668 -0.0035000001080334187 0.016202524304389954
v 0.19036312401294708 -0.008621320128440857 0.015792306512594223
v 0.19100117683410645 -0.00764805031940341 0.015666550025343895
v 0.1892629712820053 -0.007077350281178951 0.016009146347641945
v 0.18884830176830292 -0.007499999832361937 0.01609087735414505
v 0.18940822780132294 -0.009271638467907906 0.015980515629053116
v 0.18828184902668 -0.007654700428247452 0.016202524304389954
v 0.18828184902668 -0.009499999694526196 0.016202524304389954
v 0.18771539628505707 -0.005499999970197678 0.016314171254634857
v 0.1862005740404129 -0.004378679674118757 0.016612740233540535
v 0.18730072677135468 -0.005922649521380663 0.016395902261137962
v 0.18715547025203705 -0.0037283613346517086 0.016424531117081642
v 0.18556253612041473 -0.005351949483156204 0.016738498583436012
v 0.18714894354343414 -0.006500000134110451 0.01642581820487976
v 0.18533848226070404 -0.006500000134110451 0.01678265817463398
v 0.18715547025203705 -0.009271638467907906 0.016424531117081642
v 0.18771539628505707 -0.007499999832361937 0.016314171254634857
v 0.1862005740404129 -0.008621320128440857 0.016612740233540535
v 0.18730072677135468 -0.007077350281178951 0.016395902261137962
v 0.18556253612041473 -0.00764805031940341 0.016738498583436012
v 0.19122523069381714 -0.006500000134110451 0.015622389502823353
v 0.19100117683410645 -0.00764805031940341 0.015666550025343895
v 0.19096249341964722 -0.00764805031940341 0.015470324084162712
v 0.18940822780132294 -0.009271638467907906 0.015980515629053116
v 0.1893695592880249 -0.009271638467907906 0.015784291550517082
v 0.19036312401294708 -0.008621320128440857 0.015792306512594223
v 0.1855238527059555 -0.00764805031940341 0.01654227264225483
v 0.1862005740404129 -0.008621320128440857 0.016612740233540535
v 0.18556253612041473 -0.00764805031940341 0.016738498583436012
v 0.187116801738739 -0.009271638467907906 0.01622830703854561
v 0.18715547025203705 -0.009271638467907906 0.016424531117081642
v 0.18828184902668 -0.009499999694526196 0.016202524304389954
v 0.18824318051338196 -0.009499999694526196 0.01600629836320877
v 0.19032445549964905 -0.008621320128440857 0.015596081502735615
v 0.1911865472793579 -0.006500000134110451 0.015426164492964745
v 0.18616189062595367 -0.008621320128440857 0.0164165161550045
v 0.18533848226070404 -0.006500000134110451 0.01678265817463398
v 0.19096249341964722 -0.005351949483156204 0.015470324084162712
v 0.18556253612041473 -0.005351949483156204 0.016738498583436012
v 0.1855238527059555 -0.005351949483156204 0.01654227264225483
v 0.1862005740404129 -0.004378679674118757 0.016612740233540535
v 0.18616189062595367 -0.004378679674118757 0.0164165161550045
v 0.18715547025203705 -0.0037283613346517086 0.016424531117081642
v 0.18940822780132294 -0.0037283613346517086 0.015980515629053116
v 0.19036312401294708 -0.004378679674118757 0.015792306512594223
v 0.19032445549964905 -0.004378679674118757 0.015596081502735615
v 0.18828184902668 -0.0035000001080334187 0.016202524304389954
v 0.18824318051338196 -0.0035000001080334187 0.01600629836320877
v 0.19100117683410645 -0.005351949483156204 0.015666550025343895
v 0.187116801738739 -0.0037283613346517086 0.01622830703854561
v 0.1852997988462448 -0.006500000134110451 0.016586434096097946
v 0.1893695592880249 -0.0037283613346517086 0.015784291550517082
v 0.18748527765274048 0.007499999832361937 0.015146633610129356
v 0.18691882491111755 0.006500000134110451 0.015258279629051685
v 0.18861818313598633 0.007499999832361937 0.014923338778316975
v 0.18918463587760925 0.006500000134110451 0.014811691828072071
v 0.18861818313598633 0.005499999970197678 0.014923338778316975
v 0.18748527765274048 0.005499999970197678 0.015146633610129356
v 0.18910162150859833 0.007000000216066837 0.015883272513747215
v 0.18861818313598633 0.007499999832361937 0.014923338778316975
v 0.18918463587760925 0.006500000134110451 0.014811691828072071
v 0.18884830176830292 0.007499999832361937 0.01609087735414505
v 0.18941475450992584 0.006500000134110451 0.015979230403900146
v 0.18825194239616394 0.007499999832361937 0.01605074293911457
v 0.18748527765274048 0.007499999832361937 0.015146633610129356
v 0.18861818313598633 0.007499999832361937 0.014923338778316975
v 0.18771539628505707 0.007499999832361937 0.016314171254634857
v 0.18884830176830292 0.007499999832361937 0.01609087735414505
v 0.18740226328372955 0.007000000216066837 0.016218213364481926
v 0.18714894354343414 0.006500000134110451 0.01642581820487976
v 0.18691882491111755 0.006500000134110451 0.015258279629051685
v 0.18748527765274048 0.007499999832361937 0.015146633610129356
v 0.18771539628505707 0.007499999832361937 0.016314171254634857
v 0.18748527765274048 0.005499999970197678 0.015146633610129356
v 0.18691882491111755 0.006500000134110451 0.015258279629051685
v 0.18740226328372955 0.006000000052154064 0.016218213364481926
v 0.18714894354343414 0.006500000134110451 0.01642581820487976
v 0.18771539628505707 0.005499999970197678 0.016314171254634857
v 0.18825194239616394 0.005499999970197678 0.01605074293911457
v 0.18748527765274048 0.005499999970197678 0.015146633610129356
v 0.18771539628505707 0.005499999970197678 0.016314171254634857
v 0.18884830176830292 0.005499999970197678 0.01609087735414505
v 0.18861818313598633 0.005499999970197678 0.014923338778316975
v 0.18918463587760925 0.006500000134110451 0.014811691828072071
v 0.18861818313598633 0.005499999970197678 0.014923338778316975
v 0.18910162150859833 0.006000000052154064 0.015883272513747215
v 0.18884830176830292 0.005499999970197678 0.01609087735414505
v 0.18941475450992584 0.006500000134110451 0.015979230403900146
v 0.18910162150859833 0.007000000216066837 0.015883272513747215
v 0.18941475450992584 0.006500000134110451 0.015979230403900146
v 0.1892629712820053 0.007077350281178951 0.016009146347641945
v 0.18884830176830292 0.007499999832361937 0.01609087735414505
v 0.18828184902668 0.007654700428247452 0.016202524304389954
v 0.18825194239616394 0.007499999832361937 0.01605074293911457
v 0.18771539628505707 0.007499999832361937 0.016314171254634857
v 0.18740226328372955 0.007000000216066837 0.016218213364481926
v 0.18730072677135468 0.007077350281178951 0.016395902261137962
v 0.18714894354343414 0.006500000134110451 0.01642581820487976
v 0.18740226328372955 0.006000000052154064 0.016218213364481926
v 0.18730072677135468 0.005922649521380663 0.016395902261137962
v 0.18771539628505707 0.005499999970197678 0.016314171254634857
v 0.18828184902668 0.005345299374312162 0.016202524304389954
v 0.18825194239616394 0.005499999970197678 0.01605074293911457
v 0.18884830176830292 0.005499999970197678 0.01609087735414505
v 0.1892629712820053 0.005922649521380663 0.016009146347641945
v 0.18910162150859833 0.006000000052154064 0.015883272513747215
v 0.19100117683410645 0.00764805031940341 0.015666550025343895
v 0.18941475450992584 0.006500000134110451 0.015979230403900146
v 0.19122523069381714 0.006500000134110451 0.015622389502823353
v 0.1892629712820053 0.007077350281178951 0.016009146347641945
v 0.19036312401294708 0.008621320128440857 0.015792306512594223
v 0.18940822780132294 0.009271638467907906 0.015980515629053116
v 0.18828184902668 0.007654700428247452 0.016202524304389954
v 0.18884830176830292 0.007499999832361937 0.01609087735414505
v 0.18828184902668 0.009499999694526196 0.016202524304389954
v 0.19036312401294708 0.004378679674118757 0.015792306512594223
v 0.19100117683410645 0.005351949483156204 0.015666550025343895
v 0.1892629712820053 0.005922649521380663 0.016009146347641945
v 0.18884830176830292 0.005499999970197678 0.01609087735414505
v 0.18940822780132294 0.0037283613346517086 0.015980515629053116
v 0.18828184902668 0.005345299374312162 0.016202524304389954
v 0.18828184902668 0.0035000001080334187 0.016202524304389954
v 0.18771539628505707 0.007499999832361937 0.016314171254634857
v 0.1862005740404129 0.008621320128440857 0.016612740233540535
v 0.18730072677135468 0.007077350281178951 0.016395902261137962
v 0.18715547025203705 0.009271638467907906 0.016424531117081642
v 0.18556253612041473 0.00764805031940341 0.016738498583436012
v 0.18714894354343414 0.006500000134110451 0.01642581820487976
v 0.18533848226070404 0.006500000134110451 0.01678265817463398
v 0.18715547025203705 0.0037283613346517086 0.016424531117081642
v 0.18771539628505707 0.005499999970197678 0.016314171254634857
v 0.1862005740404129 0.004378679674118757 0.016612740233540535
v 0.18730072677135468 0.005922649521380663 0.016395902261137962
v 0.18556253612041473 0.005351949483156204 0.016738498583436012
v 0.19122523069381714 0.006500000134110451 0.015622389502823353
v 0.19100117683410645 0.005351949483156204 0.015666550025343895
v 0.19096249341964722 0.005351949483156204 0.015470324084162712
v 0.18940822780132294 0.0037283613346517086 0.015980515629053116
v 0.1893695592880249 0.0037283613346517086 0.015784291550517082
v 0.19036312401294708 0.004378679674118757 0.015792306512594223
v 0.1855238527059555 0.005351949483156204 0.01654227264225483
v 0.1862005740404129 0.004378679674118757 0.016612740233540535
v 0.18556253612041473 0.005351949483156204 0.016738498583436012
v 0.187116801738739 0.0037283613346517086 0.01622830703854561
v 0.18715547025203705 0.0037283613346517086 0.016424531117081642
v 0.18828184902668 0.0035000001080334187 0.016202524304389954
v 0.18824318051338196 0.0035000001080334187 0.01600629836320877
v 0.19032445549964905 0.004378679674118757 0.015596081502735615
v 0.1911865472793579 0.006500000134110451 0.015426164492964745
v 0.18616189062595367 0.004378679674118757 0.0164165161550045
v 0.18533848226070404 0.006500000134110451 0.01678265817463398
v 0.19096249341964722 0.00764805031940341 0.015470324084162712
v 0.18556253612041473 0.00764805031940341 0.016738498583436012
v 0.1855238527059555 0.00764805031940341 0.01654227264225483
v 0.1862005740404129 0.008621320128440857 0.016612740233540535
v 0.18616189062595367 0.008621320128440857 0.0164165161550045
v 0.18715547025203705 0.009271638467907906 0.016424531117081642
v 0.18940822780132294 0.009271638467907906 0.015980515629053116
v 0.19036312401294708 0.008621320128440857 0.015792306512594223
v 0.19032445549964905 0.008621320128440857 0.015596081502735615
v 0.18828184902668 0.009499999694526196 0.016202524304389954
v 0.18824318051338196 0.009499999694526196 0.01600629836320877
v 0.19100117683410645 0.00764805031940341 0.015666550025343895
v 0.187116801738739 0.009271638467907906 0.01622830703854561
v 0.1852997988462448 0.006500000134110451 0.016586434096097946
v 0.1893695592880249 0.009271638467907906 0.015784291550517082
v 0.04292122647166252 -0.006750000175088644 0.043640006333589554
v 0.04178832471370697 -0.006750000175088644 0.04386330023407936
v 0.043487679213285446 -0.00774999987334013 0.04352835938334465
v 0.041221871972084045 -0.00774999987334013 0.043974947184324265
v 0.04178832471370697 -0.008750000037252903 0.04386330023407936
v 0.04292122647166252 -0.008750000037252903 0.043640006333589554
v 0.04340466111898422 -0.007249999791383743 0.04459993913769722
v 0.04292122647166252 -0.006750000175088644 0.043640006333589554
v 0.043487679213285446 -0.00774999987334013 0.04352835938334465
v 0.04315134882926941 -0.006750000175088644 0.044807545840740204
v 0.043717801570892334 -0.00774999987334013 0.0446958988904953
v 0.04255497828125954 -0.006750000175088644 0.044767409563064575
v 0.04178832471370697 -0.006750000175088644 0.04386330023407936
v 0.04292122647166252 -0.006750000175088644 0.043640006333589554
v 0.04201844334602356 -0.006750000175088644 0.04503083974123001
v 0.04315134882926941 -0.006750000175088644 0.044807545840740204
v 0.04170530289411545 -0.007249999791383743 0.04493487998843193
v 0.041451990604400635 -0.00774999987334013 0.045142486691474915
v 0.041221871972084045 -0.00774999987334013 0.043974947184324265
v 0.04178832471370697 -0.006750000175088644 0.04386330023407936
v 0.04201844334602356 -0.006750000175088644 0.04503083974123001
v 0.04178832471370697 -0.008750000037252903 0.04386330023407936
v 0.041221871972084045 -0.00774999987334013 0.043974947184324265
v 0.04170530289411545 -0.008249999955296516 0.04493487998843193
v 0.041451990604400635 -0.00774999987334013 0.045142486691474915
v 0.04201844334602356 -0.008750000037252903 0.04503083974123001
v 0.04255497828125954 -0.008750000037252903 0.044767409563064575
v 0.04178832471370697 -0.008750000037252903 0.04386330023407936
v 0.04201844334602356 -0.008750000037252903 0.04503083974123001
v 0.04315134882926941 -0.008750000037252903 0.044807545840740204
v 0.04292122647166252 -0.008750000037252903 0.043640006333589554
v 0.043487679213285446 -0.00774999987334013 0.04352835938334465
v 0.04292122647166252 -0.008750000037252903 0.043640006333589554
v 0.04340466111898422 -0.008249999955296516 0.04459993913769722
v 0.04315134882926941 -0.008750000037252903 0.044807545840740204
v 0.043717801570892334 -0.00774999987334013 0.0446958988904953
v 0.04340466111898422 -0.007249999791383743 0.04459993913769722
v 0.043717801570892334 -0.00774999987334013 0.0446958988904953
v 0.0435660183429718 -0.007172649726271629 0.04472581297159195
v 0.04315134882926941 -0.006750000175088644 0.044807545840740204
v 0.042584896087646484 -0.006595299579203129 0.04491919279098511
v 0.04255497828125954 -0.006750000175088644 0.044767409563064575
v 0.04201844334602356 -0.006750000175088644 0.04503083974123001
v 0.04170530289411545 -0.007249999791383743 0.04493487998843193
v 0.04160377010703087 -0.007172649726271629 0.04511256888508797
v 0.041451990604400635 -0.00774999987334013 0.045142486691474915
v 0.04170530289411545 -0.008249999955296516 0.04493487998843193
v 0.04160377010703087 -0.00832735002040863 0.04511256888508797
v 0.04201844334602356 -0.008750000037252903 0.04503083974123001
v 0.042584896087646484 -0.008904700167477131 0.04491919279098511
v 0.04255497828125954 -0.008750000037252903 0.044767409563064575
v 0.04315134882926941 -0.008750000037252903 0.044807545840740204
v 0.0435660183429718 -0.00832735002040863 0.04472581297159195
v 0.04340466111898422 -0.008249999955296516 0.04459993913769722
v 0.04530421644449234 -0.006601949688047171 0.0443832166492939
v 0.043717801570892334 -0.00774999987334013 0.0446958988904953
v 0.045528266578912735 -0.00774999987334013 0.04433905705809593
v 0.0435660183429718 -0.007172649726271629 0.04472581297159195
v 0.04466617479920387 -0.005628679879009724 0.04450897499918938
v 0.04371127486228943 -0.004978361539542675 0.04469718411564827
v 0.042584896087646484 -0.006595299579203129 0.04491919279098511
v 0.04315134882926941 -0.006750000175088644 0.044807545840740204
v 0.042584896087646484 -0.004749999847263098 0.04491919279098511
v 0.04466617479920387 -0.00987132079899311 0.04450897499918938
v 0.04530421644449234 -0.008898050524294376 0.0443832166492939
v 0.0435660183429718 -0.00832735002040863 0.04472581297159195
v 0.04315134882926941 -0.008750000037252903 0.044807545840740204
v 0.04371127486228943 -0.010521638207137585 0.04469718411564827
v 0.042584896087646484 -0.008904700167477131 0.04491919279098511
v 0.042584896087646484 -0.01075000036507845 0.04491919279098511
v 0.04201844334602356 -0.006750000175088644 0.04503083974123001
v 0.040503617376089096 -0.005628679879009724 0.04532940685749054
v 0.04160377010703087 -0.007172649726271629 0.04511256888508797
v 0.04145851358771324 -0.004978361539542675 0.04514119774103165
v 0.03986557573080063 -0.006601949688047171 0.04545516520738602
v 0.041451990604400635 -0.00774999987334013 0.045142486691474915
v 0.039641521871089935 -0.00774999987334013 0.045499324798583984
v 0.04145851358771324 -0.010521638207137585 0.04514119774103165
v 0.04201844334602356 -0.008750000037252903 0.04503083974123001
v 0.040503617376089096 -0.00987132079899311 0.04532940685749054
v 0.04160377010703087 -0.00832735002040863 0.04511256888508797
v 0.03986557573080063 -0.008898050524294376 0.04545516520738602
v 0.04371127486228943 -0.010521638207137585 0.04469718411564827
v 0.04462749883532524 -0.00987132079899311 0.044312749058008194
v 0.04466617479920387 -0.00987132079899311 0.04450897499918938
v 0.04530421644449234 -0.008898050524294376 0.0443832166492939
v 0.045528266578912735 -0.00774999987334013 0.04433905705809593
v 0.0454895943403244 -0.00774999987334013 0.04414283111691475
v 0.0436725988984108 -0.010521638207137585 0.04450095817446709
v 0.042584896087646484 -0.01075000036507845 0.04491919279098511
v 0.04145851358771324 -0.010521638207137585 0.04514119774103165
v 0.04254622012376785 -0.01075000036507845 0.044722966849803925
v 0.03986557573080063 -0.008898050524294376 0.04545516520738602
v 0.0398268960416317 -0.008898050524294376 0.045258939266204834
v 0.040503617376089096 -0.00987132079899311 0.04532940685749054
v 0.040464941412210464 -0.00987132079899311 0.045133184641599655
v 0.04526554048061371 -0.008898050524294376 0.04418698698282242
v 0.04141984134912491 -0.010521638207137585 0.04494497552514076
v 0.039641521871089935 -0.00774999987334013 0.045499324798583984
v 0.04530421644449234 -0.006601949688047171 0.0443832166492939
v 0.040503617376089096 -0.005628679879009724 0.04532940685749054
v 0.0398268960416317 -0.006601949688047171 0.045258939266204834
v 0.03986557573080063 -0.006601949688047171 0.04545516520738602
v 0.04145851358771324 -0.004978361539542675 0.04514119774103165
v 0.04141984134912491 -0.004978361539542675 0.04494497552514076
v 0.042584896087646484 -0.004749999847263098 0.04491919279098511
v 0.04371127486228943 -0.004978361539542675 0.04469718411564827
v 0.0436725988984108 -0.004978361539542675 0.04450095817446709
v 0.04466617479920387 -0.005628679879009724 0.04450897499918938
v 0.04462749883532524 -0.005628679879009724 0.044312749058008194
v 0.040464941412210464 -0.005628679879009724 0.045133184641599655
v 0.039602845907211304 -0.00774999987334013 0.0453031025826931
v 0.04254622012376785 -0.004749999847263098 0.044722966849803925
v 0.04526554048061371 -0.006601949688047171 0.04418698698282242
v 0.0435660183429718 0.007172649726271629 0.04472581297159195
v 0.04340466111898422 0.007249999791383743 0.04459993913769722
v 0.04315134882926941 0.006750000175088644 0.044807545840740204
v 0.043717801570892334 0.00774999987334013 0.0446958988904953
v 0.04315134882926941 0.008750000037252903 0.044807545840740204
v 0.042584896087646484 0.008904700167477131 0.04491919279098511
v 0.04255497828125954 0.008750000037252903 0.044767409563064575
v 0.04201844334602356 0.008750000037252903 0.04503083974123001
v 0.04170530289411545 0.007249999791383743 0.04493487998843193
v 0.041451990604400635 0.00774999987334013 0.045142486691474915
v 0.04160377010703087 0.007172649726271629 0.04511256888508797
v 0.04201844334602356 0.006750000175088644 0.04503083974123001
v 0.04170530289411545 0.008249999955296516 0.04493487998843193
v 0.04160377010703087 0.00832735002040863 0.04511256888508797
v 0.0435660183429718 0.00832735002040863 0.04472581297159195
v 0.04340466111898422 0.008249999955296516 0.04459993913769722
v 0.04292122647166252 0.008750000037252903 0.043640006333589554
v 0.04178832471370697 0.008750000037252903 0.04386330023407936
v 0.043487679213285446 0.00774999987334013 0.04352835938334465
v 0.041221871972084045 0.00774999987334013 0.043974947184324265
v 0.04178832471370697 0.006750000175088644 0.04386330023407936
v 0.04292122647166252 0.006750000175088644 0.043640006333589554
v 0.04340466111898422 0.008249999955296516 0.04459993913769722
v 0.04292122647166252 0.008750000037252903 0.043640006333589554
v 0.043487679213285446 0.00774999987334013 0.04352835938334465
v 0.04315134882926941 0.008750000037252903 0.044807545840740204
v 0.043717801570892334 0.00774999987334013 0.0446958988904953
v 0.04255497828125954 0.008750000037252903 0.044767409563064575
v 0.04178832471370697 0.008750000037252903 0.04386330023407936
v 0.04292122647166252 0.008750000037252903 0.043640006333589554
v 0.04201844334602356 0.008750000037252903 0.04503083974123001
v 0.04315134882926941 0.008750000037252903 0.044807545840740204
v 0.04170530289411545 0.008249999955296516 0.04493487998843193
v 0.041451990604400635 0.00774999987334013 0.045142486691474915
v 0.041221871972084045 0.00774999987334013 0.043974947184324265
v 0.04178832471370697 0.008750000037252903 0.04386330023407936
v 0.04201844334602356 0.008750000037252903 0.04503083974123001
v 0.04178832471370697 0.006750000175088644 0.04386330023407936
v 0.041221871972084045 0.00774999987334013 0.043974947184324265
v 0.04170530289411545 0.007249999791383743 0.04493487998843193
v 0.041451990604400635 0.00774999987334013 0.045142486691474915
v 0.04201844334602356 0.006750000175088644 0.04503083974123001
v 0.04255497828125954 0.006750000175088644 0.044767409563064575
v 0.04178832471370697 0.006750000175088644 0.04386330023407936
v 0.04201844334602356 0.006750000175088644 0.04503083974123001
v 0.04315134882926941 0.006750000175088644 0.044807545840740204
v 0.04292122647166252 0.006750000175088644 0.043640006333589554
v 0.043487679213285446 0.00774999987334013 0.04352835938334465
v 0.04292122647166252 0.006750000175088644 0.043640006333589554
v 0.04340466111898422 0.007249999791383743 0.04459993913769722
v 0.04315134882926941 0.006750000175088644 0.044807545840740204
v 0.043717801570892334 0.00774999987334013 0.0446958988904953
v 0.0435660183429718 0.00832735002040863 0.04472581297159195
v 0.04530421644449234 0.008898050524294376 0.0443832166492939
v 0.04466617479920387 0.00987132079899311 0.04450897499918938
v 0.04315134882926941 0.008750000037252903 0.044807545840740204
v 0.04371127486228943 0.010521638207137585 0.04469718411564827
v 0.042584896087646484 0.008904700167477131 0.04491919279098511
v 0.042584896087646484 0.01075000036507845 0.04491919279098511
v 0.04145851358771324 0.010521638207137585 0.04514119774103165
v 0.043717801570892334 0.00774999987334013 0.0446958988904953
v 0.04530421644449234 0.006601949688047171 0.0443832166492939
v 0.0435660183429718 0.007172649726271629 0.04472581297159195
v 0.04466617479920387 0.005628679879009724 0.04450897499918938
v 0.045528266578912735 0.00774999987334013 0.04433905705809593
v 0.04315134882926941 0.006750000175088644 0.044807545840740204
v 0.04371127486228943 0.004978361539542675 0.04469718411564827
v 0.042584896087646484 0.006595299579203129 0.04491919279098511
v 0.04160377010703087 0.00832735002040863 0.04511256888508797
v 0.04201844334602356 0.008750000037252903 0.04503083974123001
v 0.040503617376089096 0.00987132079899311 0.04532940685749054
v 0.03986557573080063 0.008898050524294376 0.04545516520738602
v 0.041451990604400635 0.00774999987334013 0.045142486691474915
v 0.039641521871089935 0.00774999987334013 0.045499324798583984
v 0.03986557573080063 0.006601949688047171 0.04545516520738602
v 0.042584896087646484 0.004749999847263098 0.04491919279098511
v 0.04145851358771324 0.004978361539542675 0.04514119774103165
v 0.04201844334602356 0.006750000175088644 0.04503083974123001
v 0.04160377010703087 0.007172649726271629 0.04511256888508797
v 0.040503617376089096 0.005628679879009724 0.04532940685749054
v 0.04371127486228943 0.004978361539542675 0.04469718411564827
v 0.04462749883532524 0.005628679879009724 0.044312749058008194
v 0.04466617479920387 0.005628679879009724 0.04450897499918938
v 0.04530421644449234 0.006601949688047171 0.0443832166492939
v 0.045528266578912735 0.00774999987334013 0.04433905705809593
v 0.0454895943403244 0.00774999987334013 0.04414283111691475
v 0.04254622012376785 0.004749999847263098 0.044722966849803925
v 0.042584896087646484 0.004749999847263098 0.04491919279098511
v 0.04145851358771324 0.004978361539542675 0.04514119774103165
v 0.03986557573080063 0.006601949688047171 0.04545516520738602
v 0.0398268960416317 0.006601949688047171 0.045258939266204834
v 0.040503617376089096 0.005628679879009724 0.04532940685749054
v 0.0436725988984108 0.004978361539542675 0.04450095817446709
v 0.040464941412210464 0.005628679879009724 0.045133184641599655
v 0.04526554048061371 0.006601949688047171 0.04418698698282242
v 0.04141984134912491 0.004978361539542675 0.04494497552514076
v 0.039641521871089935 0.00774999987334013 0.045499324798583984
v 0.04530421644449234 0.008898050524294376 0.0443832166492939
v 0.0398268960416317 0.008898050524294376 0.045258939266204834
v 0.03986557573080063 0.008898050524294376 0.04545516520738602
v 0.04141984134912491 0.010521638207137585 0.04494497552514076
v 0.040503617376089096 0.00987132079899311 0.04532940685749054
v 0.04145851358771324 0.010521638207137585 0.04514119774103165
v 0.0436725988984108 0.010521638207137585 0.04450095817446709
v 0.042584896087646484 0.01075000036507845 0.04491919279098511
v 0.04371127486228943 0.010521638207137585 0.04469718411564827
v 0.04466617479920387 0.00987132079899311 0.04450897499918938
v 0.04254622012376785 0.01075000036507845 0.044722966849803925
v 0.04462749883532524 0.00987132079899311 0.044312749058008194
v 0.040464941412210464 0.00987132079899311 0.045133184641599655
v 0.039602845907211304 0.00774999987334013 0.0453031025826931
v 0.04526554048061371 0.008898050524294376 0.04418698698282242
v 0.042584896087646484 0.006595299579203129 0.04491919279098511
v 0.04255497828125954 0.006750000175088644 0.044767409563064575
v 0.021413380280137062 -0.014000000432133675 -0.009667451493442059
v 0.021413380280137062 -0.01425000000745058 -0.009667451493442059
v 1.8790365820163605e-16 -0.016249999403953552 -0.009667451493442059
v 0.03641337901353836 -0.008999999612569809 -0.009667451493442059
v 0.06441338360309601 -0.014000000432133675 -0.009667451493442059
v 0.034292060881853104 -0.00812132004648447 -0.009667451493442059
v 0.03526533022522926 -0.008771637454628944 -0.009667451493442059
v 0.037561431527137756 -0.008771637454628944 -0.009667451493442059
v 0.033641740679740906 -0.007148050237447023 -0.009667451493442059
v 0.03341338038444519 -0.006000000052154064 -0.009667451493442059
v 1.8629818665945433e-16 0.016249999403953552 -0.009667451493442059
v 0.034292060881853104 -0.0038786795921623707 -0.009667451493442059
v 0.033641740679740906 -0.004851949866861105 -0.009667451493442059
v 0.03526533022522926 -0.003228361252695322 -0.009667451493442059
v 0.03641337901353836 0.003000000026077032 -0.009667451493442059
v 0.03641337901353836 -0.003000000026077032 -0.009667451493442059
v 0.037561431527137756 0.003228361252695322 -0.009667451493442059
v 0.037561431527137756 -0.003228361252695322 -0.009667451493442059
v 0.03526533022522926 0.003228361252695322 -0.009667451493442059
v 0.10595600306987762 -0.010630307719111443 -0.009667451493442059
v 0.10549652576446533 -0.011429332196712494 -0.009667451493442059
v 0.06378837674856186 -0.01425000000745058 -0.009667451493442059
v 0.10544416308403015 -0.012349560856819153 -0.009667451493442059
v 0.10672502219676971 -0.010122193023562431 -0.009667451493442059
v 0.038534700870513916 -0.00812132004648447 -0.009667451493442059
v 0.039185017347335815 -0.007148050237447023 -0.009667451493442059
v 0.10764023661613464 -0.010012906976044178 -0.009667451493442059
v 0.039185017347335815 -0.004851949866861105 -0.009667451493442059
v 0.038534700870513916 -0.0038786795921623707 -0.009667451493442059
v 0.03941338136792183 -0.006000000052154064 -0.009667451493442059
v 0.1698102504014969 -0.0014924653805792332 -0.009667451493442059
v 0.10850726813077927 -0.010325661860406399 -0.009667451493442059
v 0.18264174461364746 -0.00764805031940341 -0.009667451493442059
v 0.10651646554470062 -0.013787609525024891 -0.009667451493442059
v 0.1074133813381195 -0.014000000432133675 -0.009667451493442059
v 0.16951337456703186 9.833044184455725e-18 -0.009667451493442059
v 0.03341338038444519 0.006000000052154064 -0.009667451493442059
v 0.033641740679740906 0.004851949866861105 -0.009667451493442059
v 0.033641740679740906 0.007148050237447023 -0.009667451493442059
v 0.038534700870513916 0.0038786795921623707 -0.009667451493442059
v 0.10754762589931488 0.01000451110303402 -0.009667451493442059
v 0.034292060881853104 0.0038786795921623707 -0.009667451493442059
v 0.021413380280137062 0.014000000432133675 -0.009667451493442059
v 0.06441338360309601 0.014000000432133675 -0.009667451493442059
v 0.03641337901353836 0.008999999612569809 -0.009667451493442059
v 0.034292060881853104 0.00812132004648447 -0.009667451493442059
v 0.021413380280137062 0.01425000000745058 -0.009667451493442059
v 0.03526533022522926 0.008771637454628944 -0.009667451493442059
v 0.037561431527137756 0.008771637454628944 -0.009667451493442059
v 0.10620956867933273 0.010402864776551723 -0.009667451493442059
v 0.038534700870513916 0.00812132004648447 -0.009667451493442059
v 0.03941338136792183 0.006000000052154064 -0.009667451493442059
v 0.039185017347335815 0.007148050237447023 -0.009667451493442059
v 0.10684271156787872 0.010083143599331379 -0.009667451493442059
v 0.10572783648967743 0.010923461988568306 -0.009667451493442059
v 0.039185017347335815 0.004851949866861105 -0.009667451493442059
v 0.18329206109046936 0.008621320128440857 -0.009667451493442059
v 0.10823565721511841 0.010176856070756912 -0.009667451493442059
v 0.1491633802652359 0.014000000432133675 -0.009667451493442059
v 0.18264174461364746 0.00764805031940341 -0.009667451493442059
v 0.1054580956697464 0.01157945767045021 -0.009667451493442059
v 0.1056593731045723 0.012960969470441341 -0.009667451493442059
v 0.10543427616357803 0.012288346886634827 -0.009667451493442059
v 0.10850726813077927 0.013674338348209858 -0.009667451493442059
v 0.1074133813381195 0.014000000432133675 -0.009667451493442059
v 0.10610508173704147 0.013512727804481983 -0.009667451493442059
v 0.1698102504014969 0.0014924653805792332 -0.009667451493442059
v 0.10671532899141312 0.013874227181077003 -0.009667451493442059
v 0.17192091047763824 -0.0036031301133334637 -0.009667451493442059
v 0.17341338098049164 -0.0038999998942017555 -0.009667451493442059
v 0.18329206109046936 -0.008621320128440857 -0.009667451493442059
v 0.17065566778182983 -0.0027577164582908154 -0.009667451493442059
v 0.18241338431835175 -0.006500000134110451 -0.009667451493442059
v 0.18264174461364746 -0.005351949483156204 -0.009667451493442059
v 0.1092911884188652 -0.011311639100313187 -0.009667451493442059
v 0.1491633802652359 -0.014000000432133675 -0.009667451493442059
v 0.10933023691177368 -0.012570668011903763 -0.009667451493442059
v 0.17490585148334503 -0.0036031301133334637 -0.009667451493442059
v 0.18329206109046936 -0.004378679674118757 -0.009667451493442059
v 0.17617109417915344 -0.0027577164582908154 -0.009667451493442059
v 0.18426533043384552 -0.0037283613346517086 -0.009667451493442059
v 0.1770165115594864 -0.0014924653805792332 -0.009667451493442059
v 0.17731338739395142 1.2221105513909578e-17 -0.009667451493442059
v 0.18541337549686432 -0.0035000001080334187 -0.009667451493442059
v 0.17065566778182983 0.0027577164582908154 -0.009667451493442059
v 0.18426533043384552 -0.009271638467907906 -0.009667451493442059
v 0.1865614354610443 -0.009271638467907906 -0.009667451493442059
v 0.1909133791923523 -0.014000000432133675 -0.009667451493442059
v 0.18541337549686432 -0.009499999694526196 -0.009667451493442059
v 0.24981337785720825 -0.016249999403953552 -0.009667451493442059
v 0.1909133791923523 -0.01425000000745058 -0.009667451493442059
v 0.18753470480442047 -0.008621320128440857 -0.009667451493442059
v 0.18818502128124237 -0.00764805031940341 -0.009667451493442059
v 0.1086089238524437 -0.013603330589830875 -0.009667451493442059
v 0.1865614354610443 0.0037283613346517086 -0.009667451493442059
v 0.1865614354610443 -0.0037283613346517086 -0.009667451493442059
v 0.18841338157653809 -0.006500000134110451 -0.009667451493442059
v 0.18818502128124237 -0.005351949483156204 -0.009667451493442059
v 0.18753470480442047 -0.004378679674118757 -0.009667451493442059
v 0.18541337549686432 0.0035000001080334187 -0.009667451493442059
v 0.17341338098049164 0.0038999998942017555 -0.009667451493442059
v 0.17192091047763824 0.0036031301133334637 -0.009667451493442059
v 0.17617109417915344 0.0027577164582908154 -0.009667451493442059
v 0.17490585148334503 0.0036031301133334637 -0.009667451493442059
v 0.18426533043384552 0.0037283613346517086 -0.009667451493442059
v 0.18329206109046936 0.004378679674118757 -0.009667451493442059
v 0.1770165115594864 0.0014924653805792332 -0.009667451493442059
v 0.18264174461364746 0.005351949483156204 -0.009667451493442059
v 0.10882027447223663 0.010578502900898457 -0.009667451493442059
v 0.10922793298959732 0.01115893479436636 -0.009667451493442059
v 0.10940737277269363 0.011845150031149387 -0.009667451493442059
v 0.10933602601289749 0.012550841085612774 -0.009667451493442059
v 0.18241338431835175 0.006500000134110451 -0.009667451493442059
v 0.18426533043384552 0.009271638467907906 -0.009667451493442059
v 0.18753470480442047 0.004378679674118757 -0.009667451493442059
v 0.24981337785720825 0.016450000926852226 -0.009667451493442059
v 0.18818502128124237 0.005351949483156204 -0.009667451493442059
v 0.18841338157653809 0.006500000134110451 -0.009667451493442059
v 0.18818502128124237 0.00764805031940341 -0.009667451493442059
v 0.18753470480442047 0.008621320128440857 -0.009667451493442059
v 0.1909133791923523 0.014000000432133675 -0.009667451493442059
v 0.18541337549686432 0.009499999694526196 -0.009667451493442059
v 0.1865614354610443 0.009271638467907906 -0.009667451493442059
v 0.1909133791923523 0.01425000000745058 -0.009667451493442059
v 0.1909133791923523 0.016249999403953552 -0.009667451493442059
v 0.10902286320924759 0.01318725198507309 -0.009667451493442059
v 0.1909133791923523 0.016450000926852226 -0.009667451493442059
v 0.14853838086128235 0.01425000000745058 -0.009667451493442059
v 0.1061633750796318 0.01425000000745058 -0.009667451493442059
v 0.06378837674856186 0.01425000000745058 -0.009667451493442059
v 0.09545668959617615 0.016249999403953552 -0.009667451493442059
v 0.10581004619598389 -0.013195546343922615 -0.009667451493442059
v 0.1061633750796318 -0.01425000000745058 -0.009667451493442059
v 0.14853838086128235 -0.01425000000745058 -0.009667451493442059
v 0.14318503439426422 0.016249999403953552 -0.009667451493442059
v 0.04841338098049164 -0.010250000283122063 -0.007667451165616512
v 0.1698102504014969 -0.0014924653805792332 -0.007667451165616512
v 0.16951337456703186 1.0344179764467554e-17 -0.007667451165616512
v 0.17065566778182983 -0.0027577164582908154 -0.007667451165616512
v 0.17192091047763824 -0.0036031301133334637 -0.007667451165616512
v 0.1779133826494217 -0.0101500004529953 -0.007667451165616512
v 0.17341338098049164 -0.0038999998942017555 -0.007667451165616512
v 0.17617109417915344 -0.0027577164582908154 -0.007667451165616512
v 0.1779133826494217 -0.002500000409781933 -0.007667451165616512
v 0.1765938103199005 -0.0021250909194350243 -0.007667451165616512
v 0.04841338098049164 0.010250000283122063 -0.007667451165616512
v 0.1698102504014969 0.0014924653805792332 -0.007667451165616512
v 0.17065566778182983 0.0027577164582908154 -0.007667451165616512
v 0.17192091047763824 0.0036031301133334637 -0.007667451165616512
v 0.1779133826494217 0.010250000283122063 -0.007667451165616512
v 0.17341338098049164 0.0038999998942017555 -0.007667451165616512
v 0.1779133826494217 0.005149999633431435 -0.007667451165616512
v 0.1770165115594864 0.0014924653805792332 -0.007667451165616512
v 0.17731338739395142 1.1777016231267621e-17 -0.007667451165616512
v 0.1779133826494217 4.9999714974546805e-05 -0.007667451165616512
v 0.1779133826494217 -0.0050500002689659595 -0.007667451165616512
v 0.17490585148334503 -0.0036031301133334637 -0.007667451165616512
v 0.2011902779340744 -0.010250000283122063 -0.007667451165616512
v 0.2011902779340744 -0.0101500004529953 -0.007667451165616512
v 0.17617109417915344 0.0027577164582908154 -0.007667451165616512
v 0.17490585148334503 0.0036031301133334637 -0.007667451165616512
v 0.1770165115594864 -0.0014924653805792332 -0.007667451165616512
v 0.1074133813381195 -0.014000000432133675 -0.009667451493442059
v 0.021413380280137062 -0.014000000432133675 -0.007667451165616512
v 0.021413380280137062 -0.014000000432133675 -0.009667451493442059
v 0.1909133791923523 -0.014000000432133675 -0.009667451493442059
v 0.1909133791923523 -0.014000000432133675 -0.007667451165616512
v 0.1074133813381195 0.014000000432133675 -0.009667451493442059
v 0.1909133791923523 0.014000000432133675 -0.007667451165616512
v 0.1909133791923523 0.014000000432133675 -0.009667451493442059
v 0.021413380280137062 0.014000000432133675 -0.009667451493442059
v 0.021413380280137062 0.014000000432133675 -0.007667451165616512
v 0.17617109417915344 0.0027577164582908154 -0.009667451493442059
v 0.1770165115594864 0.0014924653805792332 -0.009667451493442059
v 0.17617109417915344 0.0027577164582908154 -0.007667451165616512
v 0.17731338739395142 1.2221105513909578e-17 -0.009667451493442059
v 0.1770165115594864 0.0014924653805792332 -0.007667451165616512
v 0.17490585148334503 0.0036031301133334637 -0.007667451165616512
v 0.17490585148334503 0.0036031301133334637 -0.009667451493442059
v 0.17192091047763824 0.0036031301133334637 -0.009667451493442059
v 0.17341338098049164 0.0038999998942017555 -0.009667451493442059
v 0.17341338098049164 0.0038999998942017555 -0.007667451165616512
v 0.17192091047763824 0.0036031301133334637 -0.007667451165616512
v 0.17065566778182983 0.0027577164582908154 -0.009667451493442059
v 0.17065566778182983 0.0027577164582908154 -0.007667451165616512
v 0.1698102504014969 0.0014924653805792332 -0.009667451493442059
v 0.17731338739395142 1.0344179764467554e-17 -0.007667451165616512
v 0.1698102504014969 0.0014924653805792332 -0.007667451165616512
v 0.16951337456703186 9.833044184455725e-18 -0.009667451493442059
v 0.1770165115594864 -0.0014924653805792332 -0.009667451493442059
v 0.16951337456703186 1.0344179764467554e-17 -0.007667451165616512
v 0.1698102504014969 -0.0014924653805792332 -0.009667451493442059
v 0.17065566778182983 -0.0027577164582908154 -0.007667451165616512
v 0.17192091047763824 -0.0036031301133334637 -0.009667451493442059
v 0.17065566778182983 -0.0027577164582908154 -0.009667451493442059
v 0.1698102504014969 -0.0014924653805792332 -0.007667451165616512
v 0.1770165115594864 -0.0014924653805792332 -0.007667451165616512
v 0.17617109417915344 -0.0027577164582908154 -0.009667451493442059
v 0.17490585148334503 -0.0036031301133334637 -0.007667451165616512
v 0.17490585148334503 -0.0036031301133334637 -0.009667451493442059
v 0.17341338098049164 -0.0038999998942017555 -0.009667451493442059
v 0.17617109417915344 -0.0027577164582908154 -0.007667451165616512
v 0.17192091047763824 -0.0036031301133334637 -0.007667451165616512
v 0.17341338098049164 -0.0038999998942017555 -0.007667451165616512
v 0.10707447677850723 0.012669684365391731 -0.009027451276779175
v 0.10782389342784882 0.012628342024981976 -0.009027451276779175
v 0.10666396468877792 0.012041342444717884 -0.009027451276779175
v 0.1070028692483902 0.011371658183634281 -0.009027451276779175
v 0.10816279798746109 0.011958656832575798 -0.009027451276779175
v 0.10775228589773178 0.011330315843224525 -0.009027451276779175
v 0.10683341324329376 0.011706500314176083 -0.00976689625531435
v 0.10666396468877792 0.012041342444717884 -0.009027451276779175
v 0.1070028692483902 0.011371658183634281 -0.009027451276779175
v 0.10666396468877792 0.012041342444717884 -0.009867451153695583
v 0.1070028692483902 0.011371658183634281 -0.009867451153695583
v 0.10686921328306198 0.012355513870716095 -0.00976689625531435
v 0.10707447677850723 0.012669684365391731 -0.009027451276779175
v 0.10666396468877792 0.012041342444717884 -0.009027451276779175
v 0.10707447677850723 0.012669684365391731 -0.009867451153695583
v 0.10666396468877792 0.012041342444717884 -0.009867451153695583
v 0.10744918137788773 0.012649012729525566 -0.00976689625531435
v 0.10782389342784882 0.012628342024981976 -0.009867451153695583
v 0.10782389342784882 0.012628342024981976 -0.009027451276779175
v 0.10707447677850723 0.012669684365391731 -0.009027451276779175
v 0.10707447677850723 0.012669684365391731 -0.009867451153695583
v 0.10816279798746109 0.011958656832575798 -0.009027451276779175
v 0.10782389342784882 0.012628342024981976 -0.009027451276779175
v 0.10799334198236465 0.012293499894440174 -0.00976689625531435
v 0.10782389342784882 0.012628342024981976 -0.009867451153695583
v 0.10816279798746109 0.011958656832575798 -0.009867451153695583
v 0.10795754194259644 0.011644486337900162 -0.00976689625531435
v 0.10816279798746109 0.011958656832575798 -0.009027451276779175
v 0.10816279798746109 0.011958656832575798 -0.009867451153695583
v 0.10775228589773178 0.011330315843224525 -0.009867451153695583
v 0.10775228589773178 0.011330315843224525 -0.009027451276779175
v 0.1070028692483902 0.011371658183634281 -0.009027451276779175
v 0.10775228589773178 0.011330315843224525 -0.009027451276779175
v 0.10737757384777069 0.011350986547768116 -0.00976689625531435
v 0.10775228589773178 0.011330315843224525 -0.009867451153695583
v 0.1070028692483902 0.011371658183634281 -0.009867451153695583
v 0.1067436933517456 0.011661095544695854 -0.009867451153695583
v 0.10683341324329376 0.011706500314176083 -0.00976689625531435
v 0.1070028692483902 0.011371658183634281 -0.009867451153695583
v 0.10666396468877792 0.012041342444717884 -0.009867451153695583
v 0.10678503662347794 0.012410512194037437 -0.009867451153695583
v 0.10686921328306198 0.012355513870716095 -0.00976689625531435
v 0.10707447677850723 0.012669684365391731 -0.009867451153695583
v 0.10745472460985184 0.012749415822327137 -0.009867451153695583
v 0.10744918137788773 0.012649012729525566 -0.00976689625531435
v 0.10782389342784882 0.012628342024981976 -0.009867451153695583
v 0.10808306187391281 0.012338903732597828 -0.009867451153695583
v 0.10799334198236465 0.012293499894440174 -0.00976689625531435
v 0.10816279798746109 0.011958656832575798 -0.009867451153695583
v 0.10804171860218048 0.01158948801457882 -0.009867451153695583
v 0.10795754194259644 0.011644486337900162 -0.00976689625531435
v 0.10775228589773178 0.011330315843224525 -0.009867451153695583
v 0.10737203806638718 0.01125058438628912 -0.009867451153695583
v 0.10737757384777069 0.011350986547768116 -0.00976689625531435
v 0.10576201975345612 0.010871726088225842 -0.009867451153695583
v 0.1070028692483902 0.011371658183634281 -0.009867451153695583
v 0.10631949454545975 0.010325661860406399 -0.009867451153695583
v 0.1067436933517456 0.011661095544695854 -0.009867451153695583
v 0.10545594990253448 0.011589559726417065 -0.009867451153695583
v 0.10666396468877792 0.012041342444717884 -0.009867451153695583
v 0.10544788092374802 0.012369879521429539 -0.009867451153695583
v 0.10678503662347794 0.012410512194037437 -0.009867451153695583
v 0.10782381892204285 0.010042568668723106 -0.009867451153695583
v 0.10775228589773178 0.011330315843224525 -0.009867451153695583
v 0.10854165256023407 0.010348637588322163 -0.009867451153695583
v 0.10737203806638718 0.01125058438628912 -0.009867451153695583
v 0.10704349726438522 0.010034500621259212 -0.009867451153695583
v 0.10804171860218048 0.01158948801457882 -0.009867451153695583
v 0.10908772051334381 0.01090611144900322 -0.009867451153695583
v 0.1057390421628952 0.013093887828290462 -0.009867451153695583
v 0.10707447677850723 0.012669684365391731 -0.009867451153695583
v 0.10628510266542435 0.013651362620294094 -0.009867451153695583
v 0.10745472460985184 0.012749415822327137 -0.009867451153695583
v 0.10700293630361557 0.01395743153989315 -0.009867451153695583
v 0.1077832579612732 0.013965499587357044 -0.009867451153695583
v 0.10782389342784882 0.012628342024981976 -0.009867451153695583
v 0.10850726813077927 0.013674338348209858 -0.009867451153695583
v 0.109378881752491 0.011630120687186718 -0.009867451153695583
v 0.10816279798746109 0.011958656832575798 -0.009867451153695583
v 0.10937081277370453 0.012410440482199192 -0.009867451153695583
v 0.10808306187391281 0.012338903732597828 -0.009867451153695583
v 0.1090647429227829 0.013128274120390415 -0.009867451153695583
v 0.10631949454545975 0.010325661860406399 -0.009867451153695583
v 0.10704349726438522 0.010034500621259212 -0.009867451153695583
v 0.10684271156787872 0.010083143599331379 -0.009667451493442059
v 0.10782381892204285 0.010042568668723106 -0.009867451153695583
v 0.10854165256023407 0.010348637588322163 -0.009867451153695583
v 0.10823565721511841 0.010176856070756912 -0.009667451493442059
v 0.10754762589931488 0.01000451110303402 -0.009667451493442059
v 0.10908772051334381 0.01090611144900322 -0.009867451153695583
v 0.109378881752491 0.011630120687186718 -0.009867451153695583
v 0.10922793298959732 0.01115893479436636 -0.009667451493442059
v 0.10937081277370453 0.012410440482199192 -0.009867451153695583
v 0.1090647429227829 0.013128274120390415 -0.009867451153695583
v 0.10933602601289749 0.012550841085612774 -0.009667451493442059
v 0.10940737277269363 0.011845150031149387 -0.009667451493442059
v 0.10882027447223663 0.010578502900898457 -0.009667451493442059
v 0.10631949454545975 0.010325661860406399 -0.009667451493442059
v 0.10902286320924759 0.01318725198507309 -0.009667451493442059
v 0.10850726813077927 0.013674338348209858 -0.009867451153695583
v 0.10620956867933273 0.010402864776551723 -0.009667451493442059
v 0.1077832579612732 0.013965499587357044 -0.009867451153695583
v 0.10850726813077927 0.013674338348209858 -0.009667451493442059
v 0.10700293630361557 0.01395743153989315 -0.009867451153695583
v 0.10628510266542435 0.013651362620294094 -0.009867451153695583
v 0.10671532899141312 0.013874227181077003 -0.009667451493442059
v 0.1074133813381195 0.014000000432133675 -0.009667451493442059
v 0.1057390421628952 0.013093887828290462 -0.009867451153695583
v 0.10544788092374802 0.012369879521429539 -0.009867451153695583
v 0.1056593731045723 0.012960969470441341 -0.009667451493442059
v 0.10545594990253448 0.011589559726417065 -0.009867451153695583
v 0.10576201975345612 0.010871726088225842 -0.009867451153695583
v 0.10572783648967743 0.010923461988568306 -0.009667451493442059
v 0.10543427616357803 0.012288346886634827 -0.009667451493442059
v 0.10610508173704147 0.013512727804481983 -0.009667451493442059
v 0.1054580956697464 0.01157945767045021 -0.009667451493442059
v 0.10707447677850723 -0.011330315843224525 -0.009027451276779175
v 0.10782389342784882 -0.011371658183634281 -0.009027451276779175
v 0.10666396468877792 -0.011958656832575798 -0.009027451276779175
v 0.1070028692483902 -0.012628342024981976 -0.009027451276779175
v 0.10816279798746109 -0.012041342444717884 -0.009027451276779175
v 0.10775228589773178 -0.012669684365391731 -0.009027451276779175
v 0.10683341324329376 -0.012293499894440174 -0.00976689625531435
v 0.10666396468877792 -0.011958656832575798 -0.009027451276779175
v 0.1070028692483902 -0.012628342024981976 -0.009027451276779175
v 0.10666396468877792 -0.011958656832575798 -0.009867451153695583
v 0.1070028692483902 -0.012628342024981976 -0.009867451153695583
v 0.10686921328306198 -0.011644486337900162 -0.00976689625531435
v 0.10707447677850723 -0.011330315843224525 -0.009027451276779175
v 0.10666396468877792 -0.011958656832575798 -0.009027451276779175
v 0.10707447677850723 -0.011330315843224525 -0.009867451153695583
v 0.10666396468877792 -0.011958656832575798 -0.009867451153695583
v 0.10744918137788773 -0.011350986547768116 -0.00976689625531435
v 0.10782389342784882 -0.011371658183634281 -0.009867451153695583
v 0.10782389342784882 -0.011371658183634281 -0.009027451276779175
v 0.10707447677850723 -0.011330315843224525 -0.009027451276779175
v 0.10707447677850723 -0.011330315843224525 -0.009867451153695583
v 0.10816279798746109 -0.012041342444717884 -0.009027451276779175
v 0.10782389342784882 -0.011371658183634281 -0.009027451276779175
v 0.10799334198236465 -0.011706500314176083 -0.00976689625531435
v 0.10782389342784882 -0.011371658183634281 -0.009867451153695583
v 0.10816279798746109 -0.012041342444717884 -0.009867451153695583
v 0.10795754194259644 -0.012355513870716095 -0.00976689625531435
v 0.10816279798746109 -0.012041342444717884 -0.009027451276779175
v 0.10816279798746109 -0.012041342444717884 -0.009867451153695583
v 0.10775228589773178 -0.012669684365391731 -0.009867451153695583
v 0.10775228589773178 -0.012669684365391731 -0.009027451276779175
v 0.1070028692483902 -0.012628342024981976 -0.009027451276779175
v 0.10775228589773178 -0.012669684365391731 -0.009027451276779175
v 0.10737757384777069 -0.012649012729525566 -0.00976689625531435
v 0.10775228589773178 -0.012669684365391731 -0.009867451153695583
v 0.1070028692483902 -0.012628342024981976 -0.009867451153695583
v 0.1067436933517456 -0.012338903732597828 -0.009867451153695583
v 0.10683341324329376 -0.012293499894440174 -0.00976689625531435
v 0.1070028692483902 -0.012628342024981976 -0.009867451153695583
v 0.10666396468877792 -0.011958656832575798 -0.009867451153695583
v 0.10678503662347794 -0.01158948801457882 -0.009867451153695583
v 0.10686921328306198 -0.011644486337900162 -0.00976689625531435
v 0.10707447677850723 -0.011330315843224525 -0.009867451153695583
v 0.10745472460985184 -0.01125058438628912 -0.009867451153695583
v 0.10744918137788773 -0.011350986547768116 -0.00976689625531435
v 0.10782389342784882 -0.011371658183634281 -0.009867451153695583
v 0.10799334198236465 -0.011706500314176083 -0.00976689625531435
v 0.10808306187391281 -0.011661095544695854 -0.009867451153695583
v 0.10816279798746109 -0.012041342444717884 -0.009867451153695583
v 0.10804171860218048 -0.012410512194037437 -0.009867451153695583
v 0.10795754194259644 -0.012355513870716095 -0.00976689625531435
v 0.10775228589773178 -0.012669684365391731 -0.009867451153695583
v 0.10737203806638718 -0.012749415822327137 -0.009867451153695583
v 0.10737757384777069 -0.012649012729525566 -0.00976689625531435
v 0.10576201975345612 -0.013128274120390415 -0.009867451153695583
v 0.1070028692483902 -0.012628342024981976 -0.009867451153695583
v 0.10631949454545975 -0.013674338348209858 -0.009867451153695583
v 0.1067436933517456 -0.012338903732597828 -0.009867451153695583
v 0.10545594990253448 -0.012410440482199192 -0.009867451153695583
v 0.10666396468877792 -0.011958656832575798 -0.009867451153695583
v 0.10544788092374802 -0.011630120687186718 -0.009867451153695583
v 0.10678503662347794 -0.01158948801457882 -0.009867451153695583
v 0.10782381892204285 -0.01395743153989315 -0.009867451153695583
v 0.10775228589773178 -0.012669684365391731 -0.009867451153695583
v 0.10854165256023407 -0.013651362620294094 -0.009867451153695583
v 0.10737203806638718 -0.012749415822327137 -0.009867451153695583
v 0.10704349726438522 -0.013965499587357044 -0.009867451153695583
v 0.10804171860218048 -0.012410512194037437 -0.009867451153695583
v 0.10908772051334381 -0.013093887828290462 -0.009867451153695583
v 0.1057390421628952 -0.01090611144900322 -0.009867451153695583
v 0.10707447677850723 -0.011330315843224525 -0.009867451153695583
v 0.10628510266542435 -0.010348637588322163 -0.009867451153695583
v 0.10745472460985184 -0.01125058438628912 -0.009867451153695583
v 0.10700293630361557 -0.010042568668723106 -0.009867451153695583
v 0.1077832579612732 -0.010034500621259212 -0.009867451153695583
v 0.10782389342784882 -0.011371658183634281 -0.009867451153695583
v 0.10850726813077927 -0.010325661860406399 -0.009867451153695583
v 0.109378881752491 -0.012369879521429539 -0.009867451153695583
v 0.10816279798746109 -0.012041342444717884 -0.009867451153695583
v 0.10937081277370453 -0.011589559726417065 -0.009867451153695583
v 0.10808306187391281 -0.011661095544695854 -0.009867451153695583
v 0.1090647429227829 -0.010871726088225842 -0.009867451153695583
v 0.10631949454545975 -0.013674338348209858 -0.009867451153695583
v 0.10704349726438522 -0.013965499587357044 -0.009867451153695583
v 0.10651646554470062 -0.013787609525024891 -0.009667451493442059
v 0.10782381892204285 -0.01395743153989315 -0.009867451153695583
v 0.1074133813381195 -0.014000000432133675 -0.009667451493442059
v 0.10854165256023407 -0.013651362620294094 -0.009867451153695583
v 0.10908772051334381 -0.013093887828290462 -0.009867451153695583
v 0.1086089238524437 -0.013603330589830875 -0.009667451493442059
v 0.109378881752491 -0.012369879521429539 -0.009867451153695583
v 0.10937081277370453 -0.011589559726417065 -0.009867451153695583
v 0.10933023691177368 -0.012570668011903763 -0.009667451493442059
v 0.10631949454545975 -0.013674338348209858 -0.009667451493442059
v 0.1092911884188652 -0.011311639100313187 -0.009667451493442059
v 0.1090647429227829 -0.010871726088225842 -0.009867451153695583
v 0.10850726813077927 -0.010325661860406399 -0.009667451493442059
v 0.10581004619598389 -0.013195546343922615 -0.009667451493442059
v 0.10850726813077927 -0.010325661860406399 -0.009867451153695583
v 0.1077832579612732 -0.010034500621259212 -0.009867451153695583
v 0.10700293630361557 -0.010042568668723106 -0.009867451153695583
v 0.10764023661613464 -0.010012906976044178 -0.009667451493442059
v 0.10628510266542435 -0.010348637588322163 -0.009867451153695583
v 0.1057390421628952 -0.01090611144900322 -0.009867451153695583
v 0.10595600306987762 -0.010630307719111443 -0.009667451493442059
v 0.10544788092374802 -0.011630120687186718 -0.009867451153695583
v 0.10545594990253448 -0.012410440482199192 -0.009867451153695583
v 0.10544416308403015 -0.012349560856819153 -0.009667451493442059
v 0.10549652576446533 -0.011429332196712494 -0.009667451493442059
v 0.10672502219676971 -0.010122193023562431 -0.009667451493442059
v 0.10576201975345612 -0.013128274120390415 -0.009867451153695583
v 0.036990731954574585 0.007000000216066837 -0.008677450940012932
v 0.03756808117032051 0.006000000052154064 -0.008677450940012932
v 0.035836029797792435 0.007000000216066837 -0.008677450940012932
v 0.03525868058204651 0.006000000052154064 -0.008677450940012932
v 0.036990731954574585 0.004999999888241291 -0.008677450940012932
v 0.035836029797792435 0.004999999888241291 -0.008677450940012932
v 0.03554735332727432 0.006500000134110451 -0.009712751023471355
v 0.035836029797792435 0.007000000216066837 -0.008677450940012932
v 0.03525868058204651 0.006000000052154064 -0.008677450940012932
v 0.035836029797792435 0.007000000216066837 -0.009867451153695583
v 0.03525868058204651 0.006000000052154064 -0.009867451153695583
v 0.03641337901353836 0.007000000216066837 -0.009712751023471355
v 0.036990731954574585 0.007000000216066837 -0.008677450940012932
v 0.035836029797792435 0.007000000216066837 -0.008677450940012932
v 0.036990731954574585 0.007000000216066837 -0.009867451153695583
v 0.035836029797792435 0.007000000216066837 -0.009867451153695583
v 0.0372794046998024 0.006500000134110451 -0.009712751023471355
v 0.03756808117032051 0.006000000052154064 -0.009867451153695583
v 0.03756808117032051 0.006000000052154064 -0.008677450940012932
v 0.036990731954574585 0.007000000216066837 -0.008677450940012932
v 0.036990731954574585 0.007000000216066837 -0.009867451153695583
v 0.036990731954574585 0.004999999888241291 -0.008677450940012932
v 0.03756808117032051 0.006000000052154064 -0.008677450940012932
v 0.0372794046998024 0.005499999970197678 -0.009712751023471355
v 0.03756808117032051 0.006000000052154064 -0.009867451153695583
v 0.036990731954574585 0.004999999888241291 -0.009867451153695583
v 0.03641337901353836 0.004999999888241291 -0.009712751023471355
v 0.036990731954574585 0.004999999888241291 -0.008677450940012932
v 0.036990731954574585 0.004999999888241291 -0.009867451153695583
v 0.035836029797792435 0.004999999888241291 -0.009867451153695583
v 0.035836029797792435 0.004999999888241291 -0.008677450940012932
v 0.03525868058204651 0.006000000052154064 -0.008677450940012932
v 0.035836029797792435 0.004999999888241291 -0.008677450940012932
v 0.03554735332727432 0.005499999970197678 -0.009712751023471355
v 0.035836029797792435 0.004999999888241291 -0.009867451153695583
v 0.03525868058204651 0.006000000052154064 -0.009867451153695583
v 0.03554735332727432 0.006500000134110451 -0.009712751023471355
v 0.03525868058204651 0.006000000052154064 -0.009867451153695583
v 0.03541338071227074 0.006577350199222565 -0.009867451153695583
v 0.035836029797792435 0.007000000216066837 -0.009867451153695583
v 0.03641337901353836 0.007154700346291065 -0.009867451153695583
v 0.03641337901353836 0.007000000216066837 -0.009712751023471355
v 0.036990731954574585 0.007000000216066837 -0.009867451153695583
v 0.03741338104009628 0.006577350199222565 -0.009867451153695583
v 0.0372794046998024 0.006500000134110451 -0.009712751023471355
v 0.03756808117032051 0.006000000052154064 -0.009867451153695583
v 0.0372794046998024 0.005499999970197678 -0.009712751023471355
v 0.03741338104009628 0.005422649905085564 -0.009867451153695583
v 0.036990731954574585 0.004999999888241291 -0.009867451153695583
v 0.03641337901353836 0.004845299292355776 -0.009867451153695583
v 0.03641337901353836 0.004999999888241291 -0.009712751023471355
v 0.035836029797792435 0.004999999888241291 -0.009867451153695583
v 0.03541338071227074 0.005422649905085564 -0.009867451153695583
v 0.03554735332727432 0.005499999970197678 -0.009712751023471355
v 0.03525868058204651 0.006000000052154064 -0.009867451153695583
v 0.03341338038444519 0.006000000052154064 -0.009867451153695583
v 0.033641740679740906 0.007148050237447023 -0.009867451153695583
v 0.03541338071227074 0.006577350199222565 -0.009867451153695583
v 0.034292060881853104 0.00812132004648447 -0.009867451153695583
v 0.035836029797792435 0.007000000216066837 -0.009867451153695583
v 0.03526533022522926 0.008771637454628944 -0.009867451153695583
v 0.03641337901353836 0.007154700346291065 -0.009867451153695583
v 0.033641740679740906 0.004851949866861105 -0.009867451153695583
v 0.034292060881853104 0.0038786795921623707 -0.009867451153695583
v 0.035836029797792435 0.004999999888241291 -0.009867451153695583
v 0.03526533022522926 0.003228361252695322 -0.009867451153695583
v 0.03541338071227074 0.005422649905085564 -0.009867451153695583
v 0.03641337901353836 0.004845299292355776 -0.009867451153695583
v 0.03641337901353836 0.003000000026077032 -0.009867451153695583
v 0.037561431527137756 0.003228361252695322 -0.009867451153695583
v 0.036990731954574585 0.007000000216066837 -0.009867451153695583
v 0.037561431527137756 0.008771637454628944 -0.009867451153695583
v 0.03641337901353836 0.008999999612569809 -0.009867451153695583
v 0.038534700870513916 0.00812132004648447 -0.009867451153695583
v 0.03741338104009628 0.006577350199222565 -0.009867451153695583
v 0.039185017347335815 0.007148050237447023 -0.009867451153695583
v 0.03756808117032051 0.006000000052154064 -0.009867451153695583
v 0.036990731954574585 0.004999999888241291 -0.009867451153695583
v 0.038534700870513916 0.0038786795921623707 -0.009867451153695583
v 0.03741338104009628 0.005422649905085564 -0.009867451153695583
v 0.03941338136792183 0.006000000052154064 -0.009867451153695583
v 0.039185017347335815 0.004851949866861105 -0.009867451153695583
v 0.033641740679740906 0.004851949866861105 -0.009667451493442059
v 0.03341338038444519 0.006000000052154064 -0.009867451153695583
v 0.033641740679740906 0.004851949866861105 -0.009867451153695583
v 0.03526533022522926 0.003228361252695322 -0.009667451493442059
v 0.034292060881853104 0.0038786795921623707 -0.009867451153695583
v 0.03526533022522926 0.003228361252695322 -0.009867451153695583
v 0.034292060881853104 0.0038786795921623707 -0.009667451493442059
v 0.03641337901353836 0.003000000026077032 -0.009867451153695583
v 0.03641337901353836 0.003000000026077032 -0.009667451493442059
v 0.038534700870513916 0.0038786795921623707 -0.009867451153695583
v 0.039185017347335815 0.004851949866861105 -0.009867451153695583
v 0.039185017347335815 0.004851949866861105 -0.009667451493442059
v 0.037561431527137756 0.003228361252695322 -0.009867451153695583
v 0.038534700870513916 0.0038786795921623707 -0.009667451493442059
v 0.03341338038444519 0.006000000052154064 -0.009667451493442059
v 0.037561431527137756 0.003228361252695322 -0.009667451493442059
v 0.03941338136792183 0.006000000052154064 -0.009667451493442059
v 0.033641740679740906 0.007148050237447023 -0.009667451493442059
v 0.03941338136792183 0.006000000052154064 -0.009867451153695583
v 0.039185017347335815 0.007148050237447023 -0.009867451153695583
v 0.038534700870513916 0.00812132004648447 -0.009867451153695583
v 0.037561431527137756 0.008771637454628944 -0.009867451153695583
v 0.037561431527137756 0.008771637454628944 -0.009667451493442059
v 0.038534700870513916 0.00812132004648447 -0.009667451493442059
v 0.03641337901353836 0.008999999612569809 -0.009867451153695583
v 0.03641337901353836 0.008999999612569809 -0.009667451493442059
v 0.034292060881853104 0.00812132004648447 -0.009667451493442059
v 0.03526533022522926 0.008771637454628944 -0.009867451153695583
v 0.034292060881853104 0.00812132004648447 -0.009867451153695583
v 0.03526533022522926 0.008771637454628944 -0.009667451493442059
v 0.033641740679740906 0.007148050237447023 -0.009867451153695583
v 0.039185017347335815 0.007148050237447023 -0.009667451493442059
v 0.036990731954574585 -0.004999999888241291 -0.008677450940012932
v 0.03756808117032051 -0.006000000052154064 -0.008677450940012932
v 0.035836029797792435 -0.004999999888241291 -0.008677450940012932
v 0.03525868058204651 -0.006000000052154064 -0.008677450940012932
v 0.036990731954574585 -0.007000000216066837 -0.008677450940012932
v 0.035836029797792435 -0.007000000216066837 -0.008677450940012932
v 0.03554735332727432 -0.005499999970197678 -0.009712751023471355
v 0.035836029797792435 -0.004999999888241291 -0.008677450940012932
v 0.03525868058204651 -0.006000000052154064 -0.008677450940012932
v 0.035836029797792435 -0.004999999888241291 -0.009867451153695583
v 0.03525868058204651 -0.006000000052154064 -0.009867451153695583
v 0.03641337901353836 -0.004999999888241291 -0.009712751023471355
v 0.036990731954574585 -0.004999999888241291 -0.008677450940012932
v 0.035836029797792435 -0.004999999888241291 -0.008677450940012932
v 0.036990731954574585 -0.004999999888241291 -0.009867451153695583
v 0.035836029797792435 -0.004999999888241291 -0.009867451153695583
v 0.0372794046998024 -0.005499999970197678 -0.009712751023471355
v 0.03756808117032051 -0.006000000052154064 -0.009867451153695583
v 0.03756808117032051 -0.006000000052154064 -0.008677450940012932
v 0.036990731954574585 -0.004999999888241291 -0.008677450940012932
v 0.036990731954574585 -0.004999999888241291 -0.009867451153695583
v 0.036990731954574585 -0.007000000216066837 -0.008677450940012932
v 0.03756808117032051 -0.006000000052154064 -0.008677450940012932
v 0.0372794046998024 -0.006500000134110451 -0.009712751023471355
v 0.03756808117032051 -0.006000000052154064 -0.009867451153695583
v 0.036990731954574585 -0.007000000216066837 -0.009867451153695583
v 0.03641337901353836 -0.007000000216066837 -0.009712751023471355
v 0.036990731954574585 -0.007000000216066837 -0.008677450940012932
v 0.036990731954574585 -0.007000000216066837 -0.009867451153695583
v 0.035836029797792435 -0.007000000216066837 -0.009867451153695583
v 0.035836029797792435 -0.007000000216066837 -0.008677450940012932
v 0.03525868058204651 -0.006000000052154064 -0.008677450940012932
v 0.035836029797792435 -0.007000000216066837 -0.008677450940012932
v 0.03554735332727432 -0.006500000134110451 -0.009712751023471355
v 0.035836029797792435 -0.007000000216066837 -0.009867451153695583
v 0.03525868058204651 -0.006000000052154064 -0.009867451153695583
v 0.03541338071227074 -0.005422649905085564 -0.009867451153695583
v 0.03554735332727432 -0.005499999970197678 -0.009712751023471355
v 0.03525868058204651 -0.006000000052154064 -0.009867451153695583
v 0.035836029797792435 -0.004999999888241291 -0.009867451153695583
v 0.03641337901353836 -0.004845299292355776 -0.009867451153695583
v 0.03641337901353836 -0.004999999888241291 -0.009712751023471355
v 0.036990731954574585 -0.004999999888241291 -0.009867451153695583
v 0.03741338104009628 -0.005422649905085564 -0.009867451153695583
v 0.0372794046998024 -0.005499999970197678 -0.009712751023471355
v 0.03756808117032051 -0.006000000052154064 -0.009867451153695583
v 0.0372794046998024 -0.006500000134110451 -0.009712751023471355
v 0.03741338104009628 -0.006577350199222565 -0.009867451153695583
v 0.036990731954574585 -0.007000000216066837 -0.009867451153695583
v 0.03641337901353836 -0.007154700346291065 -0.009867451153695583
v 0.03641337901353836 -0.007000000216066837 -0.009712751023471355
v 0.035836029797792435 -0.007000000216066837 -0.009867451153695583
v 0.03554735332727432 -0.006500000134110451 -0.009712751023471355
v 0.03541338071227074 -0.006577350199222565 -0.009867451153695583
v 0.03525868058204651 -0.006000000052154064 -0.009867451153695583
v 0.03341338038444519 -0.006000000052154064 -0.009867451153695583
v 0.033641740679740906 -0.004851949866861105 -0.009867451153695583
v 0.03541338071227074 -0.005422649905085564 -0.009867451153695583
v 0.034292060881853104 -0.0038786795921623707 -0.009867451153695583
v 0.035836029797792435 -0.004999999888241291 -0.009867451153695583
v 0.03526533022522926 -0.003228361252695322 -0.009867451153695583
v 0.03641337901353836 -0.004845299292355776 -0.009867451153695583
v 0.033641740679740906 -0.007148050237447023 -0.009867451153695583
v 0.034292060881853104 -0.00812132004648447 -0.009867451153695583
v 0.035836029797792435 -0.007000000216066837 -0.009867451153695583
v 0.03526533022522926 -0.008771637454628944 -0.009867451153695583
v 0.03541338071227074 -0.006577350199222565 -0.009867451153695583
v 0.03641337901353836 -0.007154700346291065 -0.009867451153695583
v 0.03641337901353836 -0.008999999612569809 -0.009867451153695583
v 0.037561431527137756 -0.008771637454628944 -0.009867451153695583
v 0.036990731954574585 -0.004999999888241291 -0.009867451153695583
v 0.037561431527137756 -0.003228361252695322 -0.009867451153695583
v 0.03641337901353836 -0.003000000026077032 -0.009867451153695583
v 0.038534700870513916 -0.0038786795921623707 -0.009867451153695583
v 0.03741338104009628 -0.005422649905085564 -0.009867451153695583
v 0.039185017347335815 -0.004851949866861105 -0.009867451153695583
v 0.03756808117032051 -0.006000000052154064 -0.009867451153695583
v 0.036990731954574585 -0.007000000216066837 -0.009867451153695583
v 0.038534700870513916 -0.00812132004648447 -0.009867451153695583
v 0.03741338104009628 -0.006577350199222565 -0.009867451153695583
v 0.03941338136792183 -0.006000000052154064 -0.009867451153695583
v 0.039185017347335815 -0.007148050237447023 -0.009867451153695583
v 0.033641740679740906 -0.007148050237447023 -0.009667451493442059
v 0.03341338038444519 -0.006000000052154064 -0.009867451153695583
v 0.033641740679740906 -0.007148050237447023 -0.009867451153695583
v 0.03526533022522926 -0.008771637454628944 -0.009667451493442059
v 0.034292060881853104 -0.00812132004648447 -0.009867451153695583
v 0.03526533022522926 -0.008771637454628944 -0.009867451153695583
v 0.034292060881853104 -0.00812132004648447 -0.009667451493442059
v 0.03641337901353836 -0.008999999612569809 -0.009867451153695583
v 0.03641337901353836 -0.008999999612569809 -0.009667451493442059
v 0.038534700870513916 -0.00812132004648447 -0.009867451153695583
v 0.039185017347335815 -0.007148050237447023 -0.009867451153695583
v 0.039185017347335815 -0.007148050237447023 -0.009667451493442059
v 0.037561431527137756 -0.008771637454628944 -0.009867451153695583
v 0.038534700870513916 -0.00812132004648447 -0.009667451493442059
v 0.03341338038444519 -0.006000000052154064 -0.009667451493442059
v 0.037561431527137756 -0.008771637454628944 -0.009667451493442059
v 0.03941338136792183 -0.006000000052154064 -0.009667451493442059
v 0.033641740679740906 -0.004851949866861105 -0.009667451493442059
v 0.03941338136792183 -0.006000000052154064 -0.009867451153695583
v 0.039185017347335815 -0.004851949866861105 -0.009867451153695583
v 0.038534700870513916 -0.0038786795921623707 -0.009867451153695583
v 0.037561431527137756 -0.003228361252695322 -0.009867451153695583
v 0.037561431527137756 -0.003228361252695322 -0.009667451493442059
v 0.038534700870513916 -0.0038786795921623707 -0.009667451493442059
v 0.03641337901353836 -0.003000000026077032 -0.009867451153695583
v 0.03641337901353836 -0.003000000026077032 -0.009667451493442059
v 0.034292060881853104 -0.0038786795921623707 -0.009667451493442059
v 0.03526533022522926 -0.003228361252695322 -0.009867451153695583
v 0.034292060881853104 -0.0038786795921623707 -0.009867451153695583
v 0.03526533022522926 -0.003228361252695322 -0.009667451493442059
v 0.033641740679740906 -0.004851949866861105 -0.009867451153695583
v 0.039185017347335815 -0.004851949866861105 -0.009667451493442059
v 0.18599073588848114 0.007499999832361937 -0.008677450940012932
v 0.18656808137893677 0.006500000134110451 -0.008677450940012932
v 0.1848360300064087 0.007499999832361937 -0.008677450940012932
v 0.18425868451595306 0.006500000134110451 -0.008677450940012932
v 0.18599073588848114 0.005499999970197678 -0.008677450940012932
v 0.1848360300064087 0.005499999970197678 -0.008677450940012932
v 0.18454734981060028 0.007000000216066837 -0.009712751023471355
v 0.1848360300064087 0.007499999832361937 -0.008677450940012932
v 0.18425868451595306 0.006500000134110451 -0.008677450940012932
v 0.1848360300064087 0.007499999832361937 -0.009867451153695583
v 0.18425868451595306 0.006500000134110451 -0.009867451153695583
v 0.18541337549686432 0.007499999832361937 -0.009712751023471355
v 0.18599073588848114 0.007499999832361937 -0.008677450940012932
v 0.1848360300064087 0.007499999832361937 -0.008677450940012932
v 0.18599073588848114 0.007499999832361937 -0.009867451153695583
v 0.1848360300064087 0.007499999832361937 -0.009867451153695583
v 0.18627940118312836 0.007000000216066837 -0.009712751023471355
v 0.18656808137893677 0.006500000134110451 -0.009867451153695583
v 0.18656808137893677 0.006500000134110451 -0.008677450940012932
v 0.18599073588848114 0.007499999832361937 -0.008677450940012932
v 0.18599073588848114 0.007499999832361937 -0.009867451153695583
v 0.18599073588848114 0.005499999970197678 -0.008677450940012932
v 0.18656808137893677 0.006500000134110451 -0.008677450940012932
v 0.18627940118312836 0.006000000052154064 -0.009712751023471355
v 0.18656808137893677 0.006500000134110451 -0.009867451153695583
v 0.18599073588848114 0.005499999970197678 -0.009867451153695583
v 0.18541337549686432 0.005499999970197678 -0.009712751023471355
v 0.18599073588848114 0.005499999970197678 -0.008677450940012932
v 0.18599073588848114 0.005499999970197678 -0.009867451153695583
v 0.1848360300064087 0.005499999970197678 -0.009867451153695583
v 0.1848360300064087 0.005499999970197678 -0.008677450940012932
v 0.18425868451595306 0.006500000134110451 -0.008677450940012932
v 0.1848360300064087 0.005499999970197678 -0.008677450940012932
v 0.18454734981060028 0.006000000052154064 -0.009712751023471355
v 0.1848360300064087 0.005499999970197678 -0.009867451153695583
v 0.18425868451595306 0.006500000134110451 -0.009867451153695583
v 0.1844133734703064 0.007077350281178951 -0.009867451153695583
v 0.18454734981060028 0.007000000216066837 -0.009712751023471355
v 0.18425868451595306 0.006500000134110451 -0.009867451153695583
v 0.1848360300064087 0.007499999832361937 -0.009867451153695583
v 0.18541337549686432 0.007654700428247452 -0.009867451153695583
v 0.18541337549686432 0.007499999832361937 -0.009712751023471355
v 0.18599073588848114 0.007499999832361937 -0.009867451153695583
v 0.18641337752342224 0.007077350281178951 -0.009867451153695583
v 0.18627940118312836 0.007000000216066837 -0.009712751023471355
v 0.18656808137893677 0.006500000134110451 -0.009867451153695583
v 0.18641337752342224 0.005922649521380663 -0.009867451153695583
v 0.18627940118312836 0.006000000052154064 -0.009712751023471355
v 0.18599073588848114 0.005499999970197678 -0.009867451153695583
v 0.18541337549686432 0.005345299374312162 -0.009867451153695583
v 0.18541337549686432 0.005499999970197678 -0.009712751023471355
v 0.1848360300064087 0.005499999970197678 -0.009867451153695583
v 0.18454734981060028 0.006000000052154064 -0.009712751023471355
v 0.1844133734703064 0.005922649521380663 -0.009867451153695583
v 0.18425868451595306 0.006500000134110451 -0.009867451153695583
v 0.18241338431835175 0.006500000134110451 -0.009867451153695583
v 0.18264174461364746 0.00764805031940341 -0.009867451153695583
v 0.1844133734703064 0.007077350281178951 -0.009867451153695583
v 0.18329206109046936 0.008621320128440857 -0.009867451153695583
v 0.1848360300064087 0.007499999832361937 -0.009867451153695583
v 0.18426533043384552 0.009271638467907906 -0.009867451153695583
v 0.18541337549686432 0.007654700428247452 -0.009867451153695583
v 0.18264174461364746 0.005351949483156204 -0.009867451153695583
v 0.18329206109046936 0.004378679674118757 -0.009867451153695583
v 0.1848360300064087 0.005499999970197678 -0.009867451153695583
v 0.18426533043384552 0.0037283613346517086 -0.009867451153695583
v 0.1844133734703064 0.005922649521380663 -0.009867451153695583
v 0.18541337549686432 0.005345299374312162 -0.009867451153695583
v 0.18541337549686432 0.0035000001080334187 -0.009867451153695583
v 0.1865614354610443 0.0037283613346517086 -0.009867451153695583
v 0.18599073588848114 0.007499999832361937 -0.009867451153695583
v 0.1865614354610443 0.009271638467907906 -0.009867451153695583
v 0.18541337549686432 0.009499999694526196 -0.009867451153695583
v 0.18753470480442047 0.008621320128440857 -0.009867451153695583
v 0.18641337752342224 0.007077350281178951 -0.009867451153695583
v 0.18818502128124237 0.00764805031940341 -0.009867451153695583
v 0.18656808137893677 0.006500000134110451 -0.009867451153695583
v 0.18599073588848114 0.005499999970197678 -0.009867451153695583
v 0.18753470480442047 0.004378679674118757 -0.009867451153695583
v 0.18641337752342224 0.005922649521380663 -0.009867451153695583
v 0.18841338157653809 0.006500000134110451 -0.009867451153695583
v 0.18818502128124237 0.005351949483156204 -0.009867451153695583
v 0.18264174461364746 0.005351949483156204 -0.009667451493442059
v 0.18241338431835175 0.006500000134110451 -0.009867451153695583
v 0.18264174461364746 0.005351949483156204 -0.009867451153695583
v 0.18426533043384552 0.0037283613346517086 -0.009667451493442059
v 0.18329206109046936 0.004378679674118757 -0.009867451153695583
v 0.18426533043384552 0.0037283613346517086 -0.009867451153695583
v 0.18329206109046936 0.004378679674118757 -0.009667451493442059
v 0.18541337549686432 0.0035000001080334187 -0.009867451153695583
v 0.18541337549686432 0.0035000001080334187 -0.009667451493442059
v 0.18753470480442047 0.004378679674118757 -0.009867451153695583
v 0.18818502128124237 0.005351949483156204 -0.009867451153695583
v 0.18818502128124237 0.005351949483156204 -0.009667451493442059
v 0.1865614354610443 0.0037283613346517086 -0.009867451153695583
v 0.18753470480442047 0.004378679674118757 -0.009667451493442059
v 0.18241338431835175 0.006500000134110451 -0.009667451493442059
v 0.1865614354610443 0.0037283613346517086 -0.009667451493442059
v 0.18841338157653809 0.006500000134110451 -0.009667451493442059
v 0.18264174461364746 0.00764805031940341 -0.009667451493442059
v 0.18841338157653809 0.006500000134110451 -0.009867451153695583
v 0.18818502128124237 0.00764805031940341 -0.009867451153695583
v 0.18753470480442047 0.008621320128440857 -0.009867451153695583
v 0.1865614354610443 0.009271638467907906 -0.009867451153695583
v 0.1865614354610443 0.009271638467907906 -0.009667451493442059
v 0.18753470480442047 0.008621320128440857 -0.009667451493442059
v 0.18541337549686432 0.009499999694526196 -0.009867451153695583
v 0.18541337549686432 0.009499999694526196 -0.009667451493442059
v 0.18329206109046936 0.008621320128440857 -0.009667451493442059
v 0.18426533043384552 0.009271638467907906 -0.009867451153695583
v 0.18329206109046936 0.008621320128440857 -0.009867451153695583
v 0.18426533043384552 0.009271638467907906 -0.009667451493442059
v 0.18264174461364746 0.00764805031940341 -0.009867451153695583
v 0.18818502128124237 0.00764805031940341 -0.009667451493442059
v 0.18599073588848114 -0.005499999970197678 -0.008677450940012932
v 0.18656808137893677 -0.006500000134110451 -0.008677450940012932
v 0.1848360300064087 -0.005499999970197678 -0.008677450940012932
v 0.18425868451595306 -0.006500000134110451 -0.008677450940012932
v 0.18599073588848114 -0.007499999832361937 -0.008677450940012932
v 0.1848360300064087 -0.007499999832361937 -0.008677450940012932
v 0.18454734981060028 -0.006000000052154064 -0.009712751023471355
v 0.1848360300064087 -0.005499999970197678 -0.008677450940012932
v 0.18425868451595306 -0.006500000134110451 -0.008677450940012932
v 0.1848360300064087 -0.005499999970197678 -0.009867451153695583
v 0.18425868451595306 -0.006500000134110451 -0.009867451153695583
v 0.18541337549686432 -0.005499999970197678 -0.009712751023471355
v 0.18599073588848114 -0.005499999970197678 -0.008677450940012932
v 0.1848360300064087 -0.005499999970197678 -0.008677450940012932
v 0.18599073588848114 -0.005499999970197678 -0.009867451153695583
v 0.1848360300064087 -0.005499999970197678 -0.009867451153695583
v 0.18627940118312836 -0.006000000052154064 -0.009712751023471355
v 0.18656808137893677 -0.006500000134110451 -0.009867451153695583
v 0.18656808137893677 -0.006500000134110451 -0.008677450940012932
v 0.18599073588848114 -0.005499999970197678 -0.008677450940012932
v 0.18599073588848114 -0.005499999970197678 -0.009867451153695583
v 0.18599073588848114 -0.007499999832361937 -0.008677450940012932
v 0.18656808137893677 -0.006500000134110451 -0.008677450940012932
v 0.18627940118312836 -0.007000000216066837 -0.009712751023471355
v 0.18656808137893677 -0.006500000134110451 -0.009867451153695583
v 0.18599073588848114 -0.007499999832361937 -0.009867451153695583
v 0.18541337549686432 -0.007499999832361937 -0.009712751023471355
v 0.18599073588848114 -0.007499999832361937 -0.008677450940012932
v 0.18599073588848114 -0.007499999832361937 -0.009867451153695583
v 0.1848360300064087 -0.007499999832361937 -0.009867451153695583
v 0.1848360300064087 -0.007499999832361937 -0.008677450940012932
v 0.18425868451595306 -0.006500000134110451 -0.008677450940012932
v 0.1848360300064087 -0.007499999832361937 -0.008677450940012932
v 0.18454734981060028 -0.007000000216066837 -0.009712751023471355
v 0.1848360300064087 -0.007499999832361937 -0.009867451153695583
v 0.18425868451595306 -0.006500000134110451 -0.009867451153695583
v 0.1844133734703064 -0.005922649521380663 -0.009867451153695583
v 0.18454734981060028 -0.006000000052154064 -0.009712751023471355
v 0.18425868451595306 -0.006500000134110451 -0.009867451153695583
v 0.1848360300064087 -0.005499999970197678 -0.009867451153695583
v 0.18541337549686432 -0.005345299374312162 -0.009867451153695583
v 0.18541337549686432 -0.005499999970197678 -0.009712751023471355
v 0.18599073588848114 -0.005499999970197678 -0.009867451153695583
v 0.18641337752342224 -0.005922649521380663 -0.009867451153695583
v 0.18627940118312836 -0.006000000052154064 -0.009712751023471355
v 0.18656808137893677 -0.006500000134110451 -0.009867451153695583
v 0.18627940118312836 -0.007000000216066837 -0.009712751023471355
v 0.18641337752342224 -0.007077350281178951 -0.009867451153695583
v 0.18599073588848114 -0.007499999832361937 -0.009867451153695583
v 0.18541337549686432 -0.007654700428247452 -0.009867451153695583
v 0.18541337549686432 -0.007499999832361937 -0.009712751023471355
v 0.1848360300064087 -0.007499999832361937 -0.009867451153695583
v 0.18454734981060028 -0.007000000216066837 -0.009712751023471355
v 0.1844133734703064 -0.007077350281178951 -0.009867451153695583
v 0.18425868451595306 -0.006500000134110451 -0.009867451153695583
v 0.18241338431835175 -0.006500000134110451 -0.009867451153695583
v 0.18264174461364746 -0.005351949483156204 -0.009867451153695583
v 0.1844133734703064 -0.005922649521380663 -0.009867451153695583
v 0.18329206109046936 -0.004378679674118757 -0.009867451153695583
v 0.1848360300064087 -0.005499999970197678 -0.009867451153695583
v 0.18426533043384552 -0.0037283613346517086 -0.009867451153695583
v 0.18541337549686432 -0.005345299374312162 -0.009867451153695583
v 0.18264174461364746 -0.00764805031940341 -0.009867451153695583
v 0.18329206109046936 -0.008621320128440857 -0.009867451153695583
v 0.1848360300064087 -0.007499999832361937 -0.009867451153695583
v 0.18426533043384552 -0.009271638467907906 -0.009867451153695583
v 0.1844133734703064 -0.007077350281178951 -0.009867451153695583
v 0.18541337549686432 -0.007654700428247452 -0.009867451153695583
v 0.18541337549686432 -0.009499999694526196 -0.009867451153695583
v 0.1865614354610443 -0.009271638467907906 -0.009867451153695583
v 0.18599073588848114 -0.005499999970197678 -0.009867451153695583
v 0.1865614354610443 -0.0037283613346517086 -0.009867451153695583
v 0.18541337549686432 -0.0035000001080334187 -0.009867451153695583
v 0.18753470480442047 -0.004378679674118757 -0.009867451153695583
v 0.18641337752342224 -0.005922649521380663 -0.009867451153695583
v 0.18818502128124237 -0.005351949483156204 -0.009867451153695583
v 0.18656808137893677 -0.006500000134110451 -0.009867451153695583
v 0.18599073588848114 -0.007499999832361937 -0.009867451153695583
v 0.18753470480442047 -0.008621320128440857 -0.009867451153695583
v 0.18641337752342224 -0.007077350281178951 -0.009867451153695583
v 0.18841338157653809 -0.006500000134110451 -0.009867451153695583
v 0.18818502128124237 -0.00764805031940341 -0.009867451153695583
v 0.18264174461364746 -0.00764805031940341 -0.009667451493442059
v 0.18241338431835175 -0.006500000134110451 -0.009867451153695583
v 0.18264174461364746 -0.00764805031940341 -0.009867451153695583
v 0.18329206109046936 -0.008621320128440857 -0.009667451493442059
v 0.18329206109046936 -0.008621320128440857 -0.009867451153695583
v 0.18426533043384552 -0.009271638467907906 -0.009867451153695583
v 0.18541337549686432 -0.009499999694526196 -0.009867451153695583
v 0.18426533043384552 -0.009271638467907906 -0.009667451493442059
v 0.18753470480442047 -0.008621320128440857 -0.009867451153695583
v 0.18818502128124237 -0.00764805031940341 -0.009867451153695583
v 0.18753470480442047 -0.008621320128440857 -0.009667451493442059
v 0.1865614354610443 -0.009271638467907906 -0.009867451153695583
v 0.1865614354610443 -0.009271638467907906 -0.009667451493442059
v 0.18541337549686432 -0.009499999694526196 -0.009667451493442059
v 0.18241338431835175 -0.006500000134110451 -0.009667451493442059
v 0.18818502128124237 -0.00764805031940341 -0.009667451493442059
v 0.18841338157653809 -0.006500000134110451 -0.009667451493442059
v 0.18264174461364746 -0.005351949483156204 -0.009667451493442059
v 0.18841338157653809 -0.006500000134110451 -0.009867451153695583
v 0.18818502128124237 -0.005351949483156204 -0.009867451153695583
v 0.18753470480442047 -0.004378679674118757 -0.009867451153695583
v 0.1865614354610443 -0.0037283613346517086 -0.009867451153695583
v 0.1865614354610443 -0.0037283613346517086 -0.009667451493442059
v 0.18753470480442047 -0.004378679674118757 -0.009667451493442059
v 0.18541337549686432 -0.0035000001080334187 -0.009867451153695583
v 0.18541337549686432 -0.0035000001080334187 -0.009667451493442059
v 0.18329206109046936 -0.004378679674118757 -0.009667451493442059
v 0.18426533043384552 -0.0037283613346517086 -0.009867451153695583
v 0.18329206109046936 -0.004378679674118757 -0.009867451153695583
v 0.18426533043384552 -0.0037283613346517086 -0.009667451493442059
v 0.18264174461364746 -0.005351949483156204 -0.009867451153695583
v 0.18818502128124237 -0.005351949483156204 -0.009667451493442059
v 0.02698015794157982 0.010250000283122063 0.035108912736177444
v 0.027146270498633385 -0.010250000283122063 0.03384717181324959
v 0.027351245284080505 0.010250000283122063 0.0332433320581913
v 0.02702186442911625 0.010250000283122063 0.035745229572057724
v 0.02702186442911625 -0.010250000283122063 0.035745229572057724
v 0.02840801328420639 0.010250000283122063 0.03166176751255989
v 0.027987560257315636 -0.010250000283122063 0.032141201198101044
v 0.02998957596719265 0.010250000283122063 0.030604999512434006
v 0.031218843534588814 -0.010250000283122063 0.03027561865746975
v 0.031855158507823944 0.010250000283122063 0.03023391216993332
v 0.0331168994307518 -0.010250000283122063 0.030400024726986885
v 0.03372073918581009 0.010250000283122063 0.030604999512434006
v 0.02941765822470188 -0.010250000283122063 0.030887039378285408
v 0.0353023037314415 0.010250000283122063 0.03166176751255989
v 0.034822870045900345 -0.010250000283122063 0.031241316348314285
v 0.03607703000307083 -0.010250000283122063 0.03267141431570053
v 0.036359068006277084 0.010250000283122063 0.0332433320581913
v 0.027351245284080505 0.010250000283122063 0.03697449341416359
v 0.03668845072388649 -0.010250000283122063 0.03447259962558746
v 0.03673015907406807 0.010250000283122063 0.035108912736177444
v 0.0353023037314415 0.010250000283122063 0.038556057959795
v 0.036359068006277084 0.010250000283122063 0.03697449341416359
v 0.0357227548956871 -0.010250000283122063 0.038076624274253845
v 0.036564044654369354 -0.010250000283122063 0.0363706573843956
v 0.02763328328728676 -0.010250000283122063 0.03754641115665436
v 0.02840801328420639 0.010250000283122063 0.038556057959795
v 0.02998957596719265 0.010250000283122063 0.03961282595992088
v 0.028887446969747543 -0.010250000283122063 0.038976509124040604
v 0.03372073918581009 0.010250000283122063 0.03961282595992088
v 0.03429265692830086 -0.010250000283122063 0.03933078795671463
v 0.03059341572225094 -0.010250000283122063 0.03981780260801315
v 0.031855158507823944 0.010250000283122063 0.03998391330242157
v 0.032491471618413925 -0.010250000283122063 0.03994220495223999
v 0.036359068006277084 0.010250000283122063 0.0332433320581913
v 0.03673015907406807 0.010250000283122063 0.035108912736177444
v 0.036359068006277084 0.010250000283122063 0.03697449341416359
v 0.0353023037314415 0.010250000283122063 0.038556057959795
v 0.02998957596719265 0.010250000283122063 0.03961282595992088
v 0.0353023037314415 0.010250000283122063 0.03166176751255989
v 0.031855158507823944 0.010250000283122063 0.03023391216993332
v 0.03372073918581009 0.010250000283122063 0.030604999512434006
v 0.02998957596719265 0.010250000283122063 0.030604999512434006
v 0.03372073918581009 0.010250000283122063 0.03961282595992088
v 0.027351245284080505 0.010250000283122063 0.03697449341416359
v 0.02840801328420639 0.010250000283122063 0.038556057959795
v 0.02840801328420639 0.010250000283122063 0.03166176751255989
v 0.027351245284080505 0.010250000283122063 0.0332433320581913
v 0.02702186442911625 0.010250000283122063 0.035745229572057724
v 0.02698015794157982 0.010250000283122063 0.035108912736177444
v 0.031855158507823944 0.010250000283122063 0.03998391330242157
v 0.031218843534588814 -0.010250000283122063 0.03027561865746975
v 0.03668845072388649 -0.010250000283122063 0.03447259962558746
v 0.03607703000307083 -0.010250000283122063 0.03267141431570053
v 0.034822870045900345 -0.010250000283122063 0.031241316348314285
v 0.0331168994307518 -0.010250000283122063 0.030400024726986885
v 0.028887446969747543 -0.010250000283122063 0.038976509124040604
v 0.03429265692830086 -0.010250000283122063 0.03933078795671463
v 0.036564044654369354 -0.010250000283122063 0.0363706573843956
v 0.0357227548956871 -0.010250000283122063 0.038076624274253845
v 0.032491471618413925 -0.010250000283122063 0.03994220495223999
v 0.02941765822470188 -0.010250000283122063 0.030887039378285408
v 0.027146270498633385 -0.010250000283122063 0.03384717181324959
v 0.027987560257315636 -0.010250000283122063 0.032141201198101044
v 0.02763328328728676 -0.010250000283122063 0.03754641115665436
v 0.03059341572225094 -0.010250000283122063 0.03981780260801315
v 0.02702186442911625 -0.010250000283122063 0.035745229572057724
v 0.006026414688676596 -0.010250000283122063 0.03756066411733627
v 0.006273436825722456 0.010250000283122063 0.036832958459854126
v 0.005826229229569435 0.010250000283122063 0.03908122330904007
v 0.005876490380614996 0.010250000283122063 0.03984806686639786
v 0.005876490380614996 -0.010250000283122063 0.03984806686639786
v 0.0070402780547738075 -0.010250000283122063 0.03550475090742111
v 0.007546976674348116 0.010250000283122063 0.03492697328329086
v 0.009452964179217815 0.010250000283122063 0.03365343064069748
v 0.01093438733369112 -0.010250000283122063 0.03325648605823517
v 0.011701229028403759 0.010250000283122063 0.03320622071623802
v 0.01322179101407528 -0.010250000283122063 0.03340641036629677
v 0.013949492946267128 0.010250000283122063 0.03365343064069748
v 0.00876372866332531 -0.010250000283122063 0.033993326127529144
v 0.015277702361345291 -0.010250000283122063 0.03442027419805527
v 0.01585548184812069 0.010250000283122063 0.03492697328329086
v 0.016789129003882408 -0.010250000283122063 0.036143723875284195
v 0.017129020765423775 0.010250000283122063 0.036832958459854126
v 0.006273436825722456 0.010250000283122063 0.04132948815822601
v 0.017576228827238083 0.010250000283122063 0.03908122330904007
v 0.017525967210531235 -0.010250000283122063 0.03831438347697258
v 0.016362179070711136 -0.010250000283122063 0.042657699435949326
v 0.01585548184812069 0.010250000283122063 0.043235477060079575
v 0.017129020765423775 0.010250000283122063 0.04132948815822601
v 0.017376042902469635 -0.010250000283122063 0.040601786226034164
v 0.0066133299842476845 -0.010250000283122063 0.042018722742795944
v 0.007546976674348116 0.010250000283122063 0.043235477060079575
v 0.009452964179217815 0.010250000283122063 0.04450901597738266
v 0.008124755695462227 -0.010250000283122063 0.04374217614531517
v 0.014638729393482208 -0.010250000283122063 0.04416912421584129
v 0.013949492946267128 0.010250000283122063 0.04450901597738266
v 0.010180667042732239 -0.010250000283122063 0.04475603997707367
v 0.011701229028403759 0.010250000283122063 0.04495622590184212
v 0.012468070723116398 -0.010250000283122063 0.04490596428513527
v 0.017576228827238083 0.010250000283122063 0.03908122330904007
v 0.017129020765423775 0.010250000283122063 0.04132948815822601
v 0.01585548184812069 0.010250000283122063 0.043235477060079575
v 0.011701229028403759 0.010250000283122063 0.04495622590184212
v 0.01585548184812069 0.010250000283122063 0.03492697328329086
v 0.017129020765423775 0.010250000283122063 0.036832958459854126
v 0.011701229028403759 0.010250000283122063 0.03320622071623802
v 0.013949492946267128 0.010250000283122063 0.03365343064069748
v 0.007546976674348116 0.010250000283122063 0.03492697328329086
v 0.013949492946267128 0.010250000283122063 0.04450901597738266
v 0.009452964179217815 0.010250000283122063 0.04450901597738266
v 0.007546976674348116 0.010250000283122063 0.043235477060079575
v 0.006273436825722456 0.010250000283122063 0.04132948815822601
v 0.006273436825722456 0.010250000283122063 0.036832958459854126
v 0.009452964179217815 0.010250000283122063 0.03365343064069748
v 0.005826229229569435 0.010250000283122063 0.03908122330904007
v 0.005876490380614996 0.010250000283122063 0.03984806686639786
v 0.017525967210531235 -0.010250000283122063 0.03831438347697258
v 0.016789129003882408 -0.010250000283122063 0.036143723875284195
v 0.01322179101407528 -0.010250000283122063 0.03340641036629677
v 0.015277702361345291 -0.010250000283122063 0.03442027419805527
v 0.017376042902469635 -0.010250000283122063 0.040601786226034164
v 0.016362179070711136 -0.010250000283122063 0.042657699435949326
v 0.014638729393482208 -0.010250000283122063 0.04416912421584129
v 0.0066133299842476845 -0.010250000283122063 0.042018722742795944
v 0.010180667042732239 -0.010250000283122063 0.04475603997707367
v 0.012468070723116398 -0.010250000283122063 0.04490596428513527
v 0.00876372866332531 -0.010250000283122063 0.033993326127529144
v 0.0070402780547738075 -0.010250000283122063 0.03550475090742111
v 0.006026414688676596 -0.010250000283122063 0.03756066411733627
v 0.008124755695462227 -0.010250000283122063 0.04374217614531517
v 0.005876490380614996 -0.010250000283122063 0.03984806686639786
v 0.01093438733369112 -0.010250000283122063 0.03325648605823517
v -0.013796256855130196 0.010250000283122063 0.04294878989458084
v -0.013596070930361748 -0.010250000283122063 0.041428226977586746
v -0.013349048793315887 0.010250000283122063 0.0407005250453949
v -0.013745995238423347 0.010250000283122063 0.04371562972664833
v -0.013745995238423347 -0.010250000283122063 0.04371562972664833
v -0.012075508944690228 0.010250000283122063 0.038794536143541336
v -0.012582207098603249 -0.010250000283122063 0.039372317492961884
v -0.007921257056295872 0.010250000283122063 0.03707378730177879
v -0.010169521905481815 0.010250000283122063 0.03752099722623825
v -0.008688097819685936 -0.010250000283122063 0.03712404891848564
v -0.006400694139301777 -0.010250000283122063 0.03727397322654724
v -0.0056729912757873535 0.010250000283122063 0.03752099722623825
v -0.010858756490051746 -0.010250000283122063 0.03786088898777962
v -0.0037670042365789413 0.010250000283122063 0.038794536143541336
v -0.004344783257693052 -0.010250000283122063 0.03828783705830574
v -0.0028333573136478662 -0.010250000283122063 0.040011290460824966
v -0.0024934643879532814 0.010250000283122063 0.0407005250453949
v -0.013349048793315887 0.010250000283122063 0.045197054743766785
v -0.002046256558969617 0.010250000283122063 0.04294878989458084
v -0.002096518175676465 -0.010250000283122063 0.04218194633722305
v -0.0032603058498352766 -0.010250000283122063 0.0465252622961998
v -0.0037670042365789413 0.010250000283122063 0.04710303992033005
v -0.0024934643879532814 0.010250000283122063 0.045197054743766785
v -0.0022464424837380648 -0.010250000283122063 0.04446934908628464
v -0.013009156100451946 -0.010250000283122063 0.045886289328336716
v -0.012075508944690228 0.010250000283122063 0.04710303992033005
v -0.010169521905481815 0.010250000283122063 0.04837658256292343
v -0.011497730389237404 -0.010250000283122063 0.04760973900556564
v -0.0049837566912174225 -0.010250000283122063 0.048036687076091766
v -0.0056729912757873535 0.010250000283122063 0.04837658256292343
v -0.009441818110644817 -0.010250000283122063 0.04862360283732414
v -0.007921257056295872 0.010250000283122063 0.04882378876209259
v -0.007154415361583233 -0.010250000283122063 0.04877353087067604
v -0.002046256558969617 0.010250000283122063 0.04294878989458084
v -0.0024934643879532814 0.010250000283122063 0.045197054743766785
v -0.0037670042365789413 0.010250000283122063 0.04710303992033005
v -0.0056729912757873535 0.010250000283122063 0.04837658256292343
v -0.0024934643879532814 0.010250000283122063 0.0407005250453949
v -0.0037670042365789413 0.010250000283122063 0.038794536143541336
v -0.007921257056295872 0.010250000283122063 0.03707378730177879
v -0.0056729912757873535 0.010250000283122063 0.03752099722623825
v -0.013349048793315887 0.010250000283122063 0.045197054743766785
v -0.010169521905481815 0.010250000283122063 0.04837658256292343
v -0.012075508944690228 0.010250000283122063 0.04710303992033005
v -0.012075508944690228 0.010250000283122063 0.038794536143541336
v -0.010169521905481815 0.010250000283122063 0.03752099722623825
v -0.013796256855130196 0.010250000283122063 0.04294878989458084
v -0.013349048793315887 0.010250000283122063 0.0407005250453949
v -0.013745995238423347 0.010250000283122063 0.04371562972664833
v -0.007921257056295872 0.010250000283122063 0.04882378876209259
v -0.002096518175676465 -0.010250000283122063 0.04218194633722305
v -0.0028333573136478662 -0.010250000283122063 0.040011290460824966
v -0.004344783257693052 -0.010250000283122063 0.03828783705830574
v -0.0022464424837380648 -0.010250000283122063 0.04446934908628464
v -0.010858756490051746 -0.010250000283122063 0.03786088898777962
v -0.007154415361583233 -0.010250000283122063 0.04877353087067604
v -0.0032603058498352766 -0.010250000283122063 0.0465252622961998
v -0.0049837566912174225 -0.010250000283122063 0.048036687076091766
v -0.006400694139301777 -0.010250000283122063 0.03727397322654724
v -0.008688097819685936 -0.010250000283122063 0.03712404891848564
v -0.013745995238423347 -0.010250000283122063 0.04371562972664833
v -0.012582207098603249 -0.010250000283122063 0.039372317492961884
v -0.013596070930361748 -0.010250000283122063 0.041428226977586746
v -0.009441818110644817 -0.010250000283122063 0.04862360283732414
v -0.011497730389237404 -0.010250000283122063 0.04760973900556564
v -0.013009156100451946 -0.010250000283122063 0.045886289328336716
v 0.03502655401825905 0.010250000283122063 0.007268805988132954
v 0.03465546667575836 0.010250000283122063 0.009134387597441673
v 0.03482157737016678 -0.010250000283122063 0.007872644811868668
v 0.03469717130064964 0.010250000283122063 0.009770702570676804
v 0.03469717130064964 -0.010250000283122063 0.009770702570676804
v 0.03566286712884903 -0.010250000283122063 0.0061666760593652725
v 0.036083318293094635 0.010250000283122063 0.00568724237382412
v 0.03953046724200249 0.010250000283122063 0.0042593879625201225
v 0.037664882838726044 0.010250000283122063 0.004630475305020809
v 0.03889415040612221 -0.010250000283122063 0.004301093984395266
v 0.04139604791998863 0.010250000283122063 0.004630475305020809
v 0.040792208164930344 -0.010250000283122063 0.004425499588251114
v 0.037092965096235275 -0.010250000283122063 0.0049125137738883495
v 0.04249817878007889 -0.010250000283122063 0.0052667902782559395
v 0.04297761246562004 0.010250000283122063 0.00568724237382412
v 0.043752338737249374 -0.010250000283122063 0.006696887779980898
v 0.04403437674045563 0.010250000283122063 0.007268805988132954
v 0.03502655401825905 0.010250000283122063 0.010999969206750393
v 0.044405464082956314 0.010250000283122063 0.009134387597441673
v 0.04436375945806503 -0.010250000283122063 0.008498072624206543
v 0.04403437674045563 0.010250000283122063 0.010999969206750393
v 0.0442393533885479 -0.010250000283122063 0.010396130383014679
v 0.04297761246562004 0.010250000283122063 0.012581533752381802
v 0.043398063629865646 -0.010250000283122063 0.012102100066840649
v 0.0353085920214653 -0.010250000283122063 0.011571887880563736
v 0.036083318293094635 0.010250000283122063 0.012581533752381802
v 0.037664882838726044 0.010250000283122063 0.013638300821185112
v 0.03656275197863579 -0.010250000283122063 0.013001984916627407
v 0.0419679656624794 -0.010250000283122063 0.013356261886656284
v 0.04139604791998863 0.010250000283122063 0.013638300821185112
v 0.03826872259378433 -0.010250000283122063 0.013843276537954807
v 0.04016678035259247 -0.010250000283122063 0.013967681676149368
v 0.03953046724200249 0.010250000283122063 0.014009388163685799
v 0.04403437674045563 0.010250000283122063 0.007268805988132954
v 0.044405464082956314 0.010250000283122063 0.009134387597441673
v 0.04403437674045563 0.010250000283122063 0.010999969206750393
v 0.04297761246562004 0.010250000283122063 0.012581533752381802
v 0.036083318293094635 0.010250000283122063 0.012581533752381802
v 0.03953046724200249 0.010250000283122063 0.0042593879625201225
v 0.04297761246562004 0.010250000283122063 0.00568724237382412
v 0.036083318293094635 0.010250000283122063 0.00568724237382412
v 0.04139604791998863 0.010250000283122063 0.004630475305020809
v 0.03502655401825905 0.010250000283122063 0.007268805988132954
v 0.04139604791998863 0.010250000283122063 0.013638300821185112
v 0.03953046724200249 0.010250000283122063 0.014009388163685799
v 0.037664882838726044 0.010250000283122063 0.013638300821185112
v 0.03502655401825905 0.010250000283122063 0.010999969206750393
v 0.037664882838726044 0.010250000283122063 0.004630475305020809
v 0.03465546667575836 0.010250000283122063 0.009134387597441673
v 0.03469717130064964 0.010250000283122063 0.009770702570676804
v 0.0442393533885479 -0.010250000283122063 0.010396130383014679
v 0.04436375945806503 -0.010250000283122063 0.008498072624206543
v 0.043752338737249374 -0.010250000283122063 0.006696887779980898
v 0.04249817878007889 -0.010250000283122063 0.0052667902782559395
v 0.03482157737016678 -0.010250000283122063 0.007872644811868668
v 0.0419679656624794 -0.010250000283122063 0.013356261886656284
v 0.043398063629865646 -0.010250000283122063 0.012102100066840649
v 0.03656275197863579 -0.010250000283122063 0.013001984916627407
v 0.04016678035259247 -0.010250000283122063 0.013967681676149368
v 0.040792208164930344 -0.010250000283122063 0.004425499588251114
v 0.03889415040612221 -0.010250000283122063 0.004301093984395266
v 0.037092965096235275 -0.010250000283122063 0.0049125137738883495
v 0.03566286712884903 -0.010250000283122063 0.0061666760593652725
v 0.03826872259378433 -0.010250000283122063 0.013843276537954807
v 0.03469717130064964 -0.010250000283122063 0.009770702570676804
v 0.0353085920214653 -0.010250000283122063 0.011571887880563736
v 0.014370890334248543 0.010250000283122063 0.0025708230677992105
v 0.013127261772751808 0.010250000283122063 0.00408618850633502
v 0.01350842509418726 -0.010250000283122063 0.003554276656359434
v 0.015886256471276283 0.010250000283122063 0.0013271947391331196
v 0.014848500490188599 -0.010250000283122063 0.002123492769896984
v 0.012473231181502342 -0.010250000283122063 0.005219004116952419
v 0.012203162536025047 0.010250000283122063 0.0058150566183030605
v 0.011441958136856556 0.010250000283122063 0.009641890414059162
v 0.011463369242846966 -0.010250000283122063 0.008987859822809696
v 0.011634105816483498 0.010250000283122063 0.007690987549722195
v 0.011782700195908546 -0.010250000283122063 0.007053700275719166
v 0.011527509428560734 -0.010250000283122063 0.010947152972221375
v 0.011527509428560734 0.010250000283122063 0.010947152972221375
v 0.016441958025097847 -0.010250000283122063 0.0009816368110477924
v 0.017615124583244324 0.010250000283122063 0.0004030955315101892
v 0.021441958844661713 0.010250000283122063 -0.0003581091295927763
v 0.019491054117679596 0.010250000283122063 -0.00016596193017903715
v 0.020136697217822075 -0.010250000283122063 -0.00027255777968093753
v 0.02339286170899868 0.010250000283122063 -0.00016596193017903715
v 0.02209598943591118 -0.010250000283122063 -0.00033669837284833193
v 0.02403014898300171 -0.010250000283122063 -1.7367392501910217e-05
v 0.0252687931060791 0.010250000283122063 0.0004030955315101892
v 0.028513025492429733 0.010250000283122063 0.0025708230677992105
v 0.026997661218047142 0.010250000283122063 0.0013271947391331196
v 0.027529573068022728 -0.010250000283122063 0.001708357478491962
v 0.02896035648882389 -0.010250000283122063 0.003048432758077979
v 0.029756654053926468 0.010250000283122063 0.00408618850633502
v 0.025864845141768456 -0.010250000283122063 0.0006731634493917227
v 0.01822756417095661 -0.010250000283122063 0.00017258957086596638
v 0.030102211982011795 -0.010250000283122063 0.004641890991479158
v 0.03068075329065323 0.010250000283122063 0.0058150566183030605
v 0.030911259353160858 -0.010250000283122063 0.0064274962060153484
v 0.031249811872839928 0.010250000283122063 0.007690987549722195
v 0.011634105816483498 0.010250000283122063 0.011592794209718704
v 0.031441956758499146 0.010250000283122063 0.009641890414059162
v 0.03135640546679497 -0.010250000283122063 0.008336628787219524
v 0.03110121563076973 -0.010250000283122063 0.012230081483721733
v 0.03068075329065323 0.010250000283122063 0.013468725606799126
v 0.031249811872839928 0.010250000283122063 0.011592794209718704
v 0.031420547515153885 -0.010250000283122063 0.010295921936631203
v 0.028513025492429733 0.010250000283122063 0.016712957993149757
v 0.029756654053926468 0.010250000283122063 0.015197592787444592
v 0.02937549166381359 -0.010250000283122063 0.015729505568742752
v 0.028035417199134827 -0.010250000283122063 0.017160288989543915
v 0.026997661218047142 0.010250000283122063 0.017956586554646492
v 0.02644195780158043 -0.010250000283122063 0.01830214448273182
v 0.0252687931060791 0.010250000283122063 0.018880685791373253
v 0.030410686507821083 -0.010250000283122063 0.01406477764248848
v 0.014370890334248543 0.010250000283122063 0.016712957993149757
v 0.015886256471276283 0.010250000283122063 0.017956586554646492
v 0.015354343689978123 -0.010250000283122063 0.017575424164533615
v 0.011972656473517418 -0.010250000283122063 0.012856285087764263
v 0.012203162536025047 0.010250000283122063 0.013468725606799126
v 0.013127261772751808 0.010250000283122063 0.015197592787444592
v 0.01392356026917696 -0.010250000283122063 0.01623534969985485
v 0.017615124583244324 0.010250000283122063 0.018880685791373253
v 0.01701907068490982 -0.010250000283122063 0.018610619008541107
v 0.018853768706321716 -0.010250000283122063 0.019301149994134903
v 0.019491054117679596 0.010250000283122063 0.019449744373559952
v 0.012781703844666481 -0.010250000283122063 0.014641891233623028
v 0.024656353518366814 -0.010250000283122063 0.019111191853880882
v 0.02339286170899868 0.010250000283122063 0.019449744373559952
v 0.02274722047150135 -0.010250000283122063 0.01955633983016014
v 0.020787926390767097 -0.010250000283122063 0.01962048001587391
v 0.021441958844661713 0.010250000283122063 0.01964189112186432
v 0.029756654053926468 0.010250000283122063 0.00408618850633502
v 0.031441956758499146 0.010250000283122063 0.009641890414059162
v 0.03068075329065323 0.010250000283122063 0.013468725606799126
v 0.031249811872839928 0.010250000283122063 0.011592794209718704
v 0.029756654053926468 0.010250000283122063 0.015197592787444592
v 0.028513025492429733 0.010250000283122063 0.016712957993149757
v 0.011634105816483498 0.010250000283122063 0.011592794209718704
v 0.026997661218047142 0.010250000283122063 0.017956586554646492
v 0.0252687931060791 0.010250000283122063 0.018880685791373253
v 0.021441958844661713 0.010250000283122063 0.01964189112186432
v 0.031249811872839928 0.010250000283122063 0.007690987549722195
v 0.03068075329065323 0.010250000283122063 0.0058150566183030605
v 0.026997661218047142 0.010250000283122063 0.0013271947391331196
v 0.028513025492429733 0.010250000283122063 0.0025708230677992105
v 0.0252687931060791 0.010250000283122063 0.0004030955315101892
v 0.021441958844661713 0.010250000283122063 -0.0003581091295927763
v 0.02339286170899868 0.010250000283122063 -0.00016596193017903715
v 0.019491054117679596 0.010250000283122063 -0.00016596193017903715
v 0.015886256471276283 0.010250000283122063 0.0013271947391331196
v 0.02339286170899868 0.010250000283122063 0.019449744373559952
v 0.019491054117679596 0.010250000283122063 0.019449744373559952
v 0.017615124583244324 0.010250000283122063 0.018880685791373253
v 0.015886256471276283 0.010250000283122063 0.017956586554646492
v 0.013127261772751808 0.010250000283122063 0.015197592787444592
v 0.012203162536025047 0.010250000283122063 0.013468725606799126
v 0.014370890334248543 0.010250000283122063 0.016712957993149757
v 0.011634105816483498 0.010250000283122063 0.007690987549722195
v 0.012203162536025047 0.010250000283122063 0.0058150566183030605
v 0.014370890334248543 0.010250000283122063 0.0025708230677992105
v 0.017615124583244324 0.010250000283122063 0.0004030955315101892
v 0.011441958136856556 0.010250000283122063 0.009641890414059162
v 0.013127261772751808 0.010250000283122063 0.00408618850633502
v 0.011527509428560734 0.010250000283122063 0.010947152972221375
v 0.030102211982011795 -0.010250000283122063 0.004641890991479158
v 0.02896035648882389 -0.010250000283122063 0.003048432758077979
v 0.030911259353160858 -0.010250000283122063 0.0064274962060153484
v 0.03110121563076973 -0.010250000283122063 0.012230081483721733
v 0.03135640546679497 -0.010250000283122063 0.008336628787219524
v 0.01822756417095661 -0.010250000283122063 0.00017258957086596638
v 0.02209598943591118 -0.010250000283122063 -0.00033669837284833193
v 0.02403014898300171 -0.010250000283122063 -1.7367392501910217e-05
v 0.025864845141768456 -0.010250000283122063 0.0006731634493917227
v 0.027529573068022728 -0.010250000283122063 0.001708357478491962
v 0.01701907068490982 -0.010250000283122063 0.018610619008541107
v 0.02644195780158043 -0.010250000283122063 0.01830214448273182
v 0.030410686507821083 -0.010250000283122063 0.01406477764248848
v 0.02937549166381359 -0.010250000283122063 0.015729505568742752
v 0.031420547515153885 -0.010250000283122063 0.010295921936631203
v 0.028035417199134827 -0.010250000283122063 0.017160288989543915
v 0.020787926390767097 -0.010250000283122063 0.01962048001587391
v 0.02274722047150135 -0.010250000283122063 0.01955633983016014
v 0.024656353518366814 -0.010250000283122063 0.019111191853880882
v 0.011972656473517418 -0.010250000283122063 0.012856285087764263
v 0.016441958025097847 -0.010250000283122063 0.0009816368110477924
v 0.014848500490188599 -0.010250000283122063 0.002123492769896984
v 0.01350842509418726 -0.010250000283122063 0.003554276656359434
v 0.012473231181502342 -0.010250000283122063 0.005219004116952419
v 0.011782700195908546 -0.010250000283122063 0.007053700275719166
v 0.011463369242846966 -0.010250000283122063 0.008987859822809696
v 0.012781703844666481 -0.010250000283122063 0.014641891233623028
v 0.015354343689978123 -0.010250000283122063 0.017575424164533615
v 0.018853768706321716 -0.010250000283122063 0.019301149994134903
v 0.01392356026917696 -0.010250000283122063 0.01623534969985485
v 0.011527509428560734 -0.010250000283122063 0.010947152972221375
v 0.020136697217822075 -0.010250000283122063 -0.00027255777968093753
v -0.005504693370312452 0.010250000283122063 0.01430470310151577
v -0.005304507911205292 -0.010250000283122063 0.012784142047166824
v -0.0050574857741594315 0.010250000283122063 0.012056438252329826
v -0.0054544322192668915 0.010250000283122063 0.015071544796228409
v -0.0054544322192668915 -0.010250000283122063 0.015071544796228409
v -0.0037839459255337715 0.010250000283122063 0.010150451213121414
v -0.00429064454510808 -0.010250000283122063 0.010728229768574238
v 0.00037030651583336294 0.010250000283122063 0.008429703302681446
v -0.0018779586534947157 0.010250000283122063 0.008876911364495754
v -0.0003965348587371409 -0.010250000283122063 0.008479964919388294
v 0.0018908684141933918 -0.010250000283122063 0.008629889227449894
v 0.0026185717433691025 0.010250000283122063 0.008876911364495754
v -0.0025671934708952904 -0.010250000283122063 0.009216804057359695
v 0.004524559248238802 0.010250000283122063 0.010150451213121414
v 0.003946779761463404 -0.010250000283122063 0.009643753059208393
v 0.005458206404000521 -0.010250000283122063 0.011367203667759895
v 0.005798098631203175 0.010250000283122063 0.012056438252329826
v -0.0050574857741594315 0.010250000283122063 0.016552967950701714
v 0.006245306693017483 0.010250000283122063 0.01430470310151577
v 0.006195045076310635 -0.010250000283122063 0.013537862338125706
v 0.005031257402151823 -0.010250000283122063 0.017881177365779877
v 0.004524559248238802 0.010250000283122063 0.018458954989910126
v 0.005798098631203175 0.010250000283122063 0.016552967950701714
v 0.006045120768249035 -0.010250000283122063 0.015825266018509865
v -0.004717592615634203 -0.010250000283122063 0.017242204397916794
v -0.0037839459255337715 0.010250000283122063 0.018458954989910126
v -0.0018779586534947157 0.010250000283122063 0.01973249576985836
v -0.0032061669044196606 -0.010250000283122063 0.01896565407514572
v 0.003307806560769677 -0.010250000283122063 0.019392602145671844
v 0.0026185717433691025 0.010250000283122063 0.01973249576985836
v -0.001150255324319005 -0.010250000283122063 0.01997951790690422
v 0.00037030651583336294 0.010250000283122063 0.02017970383167267
v 0.0011371478904038668 -0.010250000283122063 0.02012944221496582
v 0.005798098631203175 0.010250000283122063 0.012056438252329826
v 0.006245306693017483 0.010250000283122063 0.01430470310151577
v 0.005798098631203175 0.010250000283122063 0.016552967950701714
v 0.004524559248238802 0.010250000283122063 0.018458954989910126
v 0.0026185717433691025 0.010250000283122063 0.01973249576985836
v 0.0026185717433691025 0.010250000283122063 0.008876911364495754
v 0.004524559248238802 0.010250000283122063 0.010150451213121414
v -0.0018779586534947157 0.010250000283122063 0.008876911364495754
v 0.00037030651583336294 0.010250000283122063 0.008429703302681446
v -0.0037839459255337715 0.010250000283122063 0.010150451213121414
v 0.00037030651583336294 0.010250000283122063 0.02017970383167267
v -0.0018779586534947157 0.010250000283122063 0.01973249576985836
v -0.0037839459255337715 0.010250000283122063 0.018458954989910126
v -0.0050574857741594315 0.010250000283122063 0.016552967950701714
v -0.0050574857741594315 0.010250000283122063 0.012056438252329826
v -0.005504693370312452 0.010250000283122063 0.01430470310151577
v -0.0054544322192668915 0.010250000283122063 0.015071544796228409
v 0.006195045076310635 -0.010250000283122063 0.013537862338125706
v 0.005458206404000521 -0.010250000283122063 0.011367203667759895
v 0.003946779761463404 -0.010250000283122063 0.009643753059208393
v 0.003307806560769677 -0.010250000283122063 0.019392602145671844
v 0.0018908684141933918 -0.010250000283122063 0.008629889227449894
v 0.005031257402151823 -0.010250000283122063 0.017881177365779877
v 0.006045120768249035 -0.010250000283122063 0.015825266018509865
v -0.0054544322192668915 -0.010250000283122063 0.015071544796228409
v 0.0011371478904038668 -0.010250000283122063 0.02012944221496582
v -0.0003965348587371409 -0.010250000283122063 0.008479964919388294
v -0.0025671934708952904 -0.010250000283122063 0.009216804057359695
v -0.00429064454510808 -0.010250000283122063 0.010728229768574238
v -0.005304507911205292 -0.010250000283122063 0.012784142047166824
v -0.0032061669044196606 -0.010250000283122063 0.01896565407514572
v -0.001150255324319005 -0.010250000283122063 0.01997951790690422
v -0.004717592615634203 -0.010250000283122063 0.017242204397916794
v 0.04924246296286583 -0.0064500002190470695 0.03624246269464493
v 0.049470074474811554 -0.0064500002190470695 0.035098183900117874
v 0.04924246296286583 -0.0064500002190470695 0.03475753962993622
v 0.048901818692684174 -0.0064500002190470695 0.034529928117990494
v 0.048098184168338776 -0.0064500002190470695 0.034529928117990494
v 0.049550000578165054 -0.0064500002190470695 0.03550000116229057
v 0.049470074474811554 -0.0064500002190470695 0.03590181842446327
v 0.04775753617286682 -0.0064500002190470695 0.03624246269464493
v 0.048901818692684174 -0.0064500002190470695 0.03647007420659065
v 0.048500001430511475 -0.0064500002190470695 0.034449998289346695
v 0.04775753617286682 -0.0064500002190470695 0.03475753962993622
v 0.0475299246609211 -0.0064500002190470695 0.035098183900117874
v 0.047449998557567596 -0.0064500002190470695 0.03550000116229057
v 0.0475299246609211 -0.0064500002190470695 0.03590181842446327
v 0.048098184168338776 -0.0064500002190470695 0.03647007420659065
v 0.048500001430511475 -0.0064500002190470695 0.03655000030994415
v 0.048500001430511475 -0.0064500002190470695 0.034449998289346695
v 0.048901818692684174 -0.0064500002190470695 0.034529928117990494
v 0.048500001430511475 -0.006899999920278788 0.03400000184774399
v 0.049470074474811554 -0.0064500002190470695 0.035098183900117874
v 0.0498858205974102 -0.006899999920278788 0.034925974905490875
v 0.04924246296286583 -0.0064500002190470695 0.03475753962993622
v 0.049074023962020874 -0.006899999920278788 0.034114181995391846
v 0.049550000578165054 -0.0064500002190470695 0.03550000116229057
v 0.049470074474811554 -0.0064500002190470695 0.03590181842446327
v 0.05000000074505806 -0.006899999920278788 0.03550000116229057
v 0.049074023962020874 -0.006899999920278788 0.0368858203291893
v 0.04924246296286583 -0.0064500002190470695 0.03624246269464493
v 0.048901818692684174 -0.0064500002190470695 0.03647007420659065
v 0.0498858205974102 -0.006899999920278788 0.03607402369379997
v 0.049560658633708954 -0.006899999920278788 0.034439340233802795
v 0.049560658633708954 -0.006899999920278788 0.03656065836548805
v 0.048500001430511475 -0.006899999920278788 0.03700000047683716
v 0.048098184168338776 -0.0064500002190470695 0.034529928117990494
v 0.048098184168338776 -0.0064500002190470695 0.03647007420659065
v 0.04775753617286682 -0.0064500002190470695 0.03624246269464493
v 0.0474393405020237 -0.006899999920278788 0.03656065836548805
v 0.048500001430511475 -0.0064500002190470695 0.03655000030994415
v 0.04792597517371178 -0.006899999920278788 0.0368858203291893
v 0.04711418226361275 -0.006899999920278788 0.03607402369379997
v 0.0475299246609211 -0.0064500002190470695 0.03590181842446327
v 0.0475299246609211 -0.0064500002190470695 0.035098183900117874
v 0.04775753617286682 -0.0064500002190470695 0.03475753962993622
v 0.0474393405020237 -0.006899999920278788 0.034439340233802795
v 0.04699999839067459 -0.006899999920278788 0.03550000116229057
v 0.047449998557567596 -0.0064500002190470695 0.03550000116229057
v 0.04792597517371178 -0.006899999920278788 0.034114181995391846
v 0.04711418226361275 -0.006899999920278788 0.034925974905490875
v 0.04699999839067459 -0.006899999920278788 0.03550000116229057
v 0.04711418226361275 0.006899999920278788 0.034925974905490875
v 0.04699999839067459 0.006899999920278788 0.03550000116229057
v 0.04701283201575279 0.006899999920278788 0.03569578751921654
v 0.04701283201575279 -0.006899999920278788 0.03569578751921654
v 0.04711418226361275 -0.006899999920278788 0.034925974905490875
v 0.0474393405020237 0.006899999920278788 0.034439340233802795
v 0.048500001430511475 0.006899999920278788 0.03400000184774399
v 0.04792597517371178 0.006899999920278788 0.034114181995391846
v 0.048500001430511475 -0.006899999920278788 0.03400000184774399
v 0.049074023962020874 -0.006899999920278788 0.034114181995391846
v 0.049074023962020874 0.006899999920278788 0.034114181995391846
v 0.0474393405020237 -0.006899999920278788 0.034439340233802795
v 0.049560658633708954 -0.006899999920278788 0.034439340233802795
v 0.049560658633708954 0.006899999920278788 0.034439340233802795
v 0.04792597517371178 -0.006899999920278788 0.034114181995391846
v 0.0498858205974102 -0.006899999920278788 0.034925974905490875
v 0.0498858205974102 0.006899999920278788 0.034925974905490875
v 0.04711418226361275 -0.006899999920278788 0.03607402369379997
v 0.05000000074505806 0.006899999920278788 0.03550000116229057
v 0.05000000074505806 -0.006899999920278788 0.03550000116229057
v 0.049560658633708954 0.006899999920278788 0.03656065836548805
v 0.0498858205974102 0.006899999920278788 0.03607402369379997
v 0.049560658633708954 -0.006899999920278788 0.03656065836548805
v 0.0498858205974102 -0.006899999920278788 0.03607402369379997
v 0.0474393405020237 -0.006899999920278788 0.03656065836548805
v 0.04711418226361275 0.006899999920278788 0.03607402369379997
v 0.0474393405020237 0.006899999920278788 0.03656065836548805
v 0.049074023962020874 -0.006899999920278788 0.0368858203291893
v 0.048500001430511475 0.006899999920278788 0.03700000047683716
v 0.049074023962020874 0.006899999920278788 0.0368858203291893
v 0.048500001430511475 -0.006899999920278788 0.03700000047683716
v 0.04792597517371178 -0.006899999920278788 0.0368858203291893
v 0.04792597517371178 0.006899999920278788 0.0368858203291893
v 0.0475299246609211 0.0064500002190470695 0.03590181842446327
v 0.0475299246609211 0.0064500002190470695 0.035098183900117874
v 0.04775753617286682 0.0064500002190470695 0.03475753962993622
v 0.048901818692684174 0.0064500002190470695 0.034529928117990494
v 0.048098184168338776 0.0064500002190470695 0.034529928117990494
v 0.047449998557567596 0.0064500002190470695 0.03550000116229057
v 0.04775753617286682 0.0064500002190470695 0.03624246269464493
v 0.04924246296286583 0.0064500002190470695 0.03475753962993622
v 0.048098184168338776 0.0064500002190470695 0.03647007420659065
v 0.048500001430511475 0.0064500002190470695 0.034449998289346695
v 0.049470074474811554 0.0064500002190470695 0.03590181842446327
v 0.049470074474811554 0.0064500002190470695 0.035098183900117874
v 0.049550000578165054 0.0064500002190470695 0.03550000116229057
v 0.048901818692684174 0.0064500002190470695 0.03647007420659065
v 0.048500001430511475 0.0064500002190470695 0.03655000030994415
v 0.04924246296286583 0.0064500002190470695 0.03624246269464493
v 0.04775753617286682 0.0064500002190470695 0.03475753962993622
v 0.04792597517371178 0.006899999920278788 0.034114181995391846
v 0.048098184168338776 0.0064500002190470695 0.034529928117990494
v 0.048500001430511475 0.006899999920278788 0.03400000184774399
v 0.048500001430511475 0.0064500002190470695 0.034449998289346695
v 0.04711418226361275 0.006899999920278788 0.034925974905490875
v 0.0475299246609211 0.0064500002190470695 0.035098183900117874
v 0.04699999839067459 0.006899999920278788 0.03550000116229057
v 0.047449998557567596 0.0064500002190470695 0.03550000116229057
v 0.04701283201575279 0.006899999920278788 0.03569578751921654
v 0.04711418226361275 0.006899999920278788 0.03607402369379997
v 0.0475299246609211 0.0064500002190470695 0.03590181842446327
v 0.04775753617286682 0.0064500002190470695 0.03624246269464493
v 0.0474393405020237 0.006899999920278788 0.034439340233802795
v 0.0474393405020237 0.006899999920278788 0.03656065836548805
v 0.04792597517371178 0.006899999920278788 0.0368858203291893
v 0.048098184168338776 0.0064500002190470695 0.03647007420659065
v 0.049074023962020874 0.006899999920278788 0.034114181995391846
v 0.048500001430511475 0.0064500002190470695 0.03655000030994415
v 0.048500001430511475 0.006899999920278788 0.03700000047683716
v 0.049560658633708954 0.006899999920278788 0.03656065836548805
v 0.048901818692684174 0.0064500002190470695 0.03647007420659065
v 0.04924246296286583 0.0064500002190470695 0.03624246269464493
v 0.049074023962020874 0.006899999920278788 0.0368858203291893
v 0.0498858205974102 0.006899999920278788 0.03607402369379997
v 0.049470074474811554 0.0064500002190470695 0.03590181842446327
v 0.04924246296286583 0.0064500002190470695 0.03475753962993622
v 0.048901818692684174 0.0064500002190470695 0.034529928117990494
v 0.049560658633708954 0.006899999920278788 0.034439340233802795
v 0.05000000074505806 0.006899999920278788 0.03550000116229057
v 0.049550000578165054 0.0064500002190470695 0.03550000116229057
v 0.049470074474811554 0.0064500002190470695 0.035098183900117874
v 0.0498858205974102 0.006899999920278788 0.034925974905490875
v -0.040907539427280426 -0.0064500002190470695 0.03624246269464493
v -0.0406799279153347 -0.0064500002190470695 0.035098183900117874
v -0.040907539427280426 -0.0064500002190470695 0.03475753962993622
v -0.04124818369746208 -0.0064500002190470695 0.034529928117990494
v -0.04205181822180748 -0.0064500002190470695 0.034529928117990494
v -0.0406000018119812 -0.0064500002190470695 0.03550000116229057
v -0.0406799279153347 -0.0064500002190470695 0.03590181842446327
v -0.042392462491989136 -0.0064500002190470695 0.03624246269464493
v -0.04124818369746208 -0.0064500002190470695 0.03647007420659065
v -0.04165000095963478 -0.0064500002190470695 0.034449998289346695
v -0.042392462491989136 -0.0064500002190470695 0.03475753962993622
v -0.04262007400393486 -0.0064500002190470695 0.035098183900117874
v -0.04270000010728836 -0.0064500002190470695 0.03550000116229057
v -0.04262007400393486 -0.0064500002190470695 0.03590181842446327
v -0.04205181822180748 -0.0064500002190470695 0.03647007420659065
v -0.04165000095963478 -0.0064500002190470695 0.03655000030994415
v -0.04165000095963478 -0.0064500002190470695 0.034449998289346695
v -0.04124818369746208 -0.0064500002190470695 0.034529928117990494
v -0.04165000095963478 -0.006899999920278788 0.03400000184774399
v -0.0406799279153347 -0.0064500002190470695 0.035098183900117874
v -0.04026418179273605 -0.006899999920278788 0.034925974905490875
v -0.040907539427280426 -0.0064500002190470695 0.03475753962993622
v -0.04107597470283508 -0.006899999920278788 0.034114181995391846
v -0.0406000018119812 -0.0064500002190470695 0.03550000116229057
v -0.0406799279153347 -0.0064500002190470695 0.03590181842446327
v -0.040150001645088196 -0.006899999920278788 0.03550000116229057
v -0.04107597470283508 -0.006899999920278788 0.0368858203291893
v -0.040907539427280426 -0.0064500002190470695 0.03624246269464493
v -0.04124818369746208 -0.0064500002190470695 0.03647007420659065
v -0.04026418179273605 -0.006899999920278788 0.03607402369379997
v -0.040589340031147 -0.006899999920278788 0.034439340233802795
v -0.040589340031147 -0.006899999920278788 0.03656065836548805
v -0.04165000095963478 -0.006899999920278788 0.03700000047683716
v -0.04205181822180748 -0.0064500002190470695 0.034529928117990494
v -0.04205181822180748 -0.0064500002190470695 0.03647007420659065
v -0.042392462491989136 -0.0064500002190470695 0.03624246269464493
v -0.04271066188812256 -0.006899999920278788 0.03656065836548805
v -0.04165000095963478 -0.0064500002190470695 0.03655000030994415
v -0.04222402349114418 -0.006899999920278788 0.0368858203291893
v -0.04303582012653351 -0.006899999920278788 0.03607402369379997
v -0.04262007400393486 -0.0064500002190470695 0.03590181842446327
v -0.04262007400393486 -0.0064500002190470695 0.035098183900117874
v -0.042392462491989136 -0.0064500002190470695 0.03475753962993622
v -0.04271066188812256 -0.006899999920278788 0.034439340233802795
v -0.043150000274181366 -0.006899999920278788 0.03550000116229057
v -0.04270000010728836 -0.0064500002190470695 0.03550000116229057
v -0.04222402349114418 -0.006899999920278788 0.034114181995391846
v -0.04303582012653351 -0.006899999920278788 0.034925974905490875
v -0.043150000274181366 -0.006899999920278788 0.03550000116229057
v -0.04303582012653351 0.006899999920278788 0.034925974905490875
v -0.043150000274181366 0.006899999920278788 0.03550000116229057
v -0.043137166649103165 0.006899999920278788 0.03569578751921654
v -0.043137166649103165 -0.006899999920278788 0.03569578751921654
v -0.04303582012653351 -0.006899999920278788 0.034925974905490875
v -0.04271066188812256 0.006899999920278788 0.034439340233802795
v -0.04165000095963478 0.006899999920278788 0.03400000184774399
v -0.04222402349114418 0.006899999920278788 0.034114181995391846
v -0.04222402349114418 -0.006899999920278788 0.034114181995391846
v -0.04165000095963478 -0.006899999920278788 0.03400000184774399
v -0.04107597470283508 0.006899999920278788 0.034114181995391846
v -0.04271066188812256 -0.006899999920278788 0.034439340233802795
v -0.040589340031147 -0.006899999920278788 0.034439340233802795
v -0.040589340031147 0.006899999920278788 0.034439340233802795
v -0.04107597470283508 -0.006899999920278788 0.034114181995391846
v -0.04026418179273605 -0.006899999920278788 0.034925974905490875
v -0.04026418179273605 0.006899999920278788 0.034925974905490875
v -0.04303582012653351 -0.006899999920278788 0.03607402369379997
v -0.040150001645088196 0.006899999920278788 0.03550000116229057
v -0.040150001645088196 -0.006899999920278788 0.03550000116229057
v -0.04026418179273605 0.006899999920278788 0.03607402369379997
v -0.04026418179273605 -0.006899999920278788 0.03607402369379997
v -0.040589340031147 -0.006899999920278788 0.03656065836548805
v -0.040589340031147 0.006899999920278788 0.03656065836548805
v -0.04271066188812256 -0.006899999920278788 0.03656065836548805
v -0.04303582012653351 0.006899999920278788 0.03607402369379997
v -0.04271066188812256 0.006899999920278788 0.03656065836548805
v -0.04165000095963478 -0.006899999920278788 0.03700000047683716
v -0.04165000095963478 0.006899999920278788 0.03700000047683716
v -0.04107597470283508 0.006899999920278788 0.0368858203291893
v -0.04107597470283508 -0.006899999920278788 0.0368858203291893
v -0.04222402349114418 -0.006899999920278788 0.0368858203291893
v -0.04222402349114418 0.006899999920278788 0.0368858203291893
v -0.04262007400393486 0.0064500002190470695 0.03590181842446327
v -0.04262007400393486 0.0064500002190470695 0.035098183900117874
v -0.042392462491989136 0.0064500002190470695 0.03475753962993622
v -0.04124818369746208 0.0064500002190470695 0.034529928117990494
v -0.04205181822180748 0.0064500002190470695 0.034529928117990494
v -0.04270000010728836 0.0064500002190470695 0.03550000116229057
v -0.042392462491989136 0.0064500002190470695 0.03624246269464493
v -0.040907539427280426 0.0064500002190470695 0.03475753962993622
v -0.04205181822180748 0.0064500002190470695 0.03647007420659065
v -0.04165000095963478 0.0064500002190470695 0.034449998289346695
v -0.0406799279153347 0.0064500002190470695 0.03590181842446327
v -0.0406799279153347 0.0064500002190470695 0.035098183900117874
v -0.0406000018119812 0.0064500002190470695 0.03550000116229057
v -0.04124818369746208 0.0064500002190470695 0.03647007420659065
v -0.04165000095963478 0.0064500002190470695 0.03655000030994415
v -0.040907539427280426 0.0064500002190470695 0.03624246269464493
v -0.042392462491989136 0.0064500002190470695 0.03475753962993622
v -0.04222402349114418 0.006899999920278788 0.034114181995391846
v -0.04205181822180748 0.0064500002190470695 0.034529928117990494
v -0.04165000095963478 0.006899999920278788 0.03400000184774399
v -0.04165000095963478 0.0064500002190470695 0.034449998289346695
v -0.04303582012653351 0.006899999920278788 0.034925974905490875
v -0.04262007400393486 0.0064500002190470695 0.035098183900117874
v -0.043150000274181366 0.006899999920278788 0.03550000116229057
v -0.04270000010728836 0.0064500002190470695 0.03550000116229057
v -0.043137166649103165 0.006899999920278788 0.03569578751921654
v -0.04303582012653351 0.006899999920278788 0.03607402369379997
v -0.04262007400393486 0.0064500002190470695 0.03590181842446327
v -0.042392462491989136 0.0064500002190470695 0.03624246269464493
v -0.04271066188812256 0.006899999920278788 0.034439340233802795
v -0.04271066188812256 0.006899999920278788 0.03656065836548805
v -0.04222402349114418 0.006899999920278788 0.0368858203291893
v -0.04205181822180748 0.0064500002190470695 0.03647007420659065
v -0.04124818369746208 0.0064500002190470695 0.034529928117990494
v -0.04165000095963478 0.0064500002190470695 0.03655000030994415
v -0.04165000095963478 0.006899999920278788 0.03700000047683716
v -0.040589340031147 0.006899999920278788 0.03656065836548805
v -0.04124818369746208 0.0064500002190470695 0.03647007420659065
v -0.040907539427280426 0.0064500002190470695 0.03624246269464493
v -0.04107597470283508 0.006899999920278788 0.0368858203291893
v -0.04026418179273605 0.006899999920278788 0.03607402369379997
v -0.0406799279153347 0.0064500002190470695 0.03590181842446327
v -0.040907539427280426 0.0064500002190470695 0.03475753962993622
v -0.04107597470283508 0.006899999920278788 0.034114181995391846
v -0.040150001645088196 0.006899999920278788 0.03550000116229057
v -0.0406000018119812 0.0064500002190470695 0.03550000116229057
v -0.04026418179273605 0.006899999920278788 0.034925974905490875
v -0.0406799279153347 0.0064500002190470695 0.035098183900117874
v -0.040589340031147 0.006899999920278788 0.034439340233802795
v -0.031560130417346954 0.010250000283122063 0.021432362496852875
v -0.03280375897884369 0.010250000283122063 0.022947726771235466
v -0.03242259845137596 -0.010250000283122063 0.02241581492125988
v -0.030044766142964363 0.010250000283122063 0.02018873393535614
v -0.031082522124052048 -0.010250000283122063 0.020985031500458717
v -0.033457789570093155 -0.010250000283122063 0.024080542847514153
v -0.03372785821557045 0.010250000283122063 0.024676594883203506
v -0.03448906168341637 0.010250000283122063 0.028503429144620895
v -0.034467652440071106 -0.010250000283122063 0.02784939855337143
v -0.034296914935112 0.010250000283122063 0.026552526280283928
v -0.03414832055568695 -0.010250000283122063 0.0259152390062809
v -0.03440351039171219 -0.010250000283122063 0.029808690771460533
v -0.03440351039171219 0.010250000283122063 0.029808690771460533
v -0.02948906272649765 -0.010250000283122063 0.019843176007270813
v -0.028315898030996323 0.010250000283122063 0.01926463469862938
v -0.024489063769578934 0.010250000283122063 0.018503429368138313
v -0.0264399666339159 0.010250000283122063 0.01869557611644268
v -0.02579432539641857 -0.010250000283122063 0.018588978797197342
v -0.022538160905241966 0.010250000283122063 0.01869557611644268
v -0.02383503131568432 -0.010250000283122063 0.018524840474128723
v -0.021900873631238937 -0.010250000283122063 0.01884417049586773
v -0.020662229508161545 0.010250000283122063 0.01926463469862938
v -0.017417995259165764 0.010250000283122063 0.021432362496852875
v -0.018933361396193504 0.010250000283122063 0.02018873393535614
v -0.01840144954621792 -0.010250000283122063 0.020569896325469017
v -0.01617436669766903 0.010250000283122063 0.022947726771235466
v -0.016970664262771606 -0.010250000283122063 0.02190997079014778
v -0.02006617560982704 -0.010250000283122063 0.019534701481461525
v -0.027703458443284035 -0.010250000283122063 0.01903412863612175
v -0.015828808769583702 -0.010250000283122063 0.02350343018770218
v -0.015250267460942268 0.010250000283122063 0.024676594883203506
v -0.015019762329757214 -0.010250000283122063 0.025289034470915794
v -0.014681210741400719 0.010250000283122063 0.026552526280283928
v -0.034296914935112 0.010250000283122063 0.030454332008957863
v -0.014574614353477955 -0.010250000283122063 0.027198167517781258
v -0.014489063061773777 0.010250000283122063 0.028503429144620895
v -0.014829805120825768 -0.010250000283122063 0.03109161928296089
v -0.015250267460942268 0.010250000283122063 0.032330263406038284
v -0.014681210741400719 0.010250000283122063 0.030454332008957863
v -0.014510474167764187 -0.010250000283122063 0.02915746159851551
v -0.017417995259165764 0.010250000283122063 0.035574495792388916
v -0.01617436669766903 0.010250000283122063 0.034059133380651474
v -0.016555529087781906 -0.010250000283122063 0.03459104523062706
v -0.018933361396193504 0.010250000283122063 0.03681812435388565
v -0.01789560541510582 -0.010250000283122063 0.03602182865142822
v -0.020662229508161545 0.010250000283122063 0.03774222359061241
v -0.019489062950015068 -0.010250000283122063 0.03716368228197098
v -0.015520336106419563 -0.010250000283122063 0.03292631730437279
v -0.031560130417346954 0.010250000283122063 0.035574495792388916
v -0.030044766142964363 0.010250000283122063 0.03681812435388565
v -0.03057667799293995 -0.010250000283122063 0.03643696382641792
v -0.03395836427807808 -0.010250000283122063 0.031717825680971146
v -0.03372785821557045 0.010250000283122063 0.032330263406038284
v -0.033149316906929016 -0.010250000283122063 0.03350342810153961
v -0.03280375897884369 0.010250000283122063 0.034059133380651474
v -0.023183802142739296 -0.010250000283122063 0.03841787949204445
v -0.024489063769578934 0.010250000283122063 0.03850343078374863
v -0.022538160905241966 0.010250000283122063 0.03831128403544426
v -0.028315898030996323 0.010250000283122063 0.03774222359061241
v -0.028911950066685677 -0.010250000283122063 0.037472158670425415
v -0.03200745955109596 -0.010250000283122063 0.03509688749909401
v -0.021274669095873833 -0.010250000283122063 0.03797272965312004
v -0.0251430943608284 -0.010250000283122063 0.03848201781511307
v -0.02707725390791893 -0.010250000283122063 0.03816268593072891
v -0.0264399666339159 0.010250000283122063 0.03831128403544426
v -0.015250267460942268 0.010250000283122063 0.032330263406038284
v -0.01617436669766903 0.010250000283122063 0.034059133380651474
v -0.014681210741400719 0.010250000283122063 0.030454332008957863
v -0.020662229508161545 0.010250000283122063 0.03774222359061241
v -0.014489063061773777 0.010250000283122063 0.028503429144620895
v -0.01617436669766903 0.010250000283122063 0.022947726771235466
v -0.017417995259165764 0.010250000283122063 0.035574495792388916
v -0.018933361396193504 0.010250000283122063 0.03681812435388565
v -0.031560130417346954 0.010250000283122063 0.021432362496852875
v -0.022538160905241966 0.010250000283122063 0.01869557611644268
v -0.015250267460942268 0.010250000283122063 0.024676594883203506
v -0.014681210741400719 0.010250000283122063 0.026552526280283928
v -0.018933361396193504 0.010250000283122063 0.02018873393535614
v -0.017417995259165764 0.010250000283122063 0.021432362496852875
v -0.020662229508161545 0.010250000283122063 0.01926463469862938
v -0.0264399666339159 0.010250000283122063 0.01869557611644268
v -0.024489063769578934 0.010250000283122063 0.018503429368138313
v -0.022538160905241966 0.010250000283122063 0.03831128403544426
v -0.028315898030996323 0.010250000283122063 0.03774222359061241
v -0.024489063769578934 0.010250000283122063 0.03850343078374863
v -0.0264399666339159 0.010250000283122063 0.03831128403544426
v -0.030044766142964363 0.010250000283122063 0.03681812435388565
v -0.031560130417346954 0.010250000283122063 0.035574495792388916
v -0.03280375897884369 0.010250000283122063 0.034059133380651474
v -0.03372785821557045 0.010250000283122063 0.032330263406038284
v -0.03440351039171219 0.010250000283122063 0.029808690771460533
v -0.034296914935112 0.010250000283122063 0.030454332008957863
v -0.030044766142964363 0.010250000283122063 0.02018873393535614
v -0.028315898030996323 0.010250000283122063 0.01926463469862938
v -0.03448906168341637 0.010250000283122063 0.028503429144620895
v -0.034296914935112 0.010250000283122063 0.026552526280283928
v -0.03372785821557045 0.010250000283122063 0.024676594883203506
v -0.03280375897884369 0.010250000283122063 0.022947726771235466
v -0.015828808769583702 -0.010250000283122063 0.02350343018770218
v -0.016970664262771606 -0.010250000283122063 0.02190997079014778
v -0.015019762329757214 -0.010250000283122063 0.025289034470915794
v -0.014510474167764187 -0.010250000283122063 0.02915746159851551
v -0.014574614353477955 -0.010250000283122063 0.027198167517781258
v -0.01840144954621792 -0.010250000283122063 0.020569896325469017
v -0.021900873631238937 -0.010250000283122063 0.01884417049586773
v -0.02383503131568432 -0.010250000283122063 0.018524840474128723
v -0.02006617560982704 -0.010250000283122063 0.019534701481461525
v -0.014829805120825768 -0.010250000283122063 0.03109161928296089
v -0.033149316906929016 -0.010250000283122063 0.03350342810153961
v -0.019489062950015068 -0.010250000283122063 0.03716368228197098
v -0.016555529087781906 -0.010250000283122063 0.03459104523062706
v -0.01789560541510582 -0.010250000283122063 0.03602182865142822
v -0.015520336106419563 -0.010250000283122063 0.03292631730437279
v -0.02707725390791893 -0.010250000283122063 0.03816268593072891
v -0.023183802142739296 -0.010250000283122063 0.03841787949204445
v -0.021274669095873833 -0.010250000283122063 0.03797272965312004
v -0.027703458443284035 -0.010250000283122063 0.01903412863612175
v -0.02948906272649765 -0.010250000283122063 0.019843176007270813
v -0.031082522124052048 -0.010250000283122063 0.020985031500458717
v -0.03242259845137596 -0.010250000283122063 0.02241581492125988
v -0.033457789570093155 -0.010250000283122063 0.024080542847514153
v -0.034467652440071106 -0.010250000283122063 0.02784939855337143
v -0.03414832055568695 -0.010250000283122063 0.0259152390062809
v -0.03057667799293995 -0.010250000283122063 0.03643696382641792
v -0.028911950066685677 -0.010250000283122063 0.037472158670425415
v -0.0251430943608284 -0.010250000283122063 0.03848201781511307
v -0.03440351039171219 -0.010250000283122063 0.029808690771460533
v -0.03395836427807808 -0.010250000283122063 0.031717825680971146
v -0.03200745955109596 -0.010250000283122063 0.03509688749909401
v -0.02579432539641857 -0.010250000283122063 0.018588978797197342
v 0.04447006806731224 -0.0064500002190470695 -0.0019018176244571805
v 0.04424246400594711 -0.0064500002190470695 -0.002242462011054158
v 0.04390181601047516 -0.0064500002190470695 -0.0024700735229998827
v 0.04424246400594711 -0.0064500002190470695 -0.000757537898607552
v 0.042757537215948105 -0.0064500002190470695 -0.000757537898607552
v 0.04390181601047516 -0.0064500002190470695 -0.0005299265030771494
v 0.04455000162124634 -0.0064500002190470695 -0.001500000013038516
v 0.04447006806731224 -0.0064500002190470695 -0.0010981824016198516
v 0.04349999874830246 -0.0064500002190470695 -0.0025500000920146704
v 0.04309818148612976 -0.0064500002190470695 -0.0024700735229998827
v 0.042757537215948105 -0.0064500002190470695 -0.002242462011054158
v 0.04252992570400238 -0.0064500002190470695 -0.0019018176244571805
v 0.04252992570400238 -0.0064500002190470695 -0.0010981824016198516
v 0.04244999960064888 -0.0064500002190470695 -0.001500000013038516
v 0.04309818148612976 -0.0064500002190470695 -0.0005299265030771494
v 0.04349999874830246 -0.0064500002190470695 -0.00044999999227002263
v 0.04349999874830246 -0.006899999920278788 -0.003000000026077032
v 0.04349999874830246 -0.0064500002190470695 -0.0025500000920146704
v 0.04390181601047516 -0.0064500002190470695 -0.0024700735229998827
v 0.04407402500510216 -0.006899999920278788 -0.002885819412767887
v 0.04424246400594711 -0.0064500002190470695 -0.002242462011054158
v 0.04456065967679024 -0.006899999920278788 -0.0025606604758650064
v 0.04447006806731224 -0.0064500002190470695 -0.0019018176244571805
v 0.04447006806731224 -0.0064500002190470695 -0.0010981824016198516
v 0.04424246400594711 -0.0064500002190470695 -0.000757537898607552
v 0.04456065967679024 -0.006899999920278788 -0.0004393398412503302
v 0.04455000162124634 -0.0064500002190470695 -0.001500000013038516
v 0.04500000178813934 -0.006899999920278788 -0.001500000013038516
v 0.04390181601047516 -0.0064500002190470695 -0.0005299265030771494
v 0.04407402500510216 -0.006899999920278788 -0.00011418070062063634
v 0.04488581791520119 -0.006899999920278788 -0.0020740251056849957
v 0.04488581791520119 -0.006899999920278788 -0.0009259748621843755
v 0.04349999874830246 -0.006899999920278788 1.6399500182997075e-15
v 0.04309818148612976 -0.0064500002190470695 -0.0024700735229998827
v 0.04243934154510498 -0.006899999920278788 -0.0004393398412503302
v 0.042757537215948105 -0.0064500002190470695 -0.000757537898607552
v 0.04252992570400238 -0.0064500002190470695 -0.0010981824016198516
v 0.04309818148612976 -0.0064500002190470695 -0.0005299265030771494
v 0.04349999874830246 -0.0064500002190470695 -0.00044999999227002263
v 0.04292597621679306 -0.006899999920278788 -0.00011418070062063634
v 0.042757537215948105 -0.0064500002190470695 -0.002242462011054158
v 0.04292597621679306 -0.006899999920278788 -0.002885819412767887
v 0.04244999960064888 -0.0064500002190470695 -0.001500000013038516
v 0.04252992570400238 -0.0064500002190470695 -0.0019018176244571805
v 0.042114175856113434 -0.006899999920278788 -0.0020740251056849957
v 0.04243934154510498 -0.006899999920278788 -0.0025606604758650064
v 0.042114175856113434 -0.006899999920278788 -0.0009259748621843755
v 0.041999999433755875 -0.006899999920278788 -0.001500000013038516
v 0.04243934154510498 0.006899999920278788 -0.0025606604758650064
v 0.042114175856113434 0.006899999920278788 -0.0020740251056849957
v 0.042114175856113434 -0.006899999920278788 -0.0020740251056849957
v 0.042012833058834076 -0.006899999920278788 -0.001304210745729506
v 0.041999999433755875 0.006899999920278788 -0.001500000013038516
v 0.042012833058834076 0.006899999920278788 -0.001304210745729506
v 0.041999999433755875 -0.006899999920278788 -0.001500000013038516
v 0.04349999874830246 0.006899999920278788 -0.003000000026077032
v 0.04292597621679306 0.006899999920278788 -0.002885819412767887
v 0.04292597621679306 -0.006899999920278788 -0.002885819412767887
v 0.04407402500510216 -0.006899999920278788 -0.002885819412767887
v 0.04407402500510216 0.006899999920278788 -0.002885819412767887
v 0.04243934154510498 -0.006899999920278788 -0.0025606604758650064
v 0.04456065967679024 0.006899999920278788 -0.0025606604758650064
v 0.04456065967679024 -0.006899999920278788 -0.0025606604758650064
v 0.04349999874830246 -0.006899999920278788 -0.003000000026077032
v 0.04488581791520119 -0.006899999920278788 -0.0020740251056849957
v 0.04488581791520119 0.006899999920278788 -0.0020740251056849957
v 0.042114175856113434 -0.006899999920278788 -0.0009259748621843755
v 0.04500000178813934 -0.006899999920278788 -0.001500000013038516
v 0.04500000178813934 0.006899999920278788 -0.001500000013038516
v 0.04488581791520119 -0.006899999920278788 -0.0009259748621843755
v 0.04488581791520119 0.006899999920278788 -0.0009259748621843755
v 0.04456065967679024 -0.006899999920278788 -0.0004393398412503302
v 0.04456065967679024 0.006899999920278788 -0.0004393398412503302
v 0.04243934154510498 -0.006899999920278788 -0.0004393398412503302
v 0.042114175856113434 0.006899999920278788 -0.0009259748621843755
v 0.04243934154510498 0.006899999920278788 -0.0004393398412503302
v 0.04407402500510216 -0.006899999920278788 -0.00011418070062063634
v 0.04349999874830246 0.006899999920278788 2.1013260853422667e-16
v 0.04407402500510216 0.006899999920278788 -0.00011418070062063634
v 0.04292597621679306 -0.006899999920278788 -0.00011418070062063634
v 0.04349999874830246 -0.006899999920278788 1.6399500182997075e-15
v 0.04292597621679306 0.006899999920278788 -0.00011418070062063634
v 0.04252992570400238 0.0064500002190470695 -0.0010981824016198516
v 0.04252992570400238 0.0064500002190470695 -0.0019018176244571805
v 0.042757537215948105 0.0064500002190470695 -0.002242462011054158
v 0.04309818148612976 0.0064500002190470695 -0.0005299265030771494
v 0.04309818148612976 0.0064500002190470695 -0.0024700735229998827
v 0.04390181601047516 0.0064500002190470695 -0.0024700735229998827
v 0.04244999960064888 0.0064500002190470695 -0.001500000013038516
v 0.042757537215948105 0.0064500002190470695 -0.000757537898607552
v 0.04349999874830246 0.0064500002190470695 -0.0025500000920146704
v 0.04424246400594711 0.0064500002190470695 -0.000757537898607552
v 0.04424246400594711 0.0064500002190470695 -0.002242462011054158
v 0.04447006806731224 0.0064500002190470695 -0.0019018176244571805
v 0.04447006806731224 0.0064500002190470695 -0.0010981824016198516
v 0.04455000162124634 0.0064500002190470695 -0.001500000013038516
v 0.04390181601047516 0.0064500002190470695 -0.0005299265030771494
v 0.04349999874830246 0.0064500002190470695 -0.00044999999227002263
v 0.04309818148612976 0.0064500002190470695 -0.0024700735229998827
v 0.042757537215948105 0.0064500002190470695 -0.002242462011054158
v 0.04292597621679306 0.006899999920278788 -0.002885819412767887
v 0.04349999874830246 0.006899999920278788 -0.003000000026077032
v 0.04349999874830246 0.0064500002190470695 -0.0025500000920146704
v 0.04243934154510498 0.006899999920278788 -0.0025606604758650064
v 0.041999999433755875 0.006899999920278788 -0.001500000013038516
v 0.04252992570400238 0.0064500002190470695 -0.0019018176244571805
v 0.04244999960064888 0.0064500002190470695 -0.001500000013038516
v 0.04252992570400238 0.0064500002190470695 -0.0010981824016198516
v 0.042012833058834076 0.006899999920278788 -0.001304210745729506
v 0.042114175856113434 0.006899999920278788 -0.0020740251056849957
v 0.04243934154510498 0.006899999920278788 -0.0004393398412503302
v 0.042757537215948105 0.0064500002190470695 -0.000757537898607552
v 0.042114175856113434 0.006899999920278788 -0.0009259748621843755
v 0.04292597621679306 0.006899999920278788 -0.00011418070062063634
v 0.04309818148612976 0.0064500002190470695 -0.0005299265030771494
v 0.04390181601047516 0.0064500002190470695 -0.0024700735229998827
v 0.04349999874830246 0.006899999920278788 2.1013260853422667e-16
v 0.04349999874830246 0.0064500002190470695 -0.00044999999227002263
v 0.04456065967679024 0.006899999920278788 -0.0004393398412503302
v 0.04390181601047516 0.0064500002190470695 -0.0005299265030771494
v 0.04424246400594711 0.0064500002190470695 -0.000757537898607552
v 0.04407402500510216 0.006899999920278788 -0.00011418070062063634
v 0.04447006806731224 0.0064500002190470695 -0.0019018176244571805
v 0.04424246400594711 0.0064500002190470695 -0.002242462011054158
v 0.04456065967679024 0.006899999920278788 -0.0025606604758650064
v 0.04407402500510216 0.006899999920278788 -0.002885819412767887
v 0.04447006806731224 0.0064500002190470695 -0.0010981824016198516
v 0.04488581791520119 0.006899999920278788 -0.0009259748621843755
v 0.04455000162124634 0.0064500002190470695 -0.001500000013038516
v 0.04500000178813934 0.006899999920278788 -0.001500000013038516
v 0.04488581791520119 0.006899999920278788 -0.0020740251056849957
v -0.0035000001080334187 0.010250000283122063 -2.4836678572694668e-17
v -0.0033807402942329645 -0.010250000283122063 -0.0009058666764758527
v -0.0032335782889276743 0.010250000283122063 -0.0013393920380622149
v -0.0034700569231063128 0.010250000283122063 0.0004568416334223002
v -0.0034700569231063128 -0.010250000283122063 0.0004568416334223002
v -0.0024748737923800945 0.010250000283122063 -0.0024748737923800945
v -0.0027767366264015436 -0.010250000283122063 -0.0021306651178747416
v -8.57252763722393e-19 0.010250000283122063 -0.0035000001080334187
v -0.0013393920380622149 0.010250000283122063 -0.0032335782889276743
v -0.0004568416334223002 -0.010250000283122063 -0.0034700569231063128
v 0.0013393920380622149 0.010250000283122063 -0.0032335782889276743
v 0.0009058666764758527 -0.010250000283122063 -0.0033807402942329645
v -0.0017500000540167093 -0.010250000283122063 -0.0030310889706015587
v 0.0021306651178747416 -0.010250000283122063 -0.0027767366264015436
v 0.0024748737923800945 0.010250000283122063 -0.0024748737923800945
v 0.0030310889706015587 -0.010250000283122063 -0.0017500000540167093
v 0.0032335782889276743 0.010250000283122063 -0.0013393920380622149
v -0.0032335782889276743 0.010250000283122063 0.0013393920380622149
v 0.0034700569231063128 -0.010250000283122063 -0.0004568416334223002
v 0.0035000001080334187 0.010250000283122063 -2.569393050923645e-17
v 0.0033807402942329645 -0.010250000283122063 0.0009058666764758527
v 0.0032335782889276743 0.010250000283122063 0.0013393920380622149
v 0.0024748737923800945 0.010250000283122063 0.0024748737923800945
v 0.0027767366264015436 -0.010250000283122063 0.0021306651178747416
v -0.0030310889706015587 -0.010250000283122063 0.0017500000540167093
v -0.0024748737923800945 0.010250000283122063 0.0024748737923800945
v -0.0013393920380622149 0.010250000283122063 0.0032335782889276743
v -0.0021306651178747416 -0.010250000283122063 0.0027767366264015436
v 0.0017500000540167093 -0.010250000283122063 0.0030310889706015587
v 0.0013393920380622149 0.010250000283122063 0.0032335782889276743
v -0.0009058666764758527 -0.010250000283122063 0.0033807402942329645
v 4.286263818611965e-19 0.010250000283122063 0.0035000001080334187
v 0.0004568416334223002 -0.010250000283122063 0.0034700569231063128
v 0.0027716385666280985 -0.010250000283122063 -0.001148050301708281
v 0.0030310889706015587 -0.010250000283122063 -0.0017500000540167093
v 0.00212132022716105 -0.010250000283122063 -0.00212132022716105
v 0.003000000026077032 -0.010250000283122063 -4.554450248862376e-18
v 0.0034700569231063128 -0.010250000283122063 -0.0004568416334223002
v 0.0021306651178747416 -0.010250000283122063 -0.0027767366264015436
v 0.0009058666764758527 -0.010250000283122063 -0.0033807402942329645
v 2.112923480130699e-18 -0.010250000283122063 -0.003000000026077032
v 0.001148050301708281 -0.010250000283122063 -0.0027716385666280985
v -0.0004568416334223002 -0.010250000283122063 -0.0034700569231063128
v 0.0033807402942329645 -0.010250000283122063 0.0009058666764758527
v 0.0027716385666280985 -0.010250000283122063 0.001148050301708281
v 0.0027767366264015436 -0.010250000283122063 0.0021306651178747416
v 0.00212132022716105 -0.010250000283122063 0.00212132022716105
v 0.001148050301708281 -0.010250000283122063 0.0027716385666280985
v 0.0017500000540167093 -0.010250000283122063 0.0030310889706015587
v 0.0004568416334223002 -0.010250000283122063 0.0034700569231063128
v 1.0107413996580123e-18 -0.010250000283122063 0.003000000026077032
v -0.0017500000540167093 -0.010250000283122063 -0.0030310889706015587
v -0.001148050301708281 -0.010250000283122063 -0.0027716385666280985
v -0.00212132022716105 -0.010250000283122063 -0.00212132022716105
v -0.0027767366264015436 -0.010250000283122063 -0.0021306651178747416
v -0.0027716385666280985 -0.010250000283122063 -0.001148050301708281
v -0.0033807402942329645 -0.010250000283122063 -0.0009058666764758527
v -0.003000000026077032 -0.010250000283122063 -5.289238509305987e-18
v -0.0034700569231063128 -0.010250000283122063 0.0004568416334223002
v -0.0009058666764758527 -0.010250000283122063 0.0033807402942329645
v -0.001148050301708281 -0.010250000283122063 0.0027716385666280985
v -0.0021306651178747416 -0.010250000283122063 0.0027767366264015436
v -0.00212132022716105 -0.010250000283122063 0.00212132022716105
v -0.0027716385666280985 -0.010250000283122063 0.001148050301708281
v -0.0030310889706015587 -0.010250000283122063 0.0017500000540167093
v -0.001658282009884715 -0.010250000283122063 0.0025000202003866434
v -0.001148050301708281 -0.010250000283122063 0.0027716385666280985
v -0.001658282009884715 0.010250000283122063 0.0025000202003866434
v 1.0107413996580123e-18 -0.010250000283122063 0.003000000026077032
v 0.001148050301708281 -0.010250000283122063 0.0027716385666280985
v 5.1176632177251356e-17 0.010250000283122063 0.003000000026077032
v -0.001148050301708281 0.010250000283122063 0.0027716385666280985
v 0.00212132022716105 -0.010250000283122063 0.00212132022716105
v 0.0027716385666280985 -0.010250000283122063 0.001148050301708281
v 0.0027716385666280985 0.010250000283122063 0.001148050301708281
v 0.003000000026077032 -0.010250000283122063 -4.554450248862376e-18
v 0.0027716385666280985 -0.010250000283122063 -0.001148050301708281
v 0.0027716385666280985 0.010250000283122063 -0.001148050301708281
v 0.003000000026077032 0.010250000283122063 2.421169564343533e-16
v 0.00212132022716105 0.010250000283122063 0.00212132022716105
v 0.001148050301708281 0.010250000283122063 0.0027716385666280985
v 0.00212132022716105 0.010250000283122063 -0.00212132022716105
v 0.00212132022716105 -0.010250000283122063 -0.00212132022716105
v -0.00212132022716105 0.010250000283122063 0.00212132022716105
v 0.001148050301708281 -0.010250000283122063 -0.0027716385666280985
v 0.001148050301708281 0.010250000283122063 -0.0027716385666280985
v 2.112923480130699e-18 -0.010250000283122063 -0.003000000026077032
v -0.001148050301708281 -0.010250000283122063 -0.0027716385666280985
v -0.001148050301708281 0.010250000283122063 -0.0027716385666280985
v 4.5778904794705977e-17 0.010250000283122063 -0.003000000026077032
v -0.00212132022716105 -0.010250000283122063 -0.00212132022716105
v -0.0027716385666280985 -0.010250000283122063 -0.001148050301708281
v -0.00212132022716105 0.010250000283122063 -0.00212132022716105
v -0.003000000026077032 -0.010250000283122063 -5.289238509305987e-18
v -0.0027716385666280985 -0.010250000283122063 0.001148050301708281
v -0.003000000026077032 0.010250000283122063 2.4714729981963935e-16
v -0.0027716385666280985 0.010250000283122063 -0.001148050301708281
v -0.0027716385666280985 0.010250000283122063 0.001148050301708281
v -0.00212132022716105 -0.010250000283122063 0.00212132022716105
v 0.0032335782889276743 0.010250000283122063 0.0013393920380622149
v 0.0024748737923800945 0.010250000283122063 0.0024748737923800945
v 0.0027716385666280985 0.010250000283122063 0.001148050301708281
v 0.003000000026077032 0.010250000283122063 2.421169564343533e-16
v 0.00212132022716105 0.010250000283122063 0.00212132022716105
v 0.0035000001080334187 0.010250000283122063 -2.569393050923645e-17
v 0.001148050301708281 0.010250000283122063 0.0027716385666280985
v 4.286263818611965e-19 0.010250000283122063 0.0035000001080334187
v 5.1176632177251356e-17 0.010250000283122063 0.003000000026077032
v 0.0013393920380622149 0.010250000283122063 0.0032335782889276743
v 0.0027716385666280985 0.010250000283122063 -0.001148050301708281
v 0.0032335782889276743 0.010250000283122063 -0.0013393920380622149
v 0.00212132022716105 0.010250000283122063 -0.00212132022716105
v 0.0024748737923800945 0.010250000283122063 -0.0024748737923800945
v 0.001148050301708281 0.010250000283122063 -0.0027716385666280985
v 0.0013393920380622149 0.010250000283122063 -0.0032335782889276743
v 4.5778904794705977e-17 0.010250000283122063 -0.003000000026077032
v 3.3119762572412397e-31 0.010250000283122063 -0.0035000001080334187
v -0.0013393920380622149 0.010250000283122063 -0.0032335782889276743
v -0.0013393920380622149 0.010250000283122063 0.0032335782889276743
v -0.001148050301708281 0.010250000283122063 0.0027716385666280985
v -0.001658282009884715 0.010250000283122063 0.0025000202003866434
v -0.0024748737923800945 0.010250000283122063 0.0024748737923800945
v -0.00212132022716105 0.010250000283122063 0.00212132022716105
v -0.0027716385666280985 0.010250000283122063 0.001148050301708281
v -0.0032335782889276743 0.010250000283122063 0.0013393920380622149
v -0.0034700569231063128 0.010250000283122063 0.0004568416334223002
v -0.00212132022716105 0.010250000283122063 -0.00212132022716105
v -0.0024748737923800945 0.010250000283122063 -0.0024748737923800945
v -0.001148050301708281 0.010250000283122063 -0.0027716385666280985
v -0.0032335782889276743 0.010250000283122063 -0.0013393920380622149
v -0.003000000026077032 0.010250000283122063 2.4788207443160286e-16
v -0.0035000001080334187 0.010250000283122063 -2.4836678572694668e-17
v -0.0027716385666280985 0.010250000283122063 -0.001148050301708281
v 0.1935427486896515 0.014750000089406967 0.008438902907073498
v 0.1935427486896515 0.010350000113248825 0.008438902907073498
v 0.193669855594635 0.010350000113248825 0.009077929891645908
v 0.19263902306556702 0.014750000089406967 0.0075351824052631855
v 0.19263902306556702 0.010350000113248825 0.0075351824052631855
v 0.19318076968193054 0.010350000113248825 0.00789716187864542
v 0.19318076968193054 0.014750000089406967 0.00789716187864542
v 0.1913609802722931 0.014750000089406967 0.0075351824052631855
v 0.1913609802722931 0.010350000113248825 0.0075351824052631855
v 0.19200000166893005 0.010350000113248825 0.007408072240650654
v 0.19045725464820862 0.014750000089406967 0.008438902907073498
v 0.19045725464820862 0.010350000113248825 0.008438902907073498
v 0.19081923365592957 0.010350000113248825 0.00789716187864542
v 0.19081923365592957 0.014750000089406967 0.00789716187864542
v 0.19200000166893005 0.014750000089406967 0.007408072240650654
v 0.193669855594635 0.014750000089406967 0.009077929891645908
v 0.1903301477432251 0.014750000089406967 0.009077929891645908
v 0.1935427486896515 0.010350000113248825 0.009716956876218319
v 0.19045725464820862 0.014750000089406967 0.009716956876218319
v 0.19045725464820862 0.010350000113248825 0.009716956876218319
v 0.1903301477432251 0.010350000113248825 0.009077929891645908
v 0.1913609802722931 0.014750000089406967 0.010620677843689919
v 0.1913609802722931 0.010350000113248825 0.010620677843689919
v 0.19081923365592957 0.010350000113248825 0.010258697904646397
v 0.19081923365592957 0.014750000089406967 0.010258697904646397
v 0.19200000166893005 0.014750000089406967 0.010747788473963737
v 0.19263902306556702 0.010350000113248825 0.010620677843689919
v 0.19200000166893005 0.010350000113248825 0.010747788473963737
v 0.1935427486896515 0.014750000089406967 0.009716956876218319
v 0.19318076968193054 0.010350000113248825 0.010258697904646397
v 0.19318076968193054 0.014750000089406967 0.010258697904646397
v 0.19263902306556702 0.014750000089406967 0.010620677843689919
v 0.19200000166893005 0.014580141752958298 0.007577930111438036
v 0.19142597913742065 0.014580141752958298 0.007692110724747181
v 0.19200000166893005 0.014750000089406967 0.007408072240650654
v 0.19045725464820862 0.014750000089406967 0.008438902907073498
v 0.19093933701515198 0.014580141752958298 0.008017269894480705
v 0.19061417877674103 0.014580141752958298 0.008503904566168785
v 0.19081923365592957 0.014750000089406967 0.00789716187864542
v 0.19061417877674103 0.014580141752958298 0.009651955217123032
v 0.1903301477432251 0.014750000089406967 0.009077929891645908
v 0.19050000607967377 0.014580141752958298 0.009077929891645908
v 0.19142597913742065 0.014580141752958298 0.010463749058544636
v 0.1913609802722931 0.014750000089406967 0.010620677843689919
v 0.19093933701515198 0.014580141752958298 0.010138589888811111
v 0.19081923365592957 0.014750000089406967 0.010258697904646397
v 0.1913609802722931 0.014750000089406967 0.0075351824052631855
v 0.19045725464820862 0.014750000089406967 0.009716956876218319
v 0.19200000166893005 0.014750000089406967 0.010747788473963737
v 0.19257402420043945 0.014580141752958298 0.007692110724747181
v 0.19200000166893005 0.014580141752958298 0.010577930137515068
v 0.19257402420043945 0.014580141752958298 0.010463749058544636
v 0.19306066632270813 0.014580141752958298 0.010138589888811111
v 0.19338582456111908 0.014580141752958298 0.009651955217123032
v 0.1935427486896515 0.014750000089406967 0.009716956876218319
v 0.19318076968193054 0.014750000089406967 0.010258697904646397
v 0.193669855594635 0.014750000089406967 0.009077929891645908
v 0.19349999725818634 0.014580141752958298 0.009077929891645908
v 0.19338582456111908 0.014580141752958298 0.008503904566168785
v 0.19263902306556702 0.014750000089406967 0.0075351824052631855
v 0.19306066632270813 0.014580141752958298 0.008017269894480705
v 0.19318076968193054 0.014750000089406967 0.00789716187864542
v 0.19263902306556702 0.014750000089406967 0.010620677843689919
v 0.1935427486896515 0.014750000089406967 0.008438902907073498
v 0.19200000166893005 0.014580141752958298 0.010577930137515068
v 0.19142597913742065 0.014580141752958298 0.010463749058544636
v 0.19200000166893005 0.010350000113248825 0.010577930137515068
v 0.19093933701515198 0.014580141752958298 0.010138589888811111
v 0.19061417877674103 0.014580141752958298 0.009651955217123032
v 0.19093933701515198 0.010350000113248825 0.010138589888811111
v 0.19142597913742065 0.010350000113248825 0.010463749058544636
v 0.19061417877674103 0.014580141752958298 0.008503904566168785
v 0.19093933701515198 0.014580141752958298 0.008017269894480705
v 0.19093933701515198 0.010350000113248825 0.008017269894480705
v 0.19142597913742065 0.014580141752958298 0.007692110724747181
v 0.19142597913742065 0.010350000113248825 0.007692110724747181
v 0.19050000607967377 0.014580141752958298 0.009077929891645908
v 0.19061417877674103 0.010350000113248825 0.008503904566168785
v 0.19050000607967377 0.010350000113248825 0.009077929891645908
v 0.19061417877674103 0.010350000113248825 0.009651955217123032
v 0.19200000166893005 0.010350000113248825 0.007577930111438036
v 0.19257402420043945 0.010350000113248825 0.010463749058544636
v 0.19257402420043945 0.010350000113248825 0.007692110724747181
v 0.19200000166893005 0.014580141752958298 0.007577930111438036
v 0.19257402420043945 0.014580141752958298 0.007692110724747181
v 0.19306066632270813 0.014580141752958298 0.008017269894480705
v 0.19338582456111908 0.014580141752958298 0.008503904566168785
v 0.19338582456111908 0.010350000113248825 0.008503904566168785
v 0.19306066632270813 0.010350000113248825 0.008017269894480705
v 0.19349999725818634 0.014580141752958298 0.009077929891645908
v 0.19338582456111908 0.014580141752958298 0.009651955217123032
v 0.19338582456111908 0.010350000113248825 0.009651955217123032
v 0.19306066632270813 0.014580141752958298 0.010138589888811111
v 0.19257402420043945 0.014580141752958298 0.010463749058544636
v 0.19306066632270813 0.010350000113248825 0.010138589888811111
v 0.19349999725818634 0.010350000113248825 0.009077929891645908
v 0.19318076968193054 0.010350000113248825 0.00789716187864542
v 0.19306066632270813 0.010350000113248825 0.008017269894480705
v 0.1935427486896515 0.010350000113248825 0.008438902907073498
v 0.19257402420043945 0.010350000113248825 0.007692110724747181
v 0.19338582456111908 0.010350000113248825 0.008503904566168785
v 0.193669855594635 0.010350000113248825 0.009077929891645908
v 0.19263902306556702 0.010350000113248825 0.0075351824052631855
v 0.19200000166893005 0.010350000113248825 0.007408072240650654
v 0.19200000166893005 0.010350000113248825 0.007577930111438036
v 0.19142597913742065 0.010350000113248825 0.007692110724747181
v 0.19349999725818634 0.010350000113248825 0.009077929891645908
v 0.19338582456111908 0.010350000113248825 0.009651955217123032
v 0.1935427486896515 0.010350000113248825 0.009716956876218319
v 0.19306066632270813 0.010350000113248825 0.010138589888811111
v 0.19318076968193054 0.010350000113248825 0.010258697904646397
v 0.19257402420043945 0.010350000113248825 0.010463749058544636
v 0.19263902306556702 0.010350000113248825 0.010620677843689919
v 0.19200000166893005 0.010350000113248825 0.010747788473963737
v 0.1913609802722931 0.010350000113248825 0.0075351824052631855
v 0.19081923365592957 0.010350000113248825 0.00789716187864542
v 0.19093933701515198 0.010350000113248825 0.008017269894480705
v 0.19045725464820862 0.010350000113248825 0.008438902907073498
v 0.19061417877674103 0.010350000113248825 0.008503904566168785
v 0.19050000607967377 0.010350000113248825 0.009077929891645908
v 0.1903301477432251 0.010350000113248825 0.009077929891645908
v 0.19061417877674103 0.010350000113248825 0.009651955217123032
v 0.19200000166893005 0.010350000113248825 0.010577930137515068
v 0.19142597913742065 0.010350000113248825 0.010463749058544636
v 0.1913609802722931 0.010350000113248825 0.010620677843689919
v 0.19081923365592957 0.010350000113248825 0.010258697904646397
v 0.19045725464820862 0.010350000113248825 0.009716956876218319
v 0.19093933701515198 0.010350000113248825 0.010138589888811111
v 0.1916598528623581 0.010350000113248825 -0.004504954442381859
v 0.19177579879760742 0.010350000113248825 -0.003922069910913706
v 0.19177579879760742 0.014750000089406967 -0.003922069910913706
v 0.1916598528623581 0.014750000089406967 -0.004504954442381859
v 0.19132967293262482 0.010350000113248825 -0.004999099764972925
v 0.19132967293262482 0.014750000089406967 -0.004999099764972925
v 0.19083553552627563 0.010350000113248825 -0.005329277366399765
v 0.18966975808143616 0.014750000089406967 -0.005329277366399765
v 0.18917562067508698 0.010350000113248825 -0.004999099764972925
v 0.18966975808143616 0.010350000113248825 -0.005329277366399765
v 0.1902526468038559 0.010350000113248825 -0.00544522050768137
v 0.18917562067508698 0.014750000089406967 -0.004999099764972925
v 0.1888454407453537 0.010350000113248825 -0.004504954442381859
v 0.1902526468038559 0.014750000089406967 -0.00544522050768137
v 0.19083553552627563 0.014750000089406967 -0.005329277366399765
v 0.1888454407453537 0.014750000089406967 -0.004504954442381859
v 0.18872949481010437 0.010350000113248825 -0.003922069910913706
v 0.1916598528623581 0.014750000089406967 -0.003339185379445553
v 0.18872949481010437 0.014750000089406967 -0.003922069910913706
v 0.1888454407453537 0.010350000113248825 -0.003339185379445553
v 0.18917562067508698 0.014750000089406967 -0.002845039824023843
v 0.18966975808143616 0.010350000113248825 -0.002514862222597003
v 0.18917562067508698 0.010350000113248825 -0.002845039824023843
v 0.1888454407453537 0.014750000089406967 -0.003339185379445553
v 0.19083553552627563 0.014750000089406967 -0.002514862222597003
v 0.19083553552627563 0.010350000113248825 -0.002514862222597003
v 0.1902526468038559 0.010350000113248825 -0.002398919314146042
v 0.19132967293262482 0.014750000089406967 -0.002845039824023843
v 0.1916598528623581 0.010350000113248825 -0.003339185379445553
v 0.19132967293262482 0.010350000113248825 -0.002845039824023843
v 0.18966975808143616 0.014750000089406967 -0.002514862222597003
v 0.1902526468038559 0.014750000089406967 -0.002398919314146042
v 0.1902526468038559 0.014750000089406967 -0.00544522050768137
v 0.1902526468038559 0.014726849272847176 -0.005422069691121578
v 0.1896786242723465 0.014726849272847176 -0.005307889077812433
v 0.18919198215007782 0.014726849272847176 -0.004982729908078909
v 0.18886682391166687 0.014726849272847176 -0.004496094770729542
v 0.18917562067508698 0.014750000089406967 -0.004999099764972925
v 0.18966975808143616 0.014750000089406967 -0.005329277366399765
v 0.18886682391166687 0.014726849272847176 -0.0033480445854365826
v 0.18919198215007782 0.014726849272847176 -0.002861409680917859
v 0.1888454407453537 0.014750000089406967 -0.003339185379445553
v 0.1896786242723465 0.014726849272847176 -0.0025362505111843348
v 0.18966975808143616 0.014750000089406967 -0.002514862222597003
v 0.1887526512145996 0.014726849272847176 -0.003922069910913706
v 0.1888454407453537 0.014750000089406967 -0.004504954442381859
v 0.18872949481010437 0.014750000089406967 -0.003922069910913706
v 0.18917562067508698 0.014750000089406967 -0.002845039824023843
v 0.1902526468038559 0.014750000089406967 -0.002398919314146042
v 0.1908266693353653 0.014726849272847176 -0.005307889077812433
v 0.1902526468038559 0.014726849272847176 -0.0024220698978751898
v 0.1908266693353653 0.014726849272847176 -0.0025362505111843348
v 0.19131331145763397 0.014726849272847176 -0.002861409680917859
v 0.19163846969604492 0.014726849272847176 -0.0033480445854365826
v 0.19132967293262482 0.014750000089406967 -0.002845039824023843
v 0.19083553552627563 0.014750000089406967 -0.002514862222597003
v 0.19163846969604492 0.014726849272847176 -0.004496094770729542
v 0.19131331145763397 0.014726849272847176 -0.004982729908078909
v 0.1916598528623581 0.014750000089406967 -0.004504954442381859
v 0.19083553552627563 0.014750000089406967 -0.005329277366399765
v 0.19175264239311218 0.014726849272847176 -0.003922069910913706
v 0.1916598528623581 0.014750000089406967 -0.003339185379445553
v 0.19177579879760742 0.014750000089406967 -0.003922069910913706
v 0.19132967293262482 0.014750000089406967 -0.004999099764972925
v 0.1896786242723465 0.014726849272847176 -0.0025362505111843348
v 0.18919198215007782 0.014726849272847176 -0.002861409680917859
v 0.18919198215007782 0.010350000113248825 -0.002861409680917859
v 0.1902526468038559 0.014726849272847176 -0.0024220698978751898
v 0.1902526468038559 0.010350000113248825 -0.0024220698978751898
v 0.18886682391166687 0.014726849272847176 -0.0033480445854365826
v 0.18886682391166687 0.010350000113248825 -0.0033480445854365826
v 0.1887526512145996 0.014726849272847176 -0.003922069910913706
v 0.18919198215007782 0.010350000113248825 -0.004982729908078909
v 0.18886682391166687 0.014726849272847176 -0.004496094770729542
v 0.18919198215007782 0.014726849272847176 -0.004982729908078909
v 0.1887526512145996 0.010350000113248825 -0.003922069910913706
v 0.1896786242723465 0.010350000113248825 -0.005307889077812433
v 0.1896786242723465 0.014726849272847176 -0.005307889077812433
v 0.1896786242723465 0.010350000113248825 -0.0025362505111843348
v 0.18886682391166687 0.010350000113248825 -0.004496094770729542
v 0.1902526468038559 0.010350000113248825 -0.005422069691121578
v 0.1908266693353653 0.010350000113248825 -0.0025362505111843348
v 0.1908266693353653 0.010350000113248825 -0.005307889077812433
v 0.1902526468038559 0.014726849272847176 -0.005422069691121578
v 0.1908266693353653 0.014726849272847176 -0.005307889077812433
v 0.19163846969604492 0.010350000113248825 -0.004496094770729542
v 0.19131331145763397 0.014726849272847176 -0.004982729908078909
v 0.19163846969604492 0.014726849272847176 -0.004496094770729542
v 0.19131331145763397 0.010350000113248825 -0.004982729908078909
v 0.19163846969604492 0.010350000113248825 -0.0033480445854365826
v 0.19175264239311218 0.014726849272847176 -0.003922069910913706
v 0.19163846969604492 0.014726849272847176 -0.0033480445854365826
v 0.19131331145763397 0.014726849272847176 -0.002861409680917859
v 0.19131331145763397 0.010350000113248825 -0.002861409680917859
v 0.19175264239311218 0.010350000113248825 -0.003922069910913706
v 0.1908266693353653 0.014726849272847176 -0.0025362505111843348
v 0.19132967293262482 0.010350000113248825 -0.004999099764972925
v 0.19131331145763397 0.010350000113248825 -0.004982729908078909
v 0.1916598528623581 0.010350000113248825 -0.004504954442381859
v 0.19083553552627563 0.010350000113248825 -0.005329277366399765
v 0.19163846969604492 0.010350000113248825 -0.004496094770729542
v 0.19177579879760742 0.010350000113248825 -0.003922069910913706
v 0.1902526468038559 0.010350000113248825 -0.00544522050768137
v 0.1902526468038559 0.010350000113248825 -0.005422069691121578
v 0.1908266693353653 0.010350000113248825 -0.005307889077812433
v 0.1896786242723465 0.010350000113248825 -0.005307889077812433
v 0.19175264239311218 0.010350000113248825 -0.003922069910913706
v 0.1916598528623581 0.010350000113248825 -0.003339185379445553
v 0.19163846969604492 0.010350000113248825 -0.0033480445854365826
v 0.19131331145763397 0.010350000113248825 -0.002861409680917859
v 0.19132967293262482 0.010350000113248825 -0.002845039824023843
v 0.19083553552627563 0.010350000113248825 -0.002514862222597003
v 0.1908266693353653 0.010350000113248825 -0.0025362505111843348
v 0.1902526468038559 0.010350000113248825 -0.002398919314146042
v 0.18966975808143616 0.010350000113248825 -0.005329277366399765
v 0.18919198215007782 0.010350000113248825 -0.004982729908078909
v 0.18917562067508698 0.010350000113248825 -0.004999099764972925
v 0.1888454407453537 0.010350000113248825 -0.004504954442381859
v 0.18886682391166687 0.010350000113248825 -0.004496094770729542
v 0.18872949481010437 0.010350000113248825 -0.003922069910913706
v 0.1887526512145996 0.010350000113248825 -0.003922069910913706
v 0.18886682391166687 0.010350000113248825 -0.0033480445854365826
v 0.1896786242723465 0.010350000113248825 -0.0025362505111843348
v 0.18966975808143616 0.010350000113248825 -0.002514862222597003
v 0.18919198215007782 0.010350000113248825 -0.002861409680917859
v 0.1902526468038559 0.010350000113248825 -0.0024220698978751898
v 0.1888454407453537 0.010350000113248825 -0.003339185379445553
v 0.18917562067508698 0.010350000113248825 -0.002845039824023843
usemtl Diffuse
f 3419 3420 3421
f 3419 3422 3423
f 3422 3419 3421
f 3424 3423 3422
f 3420 3425 3421
f 3426 3427 3428
f 3429 3427 3430
f 3425 3420 3428
f 3427 3426 3430
f 3428 3420 3426
f 3431 3432 3423
f 3432 3433 3434
f 3433 3432 3431
f 3434 3433 3435
f 3431 3423 3424
f 3436 3437 3438
f 3437 3436 3435
f 3438 3437 3439
f 3438 3439 3440
f 3435 3436 3434
f 3441 3442 3443
f 3442 3444 3445
f 3441 3444 3442
f 3442 3445 3446
f 3443 3430 3441
f 3441 3447 3448
f 3449 3448 3447
f 3450 3449 3447
f 3441 3448 3444
f 3446 3451 3452
f 3451 3446 3445
f 3453 3440 3454
f 3452 3454 3446
f 3455 3454 3452
f 3456 3457 3458
f 3455 3456 3453
f 3456 3458 3453
f 3458 3457 3459
f 3455 3453 3454
f 3440 3453 3438
f 3443 3429 3430
f 3460 3461 3462
f 3463 3460 3462
f 3461 3460 3464
f 3464 3465 3461
f 3466 3467 3462
f 3463 3462 3467
f 3466 3468 3469
f 3467 3466 3469
f 3468 3470 3469
f 3471 3472 3473
f 3465 3473 3472
f 3472 3471 3474
f 3465 3464 3473
f 3475 3476 3477
f 3470 3477 3476
f 3468 3477 3470
f 3478 3479 3480
f 3481 3479 3482
f 3482 3483 3481
f 3484 3479 3481
f 3485 3486 3487
f 3487 3483 3485
f 3488 3487 3486
f 3485 3483 3482
f 3489 3490 3491
f 3490 3489 3484
f 3480 3492 3478
f 3479 3484 3480
f 3481 3490 3484
f 3493 3494 3495
f 3491 3493 3496
f 3491 3496 3489
f 3496 3493 3495
f 3497 3488 3486
f 3478 3492 3498
f 3499 3500 3501
f 3500 3499 3502
f 3503 3499 3501
f 3502 3504 3505
f 3504 3506 3505
f 3506 3504 3507
f 3506 3507 3508
f 3502 3505 3500
f 3509 3510 3511
f 3510 3512 3511
f 3512 3510 3513
f 3512 3513 3514
f 3506 3515 3516
f 3506 3508 3515
f 3516 3515 3514
f 3507 3498 3508
f 3516 3514 3513
f 3507 3478 3498
f 3517 3518 3519
f 3509 3519 3518
f 3503 3518 3517
f 3519 3509 3511
f 3503 3517 3499
f 3520 3521 3522
f 3522 3523 3520
f 3524 3525 3526
f 3525 3524 3527
f 3495 3494 3528
f 3529 3528 3530
f 3494 3530 3528
f 3486 3529 3497
f 3530 3497 3529
f 3517 3519 3531
f 3517 3531 3532
f 3532 3533 3534
f 3533 3532 3531
f 3529 3535 3528
f 3528 3535 3536
f 3536 3537 3538
f 3537 3536 3535
f 3539 3540 3541
f 3539 3542 3543
f 3544 3545 3546
f 3547 3543 3542
f 3541 3540 3548
f 3542 3539 3541
f 3549 3544 3546
f 3550 3545 3544
f 3549 3551 3544
f 3547 3542 3551
f 3549 3547 3551
f 3550 3552 3545
f 3553 3548 3540
f 3554 3552 3555
f 3554 3555 3556
f 3557 3558 3553
f 3559 3556 3560
f 3561 3559 3562
f 3560 3556 3555
f 3562 3559 3560
f 3563 3564 3565
f 3564 3563 3558
f 3558 3557 3564
f 3562 3563 3565
f 3561 3562 3565
f 3558 3548 3553
f 3550 3555 3552
f 3566 3567 3568
f 3567 3569 3570
f 3571 3572 3573
f 3566 3572 3571
f 3574 3571 3575
f 3566 3568 3572
f 3576 3570 3569
f 3570 3577 3567
f 3574 3575 3578
f 3575 3571 3573
f 3577 3568 3567
f 3578 3579 3574
f 3580 3576 3569
f 3581 3582 3583
f 3582 3579 3584
f 3585 3586 3587
f 3580 3588 3589
f 3585 3588 3586
f 3581 3587 3586
f 3581 3590 3587
f 3591 3584 3579
f 3584 3583 3582
f 3588 3592 3589
f 3592 3588 3585
f 3583 3590 3581
f 3589 3576 3580
f 3578 3591 3579
f 3661 3662 3663
f 3662 3664 3665
f 3666 3667 3668
f 3668 3661 3669
f 3670 3671 3667
f 3667 3661 3668
f 3661 3663 3669
f 3672 3665 3664
f 3665 3673 3662
f 3671 3670 3674
f 3670 3667 3666
f 3673 3663 3662
f 3674 3675 3671
f 3676 3672 3664
f 3677 3678 3679
f 3678 3675 3680
f 3681 3682 3683
f 3676 3684 3685
f 3686 3684 3682
f 3677 3683 3682
f 3677 3687 3683
f 3679 3678 3680
f 3680 3675 3688
f 3687 3677 3679
f 3682 3681 3686
f 3684 3689 3685
f 3689 3684 3686
f 3685 3672 3676
f 3674 3688 3675
f 3690 3691 3692
f 3690 3693 3694
f 3695 3696 3697
f 3698 3694 3693
f 3692 3691 3699
f 3693 3690 3692
f 3700 3695 3697
f 3701 3696 3695
f 3700 3702 3695
f 3698 3693 3702
f 3700 3698 3702
f 3701 3703 3696
f 3704 3699 3691
f 3705 3703 3706
f 3705 3706 3707
f 3708 3709 3704
f 3710 3707 3711
f 3712 3710 3713
f 3711 3707 3706
f 3713 3710 3711
f 3714 3715 3716
f 3715 3714 3709
f 3709 3708 3715
f 3713 3714 3716
f 3712 3713 3716
f 3709 3699 3704
f 3701 3706 3703
f 3717 3718 3719
f 3719 3718 3720
f 3720 3721 3722
f 3720 3722 3719
f 3723 3724 3725
f 3723 3725 3726
f 3725 3727 3726
f 3727 3725 3728
f 3729 3730 3717
f 3718 3717 3731
f 3730 3731 3717
f 3732 3718 3733
f 3731 3733 3718
f 3734 3735 3736
f 3735 3734 3737
f 3738 3739 3740
f 3739 3738 3741
f 3723 3742 3724
f 3743 3724 3742
f 3744 3742 3723
f 3724 3743 3745
f 3723 3746 3744
f 3747 3748 3749
f 3750 3751 3749
f 3752 3748 3753
f 3749 3754 3750
f 3751 3747 3749
f 3755 3732 3756
f 3750 3754 3757
f 3756 3757 3755
f 3757 3754 3755
f 3758 3759 3760
f 3753 3748 3747
f 3760 3747 3758
f 3759 3761 3760
f 3747 3751 3758
f 3762 3730 3729
f 3761 3763 3729
f 3763 3761 3759
f 3729 3763 3762
f 3756 3732 3733
f 3752 3753 3764
f 3746 3765 3766
f 3766 3765 3767
f 3766 3744 3746
f 3765 3768 3767
f 3768 3769 3770
f 3771 3772 3769
f 3769 3772 3770
f 3773 3771 3764
f 3768 3770 3767
f 3745 3774 3775
f 3774 3745 3743
f 3745 3775 3776
f 3772 3771 3777
f 3778 3777 3779
f 3779 3776 3778
f 3773 3779 3777
f 3771 3773 3777
f 3778 3776 3775
f 3764 3753 3773
f 3780 3781 3782
f 3783 3782 3781
f 3784 3785 3780
f 3781 3780 3785
f 3786 3784 3780
f 3787 3788 3789
f 3789 3783 3787
f 3788 3787 3790
f 3782 3783 3789
f 3791 3792 3786
f 3784 3786 3792
f 3793 3791 3794
f 3792 3791 3795
f 3795 3791 3793
f 3794 3796 3797
f 3798 3799 3796
f 3797 3796 3799
f 3799 3798 3800
f 3793 3794 3797
f 3801 3788 3790
f 3802 3803 3804
f 3805 3806 3803
f 3804 3803 3806
f 3807 3806 3805
f 3802 3801 3803
f 3808 3809 3802
f 3809 3808 3810
f 3809 3810 3811
f 3804 3808 3802
f 3802 3788 3801
f 3812 3813 3807
f 3812 3814 3815
f 3814 3800 3815
f 3813 3812 3816
f 3805 3812 3807
f 3817 3818 3819
f 3815 3819 3816
f 3815 3817 3819
f 3820 3818 3817
f 3812 3815 3816
f 3798 3815 3800
f 3821 3822 3823
f 3822 3821 3824
f 3825 3824 3821
f 3824 3825 3826
f 3827 3823 3828
f 3829 3830 3827
f 3828 3823 3822
f 3831 3830 3829
f 3829 3827 3828
f 3826 3832 3833
f 3833 3832 3834
f 3834 3835 3836
f 3834 3836 3833
f 3837 3838 3839
f 3838 3837 3831
f 3831 3837 3830
f 3832 3826 3825
f 4164 4165 4166
f 4164 4167 4168
f 4167 4164 4166
f 4169 4168 4167
f 4165 4170 4166
f 4171 4172 4173
f 4173 4170 4171
f 4174 4173 4172
f 4171 4170 4165
f 4175 4176 4168
f 4176 4177 4178
f 4177 4176 4175
f 4178 4177 4179
f 4175 4168 4169
f 4180 4181 4182
f 4181 4180 4179
f 4182 4181 4183
f 4182 4183 4184
f 4179 4180 4178
f 4185 4174 4172
f 4186 4187 4188
f 4187 4189 4190
f 4186 4189 4187
f 4187 4190 4191
f 4185 4172 4188
f 4186 4192 4193
f 4194 4193 4192
f 4195 4194 4192
f 4186 4193 4189
f 4172 4186 4188
f 4191 4196 4197
f 4196 4191 4190
f 4198 4184 4199
f 4197 4199 4191
f 4200 4199 4197
f 4201 4202 4203
f 4200 4201 4198
f 4201 4203 4198
f 4203 4202 4204
f 4200 4198 4199
f 4184 4198 4182
f 4205 4206 4207
f 4208 4209 4206
f 4208 4210 4211
f 4211 4209 4208
f 4210 4212 4213
f 4214 4213 4212
f 4215 4214 4212
f 4210 4213 4211
f 4216 4205 4207
f 4217 4218 4209
f 4206 4218 4207
f 4219 4220 4217
f 4220 4221 4222
f 4221 4220 4219
f 4220 4222 4223
f 4219 4217 4209
f 4209 4218 4206
f 4205 4216 4224
f 4225 4226 4227
f 4226 4225 4228
f 4227 4229 4225
f 4230 4231 4232
f 4231 4230 4228
f 4232 4231 4233
f 4233 4224 4232
f 4228 4230 4226
f 4234 4235 4236
f 4234 4236 4237
f 4238 4223 4222
f 4237 4239 4240
f 4239 4241 4240
f 4239 4232 4241
f 4232 4224 4241
f 4237 4240 4234
f 4233 4205 4224
f 4242 4243 4244
f 4235 4243 4242
f 4229 4242 4244
f 4243 4235 4234
f 4244 4225 4229
f 4245 4246 4247
f 4247 4248 4245
f 4249 4250 4251
f 4250 4249 4252
f 4253 4223 4238
f 4254 4253 4255
f 4238 4255 4253
f 4254 4215 4212
f 4255 4215 4254
f 4243 4256 4244
f 4244 4256 4257
f 4258 4259 4260
f 4260 4257 4258
f 4258 4257 4256
f 4261 4253 4254
f 4261 4254 4262
f 4262 4263 4261
f 4263 4262 4264
f 4265 4266 4267
f 4265 4268 4269
f 4270 4271 4272
f 4273 4269 4268
f 4267 4266 4274
f 4268 4265 4267
f 4275 4270 4272
f 4276 4271 4270
f 4275 4277 4270
f 4273 4268 4277
f 4275 4273 4277
f 4276 4278 4271
f 4279 4274 4266
f 4280 4278 4281
f 4280 4281 4282
f 4283 4279 4284
f 4285 4283 4284
f 4286 4282 4287
f 4281 4287 4282
f 4288 4289 4286
f 4287 4288 4286
f 4290 4291 4285
f 4283 4285 4291
f 4290 4288 4291
f 4289 4288 4290
f 4283 4274 4279
f 4276 4281 4278
f 4292 4293 4294
f 4292 4295 4296
f 4296 4295 4297
f 4298 4299 4296
f 4300 4299 4301
f 4298 4302 4299
f 4297 4298 4296
f 4303 4304 4293
f 4304 4294 4293
f 4299 4302 4301
f 4301 4305 4300
f 4294 4295 4292
f 4305 4306 4300
f 4307 4303 4293
f 4308 4309 4310
f 4309 4306 4311
f 4312 4313 4314
f 4307 4315 4316
f 4312 4315 4313
f 4308 4314 4313
f 4308 4317 4314
f 4318 4311 4306
f 4311 4310 4309
f 4315 4312 4319
f 4319 4316 4315
f 4310 4317 4308
f 4316 4303 4307
f 4305 4318 4306
f 4388 4389 4390
f 4391 4388 4392
f 4392 4388 4393
f 4394 4395 4391
f 4396 4395 4397
f 4394 4398 4395
f 4392 4394 4391
f 4399 4390 4389
f 4393 4388 4390
f 4395 4398 4397
f 4396 4400 4401
f 4400 4396 4397
f 4401 4402 4396
f 4403 4399 4389
f 4404 4405 4406
f 4405 4402 4407
f 4408 4409 4410
f 4403 4411 4412
f 4408 4411 4409
f 4404 4410 4409
f 4404 4413 4410
f 4414 4405 4407
f 4407 4402 4415
f 4414 4406 4405
f 4411 4416 4412
f 4416 4411 4408
f 4406 4413 4404
f 4412 4399 4403
f 4401 4415 4402
f 4417 4418 4419
f 4417 4420 4421
f 4422 4423 4424
f 4425 4421 4420
f 4419 4418 4426
f 4420 4417 4419
f 4427 4422 4424
f 4428 4423 4422
f 4427 4429 4422
f 4425 4420 4429
f 4427 4425 4429
f 4428 4430 4423
f 4431 4426 4418
f 4432 4430 4433
f 4432 4433 4434
f 4435 4436 4431
f 4437 4434 4438
f 4439 4437 4440
f 4438 4434 4433
f 4440 4437 4438
f 4441 4442 4443
f 4442 4441 4436
f 4436 4435 4442
f 4440 4441 4443
f 4439 4440 4443
f 4436 4426 4431
f 4428 4433 4430
f 4444 4445 4446
f 4445 4444 4447
f 4447 4448 4449
f 4447 4449 4445
f 4450 4451 4452
f 4451 4450 4453
f 4453 4454 4455
f 4456 4455 4454
f 4453 4455 4451
f 4446 4457 4458
f 4444 4446 4459
f 4458 4459 4446
f 4460 4444 4461
f 4459 4461 4444
f 4462 4463 4464
f 4463 4462 4465
f 4466 4467 4468
f 4468 4469 4466
f 4470 4450 4452
f 4471 4450 4470
f 4472 4470 4452
f 4450 4471 4473
f 4452 4474 4472
f 4475 4476 4477
f 4478 4477 4479
f 4480 4481 4478
f 4482 4460 4483
f 4484 4485 4482
f 4483 4484 4482
f 4460 4461 4483
f 4482 4485 4475
f 4475 4485 4476
f 4476 4486 4479
f 4480 4478 4479
f 4487 4479 4486
f 4486 4488 4487
f 4479 4477 4476
f 4457 4489 4490
f 4490 4489 4488
f 4457 4490 4491
f 4488 4489 4487
f 4481 4480 4492
f 4474 4493 4494
f 4493 4474 4495
f 4494 4472 4474
f 4493 4495 4496
f 4497 4492 4498
f 4496 4497 4498
f 4499 4500 4498
f 4496 4495 4497
f 4498 4492 4499
f 4473 4471 4501
f 4473 4501 4502
f 4458 4457 4491
f 4502 4503 4504
f 4503 4505 4504
f 4503 4500 4505
f 4500 4499 4505
f 4502 4504 4473
f 4492 4480 4499
f 4506 4507 4508
f 4509 4510 4508
f 4508 4510 4506
f 4506 4511 4507
f 4512 4510 4509
f 4513 4514 4515
f 4515 4511 4513
f 4514 4513 4516
f 4516 4517 4514
f 4507 4511 4515
f 4518 4519 4509
f 4512 4509 4519
f 4520 4518 4521
f 4519 4518 4522
f 4522 4518 4520
f 4523 4524 4525
f 4524 4521 4525
f 4526 4524 4523
f 4527 4526 4523
f 4520 4521 4524
f 4528 4529 4530
f 4531 4532 4529
f 4529 4532 4530
f 4533 4531 4529
f 4528 4514 4517
f 4534 4535 4530
f 4535 4534 4536
f 4535 4536 4537
f 4532 4534 4530
f 4528 4530 4514
f 4538 4539 4533
f 4531 4533 4539
f 4540 4527 4541
f 4533 4540 4538
f 4538 4540 4542
f 4543 4544 4545
f 4541 4545 4542
f 4541 4543 4545
f 4546 4544 4543
f 4540 4541 4542
f 4523 4541 4527
f 4547 4548 4549
f 4550 4551 4552
f 4549 4553 4547
f 4554 4551 4550
f 4552 4551 4547
f 4555 4556 4557
f 4549 4548 4558
f 4559 4560 4561
f 4561 4560 4562
f 4559 4561 4558
f 4560 4555 4562
f 4563 4557 4556
f 4560 4556 4555
f 4559 4558 4548
f 4552 4547 4553
f 5462 5463 5464
f 5465 5466 5467
f 5468 5464 5469
f 5470 5471 5472
f 5464 5471 5469
f 5471 5470 5469
f 5473 5463 5462
f 5474 5475 5476
f 5466 5465 5477
f 5478 5475 5474
f 5473 5474 5476
f 5478 5477 5475
f 5464 5468 5462
f 5477 5465 5475
f 5463 5473 5476
usemtl Diffuse_1
f 1364 1365 1366
f 1367 1366 1365
f 1368 1369 1370
f 1371 1372 1373
f 1369 1371 1374
f 1375 1376 1377
f 1378 1379 1380
f 1376 1378 1381
f 1372 1375 1382
f 1370 1383 1368
f 1373 1374 1371
f 1370 1369 1374
f 1377 1382 1375
f 1380 1381 1378
f 1377 1376 1381
f 1373 1372 1382
f 1379 1384 1380
f 1368 1383 1385
f 1384 1386 1387
f 1387 1388 1389
f 1390 1391 1388
f 1392 1393 1394
f 1395 1392 1396
f 1393 1385 1397
f 1390 1395 1398
f 1389 1384 1387
f 1391 1390 1399
f 1389 1388 1391
f 1397 1394 1393
f 1398 1395 1396
f 1399 1390 1398
f 1394 1396 1392
f 1385 1383 1397
f 1386 1384 1379
f 1400 1401 1402
f 1403 1402 1404
f 1405 1403 1404
f 1405 1406 1407
f 1400 1402 1403
f 1404 1406 1405
f 1401 1400 1408
f 1409 1410 1411
f 1408 1409 1412
f 1413 1411 1410
f 1414 1413 1415
f 1414 1411 1413
f 1410 1409 1408
f 1412 1401 1408
f 1416 1417 1418
f 1407 1417 1405
f 1418 1417 1407
f 1419 1420 1416
f 1420 1421 1422
f 1421 1420 1419
f 1419 1416 1418
f 1423 1415 1424
f 1424 1415 1425
f 1415 1423 1414
f 1426 1422 1427
f 1422 1426 1420
f 1424 1425 1427
f 1427 1425 1426
f 1428 1429 1430
f 1431 1430 1429
f 1432 1428 1430
f 1433 1434 1435
f 1436 1437 1433
f 1434 1433 1437
f 1438 1439 1440
f 1441 1440 1439
f 1442 1438 1440
f 1443 1444 1445
f 1446 1447 1443
f 1445 1446 1443
f 1448 1449 1450
f 1449 1448 1451
f 1450 1452 1448
f 1453 1454 1455
f 1454 1453 1456
f 1455 1457 1453
f 1458 1459 1460
f 1460 1459 1461
f 1461 1462 1463
f 1461 1463 1460
f 1464 1465 1466
f 1465 1464 1467
f 1468 1469 1470
f 1470 1471 1468
f 1472 1471 1473
f 1473 1364 1472
f 1467 1474 1475
f 1469 1475 1474
f 1476 1477 1367
f 1477 1476 1466
f 1478 1479 1480
f 1481 1480 1479
f 1482 1483 1484
f 1483 1485 1486
f 1487 1482 1488
f 1489 1485 1490
f 1491 1492 1493
f 1494 1490 1492
f 1495 1493 1496
f 1487 1488 1497
f 1483 1486 1484
f 1488 1482 1484
f 1494 1489 1490
f 1495 1491 1493
f 1494 1492 1491
f 1486 1485 1489
f 1496 1498 1495
f 1487 1497 1499
f 1500 1501 1502
f 1502 1503 1500
f 1504 1505 1503
f 1506 1507 1508
f 1509 1510 1499
f 1507 1509 1511
f 1504 1506 1512
f 1500 1498 1501
f 1505 1504 1513
f 1500 1503 1505
f 1513 1504 1512
f 1508 1507 1511
f 1506 1508 1512
f 1509 1499 1511
f 1510 1487 1499
f 1501 1498 1496
f 1514 1515 1516
f 1517 1516 1518
f 1519 1517 1518
f 1519 1520 1521
f 1514 1516 1517
f 1518 1520 1519
f 1515 1514 1522
f 1523 1524 1525
f 1522 1523 1526
f 1527 1525 1524
f 1528 1527 1529
f 1528 1525 1527
f 1524 1523 1522
f 1526 1515 1522
f 1530 1531 1532
f 1521 1531 1519
f 1532 1531 1521
f 1533 1534 1530
f 1534 1535 1536
f 1535 1534 1533
f 1533 1530 1532
f 1537 1529 1538
f 1538 1529 1539
f 1529 1537 1528
f 1540 1536 1541
f 1536 1540 1534
f 1538 1539 1541
f 1541 1539 1540
f 1542 1543 1544
f 1545 1544 1543
f 1546 1542 1544
f 1547 1548 1549
f 1550 1551 1547
f 1548 1547 1551
f 1552 1553 1554
f 1555 1554 1553
f 1556 1552 1554
f 1557 1558 1559
f 1560 1561 1557
f 1559 1560 1557
f 1562 1563 1564
f 1563 1562 1565
f 1564 1566 1562
f 1567 1568 1569
f 1568 1567 1570
f 1569 1571 1567
f 1572 1573 1574
f 1574 1573 1575
f 1575 1576 1577
f 1575 1577 1574
f 1578 1579 1580
f 1580 1581 1578
f 1582 1583 1584
f 1584 1585 1582
f 1586 1585 1587
f 1587 1478 1586
f 1581 1588 1589
f 1583 1589 1588
f 1590 1591 1481
f 1591 1590 1579
f 1592 1593 1594
f 1595 1594 1593
f 1596 1597 1598
f 1599 1600 1601
f 1597 1599 1602
f 1603 1604 1605
f 1606 1607 1608
f 1604 1606 1605
f 1600 1603 1609
f 1602 1598 1597
f 1610 1601 1600
f 1602 1599 1601
f 1605 1609 1603
f 1611 1608 1607
f 1605 1606 1608
f 1610 1600 1609
f 1607 1612 1611
f 1596 1598 1613
f 1614 1612 1615
f 1616 1617 1618
f 1619 1615 1617
f 1620 1621 1622
f 1623 1620 1624
f 1621 1625 1613
f 1618 1623 1626
f 1619 1614 1615
f 1626 1616 1618
f 1619 1617 1616
f 1613 1622 1621
f 1627 1623 1624
f 1627 1626 1623
f 1622 1624 1620
f 1625 1596 1613
f 1612 1614 1611
f 1628 1629 1630
f 1631 1628 1632
f 1633 1634 1635
f 1634 1633 1636
f 1631 1632 1635
f 1635 1632 1633
f 1629 1628 1631
f 1637 1638 1639
f 1629 1638 1630
f 1639 1638 1629
f 1640 1641 1637
f 1641 1642 1643
f 1642 1641 1640
f 1640 1637 1639
f 1644 1645 1646
f 1644 1634 1647
f 1648 1646 1645
f 1649 1648 1650
f 1649 1646 1648
f 1645 1644 1647
f 1643 1642 1651
f 1642 1652 1651
f 1653 1652 1654
f 1655 1653 1654
f 1651 1652 1653
f 1649 1655 1654
f 1649 1650 1655
f 1634 1636 1647
f 1656 1657 1658
f 1659 1658 1657
f 1660 1656 1658
f 1661 1662 1663
f 1664 1665 1661
f 1662 1661 1665
f 1666 1667 1668
f 1669 1668 1667
f 1670 1666 1668
f 1671 1672 1673
f 1674 1675 1671
f 1673 1674 1671
f 1676 1677 1678
f 1677 1676 1679
f 1678 1680 1676
f 1681 1682 1683
f 1682 1681 1684
f 1683 1685 1681
f 1686 1687 1688
f 1688 1687 1689
f 1689 1690 1691
f 1689 1691 1688
f 1692 1693 1694
f 1694 1695 1692
f 1696 1697 1698
f 1698 1699 1696
f 1700 1699 1701
f 1701 1592 1700
f 1695 1702 1703
f 1697 1703 1702
f 1704 1705 1595
f 1705 1704 1693
f 1706 1707 1708
f 1707 1706 1709
f 1710 1711 1712
f 1713 1712 1711
f 1714 1715 1716
f 1715 1714 1717
f 1718 1719 1713
f 1719 1718 1716
f 1720 1709 1721
f 1721 1710 1720
f 1722 1723 1724
f 1724 1723 1725
f 1724 1726 1727
f 1724 1727 1722
f 1728 1729 1730
f 1729 1728 1731
f 1730 1732 1728
f 1733 1734 1735
f 1734 1733 1736
f 1735 1737 1733
f 1738 1739 1740
f 1741 1742 1738
f 1740 1741 1738
f 1743 1744 1745
f 1746 1745 1744
f 1747 1743 1745
f 1748 1749 1750
f 1751 1752 1748
f 1749 1748 1752
f 1753 1754 1755
f 1756 1755 1754
f 1757 1753 1755
f 1758 1759 1760
f 1761 1758 1762
f 1763 1764 1765
f 1764 1763 1766
f 1761 1762 1765
f 1765 1762 1763
f 1759 1758 1761
f 1767 1768 1769
f 1759 1768 1760
f 1769 1768 1759
f 1770 1771 1767
f 1771 1772 1773
f 1772 1771 1770
f 1770 1767 1769
f 1774 1775 1776
f 1774 1764 1777
f 1778 1776 1775
f 1779 1778 1780
f 1779 1776 1778
f 1775 1774 1777
f 1773 1772 1781
f 1772 1782 1781
f 1783 1782 1784
f 1785 1783 1784
f 1781 1782 1783
f 1779 1785 1784
f 1779 1780 1785
f 1764 1766 1777
f 1786 1787 1788
f 1787 1789 1790
f 1791 1786 1792
f 1793 1789 1794
f 1795 1796 1797
f 1798 1794 1796
f 1799 1797 1800
f 1791 1792 1801
f 1787 1790 1788
f 1792 1786 1788
f 1798 1793 1794
f 1799 1795 1797
f 1798 1796 1795
f 1790 1789 1793
f 1800 1802 1799
f 1791 1801 1803
f 1804 1802 1805
f 1806 1807 1808
f 1809 1805 1807
f 1810 1811 1812
f 1813 1814 1803
f 1808 1811 1815
f 1813 1810 1812
f 1809 1804 1805
f 1809 1807 1806
f 1804 1816 1802
f 1810 1815 1811
f 1817 1810 1813
f 1813 1803 1817
f 1806 1808 1815
f 1814 1791 1803
f 1802 1816 1799
f 1717 1818 1819
f 1708 1819 1818
f 1820 1821 1822
f 1821 1820 1823
f 1824 1825 1826
f 1827 1826 1825
f 1828 1829 1830
f 1829 1828 1831
f 1832 1827 1833
f 1833 1830 1832
f 1834 1823 1835
f 1835 1824 1834
f 1836 1837 1838
f 1838 1837 1839
f 1839 1840 1841
f 1839 1841 1838
f 1842 1843 1844
f 1843 1842 1845
f 1844 1846 1842
f 1847 1848 1849
f 1848 1847 1850
f 1849 1851 1847
f 1852 1853 1854
f 1855 1856 1852
f 1854 1855 1852
f 1857 1858 1859
f 1860 1859 1858
f 1861 1857 1859
f 1862 1863 1864
f 1865 1866 1862
f 1863 1862 1866
f 1867 1868 1869
f 1870 1869 1868
f 1871 1867 1869
f 1872 1873 1874
f 1875 1874 1876
f 1877 1878 1879
f 1877 1875 1876
f 1872 1874 1875
f 1876 1878 1877
f 1873 1872 1880
f 1881 1882 1883
f 1880 1881 1884
f 1885 1883 1882
f 1886 1885 1887
f 1886 1883 1885
f 1882 1881 1880
f 1884 1873 1880
f 1888 1889 1890
f 1879 1889 1877
f 1890 1889 1879
f 1891 1892 1888
f 1892 1893 1894
f 1893 1892 1891
f 1891 1888 1890
f 1895 1887 1896
f 1896 1887 1897
f 1887 1895 1886
f 1898 1894 1899
f 1894 1898 1892
f 1896 1897 1899
f 1899 1897 1898
f 1900 1901 1902
f 1903 1904 1905
f 1901 1903 1906
f 1907 1908 1909
f 1910 1907 1911
f 1908 1912 1913
f 1904 1910 1914
f 1915 1900 1902
f 1906 1903 1905
f 1901 1906 1902
f 1913 1909 1908
f 1914 1910 1911
f 1914 1905 1904
f 1909 1911 1907
f 1912 1916 1913
f 1900 1915 1917
f 1918 1916 1919
f 1919 1920 1921
f 1922 1921 1920
f 1923 1924 1925
f 1926 1927 1917
f 1924 1926 1928
f 1922 1923 1929
f 1921 1918 1919
f 1922 1930 1921
f 1918 1931 1916
f 1930 1922 1929
f 1925 1924 1928
f 1923 1925 1929
f 1926 1917 1928
f 1927 1900 1917
f 1916 1931 1913
f 1831 1932 1933
f 1822 1933 1932
f 2343 2344 2345
f 2346 2347 2348
f 2344 2346 2349
f 2350 2351 2352
f 2353 2354 2351
f 2347 2355 2356
f 2357 2355 2350
f 2344 2349 2345
f 2347 2356 2348
f 2349 2346 2348
f 2357 2356 2355
f 2354 2353 2358
f 2350 2352 2357
f 2351 2354 2352
f 2353 2359 2358
f 2343 2345 2360
f 2359 2361 2362
f 2363 2364 2365
f 2366 2362 2363
f 2367 2368 2369
f 2360 2370 2368
f 2364 2371 2372
f 2373 2371 2367
f 2363 2365 2366
f 2365 2364 2372
f 2366 2359 2362
f 2373 2372 2371
f 2370 2360 2374
f 2367 2369 2373
f 2368 2370 2369
f 2360 2345 2374
f 2361 2359 2353
f 2375 2376 2377
f 2376 2375 2378
f 2379 2380 2381
f 2382 2381 2380
f 2383 2384 2385
f 2385 2386 2383
f 2387 2388 2382
f 2388 2387 2384
f 2389 2390 2378
f 2390 2389 2379
f 2391 2392 2393
f 2393 2392 2394
f 2394 2395 2396
f 2395 2394 2392
f 2397 2398 2399
f 2398 2397 2400
f 2399 2401 2397
f 2402 2403 2404
f 2403 2402 2405
f 2404 2406 2402
f 2407 2408 2409
f 2410 2411 2407
f 2409 2410 2407
f 2412 2413 2414
f 2415 2414 2413
f 2416 2412 2414
f 2417 2418 2419
f 2420 2421 2417
f 2418 2417 2421
f 2422 2423 2424
f 2425 2424 2423
f 2426 2422 2424
f 2427 2428 2429
f 2430 2429 2431
f 2432 2433 2434
f 2432 2430 2431
f 2427 2429 2430
f 2431 2433 2432
f 2428 2427 2435
f 2436 2437 2438
f 2435 2436 2439
f 2440 2438 2437
f 2441 2440 2442
f 2441 2438 2440
f 2437 2436 2435
f 2439 2428 2435
f 2443 2444 2445
f 2434 2444 2432
f 2445 2444 2434
f 2446 2447 2443
f 2447 2448 2449
f 2448 2447 2446
f 2446 2443 2445
f 2450 2442 2451
f 2451 2442 2452
f 2442 2450 2441
f 2453 2449 2454
f 2449 2453 2447
f 2451 2452 2454
f 2454 2452 2453
f 2455 2456 2457
f 2458 2459 2460
f 2456 2458 2461
f 2462 2463 2464
f 2465 2466 2467
f 2463 2465 2468
f 2459 2462 2469
f 2457 2470 2455
f 2460 2461 2458
f 2457 2456 2461
f 2464 2469 2462
f 2467 2468 2465
f 2464 2463 2468
f 2460 2459 2469
f 2471 2472 2466
f 2455 2470 2473
f 2471 2474 2475
f 2476 2477 2478
f 2474 2476 2479
f 2480 2481 2482
f 2483 2484 2473
f 2481 2483 2485
f 2477 2480 2486
f 2475 2472 2471
f 2478 2479 2476
f 2475 2474 2479
f 2482 2486 2480
f 2473 2485 2483
f 2482 2481 2485
f 2478 2477 2486
f 2484 2455 2473
f 2472 2467 2466
f 2386 2487 2488
f 2377 2488 2487
f 2489 2490 2491
f 2492 2493 2494
f 2490 2493 2495
f 2496 2497 2498
f 2499 2500 2497
f 2494 2501 2502
f 2496 2503 2501
f 2491 2490 2495
f 2492 2504 2493
f 2493 2504 2495
f 2494 2502 2492
f 2502 2501 2503
f 2498 2503 2496
f 2497 2500 2498
f 2499 2505 2500
f 2489 2491 2506
f 2505 2507 2508
f 2509 2510 2511
f 2512 2508 2509
f 2513 2514 2515
f 2506 2516 2514
f 2510 2517 2518
f 2519 2517 2513
f 2512 2509 2520
f 2509 2511 2520
f 2512 2505 2508
f 2513 2515 2519
f 2515 2514 2516
f 2511 2510 2518
f 2519 2518 2517
f 2506 2491 2516
f 2507 2505 2499
f 2521 2522 2523
f 2522 2521 2524
f 2525 2526 2527
f 2528 2527 2526
f 2529 2530 2531
f 2531 2532 2529
f 2533 2534 2528
f 2534 2533 2530
f 2535 2536 2524
f 2536 2535 2525
f 2537 2538 2539
f 2539 2538 2540
f 2538 2541 2540
f 2541 2538 2542
f 2543 2544 2545
f 2544 2543 2546
f 2545 2547 2543
f 2548 2549 2550
f 2549 2548 2551
f 2550 2552 2548
f 2553 2554 2555
f 2556 2557 2553
f 2555 2556 2553
f 2558 2559 2560
f 2561 2560 2559
f 2562 2558 2560
f 2563 2564 2565
f 2566 2567 2563
f 2564 2563 2567
f 2568 2569 2570
f 2571 2570 2569
f 2572 2568 2570
f 2573 2574 2575
f 2576 2573 2577
f 2578 2579 2580
f 2579 2578 2581
f 2576 2577 2580
f 2580 2577 2578
f 2574 2573 2576
f 2582 2583 2584
f 2574 2583 2575
f 2584 2583 2574
f 2585 2586 2582
f 2586 2587 2588
f 2587 2586 2585
f 2585 2582 2584
f 2589 2590 2591
f 2589 2579 2592
f 2593 2591 2590
f 2594 2593 2595
f 2594 2591 2593
f 2590 2589 2592
f 2588 2587 2596
f 2587 2597 2596
f 2598 2597 2599
f 2600 2598 2599
f 2596 2597 2598
f 2594 2600 2599
f 2594 2595 2600
f 2579 2581 2592
f 2601 2602 2603
f 2604 2605 2606
f 2602 2604 2607
f 2605 2608 2609
f 2610 2611 2612
f 2613 2608 2611
f 2614 2612 2615
f 2616 2601 2603
f 2607 2604 2606
f 2602 2607 2603
f 2613 2609 2608
f 2614 2610 2612
f 2613 2611 2610
f 2606 2605 2609
f 2617 2618 2615
f 2601 2616 2619
f 2620 2617 2621
f 2622 2623 2624
f 2625 2621 2623
f 2624 2626 2627
f 2628 2629 2619
f 2630 2628 2631
f 2627 2626 2630
f 2620 2618 2617
f 2622 2625 2623
f 2620 2621 2625
f 2627 2630 2632
f 2632 2630 2631
f 2628 2619 2631
f 2622 2624 2627
f 2629 2601 2619
f 2618 2614 2615
f 2532 2633 2634
f 2523 2634 2633
f 2635 2636 2637
f 2638 2637 2636
f 2639 2640 2641
f 2642 2643 2644
f 2640 2642 2645
f 2646 2647 2648
f 2649 2650 2651
f 2647 2649 2652
f 2643 2646 2653
f 2641 2654 2639
f 2644 2645 2642
f 2641 2640 2645
f 2648 2653 2646
f 2651 2652 2649
f 2648 2647 2652
f 2644 2643 2653
f 2650 2655 2651
f 2639 2654 2656
f 2655 2657 2658
f 2659 2660 2661
f 2657 2659 2662
f 2663 2664 2665
f 2666 2667 2656
f 2664 2666 2668
f 2660 2663 2669
f 2662 2658 2657
f 2662 2659 2661
f 2658 2670 2655
f 2665 2669 2663
f 2656 2668 2666
f 2665 2664 2668
f 2661 2660 2669
f 2667 2639 2656
f 2655 2670 2651
f 2671 2672 2673
f 2674 2671 2675
f 2676 2677 2678
f 2677 2676 2679
f 2674 2675 2678
f 2678 2675 2676
f 2672 2671 2674
f 2680 2681 2682
f 2672 2681 2673
f 2682 2681 2672
f 2683 2684 2680
f 2684 2685 2686
f 2685 2684 2683
f 2683 2680 2682
f 2687 2688 2689
f 2687 2677 2690
f 2691 2689 2688
f 2692 2691 2693
f 2692 2689 2691
f 2688 2687 2690
f 2686 2685 2694
f 2685 2695 2694
f 2696 2695 2697
f 2698 2696 2697
f 2694 2695 2696
f 2692 2698 2697
f 2692 2693 2698
f 2677 2679 2690
f 2699 2700 2701
f 2702 2701 2700
f 2703 2699 2701
f 2704 2705 2706
f 2707 2708 2704
f 2705 2704 2708
f 2709 2710 2711
f 2712 2711 2710
f 2713 2709 2711
f 2714 2715 2716
f 2717 2718 2714
f 2716 2717 2714
f 2719 2720 2721
f 2720 2719 2722
f 2721 2723 2719
f 2724 2725 2726
f 2725 2724 2727
f 2726 2728 2724
f 2729 2730 2731
f 2731 2730 2732
f 2732 2733 2734
f 2733 2732 2730
f 2735 2736 2737
f 2737 2738 2735
f 2739 2740 2741
f 2741 2742 2739
f 2743 2742 2744
f 2744 2635 2743
f 2738 2745 2746
f 2740 2746 2745
f 2747 2638 2748
f 2748 2736 2747
f 2749 2750 2751
f 2752 2751 2750
f 2753 2754 2755
f 2756 2757 2758
f 2754 2756 2759
f 2760 2761 2762
f 2763 2764 2765
f 2761 2763 2766
f 2757 2760 2767
f 2755 2768 2753
f 2758 2759 2756
f 2755 2754 2759
f 2762 2767 2760
f 2765 2766 2763
f 2762 2761 2766
f 2758 2757 2767
f 2764 2769 2765
f 2753 2768 2770
f 2769 2771 2772
f 2773 2774 2775
f 2771 2773 2776
f 2777 2778 2779
f 2780 2770 2781
f 2778 2780 2782
f 2774 2777 2775
f 2776 2772 2771
f 2776 2773 2775
f 2772 2783 2769
f 2784 2779 2778
f 2781 2782 2780
f 2784 2778 2782
f 2775 2777 2779
f 2770 2768 2781
f 2769 2783 2765
f 2785 2786 2787
f 2788 2785 2789
f 2790 2791 2792
f 2791 2790 2793
f 2788 2789 2792
f 2792 2789 2790
f 2786 2785 2788
f 2794 2795 2796
f 2786 2795 2787
f 2796 2795 2786
f 2797 2798 2794
f 2798 2799 2800
f 2799 2798 2797
f 2797 2794 2796
f 2801 2802 2803
f 2801 2791 2804
f 2805 2803 2802
f 2806 2805 2807
f 2806 2803 2805
f 2802 2801 2804
f 2800 2799 2808
f 2799 2809 2808
f 2810 2809 2811
f 2812 2810 2811
f 2808 2809 2810
f 2806 2812 2811
f 2806 2807 2812
f 2791 2793 2804
f 2813 2814 2815
f 2816 2815 2814
f 2817 2813 2815
f 2818 2819 2820
f 2821 2822 2818
f 2819 2818 2822
f 2823 2824 2825
f 2826 2825 2824
f 2827 2823 2825
f 2828 2829 2830
f 2831 2832 2828
f 2830 2831 2828
f 2833 2834 2835
f 2834 2833 2836
f 2835 2837 2833
f 2838 2839 2840
f 2839 2838 2841
f 2840 2842 2838
f 2843 2844 2845
f 2845 2844 2846
f 2846 2847 2845
f 2847 2846 2848
f 2849 2850 2851
f 2850 2849 2852
f 2853 2854 2855
f 2854 2853 2856
f 2857 2856 2858
f 2858 2749 2857
f 2852 2859 2860
f 2855 2860 2859
f 2861 2752 2862
f 2862 2851 2861
f 2863 2864 2865
f 2866 2865 2864
f 2867 2868 2869
f 2870 2871 2872
f 2868 2870 2873
f 2874 2875 2876
f 2877 2878 2879
f 2875 2877 2880
f 2871 2874 2881
f 2869 2882 2867
f 2872 2873 2870
f 2869 2868 2873
f 2876 2881 2874
f 2879 2880 2877
f 2876 2875 2880
f 2872 2871 2881
f 2878 2883 2879
f 2867 2882 2884
f 2883 2885 2886
f 2887 2888 2889
f 2885 2887 2890
f 2891 2892 2893
f 2894 2895 2884
f 2892 2894 2896
f 2888 2891 2897
f 2890 2886 2885
f 2890 2887 2889
f 2886 2898 2883
f 2893 2897 2891
f 2884 2896 2894
f 2893 2892 2896
f 2889 2888 2897
f 2895 2867 2884
f 2883 2898 2879
f 2899 2900 2901
f 2902 2899 2903
f 2904 2905 2906
f 2905 2904 2907
f 2902 2903 2906
f 2906 2903 2904
f 2900 2899 2902
f 2908 2909 2910
f 2900 2909 2901
f 2910 2909 2900
f 2911 2912 2908
f 2912 2913 2914
f 2913 2912 2911
f 2911 2908 2910
f 2915 2916 2917
f 2915 2905 2918
f 2919 2917 2916
f 2920 2919 2921
f 2920 2917 2919
f 2916 2915 2918
f 2914 2913 2922
f 2913 2923 2922
f 2924 2923 2925
f 2926 2924 2925
f 2922 2923 2924
f 2920 2926 2925
f 2920 2921 2926
f 2905 2907 2918
f 2927 2928 2929
f 2930 2929 2928
f 2931 2927 2929
f 2932 2933 2934
f 2935 2936 2932
f 2933 2932 2936
f 2937 2938 2939
f 2940 2939 2938
f 2941 2937 2939
f 2942 2943 2944
f 2945 2946 2942
f 2944 2945 2942
f 2947 2948 2949
f 2948 2947 2950
f 2949 2951 2947
f 2952 2953 2954
f 2953 2952 2955
f 2954 2956 2952
f 2957 2958 2959
f 2959 2958 2960
f 2960 2961 2962
f 2961 2960 2958
f 2963 2964 2965
f 2965 2966 2963
f 2967 2968 2969
f 2969 2970 2967
f 2971 2970 2972
f 2972 2863 2971
f 2966 2973 2974
f 2968 2974 2973
f 2975 2866 2976
f 2976 2964 2975
f 6872 6873 6874
f 6875 6876 6877
f 6873 6875 6878
f 6879 6880 6881
f 6882 6883 6884
f 6880 6882 6885
f 6876 6879 6886
f 6878 6874 6873
f 6886 6877 6876
f 6878 6875 6877
f 6887 6881 6880
f 6884 6885 6882
f 6887 6880 6885
f 6886 6879 6881
f 6883 6888 6884
f 6872 6874 6889
f 6890 6891 6892
f 6893 6894 6895
f 6891 6893 6896
f 6897 6898 6899
f 6900 6901 6902
f 6898 6900 6903
f 6894 6897 6895
f 6892 6888 6890
f 6895 6896 6893
f 6892 6891 6896
f 6903 6899 6898
f 6889 6902 6901
f 6903 6900 6902
f 6895 6897 6899
f 6901 6872 6889
f 6890 6888 6883
f 6904 6905 6906
f 6907 6908 6909
f 6905 6907 6910
f 6908 6911 6912
f 6913 6914 6915
f 6912 6911 6914
f 6916 6915 6917
f 6918 6904 6906
f 6910 6907 6909
f 6905 6910 6906
f 6919 6912 6914
f 6916 6913 6915
f 6919 6914 6913
f 6909 6908 6912
f 6917 6920 6916
f 6904 6918 6921
f 6922 6923 6924
f 6925 6926 6927
f 6928 6924 6926
f 6927 6929 6930
f 6931 6932 6921
f 6933 6931 6934
f 6930 6929 6933
f 6922 6920 6923
f 6925 6928 6926
f 6922 6924 6928
f 6930 6933 6935
f 6935 6933 6934
f 6931 6921 6934
f 6925 6927 6930
f 6932 6904 6921
f 6923 6920 6917
f 7011 7012 7013
f 7014 7015 7016
f 7011 7013 7015
f 7017 7018 7019
f 7020 7021 7019
f 7017 7016 7018
f 7022 7021 7020
f 7011 7023 7012
f 7024 7015 7014
f 7015 7024 7011
f 7017 7019 7025
f 7021 7025 7019
f 7026 7021 7022
f 7017 7014 7016
f 7022 7027 7026
f 7012 7023 7028
f 7029 7030 7031
f 7031 7030 7032
f 7033 7032 7027
f 7034 7035 7036
f 7037 7028 7038
f 7029 7034 7036
f 7035 7038 7039
f 7040 7032 7030
f 7027 7032 7040
f 7029 7041 7030
f 7042 7039 7038
f 7042 7038 7028
f 7039 7036 7035
f 7029 7036 7041
f 7037 7012 7028
f 7033 7027 7022
f 7043 7044 7045
f 7046 7047 7048
f 7045 7044 7046
f 7049 7050 7051
f 7052 7053 7049
f 7047 7051 7050
f 7054 7053 7052
f 7045 7055 7043
f 7056 7046 7048
f 7046 7056 7045
f 7050 7049 7057
f 7053 7057 7049
f 7058 7053 7054
f 7050 7048 7047
f 7054 7059 7058
f 7043 7055 7060
f 7061 7059 7062
f 7063 7064 7065
f 7066 7062 7064
f 7067 7068 7069
f 7060 7070 7071
f 7069 7065 7067
f 7071 7072 7068
f 7061 7062 7066
f 7073 7059 7061
f 7064 7063 7066
f 7072 7074 7068
f 7072 7071 7070
f 7074 7069 7068
f 7065 7069 7063
f 7060 7055 7070
f 7059 7073 7058
f 7629 7630 7631
f 7631 7630 7632
f 7630 7633 7632
f 7633 7630 7634
f 7635 7636 7637
f 7636 7635 7638
f 7637 7639 7635
f 7640 7641 7642
f 7641 7640 7643
f 7642 7644 7640
f 7645 7646 7647
f 7648 7649 7645
f 7647 7648 7645
f 7650 7651 7652
f 7653 7652 7651
f 7654 7650 7652
f 7655 7656 7657
f 7658 7659 7655
f 7656 7655 7659
f 7660 7661 7662
f 7663 7662 7661
f 7664 7660 7662
f 7665 7666 7667
f 7667 7668 7665
f 7668 7669 7670
f 7671 7670 7669
f 7672 7671 7673
f 7673 7674 7672
f 7675 7674 7676
f 7676 7677 7675
f 7677 7678 7679
f 7680 7679 7678
f 7681 7682 7680
f 7682 7681 7666
f 7683 7684 7685
f 7686 7683 7687
f 7688 7689 7690
f 7689 7688 7691
f 7686 7687 7690
f 7690 7687 7688
f 7684 7683 7686
f 7692 7693 7694
f 7684 7693 7685
f 7694 7693 7684
f 7695 7696 7692
f 7696 7697 7698
f 7697 7696 7695
f 7695 7692 7694
f 7699 7700 7701
f 7699 7689 7702
f 7703 7701 7700
f 7704 7703 7705
f 7704 7701 7703
f 7700 7699 7702
f 7698 7697 7706
f 7697 7707 7706
f 7708 7707 7709
f 7710 7708 7709
f 7706 7707 7708
f 7704 7710 7709
f 7704 7705 7710
f 7689 7691 7702
f 7711 7712 7713
f 7714 7715 7716
f 7712 7716 7713
f 7717 7718 7719
f 7718 7720 7721
f 7714 7722 7715
f 7721 7723 7722
f 7716 7724 7713
f 7724 7716 7715
f 7713 7725 7711
f 7722 7723 7715
f 7721 7720 7723
f 7720 7718 7726
f 7717 7726 7718
f 7719 7727 7717
f 7711 7725 7728
f 7727 7729 7730
f 7729 7731 7730
f 7732 7731 7733
f 7734 7735 7736
f 7733 7737 7738
f 7737 7734 7738
f 7739 7736 7735
f 7730 7731 7732
f 7740 7732 7733
f 7730 7741 7727
f 7728 7736 7739
f 7738 7734 7742
f 7738 7740 7733
f 7742 7734 7736
f 7739 7711 7728
f 7727 7741 7717
f 7743 7744 7745
f 7745 7744 7746
f 7744 7747 7746
f 7747 7744 7748
f 7749 7750 7751
f 7750 7749 7752
f 7751 7753 7749
f 7754 7755 7756
f 7755 7754 7757
f 7756 7758 7754
f 7759 7760 7761
f 7762 7763 7759
f 7761 7762 7759
f 7764 7765 7766
f 7767 7766 7765
f 7768 7764 7766
f 7769 7770 7771
f 7772 7773 7769
f 7770 7769 7773
f 7774 7775 7776
f 7777 7776 7775
f 7778 7774 7776
f 7779 7780 7781
f 7781 7782 7779
f 7782 7783 7784
f 7785 7784 7783
f 7786 7785 7787
f 7787 7788 7786
f 7789 7788 7790
f 7790 7791 7789
f 7791 7792 7793
f 7794 7793 7792
f 7795 7796 7794
f 7796 7795 7780
f 7797 7798 7799
f 7800 7797 7801
f 7802 7803 7804
f 7803 7802 7805
f 7800 7801 7804
f 7804 7801 7802
f 7798 7797 7800
f 7806 7807 7808
f 7798 7807 7799
f 7808 7807 7798
f 7809 7810 7806
f 7810 7811 7812
f 7811 7810 7809
f 7809 7806 7808
f 7813 7814 7815
f 7813 7803 7816
f 7817 7815 7814
f 7818 7817 7819
f 7818 7815 7817
f 7814 7813 7816
f 7812 7811 7820
f 7811 7821 7820
f 7822 7821 7823
f 7824 7822 7823
f 7820 7821 7822
f 7818 7824 7823
f 7818 7819 7824
f 7803 7805 7816
f 7825 7826 7827
f 7828 7829 7830
f 7826 7830 7827
f 7831 7832 7833
f 7832 7834 7835
f 7828 7836 7829
f 7835 7837 7836
f 7830 7838 7827
f 7838 7830 7829
f 7827 7839 7825
f 7836 7837 7829
f 7835 7834 7837
f 7834 7832 7840
f 7831 7840 7832
f 7833 7841 7831
f 7825 7839 7842
f 7841 7843 7844
f 7843 7845 7844
f 7846 7845 7847
f 7848 7849 7850
f 7847 7851 7852
f 7851 7848 7852
f 7853 7850 7849
f 7844 7845 7846
f 7854 7846 7847
f 7844 7855 7841
f 7842 7850 7853
f 7852 7848 7856
f 7852 7854 7847
f 7856 7848 7850
f 7853 7825 7842
f 7841 7855 7831
f 7857 7858 7859
f 7859 7858 7860
f 7859 7861 7862
f 7861 7859 7860
f 7863 7864 7865
f 7864 7863 7866
f 7865 7867 7863
f 7868 7869 7870
f 7869 7868 7871
f 7870 7872 7868
f 7873 7874 7875
f 7876 7877 7873
f 7875 7876 7873
f 7878 7879 7880
f 7881 7880 7879
f 7882 7878 7880
f 7883 7884 7885
f 7886 7887 7883
f 7884 7883 7887
f 7888 7889 7890
f 7891 7890 7889
f 7892 7888 7890
f 7893 7894 7895
f 7895 7896 7893
f 7896 7897 7898
f 7899 7898 7897
f 7900 7899 7901
f 7901 7902 7900
f 7903 7902 7904
f 7904 7905 7903
f 7905 7906 7907
f 7908 7907 7906
f 7909 7910 7908
f 7910 7909 7894
f 7911 7912 7913
f 7914 7911 7915
f 7916 7917 7918
f 7917 7916 7919
f 7914 7915 7918
f 7918 7915 7916
f 7912 7911 7914
f 7920 7921 7922
f 7912 7921 7913
f 7922 7921 7912
f 7923 7924 7920
f 7924 7925 7926
f 7925 7924 7923
f 7923 7920 7922
f 7927 7928 7929
f 7927 7917 7930
f 7931 7929 7928
f 7932 7931 7933
f 7932 7929 7931
f 7928 7927 7930
f 7926 7925 7934
f 7925 7935 7934
f 7936 7935 7937
f 7936 7937 7938
f 7934 7935 7936
f 7937 7932 7938
f 7932 7933 7938
f 7917 7919 7930
f 7939 7940 7941
f 7941 7940 7942
f 7943 7942 7944
f 7945 7939 7946
f 7947 7948 7946
f 7949 7950 7951
f 7951 7952 7947
f 7944 7942 7953
f 7953 7942 7940
f 7945 7940 7939
f 7947 7954 7948
f 7945 7946 7948
f 7952 7954 7947
f 7951 7950 7952
f 7949 7955 7950
f 7943 7944 7956
f 7957 7958 7959
f 7959 7958 7955
f 7957 7960 7961
f 7962 7963 7964
f 7965 7966 7963
f 7962 7961 7960
f 7965 7956 7966
f 7967 7958 7957
f 7967 7957 7961
f 7958 7968 7955
f 7964 7969 7962
f 7970 7966 7956
f 7964 7963 7966
f 7961 7962 7969
f 7956 7944 7970
f 7955 7968 7950
f 7971 7972 7973
f 7972 7971 7974
f 7975 7976 7977
f 7978 7977 7976
f 7979 7980 7981
f 7981 7982 7979
f 7983 7978 7984
f 7984 7980 7983
f 7985 7986 7974
f 7986 7985 7975
f 7987 7988 7989
f 7989 7988 7990
f 7989 7991 7992
f 7991 7989 7990
f 7993 7994 7995
f 7994 7993 7996
f 7995 7997 7993
f 7998 7999 8000
f 7999 7998 8001
f 8000 8002 7998
f 8003 8004 8005
f 8006 8007 8003
f 8005 8006 8003
f 8008 8009 8010
f 8011 8010 8009
f 8012 8008 8010
f 8013 8014 8015
f 8016 8017 8013
f 8014 8013 8017
f 8018 8019 8020
f 8021 8020 8019
f 8022 8018 8020
f 8023 8024 8025
f 8026 8025 8027
f 8028 8026 8027
f 8028 8029 8030
f 8023 8025 8026
f 8027 8029 8028
f 8024 8023 8031
f 8032 8033 8034
f 8031 8032 8035
f 8036 8034 8033
f 8037 8036 8038
f 8037 8034 8036
f 8033 8032 8031
f 8035 8024 8031
f 8039 8040 8041
f 8030 8040 8028
f 8041 8040 8030
f 8042 8043 8039
f 8043 8044 8045
f 8044 8043 8042
f 8042 8039 8041
f 8046 8038 8047
f 8047 8038 8048
f 8038 8046 8037
f 8049 8045 8050
f 8045 8049 8043
f 8047 8048 8050
f 8050 8048 8049
f 8051 8052 8053
f 8053 8052 8054
f 8055 8054 8056
f 8057 8058 8059
f 8060 8061 8062
f 8063 8051 8058
f 8064 8059 8062
f 8056 8054 8065
f 8065 8054 8052
f 8063 8052 8051
f 8059 8066 8057
f 8063 8058 8057
f 8064 8066 8059
f 8062 8061 8064
f 8060 8067 8061
f 8055 8056 8068
f 8069 8067 8070
f 8071 8072 8073
f 8072 8069 8070
f 8074 8075 8076
f 8076 8077 8074
f 8073 8075 8078
f 8068 8079 8077
f 8080 8069 8072
f 8080 8072 8071
f 8069 8081 8067
f 8074 8078 8075
f 8082 8079 8068
f 8074 8077 8079
f 8071 8073 8078
f 8068 8056 8082
f 8067 8081 8061
f 7982 8083 8084
f 7973 8084 8083
f 8516 8517 8518
f 8518 8517 8519
f 8519 8520 8521
f 8520 8519 8517
f 8522 8523 8524
f 8523 8522 8525
f 8524 8526 8522
f 8527 8528 8529
f 8528 8527 8530
f 8529 8531 8527
f 8532 8533 8534
f 8535 8536 8532
f 8534 8535 8532
f 8537 8538 8539
f 8540 8539 8538
f 8541 8537 8539
f 8542 8543 8544
f 8545 8546 8542
f 8543 8542 8546
f 8547 8548 8549
f 8550 8549 8548
f 8551 8547 8549
f 8552 8553 8554
f 8554 8555 8552
f 8555 8556 8557
f 8558 8557 8556
f 8559 8560 8558
f 8560 8559 8561
f 8562 8561 8563
f 8563 8564 8562
f 8564 8565 8566
f 8567 8566 8565
f 8568 8569 8567
f 8569 8568 8553
f 8570 8571 8572
f 8573 8572 8574
f 8575 8573 8574
f 8575 8576 8577
f 8570 8572 8573
f 8574 8576 8575
f 8571 8570 8578
f 8579 8580 8581
f 8582 8579 8578
f 8583 8581 8580
f 8584 8581 8583
f 8584 8583 8585
f 8580 8579 8582
f 8578 8570 8582
f 8586 8577 8587
f 8588 8577 8576
f 8587 8577 8588
f 8589 8590 8586
f 8590 8591 8592
f 8591 8590 8589
f 8589 8586 8587
f 8585 8593 8594
f 8594 8593 8595
f 8593 8585 8583
f 8592 8596 8597
f 8596 8592 8591
f 8594 8595 8597
f 8597 8595 8592
f 8598 8599 8600
f 8601 8602 8603
f 8604 8600 8602
f 8603 8605 8606
f 8607 8608 8609
f 8610 8607 8611
f 8606 8605 8610
f 8598 8612 8599
f 8601 8604 8602
f 8598 8600 8604
f 8606 8610 8613
f 8613 8610 8611
f 8607 8609 8611
f 8601 8603 8606
f 8608 8614 8609
f 8599 8612 8615
f 8616 8617 8614
f 8618 8619 8620
f 8617 8618 8621
f 8619 8622 8623
f 8624 8625 8626
f 8627 8622 8625
f 8615 8626 8628
f 8614 8617 8629
f 8629 8617 8621
f 8620 8621 8618
f 8620 8619 8623
f 8627 8625 8624
f 8622 8627 8623
f 8626 8615 8624
f 8628 8599 8615
f 8616 8614 8608
f 8630 8631 8632
f 8632 8631 8633
f 8633 8634 8635
f 8634 8633 8631
f 8636 8637 8638
f 8637 8636 8639
f 8638 8640 8636
f 8641 8642 8643
f 8642 8641 8644
f 8643 8645 8641
f 8646 8647 8648
f 8649 8650 8646
f 8648 8649 8646
f 8651 8652 8653
f 8654 8653 8652
f 8655 8651 8653
f 8656 8657 8658
f 8659 8660 8656
f 8657 8656 8660
f 8661 8662 8663
f 8664 8663 8662
f 8665 8661 8663
f 8666 8667 8668
f 8667 8666 8669
f 8669 8670 8671
f 8672 8671 8670
f 8673 8674 8672
f 8674 8673 8675
f 8676 8675 8677
f 8677 8678 8676
f 8678 8679 8680
f 8681 8680 8679
f 8682 8681 8683
f 8683 8668 8682
f 8684 8685 8686
f 8687 8686 8688
f 8689 8687 8688
f 8689 8690 8691
f 8684 8686 8687
f 8688 8690 8689
f 8685 8684 8692
f 8693 8694 8695
f 8696 8693 8692
f 8697 8695 8694
f 8698 8695 8697
f 8698 8697 8699
f 8694 8693 8696
f 8692 8684 8696
f 8700 8691 8701
f 8702 8691 8690
f 8701 8691 8702
f 8703 8704 8700
f 8704 8705 8706
f 8705 8704 8703
f 8703 8700 8701
f 8699 8707 8708
f 8708 8707 8709
f 8707 8699 8697
f 8706 8710 8711
f 8710 8706 8705
f 8708 8709 8711
f 8711 8709 8706
f 8712 8713 8714
f 8715 8716 8717
f 8718 8714 8716
f 8717 8719 8720
f 8721 8722 8723
f 8724 8721 8725
f 8720 8719 8724
f 8712 8726 8713
f 8715 8718 8716
f 8712 8714 8718
f 8720 8724 8727
f 8727 8724 8725
f 8721 8723 8725
f 8715 8717 8720
f 8722 8728 8723
f 8713 8726 8729
f 8730 8731 8728
f 8732 8733 8734
f 8731 8732 8735
f 8733 8736 8737
f 8738 8739 8740
f 8741 8736 8739
f 8729 8740 8742
f 8728 8731 8743
f 8743 8731 8735
f 8734 8735 8732
f 8734 8733 8737
f 8741 8739 8738
f 8736 8741 8737
f 8740 8729 8738
f 8742 8713 8729
f 8730 8728 8722
f 8744 8745 8746
f 8746 8745 8747
f 8747 8748 8749
f 8748 8747 8745
f 8750 8751 8752
f 8751 8750 8753
f 8752 8754 8750
f 8755 8756 8757
f 8756 8755 8758
f 8757 8759 8755
f 8760 8761 8762
f 8763 8764 8760
f 8762 8763 8760
f 8765 8766 8767
f 8768 8767 8766
f 8769 8765 8767
f 8770 8771 8772
f 8773 8774 8770
f 8771 8770 8774
f 8775 8776 8777
f 8778 8777 8776
f 8779 8775 8777
f 8780 8781 8782
f 8781 8780 8783
f 8783 8784 8785
f 8786 8785 8784
f 8787 8788 8786
f 8788 8787 8789
f 8790 8791 8789
f 8791 8790 8792
f 8792 8793 8794
f 8795 8794 8793
f 8796 8795 8797
f 8797 8782 8796
f 8798 8799 8800
f 8801 8800 8802
f 8803 8801 8802
f 8803 8804 8805
f 8798 8800 8801
f 8802 8804 8803
f 8799 8798 8806
f 8807 8808 8809
f 8810 8807 8806
f 8811 8809 8808
f 8812 8811 8813
f 8812 8809 8811
f 8808 8807 8810
f 8806 8798 8810
f 8814 8805 8815
f 8816 8805 8804
f 8815 8805 8816
f 8817 8818 8814
f 8818 8819 8820
f 8819 8818 8817
f 8817 8814 8815
f 8813 8821 8822
f 8822 8821 8823
f 8821 8813 8811
f 8820 8824 8825
f 8824 8820 8819
f 8822 8823 8825
f 8825 8823 8820
f 8826 8827 8828
f 8829 8830 8831
f 8832 8828 8830
f 8831 8833 8834
f 8835 8836 8837
f 8838 8835 8839
f 8834 8833 8838
f 8826 8840 8827
f 8829 8832 8830
f 8826 8828 8832
f 8834 8838 8841
f 8841 8838 8839
f 8835 8837 8839
f 8829 8831 8834
f 8836 8842 8837
f 8827 8840 8843
f 8844 8845 8842
f 8846 8847 8848
f 8845 8846 8849
f 8847 8850 8851
f 8852 8853 8854
f 8855 8850 8853
f 8843 8854 8856
f 8842 8845 8857
f 8857 8845 8849
f 8848 8849 8846
f 8848 8847 8851
f 8855 8853 8852
f 8850 8855 8851
f 8854 8843 8852
f 8856 8827 8843
f 8844 8842 8836
f 8858 8859 8860
f 8860 8859 8861
f 8861 8862 8863
f 8862 8861 8859
f 8864 8865 8866
f 8865 8864 8867
f 8866 8868 8864
f 8869 8870 8871
f 8870 8869 8872
f 8871 8873 8869
f 8874 8875 8876
f 8877 8878 8874
f 8876 8877 8874
f 8879 8880 8881
f 8882 8881 8880
f 8883 8879 8881
f 8884 8885 8886
f 8887 8888 8884
f 8885 8884 8888
f 8889 8890 8891
f 8892 8891 8890
f 8893 8889 8891
f 8894 8895 8896
f 8895 8894 8897
f 8897 8898 8899
f 8900 8899 8898
f 8901 8902 8900
f 8902 8901 8903
f 8904 8903 8905
f 8905 8906 8904
f 8906 8907 8908
f 8909 8908 8907
f 8910 8909 8911
f 8911 8896 8910
f 8912 8913 8914
f 8915 8914 8916
f 8917 8915 8916
f 8917 8918 8919
f 8912 8914 8915
f 8916 8918 8917
f 8913 8912 8920
f 8921 8922 8923
f 8924 8921 8920
f 8925 8923 8922
f 8926 8925 8927
f 8926 8923 8925
f 8922 8921 8924
f 8920 8912 8924
f 8928 8919 8929
f 8930 8919 8918
f 8929 8919 8930
f 8931 8932 8928
f 8932 8933 8934
f 8933 8932 8931
f 8931 8928 8929
f 8927 8935 8936
f 8936 8935 8937
f 8935 8927 8925
f 8934 8938 8939
f 8938 8934 8933
f 8936 8937 8939
f 8939 8937 8934
f 8940 8941 8942
f 8943 8944 8945
f 8943 8942 8944
f 8945 8946 8947
f 8948 8949 8950
f 8951 8948 8952
f 8953 8946 8951
f 8940 8954 8941
f 8947 8943 8945
f 8940 8942 8943
f 8953 8951 8952
f 8952 8948 8950
f 8949 8955 8950
f 8947 8946 8953
f 8949 8956 8955
f 8941 8954 8957
f 8958 8959 8956
f 8960 8961 8962
f 8959 8960 8963
f 8961 8964 8965
f 8966 8967 8968
f 8969 8964 8967
f 8957 8968 8970
f 8956 8959 8971
f 8971 8959 8963
f 8962 8963 8960
f 8962 8961 8965
f 8969 8967 8966
f 8964 8969 8965
f 8968 8957 8966
f 8970 8941 8957
f 8958 8956 8949
f 9432 9433 9434
f 9432 9434 9435
f 9435 9436 9432
f 9437 9433 9438
f 9432 9438 9433
f 9439 9440 9432
f 9435 9441 9436
f 9439 9436 9442
f 9443 9444 9442
f 9445 9442 9444
f 9446 9447 9439
f 9447 9440 9439
f 9442 9445 9439
f 9439 9432 9436
f 9448 9449 9450
f 9451 9452 9453
f 9454 9449 9453
f 9455 9456 9457
f 9458 9459 9460
f 9456 9459 9461
f 9455 9457 9451
f 9454 9450 9449
f 9462 9454 9453
f 9452 9462 9453
f 9456 9461 9457
f 9452 9451 9457
f 9463 9459 9458
f 9463 9461 9459
f 9460 9464 9458
f 9448 9450 9465
f 9466 9467 9468
f 9469 9466 9470
f 9471 9467 9472
f 9473 9474 9475
f 9476 9472 9477
f 9474 9465 9478
f 9479 9477 9473
f 9466 9468 9470
f 9467 9471 9468
f 9470 9464 9469
f 9476 9471 9472
f 9475 9479 9473
f 9474 9478 9475
f 9479 9476 9477
f 9465 9450 9478
f 9469 9464 9460
f 9514 9515 9516
f 9516 9517 9514
f 9516 9518 9517
f 9519 9515 9514
f 9517 9520 9514
f 9521 9522 9520
f 9518 9523 9517
f 9521 9524 9522
f 9525 9526 9521
f 9524 9521 9526
f 9527 9528 9529
f 9528 9522 9529
f 9524 9529 9522
f 9520 9517 9521
f 9530 9531 9532
f 9532 9533 9534
f 9535 9530 9536
f 9537 9538 9539
f 9540 9541 9542
f 9538 9541 9539
f 9538 9537 9536
f 9536 9537 9535
f 9530 9543 9531
f 9530 9535 9543
f 9531 9533 9532
f 9539 9541 9540
f 9544 9542 9545
f 9544 9540 9542
f 9542 9546 9545
f 9534 9533 9547
f 9546 9548 9549
f 9550 9551 9552
f 9548 9551 9553
f 9554 9552 9555
f 9556 9557 9558
f 9559 9555 9560
f 9550 9553 9551
f 9554 9550 9552
f 9549 9548 9553
f 9556 9558 9561
f 9558 9557 9547
f 9559 9560 9562
f 9558 9562 9561
f 9559 9554 9555
f 9561 9562 9560
f 9557 9534 9547
f 9546 9549 9545
f 9563 9564 9565
f 9563 9565 9566
f 9566 9567 9563
f 9568 9564 9569
f 9563 9569 9564
f 9570 9571 9563
f 9566 9572 9567
f 9570 9567 9573
f 9574 9575 9573
f 9576 9573 9575
f 9577 9578 9570
f 9578 9571 9570
f 9573 9576 9570
f 9570 9563 9567
f 9579 9580 9581
f 9582 9583 9584
f 9585 9580 9584
f 9586 9587 9588
f 9589 9590 9591
f 9587 9590 9592
f 9586 9588 9582
f 9585 9581 9580
f 9593 9585 9584
f 9583 9593 9584
f 9588 9587 9592
f 9594 9592 9590
f 9589 9594 9590
f 9582 9588 9583
f 9591 9595 9589
f 9579 9581 9596
f 9597 9598 9599
f 9600 9597 9601
f 9602 9598 9603
f 9604 9605 9606
f 9607 9603 9608
f 9605 9596 9609
f 9610 9608 9604
f 9600 9601 9595
f 9602 9599 9598
f 9601 9597 9599
f 9607 9602 9603
f 9606 9610 9604
f 9610 9607 9608
f 9609 9606 9605
f 9596 9581 9609
f 9600 9595 9591
f 9645 9646 9647
f 9647 9648 9645
f 9647 9649 9648
f 9650 9646 9645
f 9648 9651 9645
f 9652 9653 9651
f 9649 9654 9648
f 9652 9655 9653
f 9656 9657 9652
f 9655 9652 9657
f 9658 9659 9660
f 9659 9653 9660
f 9655 9660 9653
f 9651 9648 9652
f 9661 9662 9663
f 9663 9664 9665
f 9666 9661 9667
f 9668 9669 9670
f 9671 9672 9673
f 9669 9672 9670
f 9669 9668 9667
f 9667 9668 9666
f 9661 9674 9662
f 9661 9666 9674
f 9662 9664 9663
f 9670 9672 9671
f 9675 9673 9676
f 9675 9671 9673
f 9673 9677 9676
f 9665 9664 9678
f 9677 9679 9680
f 9681 9682 9683
f 9679 9682 9684
f 9685 9683 9686
f 9687 9678 9688
f 9689 9686 9690
f 9681 9684 9682
f 9685 9681 9683
f 9680 9679 9684
f 9691 9692 9693
f 9691 9689 9690
f 9692 9687 9693
f 9687 9688 9693
f 9689 9685 9686
f 9692 9691 9690
f 9678 9664 9688
f 9677 9680 9676
f 9824 9825 9826
f 9824 9826 9827
f 9828 9829 9826
f 9830 9824 9831
f 9827 9831 9824
f 9829 9827 9826
f 9826 9832 9833
f 9826 9834 9828
f 9834 9835 9836
f 9837 9836 9835
f 9838 9839 9828
f 9839 9829 9828
f 9834 9836 9828
f 9826 9833 9834
f 9840 9841 9842
f 9843 9842 9844
f 9845 9844 9846
f 9847 9848 9849
f 9850 9847 9851
f 9848 9852 9853
f 9846 9850 9851
f 9843 9840 9842
f 9845 9843 9844
f 9854 9845 9846
f 9851 9854 9846
f 9847 9855 9851
f 9855 9847 9849
f 9853 9849 9848
f 9852 9856 9853
f 9841 9840 9857
f 9858 9859 9860
f 9859 9858 9861
f 9862 9861 9863
f 9864 9857 9865
f 9866 9867 9868
f 9864 9869 9867
f 9860 9866 9870
f 9861 9858 9863
f 9860 9870 9858
f 9863 9856 9862
f 9867 9869 9868
f 9870 9866 9871
f 9866 9868 9871
f 9865 9869 9864
f 9857 9840 9865
f 9862 9856 9852
f 9906 9907 9908
f 9909 9908 9910
f 9911 9909 9910
f 9912 9907 9906
f 9906 9908 9913
f 9908 9909 9913
f 9910 9914 9911
f 9915 9911 9916
f 9915 9916 9917
f 9918 9917 9919
f 9920 9921 9915
f 9921 9909 9915
f 9917 9918 9915
f 9915 9909 9911
f 9922 9923 9924
f 9925 9922 9924
f 9922 9925 9926
f 9924 9923 9927
f 9928 9929 9930
f 9930 9931 9932
f 9933 9923 9929
f 9934 9931 9935
f 9933 9927 9923
f 9933 9929 9928
f 9931 9934 9936
f 9932 9931 9936
f 9932 9928 9930
f 9937 9934 9935
f 9935 9938 9937
f 9926 9925 9939
f 9940 9938 9941
f 9942 9943 9944
f 9945 9941 9943
f 9946 9947 9948
f 9947 9939 9949
f 9942 9944 9950
f 9940 9941 9945
f 9951 9942 9950
f 9945 9943 9942
f 9952 9953 9951
f 9953 9952 9954
f 9954 9952 9946
f 9954 9946 9948
f 9947 9949 9948
f 9951 9950 9952
f 9939 9925 9949
f 9938 9940 9937
f 10120 10121 10122
f 10123 10124 10125
f 10121 10124 10126
f 10127 10128 10129
f 10130 10131 10132
f 10125 10129 10128
f 10133 10127 10132
f 10126 10124 10123
f 10122 10121 10134
f 10134 10121 10126
f 10127 10133 10135
f 10127 10135 10128
f 10128 10123 10125
f 10131 10133 10132
f 10130 10136 10131
f 10120 10122 10137
f 10136 10138 10139
f 10140 10141 10142
f 10143 10139 10140
f 10144 10145 10146
f 10137 10147 10148
f 10141 10145 10144
f 10149 10146 10148
f 10139 10150 10136
f 10139 10143 10150
f 10140 10142 10143
f 10146 10149 10151
f 10146 10151 10144
f 10144 10142 10141
f 10149 10148 10147
f 10137 10122 10147
f 10138 10136 10130
f 10152 10153 10154
f 10155 10156 10157
f 10153 10155 10158
f 10159 10160 10161
f 10162 10163 10160
f 10164 10159 10165
f 10156 10164 10166
f 10154 10153 10158
f 10157 10156 10167
f 10155 10157 10158
f 10164 10165 10166
f 10166 10167 10156
f 10165 10159 10161
f 10161 10160 10163
f 10162 10168 10163
f 10152 10154 10169
f 10170 10171 10172
f 10173 10174 10175
f 10176 10172 10173
f 10177 10178 10179
f 10180 10181 10169
f 10178 10180 10182
f 10174 10177 10183
f 10170 10168 10171
f 10176 10170 10172
f 10175 10176 10173
f 10175 10174 10183
f 10179 10178 10182
f 10177 10179 10183
f 10180 10169 10182
f 10181 10152 10169
f 10171 10168 10162
f 10248 10249 10250
f 10251 10252 10253
f 10254 10250 10251
f 10255 10256 10257
f 10258 10259 10256
f 10252 10260 10261
f 10262 10260 10255
f 10253 10254 10251
f 10253 10252 10261
f 10254 10248 10250
f 10255 10257 10262
f 10262 10261 10260
f 10257 10256 10263
f 10263 10256 10259
f 10258 10264 10259
f 10249 10248 10265
f 10264 10266 10267
f 10268 10269 10270
f 10271 10267 10268
f 10272 10273 10274
f 10265 10275 10273
f 10269 10276 10277
f 10278 10276 10272
f 10264 10267 10271
f 10270 10269 10277
f 10268 10270 10271
f 10272 10274 10278
f 10274 10273 10279
f 10279 10273 10275
f 10276 10278 10277
f 10265 10248 10275
f 10266 10264 10258
f 10280 10281 10282
f 10283 10280 10284
f 10282 10281 10285
f 10286 10285 10287
f 10288 10289 10290
f 10291 10287 10289
f 10292 10290 10293
f 10286 10282 10285
f 10284 10280 10294
f 10294 10280 10282
f 10295 10291 10289
f 10292 10288 10290
f 10295 10289 10288
f 10286 10287 10291
f 10293 10296 10292
f 10283 10284 10297
f 10298 10299 10300
f 10301 10302 10303
f 10304 10300 10302
f 10305 10306 10307
f 10307 10308 10309
f 10303 10306 10310
f 10308 10311 10309
f 10298 10296 10299
f 10301 10304 10302
f 10298 10300 10304
f 10305 10310 10306
f 10297 10309 10311
f 10305 10307 10309
f 10301 10303 10310
f 10311 10283 10297
f 10299 10296 10293
usemtl Diffuse_2
f 1934 1935 1936
f 1936 1937 1938
f 1939 1935 1940
f 1941 1942 1943
f 1944 1945 1943
f 1941 1937 1942
f 1946 1947 1944
f 1948 1936 1938
f 1940 1935 1934
f 1934 1936 1948
f 1943 1949 1941
f 1941 1938 1937
f 1945 1944 1947
f 1949 1943 1945
f 1946 1950 1947
f 1939 1940 1951
f 1952 1953 1954
f 1954 1955 1956
f 1957 1953 1950
f 1958 1959 1960
f 1960 1961 1962
f 1958 1955 1959
f 1963 1961 1951
f 1956 1955 1964
f 1950 1953 1952
f 1952 1954 1956
f 1963 1962 1961
f 1958 1960 1965
f 1964 1955 1958
f 1962 1965 1960
f 1951 1940 1963
f 1957 1950 1946
f 1966 1967 1968
f 1966 1968 1969
f 1969 1970 1966
f 1971 1966 1972
f 1973 1972 1966
f 1973 1966 1970
f 1969 1974 1975
f 1975 1976 1977
f 1978 1977 1976
f 1975 1977 1970
f 1973 1970 1979
f 1980 1970 1977
f 1981 1980 1977
f 1970 1969 1975
f 1982 1983 1984
f 1985 1984 1983
f 1986 1982 1984
f 1987 1988 1989
f 1990 1991 1987
f 1989 1990 1987
f 1992 1993 1994
f 1993 1992 1995
f 1994 1996 1992
f 1997 1998 1999
f 1998 1997 2000
f 1999 2001 1997
f 2002 2003 2004
f 2005 2004 2003
f 2006 2002 2004
f 2007 2008 2009
f 2010 2011 2007
f 2008 2007 2011
f 2012 2013 2014
f 2013 2012 2015
f 2015 2016 2017
f 2015 2017 2013
f 2018 2019 2020
f 2019 2018 2021
f 2022 2023 2024
f 2024 2020 2022
f 2025 2026 2027
f 2023 2027 2026
f 2028 2029 2030
f 2030 2025 2028
f 2031 2032 2033
f 2032 2031 2029
f 2034 2035 2036
f 2037 2035 2034
f 2038 2034 2036
f 2039 2040 2041
f 2041 2037 2039
f 2039 2042 2040
f 2035 2037 2041
f 2043 2038 2044
f 2036 2044 2038
f 2045 2038 2043
f 2046 2047 2045
f 2047 2046 2048
f 2049 2047 2048
f 2043 2046 2045
f 2050 2051 2052
f 2042 2051 2050
f 2052 2053 2054
f 2055 2056 2053
f 2054 2053 2056
f 2050 2052 2054
f 2057 2049 2058
f 2059 2049 2057
f 2048 2058 2049
f 2060 2055 2061
f 2053 2061 2055
f 2060 2059 2057
f 2061 2059 2060
f 2042 2039 2051
f 2062 2063 2064
f 2065 2066 2067
f 2064 2067 2062
f 2065 2067 2064
f 2066 2065 2068
f 2063 2069 2064
f 2070 2071 2064
f 2070 2069 2072
f 2073 2070 2074
f 2070 2073 2071
f 2065 2064 2075
f 2075 2064 2071
f 2069 2070 2064
f 2076 2066 2077
f 2066 2076 2067
f 2078 2077 2079
f 2080 2078 2081
f 2078 2080 2077
f 2078 2082 2081
f 2077 2066 2079
f 2079 2066 2068
f 2083 2078 2084
f 2085 2082 2083
f 2078 2083 2082
f 2085 2083 2086
f 2084 2078 2079
f 2074 2072 2087
f 2074 2070 2072
f 2088 2087 2072
f 2089 2090 2088
f 2088 2072 2091
f 2091 2072 2092
f 2089 2091 2093
f 2089 2088 2091
f 2089 2093 2094
f 2092 2072 2095
f 2069 2095 2072
f 2090 2089 2096
f 2085 2086 2097
f 2098 2096 2099
f 2097 2098 2099
f 2100 2085 2097
f 2100 2097 2099
f 2085 2100 2101
f 2096 2094 2099
f 2102 2099 2103
f 2103 2099 2094
f 2096 2089 2094
f 2085 2101 2082
f 2102 2100 2099
f 2104 2105 2106
f 2107 2108 2109
f 2105 2107 2110
f 2111 2112 2113
f 2114 2115 2116
f 2112 2114 2117
f 2108 2111 2118
f 2110 2106 2105
f 2119 2109 2108
f 2110 2107 2109
f 2113 2118 2111
f 2116 2117 2114
f 2113 2112 2117
f 2119 2108 2118
f 2115 2120 2116
f 2104 2106 2121
f 2122 2123 2120
f 2124 2125 2126
f 2123 2124 2127
f 2128 2129 2130
f 2131 2132 2121
f 2129 2131 2133
f 2125 2128 2134
f 2135 2120 2123
f 2126 2127 2124
f 2135 2123 2127
f 2130 2134 2128
f 2121 2133 2131
f 2130 2129 2133
f 2126 2125 2134
f 2132 2104 2121
f 2122 2120 2115
f 2021 2136 2137
f 2033 2137 2136
f 2138 2139 2140
f 2141 2140 2142
f 2143 2142 2144
f 2144 2145 2146
f 2147 2148 2149
f 2146 2145 2150
f 2151 2150 2147
f 2140 2152 2138
f 2152 2140 2141
f 2142 2143 2141
f 2150 2151 2146
f 2143 2144 2146
f 2153 2147 2149
f 2153 2151 2147
f 2148 2154 2149
f 2139 2138 2155
f 2156 2157 2158
f 2157 2159 2160
f 2161 2156 2154
f 2162 2163 2164
f 2155 2165 2163
f 2159 2166 2167
f 2162 2167 2166
f 2168 2157 2160
f 2154 2156 2158
f 2158 2157 2168
f 2160 2159 2167
f 2165 2155 2169
f 2162 2164 2167
f 2163 2165 2164
f 2155 2138 2169
f 2161 2154 2148
f 2170 2171 2172
f 2170 2172 2173
f 2173 2172 2174
f 2175 2173 2176
f 2177 2176 2173
f 2177 2173 2178
f 2173 2174 2179
f 2180 2179 2174
f 2181 2173 2179
f 2181 2179 2182
f 2183 2178 2184
f 2181 2184 2178
f 2173 2181 2178
f 2174 2185 2180
f 2186 2187 2188
f 2189 2188 2187
f 2190 2186 2188
f 2191 2192 2193
f 2194 2195 2191
f 2193 2194 2191
f 2196 2197 2198
f 2197 2196 2199
f 2198 2200 2196
f 2201 2202 2203
f 2202 2201 2204
f 2203 2205 2201
f 2206 2207 2208
f 2209 2208 2207
f 2210 2206 2208
f 2211 2212 2213
f 2214 2215 2211
f 2212 2211 2215
f 2216 2217 2218
f 2217 2216 2219
f 2217 2220 2221
f 2217 2221 2218
f 2222 2223 2224
f 2224 2225 2222
f 2226 2227 2228
f 2228 2223 2226
f 2229 2230 2231
f 2227 2231 2230
f 2232 2233 2234
f 2234 2229 2232
f 2235 2236 2237
f 2237 2238 2235
f 2239 2240 2241
f 2242 2240 2239
f 2243 2239 2241
f 2244 2245 2246
f 2246 2242 2244
f 2244 2247 2245
f 2240 2242 2246
f 2248 2243 2249
f 2241 2249 2243
f 2250 2243 2248
f 2251 2252 2250
f 2252 2251 2253
f 2254 2252 2253
f 2248 2251 2250
f 2255 2256 2257
f 2247 2256 2255
f 2257 2258 2259
f 2260 2261 2258
f 2259 2258 2261
f 2255 2257 2259
f 2262 2254 2263
f 2264 2254 2262
f 2253 2263 2254
f 2265 2260 2266
f 2258 2266 2260
f 2265 2264 2262
f 2266 2264 2265
f 2247 2244 2256
f 2267 2268 2269
f 2270 2271 2272
f 2269 2272 2267
f 2270 2272 2269
f 2271 2270 2273
f 2268 2274 2269
f 2275 2276 2277
f 2276 2278 2269
f 2279 2276 2274
f 2276 2275 2278
f 2270 2269 2280
f 2280 2269 2278
f 2274 2276 2269
f 2281 2271 2282
f 2271 2281 2272
f 2283 2282 2284
f 2285 2283 2286
f 2283 2285 2282
f 2283 2287 2286
f 2282 2271 2284
f 2284 2271 2273
f 2288 2283 2289
f 2287 2283 2288
f 2288 2290 2287
f 2291 2290 2288
f 2289 2283 2284
f 2277 2279 2292
f 2277 2276 2279
f 2293 2292 2279
f 2294 2295 2293
f 2293 2279 2296
f 2296 2279 2297
f 2294 2296 2298
f 2294 2293 2296
f 2294 2298 2299
f 2297 2279 2300
f 2274 2300 2279
f 2295 2294 2301
f 2302 2301 2303
f 2304 2302 2303
f 2304 2303 2305
f 2305 2290 2304
f 2290 2305 2306
f 2304 2290 2291
f 2301 2299 2303
f 2307 2303 2308
f 2308 2303 2299
f 2301 2294 2299
f 2290 2306 2287
f 2307 2305 2303
f 2309 2310 2311
f 2312 2313 2314
f 2310 2312 2315
f 2316 2317 2318
f 2319 2320 2321
f 2317 2319 2322
f 2313 2316 2323
f 2315 2311 2310
f 2314 2324 2312
f 2315 2312 2324
f 2318 2323 2316
f 2321 2322 2319
f 2318 2317 2322
f 2314 2313 2323
f 2325 2326 2320
f 2309 2311 2327
f 2325 2328 2326
f 2329 2330 2331
f 2328 2329 2332
f 2333 2334 2335
f 2336 2327 2337
f 2334 2336 2338
f 2330 2333 2339
f 2326 2328 2340
f 2340 2328 2332
f 2331 2332 2329
f 2331 2330 2339
f 2335 2334 2338
f 2333 2335 2339
f 2336 2337 2338
f 2327 2311 2337
f 2326 2321 2320
f 2225 2341 2342
f 2236 2342 2341
f 2977 2978 2979
f 2978 2980 2981
f 2982 2981 2983
f 2984 2985 2986
f 2979 2987 2988
f 2987 2984 2989
f 2990 2986 2985
f 2978 2977 2991
f 2991 2980 2978
f 2983 2981 2980
f 2984 2986 2989
f 2987 2989 2988
f 2977 2979 2988
f 2992 2986 2990
f 2990 2993 2992
f 2982 2983 2994
f 2995 2993 2996
f 2997 2998 2999
f 2998 3000 2996
f 3001 3002 2994
f 3002 3003 3004
f 3005 2999 3006
f 3004 3007 3006
f 2996 3000 2995
f 3000 2998 3008
f 2998 2997 3008
f 2997 2999 3005
f 3001 3003 3002
f 3007 3004 3003
f 3006 3007 3005
f 2994 2983 3001
f 2993 2995 2992
f 3009 3010 3011
f 3012 3009 3013
f 3009 3011 3013
f 3014 3015 3012
f 3012 3015 3009
f 3012 3013 3016
f 3011 3017 3018
f 3018 3019 3020
f 3018 3020 3013
f 3021 3020 3022
f 3016 3013 3023
f 3024 3013 3020
f 3021 3024 3020
f 3013 3011 3018
f 3025 3026 3027
f 3028 3027 3026
f 3029 3025 3027
f 3030 3031 3032
f 3033 3034 3030
f 3032 3033 3030
f 3035 3036 3037
f 3036 3035 3038
f 3037 3039 3035
f 3040 3041 3042
f 3041 3040 3043
f 3042 3044 3040
f 3045 3046 3047
f 3048 3047 3046
f 3049 3045 3047
f 3050 3051 3052
f 3053 3054 3050
f 3051 3050 3054
f 3055 3056 3057
f 3057 3056 3058
f 3058 3059 3060
f 3059 3058 3056
f 3061 3062 3063
f 3063 3064 3061
f 3065 3066 3067
f 3067 3062 3065
f 3068 3069 3070
f 3066 3070 3069
f 3071 3072 3073
f 3073 3068 3071
f 3074 3075 3076
f 3075 3074 3072
f 3077 3078 3079
f 3080 3078 3077
f 3081 3077 3079
f 3082 3083 3084
f 3084 3080 3082
f 3082 3085 3083
f 3078 3080 3084
f 3086 3081 3087
f 3079 3087 3081
f 3088 3081 3086
f 3089 3090 3088
f 3090 3089 3091
f 3092 3090 3091
f 3086 3089 3088
f 3093 3094 3095
f 3085 3094 3093
f 3095 3096 3097
f 3098 3099 3096
f 3097 3096 3099
f 3093 3095 3097
f 3100 3092 3101
f 3102 3092 3100
f 3091 3101 3092
f 3103 3098 3104
f 3096 3104 3098
f 3103 3102 3100
f 3104 3102 3103
f 3085 3082 3094
f 3105 3106 3107
f 3108 3109 3110
f 3107 3110 3105
f 3108 3110 3107
f 3109 3108 3111
f 3106 3112 3107
f 3113 3114 3107
f 3113 3112 3115
f 3116 3113 3117
f 3113 3116 3114
f 3108 3107 3118
f 3118 3107 3114
f 3112 3113 3107
f 3119 3109 3120
f 3109 3119 3110
f 3121 3120 3122
f 3123 3121 3124
f 3121 3123 3120
f 3121 3125 3124
f 3120 3109 3122
f 3122 3109 3111
f 3126 3121 3127
f 3128 3125 3126
f 3121 3126 3125
f 3128 3126 3129
f 3127 3121 3122
f 3117 3115 3130
f 3117 3113 3115
f 3131 3130 3115
f 3132 3133 3131
f 3131 3115 3134
f 3134 3115 3135
f 3132 3134 3136
f 3132 3131 3134
f 3132 3136 3137
f 3135 3115 3138
f 3112 3138 3115
f 3133 3132 3139
f 3128 3129 3140
f 3141 3139 3142
f 3140 3141 3142
f 3143 3128 3140
f 3143 3140 3142
f 3128 3143 3144
f 3139 3137 3142
f 3145 3142 3146
f 3146 3142 3137
f 3139 3132 3137
f 3128 3144 3125
f 3145 3143 3142
f 3147 3148 3149
f 3150 3151 3152
f 3148 3150 3152
f 3153 3154 3155
f 3156 3157 3158
f 3154 3156 3159
f 3151 3153 3160
f 3149 3161 3147
f 3160 3152 3151
f 3149 3148 3152
f 3159 3155 3154
f 3162 3158 3157
f 3159 3156 3158
f 3160 3153 3155
f 3157 3163 3162
f 3147 3161 3164
f 3163 3165 3166
f 3167 3168 3169
f 3165 3169 3168
f 3170 3167 3171
f 3172 3173 3174
f 3175 3171 3173
f 3164 3174 3176
f 3166 3177 3163
f 3170 3168 3167
f 3166 3165 3168
f 3178 3175 3173
f 3164 3172 3174
f 3178 3173 3172
f 3170 3171 3175
f 3176 3147 3164
f 3163 3177 3162
f 3064 3179 3180
f 3076 3180 3179
f 3181 3182 3183
f 3184 3185 3186
f 3182 3184 3187
f 3188 3189 3190
f 3185 3191 3192
f 3189 3193 3194
f 3195 3191 3188
f 3187 3184 3186
f 3185 3192 3186
f 3187 3183 3182
f 3194 3196 3189
f 3192 3191 3195
f 3196 3190 3189
f 3190 3195 3188
f 3193 3197 3194
f 3181 3183 3198
f 3199 3200 3201
f 3201 3202 3203
f 3204 3203 3197
f 3205 3206 3207
f 3208 3198 3209
f 3199 3206 3205
f 3207 3208 3210
f 3201 3200 3202
f 3199 3211 3200
f 3202 3197 3203
f 3210 3205 3207
f 3212 3210 3208
f 3208 3209 3212
f 3199 3205 3211
f 3198 3183 3209
f 3204 3197 3193
f 3213 3214 3215
f 3216 3213 3217
f 3215 3218 3213
f 3219 3213 3220
f 3221 3220 3213
f 3216 3221 3213
f 3215 3222 3223
f 3223 3224 3218
f 3225 3213 3218
f 3225 3217 3213
f 3226 3217 3227
f 3227 3217 3225
f 3225 3228 3227
f 3215 3223 3218
f 3229 3230 3231
f 3232 3231 3230
f 3233 3229 3231
f 3234 3235 3236
f 3237 3238 3234
f 3236 3237 3234
f 3239 3240 3241
f 3240 3239 3242
f 3241 3243 3239
f 3244 3245 3246
f 3245 3244 3247
f 3246 3248 3244
f 3249 3250 3251
f 3252 3251 3250
f 3253 3249 3251
f 3254 3255 3256
f 3257 3258 3254
f 3255 3254 3258
f 3259 3260 3261
f 3261 3260 3262
f 3260 3263 3262
f 3263 3260 3264
f 3265 3266 3267
f 3266 3265 3268
f 3269 3270 3271
f 3271 3267 3269
f 3272 3273 3274
f 3270 3274 3273
f 3275 3276 3277
f 3276 3275 3272
f 3278 3279 3280
f 3279 3278 3277
f 3281 3282 3283
f 3284 3282 3281
f 3285 3281 3283
f 3286 3287 3288
f 3288 3284 3286
f 3286 3289 3287
f 3282 3284 3288
f 3290 3285 3291
f 3283 3291 3285
f 3292 3285 3290
f 3293 3294 3292
f 3294 3293 3295
f 3296 3294 3295
f 3290 3293 3292
f 3297 3298 3299
f 3289 3298 3297
f 3299 3300 3301
f 3302 3303 3300
f 3301 3300 3303
f 3297 3299 3301
f 3304 3296 3305
f 3306 3296 3304
f 3295 3305 3296
f 3307 3302 3308
f 3300 3308 3302
f 3307 3306 3304
f 3308 3306 3307
f 3289 3286 3298
f 3309 3310 3311
f 3312 3313 3314
f 3311 3314 3309
f 3312 3314 3311
f 3313 3312 3315
f 3310 3316 3311
f 3311 3317 3318
f 3317 3316 3319
f 3318 3317 3320
f 3312 3311 3321
f 3321 3311 3318
f 3316 3317 3311
f 3322 3313 3323
f 3313 3322 3314
f 3324 3323 3325
f 3326 3324 3327
f 3324 3326 3323
f 3324 3328 3327
f 3323 3313 3325
f 3329 3328 3330
f 3331 3324 3332
f 3330 3328 3331
f 3333 3330 3331
f 3313 3315 3325
f 3332 3324 3325
f 3334 3320 3317
f 3334 3319 3335
f 3334 3317 3319
f 3336 3335 3319
f 3319 3337 3336
f 3337 3319 3338
f 3339 3337 3340
f 3339 3336 3337
f 3339 3340 3341
f 3338 3319 3342
f 3316 3342 3319
f 3343 3336 3339
f 3344 3345 3341
f 3346 3345 3344
f 3347 3344 3348
f 3333 3347 3330
f 3344 3347 3346
f 3349 3348 3344
f 3343 3339 3345
f 3349 3344 3350
f 3350 3344 3341
f 3339 3341 3345
f 3348 3330 3347
f 3328 3324 3331
f 3329 3330 3348
f 3351 3352 3353
f 3354 3355 3356
f 3352 3354 3357
f 3358 3359 3360
f 3361 3362 3363
f 3359 3361 3360
f 3355 3358 3364
f 3353 3365 3351
f 3356 3357 3354
f 3353 3352 3357
f 3360 3364 3358
f 3366 3363 3362
f 3360 3361 3363
f 3356 3355 3364
f 3362 3367 3366
f 3351 3365 3368
f 3369 3370 3371
f 3372 3373 3374
f 3370 3374 3371
f 3375 3376 3377
f 3377 3378 3379
f 3380 3372 3376
f 3378 3368 3379
f 3371 3367 3369
f 3373 3381 3374
f 3371 3374 3381
f 3375 3380 3376
f 3382 3379 3368
f 3375 3377 3379
f 3373 3372 3380
f 3368 3365 3382
f 3369 3367 3362
f 3268 3383 3384
f 3280 3384 3383
f 7402 7403 7404
f 7404 7403 7405
f 7405 7406 7407
f 7406 7405 7403
f 7408 7409 7410
f 7409 7408 7411
f 7410 7412 7408
f 7413 7414 7415
f 7414 7413 7416
f 7415 7417 7413
f 7418 7419 7420
f 7421 7422 7418
f 7420 7421 7418
f 7423 7424 7425
f 7426 7425 7424
f 7427 7423 7425
f 7428 7429 7430
f 7431 7432 7428
f 7429 7428 7432
f 7433 7434 7435
f 7436 7435 7434
f 7437 7433 7435
f 7438 7439 7440
f 7439 7438 7441
f 7441 7442 7443
f 7444 7443 7442
f 7445 7444 7446
f 7446 7447 7445
f 7448 7447 7449
f 7449 7450 7448
f 7450 7451 7452
f 7453 7452 7451
f 7454 7453 7455
f 7455 7440 7454
f 7456 7457 7458
f 7459 7456 7460
f 7461 7462 7463
f 7459 7460 7461
f 7461 7460 7462
f 7457 7456 7459
f 7464 7465 7466
f 7467 7464 7468
f 7457 7467 7468
f 7465 7469 7466
f 7467 7465 7464
f 7468 7458 7457
f 7466 7469 7470
f 7463 7462 7471
f 7472 7463 7473
f 7474 7472 7475
f 7476 7474 7475
f 7477 7476 7478
f 7477 7474 7476
f 7475 7472 7473
f 7463 7471 7473
f 7470 7469 7479
f 7469 7480 7479
f 7481 7480 7482
f 7481 7482 7483
f 7479 7480 7481
f 7482 7477 7483
f 7477 7478 7483
f 7484 7485 7486
f 7487 7488 7489
f 7490 7485 7487
f 7491 7492 7493
f 7492 7494 7495
f 7496 7497 7493
f 7498 7488 7495
f 7490 7487 7489
f 7499 7484 7486
f 7486 7485 7490
f 7495 7494 7498
f 7498 7489 7488
f 7491 7494 7492
f 7493 7497 7491
f 7500 7497 7496
f 7496 7501 7500
f 7484 7499 7502
f 7503 7504 7505
f 7504 7506 7507
f 7501 7507 7508
f 7505 7509 7510
f 7511 7512 7513
f 7514 7511 7515
f 7516 7509 7514
f 7506 7508 7507
f 7503 7506 7504
f 7510 7503 7505
f 7514 7515 7516
f 7510 7509 7516
f 7517 7511 7513
f 7517 7515 7511
f 7512 7502 7513
f 7512 7484 7502
f 7501 7508 7500
f 7518 7519 7520
f 7520 7519 7521
f 7521 7522 7523
f 7522 7521 7519
f 7524 7525 7526
f 7525 7524 7527
f 7526 7528 7524
f 7529 7530 7531
f 7530 7529 7532
f 7531 7533 7529
f 7534 7535 7536
f 7537 7538 7534
f 7536 7537 7534
f 7539 7540 7541
f 7542 7541 7540
f 7543 7539 7541
f 7544 7545 7546
f 7547 7548 7544
f 7545 7544 7548
f 7549 7550 7551
f 7552 7551 7550
f 7553 7549 7551
f 7554 7555 7556
f 7556 7557 7554
f 7557 7558 7559
f 7560 7559 7558
f 7561 7560 7562
f 7562 7563 7561
f 7564 7563 7565
f 7565 7566 7564
f 7566 7567 7568
f 7569 7568 7567
f 7570 7569 7571
f 7571 7555 7570
f 7572 7573 7574
f 7575 7572 7576
f 7577 7578 7579
f 7578 7577 7580
f 7575 7576 7579
f 7579 7576 7577
f 7573 7572 7575
f 7581 7582 7583
f 7584 7581 7585
f 7573 7584 7585
f 7582 7586 7583
f 7584 7582 7581
f 7585 7574 7573
f 7583 7586 7587
f 7588 7589 7590
f 7588 7578 7591
f 7592 7590 7589
f 7593 7592 7594
f 7593 7590 7592
f 7589 7588 7591
f 7587 7586 7595
f 7586 7596 7595
f 7597 7596 7598
f 7599 7597 7598
f 7595 7596 7597
f 7593 7599 7598
f 7593 7594 7599
f 7578 7580 7591
f 7600 7601 7602
f 7603 7602 7604
f 7605 7606 7607
f 7606 7605 7608
f 7604 7609 7610
f 7610 7609 7608
f 7611 7601 7600
f 7600 7602 7603
f 7608 7605 7610
f 7610 7603 7604
f 7605 7607 7612
f 7613 7614 7612
f 7613 7612 7607
f 7601 7611 7615
f 7616 7617 7618
f 7619 7617 7614
f 7620 7621 7622
f 7621 7623 7624
f 7625 7618 7624
f 7616 7618 7625
f 7624 7623 7625
f 7614 7617 7616
f 7626 7627 7628
f 7627 7626 7615
f 7620 7622 7627
f 7620 7623 7621
f 7628 7627 7622
f 7626 7601 7615
f 7619 7614 7613
f 8289 8290 8291
f 8291 8290 8292
f 8292 8293 8294
f 8293 8292 8290
f 8295 8296 8297
f 8296 8295 8298
f 8297 8299 8295
f 8300 8301 8302
f 8301 8300 8303
f 8302 8304 8300
f 8305 8306 8307
f 8308 8309 8305
f 8307 8308 8305
f 8310 8311 8312
f 8313 8312 8311
f 8314 8310 8312
f 8315 8316 8317
f 8318 8319 8315
f 8316 8315 8319
f 8320 8321 8322
f 8323 8322 8321
f 8324 8320 8322
f 8325 8326 8327
f 8326 8325 8328
f 8328 8329 8330
f 8331 8330 8329
f 8332 8333 8331
f 8333 8332 8334
f 8335 8336 8334
f 8336 8335 8337
f 8337 8338 8339
f 8340 8339 8338
f 8341 8342 8340
f 8342 8341 8327
f 8343 8344 8345
f 8346 8343 8347
f 8348 8349 8350
f 8346 8347 8348
f 8348 8347 8349
f 8344 8343 8346
f 8351 8352 8353
f 8354 8351 8355
f 8344 8354 8355
f 8352 8356 8353
f 8354 8352 8351
f 8355 8345 8344
f 8353 8356 8357
f 8350 8349 8358
f 8359 8350 8360
f 8361 8359 8362
f 8363 8361 8362
f 8364 8363 8365
f 8364 8361 8363
f 8362 8359 8360
f 8350 8358 8360
f 8357 8356 8366
f 8356 8367 8366
f 8368 8367 8369
f 8368 8369 8370
f 8366 8367 8368
f 8369 8364 8370
f 8364 8365 8370
f 8371 8372 8373
f 8374 8375 8376
f 8372 8374 8377
f 8378 8379 8380
f 8381 8382 8383
f 8379 8381 8384
f 8375 8378 8385
f 8386 8371 8373
f 8377 8374 8376
f 8372 8377 8373
f 8384 8380 8379
f 8387 8383 8382
f 8384 8381 8383
f 8385 8376 8375
f 8378 8380 8385
f 8382 8388 8387
f 8371 8386 8389
f 8388 8390 8391
f 8392 8393 8394
f 8390 8392 8395
f 8396 8397 8398
f 8399 8400 8401
f 8397 8399 8402
f 8393 8396 8403
f 8403 8394 8393
f 8391 8390 8395
f 8395 8392 8394
f 8402 8398 8397
f 8401 8404 8399
f 8389 8401 8400
f 8402 8399 8404
f 8403 8396 8398
f 8400 8371 8389
f 8388 8391 8387
f 8405 8406 8407
f 8407 8406 8408
f 8408 8409 8410
f 8409 8408 8406
f 8411 8412 8413
f 8412 8411 8414
f 8413 8415 8411
f 8416 8417 8418
f 8417 8416 8419
f 8418 8420 8416
f 8421 8422 8423
f 8424 8425 8421
f 8423 8424 8421
f 8426 8427 8428
f 8429 8428 8427
f 8430 8426 8428
f 8431 8432 8433
f 8434 8435 8431
f 8432 8431 8435
f 8436 8437 8438
f 8439 8438 8437
f 8440 8436 8438
f 8441 8442 8443
f 8442 8441 8444
f 8444 8445 8446
f 8447 8446 8445
f 8448 8449 8447
f 8449 8448 8450
f 8451 8450 8452
f 8452 8453 8451
f 8453 8454 8455
f 8456 8455 8454
f 8457 8458 8456
f 8458 8457 8443
f 8459 8460 8461
f 8462 8459 8463
f 8464 8465 8466
f 8462 8463 8464
f 8464 8463 8465
f 8460 8459 8462
f 8467 8468 8469
f 8470 8467 8471
f 8460 8470 8471
f 8468 8472 8469
f 8470 8468 8467
f 8471 8461 8460
f 8469 8472 8473
f 8466 8465 8474
f 8475 8466 8476
f 8477 8475 8478
f 8479 8477 8478
f 8480 8479 8481
f 8480 8477 8479
f 8478 8475 8476
f 8466 8474 8476
f 8473 8472 8482
f 8472 8483 8482
f 8484 8483 8485
f 8486 8484 8485
f 8482 8483 8484
f 8480 8486 8485
f 8480 8481 8486
f 8487 8488 8489
f 8488 8490 8491
f 8492 8493 8494
f 8495 8496 8497
f 8493 8495 8497
f 8490 8492 8494
f 8498 8487 8489
f 8489 8488 8491
f 8493 8497 8494
f 8494 8491 8490
f 8497 8496 8499
f 8500 8501 8499
f 8500 8499 8496
f 8487 8498 8502
f 8503 8504 8501
f 8504 8505 8506
f 8507 8508 8509
f 8510 8511 8512
f 8508 8510 8513
f 8505 8507 8514
f 8506 8505 8514
f 8509 8514 8507
f 8506 8501 8504
f 8510 8512 8513
f 8513 8509 8508
f 8502 8512 8515
f 8515 8487 8502
f 8515 8512 8511
f 8503 8501 8500
usemtl Diffuse_3
f 3385 3386 3387
f 3388 3389 3386
f 3390 3387 3391
f 3392 3393 3391
f 3394 3395 3396
f 3397 3392 3394
f 3395 3398 3399
f 3385 3388 3386
f 3385 3387 3390
f 3388 3400 3389
f 3397 3393 3392
f 3399 3396 3395
f 3401 3399 3398
f 3397 3394 3396
f 3390 3391 3393
f 3398 3402 3401
f 3389 3400 3403
f 3402 3404 3405
f 3404 3406 3407
f 3408 3409 3410
f 3411 3412 3413
f 3409 3403 3414
f 3415 3412 3408
f 3404 3407 3405
f 3406 3416 3417
f 3407 3406 3417
f 3416 3418 3417
f 3415 3413 3412
f 3411 3413 3418
f 3418 3416 3411
f 3410 3415 3408
f 3409 3414 3410
f 3403 3400 3414
f 3402 3405 3401
f 3593 3594 3595
f 3593 3595 3596
f 3597 3595 3598
f 3599 3596 3597
f 3595 3597 3596
f 3598 3600 3597
f 3598 3601 3600
f 3593 3596 3602
f 3603 3604 3602
f 3602 3605 3593
f 3602 3596 3606
f 3607 3604 3603
f 3608 3596 3609
f 3603 3602 3606
f 3608 3606 3596
f 3593 3605 3610
f 3611 3612 3613
f 3614 3613 3615
f 3616 3615 3617
f 3618 3612 3611
f 3611 3613 3614
f 3615 3616 3614
f 3617 3619 3616
f 3620 3621 3622
f 3622 3623 3624
f 3625 3626 3623
f 3619 3621 3620
f 3624 3620 3622
f 3626 3624 3623
f 3621 3619 3617
f 3627 3628 3629
f 3630 3629 3631
f 3632 3631 3633
f 3634 3628 3627
f 3627 3629 3630
f 3631 3632 3630
f 3633 3635 3632
f 3636 3637 3638
f 3638 3639 3640
f 3641 3642 3639
f 3635 3637 3636
f 3640 3636 3638
f 3642 3640 3639
f 3637 3635 3633
f 3643 3644 3645
f 3643 3645 3646
f 3647 3645 3648
f 3649 3646 3647
f 3645 3647 3646
f 3648 3650 3647
f 3648 3651 3650
f 3643 3646 3652
f 3653 3654 3652
f 3652 3655 3643
f 3652 3646 3656
f 3657 3654 3653
f 3658 3646 3659
f 3653 3652 3656
f 3658 3656 3646
f 3643 3655 3660
f 3840 3841 3842
f 3843 3844 3845
f 3841 3843 3846
f 3847 3848 3849
f 3850 3847 3851
f 3848 3852 3853
f 3844 3850 3854
f 3846 3842 3841
f 3854 3845 3844
f 3846 3843 3845
f 3849 3851 3847
f 3855 3853 3852
f 3849 3848 3853
f 3854 3850 3851
f 3852 3856 3855
f 3840 3842 3857
f 3856 3858 3859
f 3860 3861 3862
f 3858 3860 3863
f 3864 3865 3866
f 3867 3868 3869
f 3865 3867 3870
f 3861 3864 3871
f 3859 3858 3863
f 3862 3861 3871
f 3860 3862 3863
f 3865 3870 3866
f 3866 3871 3864
f 3870 3867 3869
f 3869 3868 3872
f 3857 3842 3872
f 3868 3857 3872
f 3856 3859 3855
f 3853 3855 3873
f 3859 3873 3855
f 3874 3875 3876
f 3875 3874 3877
f 3875 3878 3876
f 3878 3875 3879
f 3880 3878 3879
f 3876 3878 3881
f 3874 3876 3882
f 3879 3883 3880
f 3874 3884 3877
f 3851 3849 3885
f 3845 3854 3886
f 3846 3845 3887
f 3851 3886 3854
f 3888 3880 3889
f 3880 3883 3889
f 3890 3891 3892
f 3890 3889 3891
f 3893 3892 3894
f 3894 3895 3893
f 3853 3896 3849
f 3878 3880 3897
f 3898 3882 3873
f 3898 3874 3882
f 3878 3897 3881
f 3881 3882 3876
f 3880 3899 3897
f 3881 3897 3900
f 3880 3888 3899
f 3882 3881 3896
f 3901 3873 3859
f 3901 3898 3873
f 3881 3900 3896
f 3896 3873 3882
f 3897 3885 3900
f 3896 3900 3849
f 3897 3899 3885
f 3873 3896 3853
f 3890 3902 3888
f 3903 3898 3901
f 3886 3899 3902
f 3890 3904 3905
f 3893 3906 3904
f 3893 3904 3892
f 3904 3906 3905
f 3905 3902 3890
f 3890 3892 3904
f 3902 3905 3887
f 3885 3886 3851
f 3899 3886 3885
f 3905 3907 3887
f 3887 3886 3902
f 3906 3908 3909
f 3887 3907 3846
f 3907 3905 3906
f 3886 3887 3845
f 3895 3908 3893
f 3899 3888 3902
f 3888 3889 3890
f 3900 3885 3849
f 3910 3874 3898
f 3872 3842 3909
f 3911 3912 3913
f 3872 3914 3869
f 3908 3906 3893
f 3895 3915 3916
f 3916 3913 3917
f 3913 3916 3911
f 3917 3913 3918
f 3916 3917 3895
f 3895 3917 3919
f 3912 3920 3913
f 3894 3915 3895
f 3866 3870 3921
f 3862 3871 3922
f 3863 3862 3923
f 3866 3924 3871
f 3925 3920 3926
f 3920 3912 3926
f 3927 3928 3929
f 3927 3926 3928
f 3930 3929 3884
f 3869 3931 3870
f 3913 3920 3932
f 3908 3919 3914
f 3908 3895 3919
f 3913 3932 3918
f 3918 3919 3917
f 3920 3933 3932
f 3918 3932 3921
f 3920 3925 3933
f 3919 3918 3931
f 3909 3914 3872
f 3909 3908 3914
f 3918 3921 3931
f 3931 3914 3919
f 3932 3924 3921
f 3931 3921 3870
f 3932 3933 3924
f 3914 3931 3869
f 3927 3934 3925
f 3907 3906 3909
f 3935 3933 3934
f 3927 3930 3936
f 3910 3903 3930
f 3910 3930 3884
f 3930 3903 3936
f 3936 3934 3927
f 3927 3929 3930
f 3934 3936 3922
f 3924 3935 3871
f 3933 3935 3924
f 3936 3923 3922
f 3922 3935 3934
f 3923 3903 3901
f 3922 3923 3862
f 3923 3936 3903
f 3935 3922 3871
f 3898 3903 3910
f 3933 3925 3934
f 3925 3926 3927
f 3921 3924 3866
f 3884 3874 3910
f 3846 3907 3842
f 3907 3909 3842
f 3901 3859 3923
f 3859 3863 3923
f 3937 3938 3939
f 3940 3941 3937
f 3937 3942 3940
f 3942 3939 3943
f 3943 3944 3942
f 3942 3937 3939
f 3945 3941 3940
f 3946 3947 3940
f 3947 3946 3948
f 3942 3949 3946
f 3950 3949 3942
f 3946 3949 3951
f 3946 3951 3952
f 3946 3940 3942
f 3953 3954 3955
f 3956 3957 3958
f 3954 3956 3959
f 3960 3961 3962
f 3963 3964 3965
f 3961 3963 3966
f 3957 3960 3967
f 3955 3968 3953
f 3958 3959 3956
f 3955 3954 3959
f 3962 3967 3960
f 3965 3966 3963
f 3962 3961 3966
f 3958 3957 3967
f 3964 3969 3965
f 3953 3968 3970
f 3971 3972 3973
f 3974 3975 3976
f 3972 3974 3977
f 3978 3979 3980
f 3981 3982 3983
f 3979 3981 3984
f 3975 3978 3985
f 3973 3969 3971
f 3976 3977 3974
f 3973 3972 3977
f 3980 3985 3978
f 3983 3984 3981
f 3970 3983 3982
f 3980 3979 3984
f 3976 3975 3985
f 3982 3953 3970
f 3971 3969 3964
f 3986 3987 3988
f 3987 3986 3989
f 3988 3990 3991
f 3990 3988 3987
f 3992 3993 3989
f 3994 3989 3993
f 3993 3995 3994
f 3992 3989 3986
f 3991 3996 3997
f 3996 3991 3990
f 3997 3998 3999
f 3998 3997 3996
f 4000 3999 4001
f 3999 4000 3997
f 4001 4002 4003
f 4002 4001 3999
f 4004 3995 4005
f 3995 4004 3994
f 4006 4005 4007
f 4005 4006 4004
f 4007 4008 4009
f 4008 4007 4005
f 4009 4010 4011
f 4010 4009 4008
f 4012 4013 4014
f 4014 4003 4012
f 4013 4015 4014
f 4012 4003 4002
f 4011 4016 4017
f 4016 4011 4010
f 4015 4017 4014
f 4017 4015 4011
f 4018 4019 4020
f 4021 4022 4023
f 4019 4021 4024
f 4025 4026 4027
f 4028 4029 4030
f 4026 4028 4031
f 4022 4025 4032
f 4020 4033 4018
f 4023 4024 4021
f 4020 4019 4024
f 4027 4032 4025
f 4030 4031 4028
f 4027 4026 4031
f 4023 4022 4032
f 4034 4035 4029
f 4018 4033 4036
f 4034 4037 4038
f 4039 4040 4041
f 4037 4039 4042
f 4043 4044 4045
f 4046 4047 4036
f 4044 4046 4048
f 4040 4043 4049
f 4038 4035 4034
f 4041 4042 4039
f 4038 4037 4042
f 4045 4049 4043
f 4036 4048 4046
f 4045 4044 4048
f 4041 4040 4049
f 4047 4018 4036
f 4035 4030 4029
f 4050 4051 4052
f 4053 4052 4051
f 4054 4055 4050
f 4051 4050 4055
f 4056 4057 4053
f 4053 4058 4056
f 4056 4059 4057
f 4051 4058 4053
f 4060 4061 4054
f 4055 4054 4061
f 4062 4060 4063
f 4054 4063 4060
f 4064 4065 4062
f 4060 4062 4065
f 4066 4067 4064
f 4065 4064 4067
f 4068 4059 4069
f 4056 4069 4059
f 4070 4071 4068
f 4059 4068 4071
f 4072 4073 4070
f 4071 4070 4073
f 4074 4072 4075
f 4070 4075 4072
f 4066 4076 4077
f 4076 4066 4078
f 4078 4079 4076
f 4067 4066 4077
f 4079 4074 4080
f 4075 4080 4074
f 4076 4079 4081
f 4080 4081 4079
f 4082 4083 4084
f 4085 4086 4087
f 4083 4085 4088
f 4089 4090 4091
f 4092 4093 4094
f 4090 4092 4095
f 4086 4089 4096
f 4088 4084 4083
f 4096 4087 4086
f 4088 4085 4087
f 4097 4091 4090
f 4094 4095 4092
f 4097 4090 4095
f 4096 4089 4091
f 4098 4099 4093
f 4082 4084 4100
f 4098 4101 4102
f 4103 4104 4105
f 4101 4103 4106
f 4107 4108 4109
f 4110 4111 4100
f 4108 4110 4112
f 4104 4107 4113
f 4102 4099 4098
f 4105 4106 4103
f 4102 4101 4106
f 4109 4113 4107
f 4100 4112 4110
f 4109 4108 4112
f 4105 4104 4113
f 4111 4082 4100
f 4099 4094 4093
f 4114 4115 4116
f 4114 4116 4117
f 4116 4118 4117
f 4119 4114 4117
f 4120 4121 4117
f 4117 4122 4120
f 4116 4123 4118
f 4118 4122 4117
f 4124 4122 4118
f 4120 4122 4125
f 4126 4125 4127
f 4127 4125 4122
f 4122 4128 4127
f 4118 4123 4129
f 4130 4131 4132
f 4133 4134 4135
f 4131 4133 4136
f 4137 4138 4139
f 4140 4141 4142
f 4138 4140 4143
f 4134 4137 4144
f 4132 4131 4136
f 4135 4134 4144
f 4133 4135 4136
f 4138 4143 4139
f 4139 4144 4137
f 4143 4140 4142
f 4142 4141 4145
f 4146 4147 4145
f 4141 4146 4145
f 4130 4132 4148
f 4149 4150 4151
f 4152 4153 4154
f 4150 4152 4155
f 4156 4157 4158
f 4159 4160 4161
f 4157 4159 4162
f 4153 4156 4163
f 4151 4147 4149
f 4154 4155 4152
f 4151 4150 4155
f 4158 4163 4156
f 4161 4162 4159
f 4148 4161 4160
f 4158 4157 4162
f 4154 4153 4163
f 4160 4130 4148
f 4149 4147 4146
f 4320 4321 4322
f 4323 4324 4325
f 4326 4322 4321
f 4327 4328 4325
f 4325 4328 4323
f 4324 4329 4325
f 4320 4322 4330
f 4331 4332 4333
f 4333 4334 4335
f 4330 4336 4334
f 4329 4332 4331
f 4334 4336 4335
f 4331 4333 4335
f 4337 4336 4330
f 4330 4322 4337
f 4332 4329 4324
f 4338 4339 4340
f 4341 4340 4342
f 4343 4342 4344
f 4338 4340 4341
f 4341 4342 4343
f 4344 4345 4343
f 4344 4346 4345
f 4347 4346 4348
f 4348 4349 4350
f 4351 4352 4349
f 4347 4348 4350
f 4352 4350 4349
f 4353 4352 4351
f 4346 4347 4345
f 4354 4355 4356
f 4357 4356 4358
f 4359 4358 4360
f 4361 4355 4354
f 4354 4356 4357
f 4358 4359 4357
f 4360 4362 4359
f 4363 4364 4365
f 4365 4366 4367
f 4368 4369 4366
f 4362 4364 4363
f 4367 4363 4365
f 4369 4367 4366
f 4364 4362 4360
f 4370 4371 4372
f 4373 4374 4375
f 4376 4377 4372
f 4375 4378 4373
f 4377 4370 4372
f 4374 4379 4375
f 4370 4377 4380
f 4381 4382 4383
f 4383 4384 4385
f 4380 4386 4384
f 4379 4382 4381
f 4384 4386 4385
f 4381 4383 4385
f 4387 4386 4380
f 4380 4377 4387
f 4382 4379 4374
f 4564 4565 4566
f 4567 4568 4569
f 4565 4567 4570
f 4571 4572 4573
f 4574 4575 4576
f 4572 4574 4577
f 4568 4571 4578
f 4570 4566 4565
f 4578 4569 4568
f 4570 4567 4569
f 4577 4573 4572
f 4579 4576 4575
f 4577 4574 4576
f 4578 4571 4573
f 4575 4580 4579
f 4564 4566 4581
f 4580 4582 4583
f 4584 4585 4586
f 4582 4584 4587
f 4588 4589 4590
f 4591 4592 4593
f 4589 4591 4594
f 4585 4588 4595
f 4583 4582 4587
f 4586 4585 4595
f 4584 4586 4587
f 4589 4594 4590
f 4590 4595 4588
f 4594 4591 4593
f 4593 4592 4596
f 4581 4566 4596
f 4592 4581 4596
f 4580 4583 4579
f 4576 4579 4597
f 4583 4598 4579
f 4599 4600 4601
f 4600 4599 4602
f 4603 4604 4600
f 4605 4604 4603
f 4603 4600 4602
f 4599 4606 4602
f 4600 4604 4607
f 4603 4608 4605
f 4599 4609 4606
f 4573 4577 4610
f 4569 4578 4611
f 4570 4569 4612
f 4573 4610 4578
f 4613 4605 4614
f 4605 4608 4614
f 4615 4616 4617
f 4614 4616 4618
f 4615 4617 4619
f 4619 4620 4621
f 4576 4622 4577
f 4604 4605 4623
f 4624 4601 4598
f 4624 4599 4601
f 4604 4623 4607
f 4607 4601 4600
f 4605 4625 4623
f 4607 4623 4622
f 4605 4613 4625
f 4601 4607 4597
f 4626 4598 4583
f 4626 4624 4598
f 4607 4622 4597
f 4597 4598 4601
f 4623 4610 4622
f 4597 4622 4576
f 4623 4625 4610
f 4598 4597 4579
f 4618 4627 4613
f 4624 4626 4628
f 4611 4625 4627
f 4618 4615 4629
f 4621 4630 4615
f 4621 4615 4619
f 4615 4630 4629
f 4629 4627 4618
f 4618 4616 4615
f 4627 4629 4612
f 4610 4611 4578
f 4625 4611 4610
f 4629 4631 4612
f 4612 4611 4627
f 4630 4632 4633
f 4612 4631 4570
f 4631 4629 4630
f 4611 4612 4569
f 4634 4632 4621
f 4625 4613 4627
f 4613 4614 4618
f 4622 4610 4577
f 4635 4599 4624
f 4596 4566 4633
f 4594 4593 4636
f 4596 4637 4593
f 4632 4630 4621
f 4634 4620 4638
f 4638 4639 4640
f 4638 4620 4641
f 4642 4640 4639
f 4638 4640 4643
f 4641 4639 4638
f 4634 4638 4644
f 4595 4590 4645
f 4587 4586 4646
f 4595 4645 4586
f 4647 4642 4648
f 4648 4642 4639
f 4649 4650 4651
f 4652 4650 4647
f 4647 4648 4652
f 4649 4651 4609
f 4609 4599 4635
f 4594 4653 4590
f 4640 4642 4654
f 4632 4644 4637
f 4632 4634 4644
f 4640 4654 4643
f 4643 4644 4638
f 4642 4655 4654
f 4643 4654 4653
f 4642 4647 4655
f 4644 4643 4636
f 4633 4637 4596
f 4633 4632 4637
f 4643 4653 4636
f 4636 4637 4644
f 4654 4656 4653
f 4636 4653 4594
f 4654 4655 4656
f 4637 4636 4593
f 4657 4658 4647
f 4631 4630 4633
f 4645 4655 4658
f 4657 4649 4659
f 4635 4628 4649
f 4635 4649 4609
f 4649 4628 4659
f 4659 4658 4657
f 4657 4650 4649
f 4658 4659 4660
f 4656 4645 4590
f 4655 4645 4656
f 4659 4646 4660
f 4660 4645 4658
f 4646 4628 4626
f 4660 4646 4586
f 4646 4659 4628
f 4645 4660 4586
f 4624 4628 4635
f 4655 4647 4658
f 4647 4650 4657
f 4653 4656 4590
f 4621 4620 4634
f 4570 4631 4566
f 4631 4633 4566
f 4626 4587 4646
f 4626 4583 4587
f 4661 4662 4663
f 4661 4664 4665
f 4664 4661 4663
f 4666 4663 4667
f 4667 4668 4669
f 4669 4670 4667
f 4664 4663 4671
f 4666 4672 4671
f 4666 4667 4673
f 4674 4666 4673
f 4675 4670 4676
f 4670 4675 4673
f 4670 4673 4667
f 4671 4663 4666
f 5479 5480 5481
f 5482 5483 5484
f 5480 5482 5485
f 5486 5487 5488
f 5489 5490 5491
f 5487 5489 5492
f 5483 5486 5493
f 5485 5481 5480
f 5493 5484 5483
f 5485 5482 5484
f 5492 5488 5487
f 5494 5491 5490
f 5492 5489 5491
f 5493 5486 5488
f 5490 5495 5494
f 5479 5481 5496
f 5495 5497 5498
f 5499 5500 5501
f 5497 5499 5502
f 5503 5504 5505
f 5506 5507 5508
f 5504 5506 5509
f 5500 5503 5510
f 5498 5497 5502
f 5501 5500 5510
f 5499 5501 5502
f 5504 5509 5505
f 5505 5510 5503
f 5509 5506 5508
f 5508 5507 5511
f 5496 5481 5511
f 5507 5496 5511
f 5495 5498 5494
f 5512 5513 5514
f 5513 5512 5515
f 5516 5514 5517
f 5514 5516 5512
f 5518 5519 5520
f 5519 5518 5521
f 5515 5520 5513
f 5520 5515 5518
f 5522 5517 5523
f 5517 5522 5516
f 5524 5523 5525
f 5523 5524 5522
f 5526 5527 5525
f 5528 5525 5527
f 5527 5529 5528
f 5526 5525 5523
f 5530 5531 5521
f 5532 5521 5531
f 5531 5533 5532
f 5530 5521 5518
f 5534 5533 5535
f 5533 5534 5532
f 5535 5536 5537
f 5536 5535 5533
f 5538 5539 5540
f 5539 5538 5541
f 5540 5529 5527
f 5529 5540 5539
f 5542 5537 5543
f 5537 5542 5535
f 5543 5541 5538
f 5541 5543 5537
f 5544 5545 5546
f 5547 5548 5549
f 5545 5547 5550
f 5551 5552 5553
f 5554 5555 5556
f 5552 5554 5557
f 5548 5551 5558
f 5546 5559 5544
f 5549 5550 5547
f 5546 5545 5550
f 5553 5558 5551
f 5556 5557 5554
f 5553 5552 5557
f 5549 5548 5558
f 5560 5561 5555
f 5544 5559 5562
f 5560 5563 5564
f 5565 5566 5567
f 5563 5565 5568
f 5569 5570 5571
f 5572 5573 5562
f 5570 5572 5574
f 5566 5569 5575
f 5564 5561 5560
f 5567 5568 5565
f 5564 5563 5568
f 5571 5575 5569
f 5562 5574 5572
f 5571 5570 5574
f 5567 5566 5575
f 5573 5544 5562
f 5561 5556 5555
f 5576 5577 5578
f 5579 5578 5577
f 5580 5581 5576
f 5577 5576 5581
f 5582 5583 5584
f 5585 5584 5583
f 5577 5582 5579
f 5584 5579 5582
f 5586 5587 5580
f 5581 5580 5587
f 5588 5586 5589
f 5580 5589 5586
f 5590 5591 5588
f 5591 5590 5592
f 5592 5593 5591
f 5589 5590 5588
f 5594 5595 5596
f 5596 5585 5594
f 5594 5597 5595
f 5584 5585 5596
f 5598 5597 5599
f 5594 5599 5597
f 5600 5598 5601
f 5599 5601 5598
f 5602 5603 5604
f 5605 5604 5603
f 5591 5593 5602
f 5603 5602 5593
f 5606 5600 5607
f 5601 5607 5600
f 5603 5606 5605
f 5607 5605 5606
f 5608 5609 5610
f 5611 5612 5613
f 5609 5611 5614
f 5615 5616 5617
f 5618 5619 5620
f 5616 5618 5617
f 5612 5615 5621
f 5614 5610 5609
f 5622 5613 5612
f 5614 5611 5613
f 5617 5621 5615
f 5623 5620 5619
f 5617 5618 5620
f 5622 5612 5621
f 5624 5625 5619
f 5608 5610 5626
f 5624 5627 5628
f 5629 5630 5631
f 5627 5629 5632
f 5633 5634 5635
f 5636 5626 5637
f 5634 5636 5638
f 5630 5633 5639
f 5628 5625 5624
f 5631 5632 5629
f 5628 5627 5632
f 5635 5639 5633
f 5637 5638 5636
f 5635 5634 5638
f 5631 5630 5639
f 5626 5610 5637
f 5625 5623 5619
f 5640 5641 5642
f 5643 5642 5644
f 5643 5640 5642
f 5645 5644 5646
f 5646 5647 5645
f 5643 5644 5645
f 5648 5649 5640
f 5643 5650 5640
f 5650 5651 5652
f 5651 5650 5643
f 5653 5643 5654
f 5643 5653 5655
f 5655 5651 5643
f 5648 5640 5650
f 5656 5657 5658
f 5659 5660 5661
f 5657 5659 5662
f 5663 5664 5665
f 5666 5667 5668
f 5664 5666 5669
f 5660 5663 5670
f 5658 5671 5656
f 5661 5662 5659
f 5658 5657 5662
f 5665 5670 5663
f 5668 5669 5666
f 5665 5664 5669
f 5661 5660 5670
f 5667 5672 5668
f 5656 5671 5673
f 5674 5675 5676
f 5677 5678 5679
f 5675 5677 5680
f 5681 5682 5683
f 5684 5685 5686
f 5682 5684 5687
f 5678 5681 5688
f 5676 5672 5674
f 5679 5680 5677
f 5676 5675 5680
f 5683 5688 5681
f 5686 5687 5684
f 5673 5686 5685
f 5683 5682 5687
f 5679 5678 5688
f 5685 5656 5673
f 5674 5672 5667
f 5674 5689 5675
f 5689 5674 5690
f 5691 5690 5667
f 5667 5690 5674
f 5691 5667 5666
f 5689 5690 5692
f 5693 5692 5694
f 5693 5689 5692
f 5695 5696 5691
f 5695 5691 5666
f 5691 5696 5697
f 5697 5692 5690
f 5691 5697 5690
f 5692 5697 5698
f 5666 5664 5695
f 5693 5699 5689
f 5664 5663 5700
f 5660 5659 5701
f 5659 5657 5702
f 5663 5660 5701
f 5696 5695 5703
f 5695 5700 5703
f 5704 5700 5701
f 5705 5701 5659
f 5702 5705 5659
f 5706 5701 5705
f 5700 5663 5701
f 5707 5705 5702
f 5708 5709 5702
f 5700 5695 5664
f 5697 5696 5710
f 5711 5694 5712
f 5711 5693 5694
f 5697 5710 5698
f 5698 5694 5692
f 5696 5713 5710
f 5698 5710 5714
f 5696 5703 5713
f 5694 5698 5714
f 5715 5711 5712
f 5710 5716 5714
f 5714 5712 5694
f 5717 5710 5713
f 5717 5716 5710
f 5704 5718 5703
f 5715 5719 5711
f 5720 5713 5718
f 5704 5706 5721
f 5707 5722 5706
f 5707 5706 5705
f 5706 5722 5721
f 5721 5718 5704
f 5704 5701 5706
f 5718 5721 5720
f 5713 5720 5717
f 5721 5723 5724
f 5724 5720 5721
f 5723 5722 5725
f 5723 5721 5722
f 5707 5709 5726
f 5713 5703 5718
f 5703 5700 5704
f 5708 5702 5657
f 5727 5693 5711
f 5728 5708 5656
f 5656 5708 5657
f 5728 5656 5685
f 5728 5685 5684
f 5729 5684 5682
f 5708 5730 5709
f 5730 5708 5728
f 5728 5731 5730
f 5731 5728 5729
f 5732 5729 5733
f 5730 5731 5734
f 5728 5684 5729
f 5709 5730 5735
f 5729 5682 5733
f 5709 5707 5702
f 5736 5733 5681
f 5681 5733 5682
f 5736 5681 5678
f 5737 5678 5677
f 5738 5677 5675
f 5732 5733 5739
f 5739 5733 5736
f 5740 5736 5737
f 5738 5737 5677
f 5699 5738 5675
f 5741 5737 5738
f 5736 5678 5737
f 5727 5738 5699
f 5689 5699 5675
f 5732 5731 5729
f 5731 5732 5742
f 5726 5735 5725
f 5726 5709 5735
f 5731 5742 5734
f 5734 5735 5730
f 5743 5744 5742
f 5734 5742 5745
f 5732 5739 5743
f 5735 5734 5745
f 5725 5735 5746
f 5742 5744 5745
f 5747 5744 5743
f 5735 5745 5746
f 5732 5743 5742
f 5726 5725 5722
f 5739 5748 5743
f 5748 5739 5740
f 5748 5740 5749
f 5749 5740 5741
f 5727 5741 5738
f 5750 5741 5727
f 5740 5737 5741
f 5743 5748 5751
f 5752 5751 5749
f 5749 5750 5719
f 5750 5749 5741
f 5711 5719 5750
f 5749 5719 5752
f 5751 5748 5749
f 5699 5693 5727
f 5743 5751 5747
f 5739 5736 5740
f 5727 5711 5750
f 5726 5722 5707
f 5753 5754 5755
f 5756 5757 5755
f 5753 5755 5757
f 5758 5753 5759
f 5760 5761 5758
f 5758 5762 5760
f 5763 5753 5757
f 5763 5764 5759
f 5765 5758 5759
f 5765 5759 5766
f 5767 5762 5768
f 5765 5768 5762
f 5758 5765 5762
f 5759 5753 5763
f 5769 5770 5771
f 5772 5773 5774
f 5770 5772 5775
f 5776 5777 5778
f 5779 5776 5780
f 5777 5781 5782
f 5773 5779 5783
f 5784 5769 5771
f 5775 5772 5774
f 5770 5775 5771
f 5782 5778 5777
f 5783 5779 5780
f 5783 5774 5773
f 5778 5780 5776
f 5781 5785 5782
f 5769 5784 5786
f 5787 5788 5789
f 5790 5791 5792
f 5788 5790 5793
f 5794 5795 5796
f 5797 5798 5799
f 5795 5797 5800
f 5791 5794 5801
f 5785 5787 5789
f 5789 5788 5793
f 5792 5793 5790
f 5792 5791 5801
f 5796 5795 5800
f 5800 5797 5799
f 5794 5796 5801
f 5798 5786 5799
f 5798 5769 5786
f 5787 5785 5781
f 5787 5802 5803
f 5802 5787 5781
f 5802 5781 5804
f 5804 5781 5777
f 5805 5777 5776
f 5802 5806 5807
f 5806 5802 5804
f 5804 5808 5806
f 5808 5804 5805
f 5809 5805 5810
f 5806 5808 5811
f 5804 5777 5805
f 5807 5806 5812
f 5805 5776 5810
f 5802 5807 5803
f 5813 5810 5779
f 5779 5810 5776
f 5814 5779 5773
f 5815 5773 5772
f 5815 5772 5770
f 5809 5810 5816
f 5816 5810 5813
f 5817 5813 5814
f 5815 5814 5773
f 5818 5815 5770
f 5819 5814 5815
f 5813 5779 5814
f 5820 5815 5818
f 5770 5769 5818
f 5809 5808 5805
f 5808 5809 5821
f 5822 5812 5823
f 5822 5807 5812
f 5808 5821 5811
f 5811 5812 5806
f 5824 5825 5821
f 5811 5821 5825
f 5809 5816 5824
f 5812 5811 5823
f 5823 5826 5822
f 5827 5823 5811
f 5827 5811 5825
f 5825 5824 5828
f 5809 5824 5821
f 5822 5826 5829
f 5816 5830 5824
f 5830 5816 5817
f 5830 5817 5831
f 5831 5817 5819
f 5820 5819 5815
f 5832 5819 5820
f 5817 5814 5819
f 5830 5833 5828
f 5833 5830 5834
f 5832 5835 5834
f 5832 5831 5819
f 5835 5832 5836
f 5832 5834 5831
f 5830 5831 5834
f 5837 5836 5820
f 5830 5828 5824
f 5816 5813 5817
f 5838 5837 5818
f 5822 5839 5807
f 5837 5820 5818
f 5838 5769 5798
f 5798 5797 5840
f 5840 5797 5841
f 5798 5840 5838
f 5838 5840 5842
f 5837 5842 5843
f 5837 5838 5842
f 5844 5845 5841
f 5795 5844 5841
f 5841 5845 5846
f 5846 5842 5840
f 5841 5846 5840
f 5842 5846 5847
f 5841 5797 5795
f 5836 5832 5820
f 5795 5794 5848
f 5791 5790 5849
f 5790 5788 5849
f 5794 5791 5848
f 5845 5844 5850
f 5844 5848 5850
f 5851 5848 5852
f 5849 5852 5791
f 5803 5849 5788
f 5853 5852 5849
f 5848 5791 5852
f 5839 5849 5803
f 5848 5844 5795
f 5846 5845 5854
f 5836 5843 5855
f 5836 5837 5843
f 5846 5854 5847
f 5847 5843 5842
f 5845 5856 5854
f 5847 5854 5857
f 5845 5850 5856
f 5843 5847 5855
f 5858 5836 5855
f 5847 5857 5859
f 5859 5855 5847
f 5857 5856 5860
f 5857 5854 5856
f 5851 5861 5850
f 5836 5858 5835
f 5861 5860 5856
f 5851 5853 5862
f 5839 5863 5853
f 5839 5853 5849
f 5853 5863 5862
f 5862 5861 5851
f 5851 5852 5853
f 5861 5862 5864
f 5860 5861 5865
f 5862 5829 5864
f 5864 5865 5861
f 5822 5829 5863
f 5829 5862 5863
f 5822 5863 5839
f 5856 5850 5861
f 5850 5848 5851
f 5839 5803 5807
f 5818 5769 5838
f 5787 5803 5788
f 5866 5867 5868
f 5869 5870 5868
f 5871 5872 5868
f 5873 5866 5872
f 5872 5874 5873
f 5866 5868 5872
f 5868 5870 5871
f 5871 5875 5876
f 5877 5876 5875
f 5871 5876 5878
f 5879 5872 5880
f 5872 5878 5880
f 5876 5881 5878
f 5878 5872 5871
f 10020 10021 10022
f 10023 10024 10025
f 10021 10023 10026
f 10027 10028 10029
f 10030 10031 10032
f 10028 10030 10033
f 10024 10027 10034
f 10026 10022 10021
f 10035 10025 10024
f 10026 10023 10025
f 10029 10034 10027
f 10032 10033 10030
f 10036 10032 10031
f 10029 10028 10033
f 10035 10024 10034
f 10031 10037 10036
f 10020 10022 10038
f 10037 10039 10040
f 10041 10042 10043
f 10039 10041 10044
f 10045 10046 10047
f 10048 10049 10050
f 10046 10048 10051
f 10042 10045 10043
f 10040 10039 10044
f 10043 10045 10047
f 10041 10043 10044
f 10048 10050 10051
f 10051 10047 10046
f 10050 10049 10052
f 10038 10052 10053
f 10053 10020 10038
f 10052 10049 10053
f 10037 10040 10036
usemtl Diffuse_4
f 1 2 3
f 2 1 4
f 5 6 7
f 7 8 5
f 9 10 11
f 10 9 12
f 13 14 15
f 14 16 17
f 18 19 14
f 16 14 20
f 14 17 18
f 21 22 23
f 24 18 22
f 24 19 18
f 14 13 20
f 15 25 26
f 15 26 13
f 27 28 29
f 15 30 25
f 31 32 23
f 33 30 15
f 34 22 35
f 21 23 36
f 35 22 21
f 37 38 39
f 37 40 41
f 40 37 39
f 34 24 22
f 32 31 42
f 29 28 42
f 42 31 43
f 23 32 36
f 44 45 46
f 28 47 48
f 49 28 50
f 44 48 51
f 43 29 42
f 38 19 24
f 28 27 52
f 15 53 33
f 53 54 55
f 56 33 53
f 57 52 58
f 52 57 59
f 52 59 28
f 33 57 58
f 53 55 56
f 53 60 54
f 61 54 60
f 60 62 63
f 64 61 60
f 60 65 64
f 66 63 62
f 60 63 65
f 67 63 66
f 58 30 33
f 50 68 69
f 70 71 72
f 70 50 73
f 69 73 50
f 59 50 28
f 71 70 73
f 50 59 68
f 74 70 72
f 74 67 75
f 66 62 76
f 75 67 66
f 77 78 79
f 80 81 82
f 80 82 83
f 84 78 81
f 80 83 76
f 85 86 77
f 67 74 72
f 86 87 50
f 88 46 89
f 90 91 92
f 48 93 51
f 51 45 44
f 48 47 93
f 93 47 94
f 89 46 45
f 95 94 96
f 97 89 41
f 98 95 96
f 94 47 96
f 99 28 100
f 47 28 99
f 101 102 103
f 96 102 104
f 103 105 101
f 104 102 101
f 104 98 96
f 28 49 100
f 106 107 108
f 108 89 106
f 109 110 111
f 110 112 111
f 111 107 109
f 37 108 113
f 108 37 89
f 114 112 110
f 115 116 117
f 116 115 118
f 115 119 118
f 120 104 101
f 121 101 105
f 122 112 114
f 119 122 118
f 122 119 112
f 117 104 120
f 89 37 41
f 123 101 124
f 49 50 125
f 86 126 87
f 125 50 127
f 128 129 124
f 130 131 90
f 124 129 130
f 87 126 132
f 133 131 132
f 85 126 86
f 79 85 77
f 131 133 134
f 80 135 84
f 84 81 80
f 90 131 134
f 87 132 131
f 124 121 128
f 87 127 50
f 92 124 90
f 136 137 138
f 137 136 91
f 101 121 124
f 138 139 136
f 136 92 91
f 140 141 142
f 124 130 90
f 143 139 138
f 144 143 145
f 142 146 140
f 146 142 145
f 145 142 144
f 80 147 148
f 135 148 141
f 148 135 80
f 106 109 107
f 144 139 143
f 141 140 135
f 124 149 123
f 84 79 78
f 89 97 88
f 117 120 115
f 150 151 152
f 153 150 154
f 154 150 155
f 156 157 154
f 155 156 154
f 154 157 158
f 151 150 153
f 153 154 159
f 160 161 162
f 163 164 165
f 161 160 164
f 162 152 160
f 166 152 151
f 159 154 167
f 154 168 167
f 169 170 158
f 171 169 158
f 158 170 172
f 173 174 175
f 173 170 174
f 158 157 171
f 176 177 178
f 176 179 177
f 180 158 172
f 170 173 172
f 181 158 180
f 182 178 163
f 174 179 176
f 158 181 183
f 184 168 185
f 186 184 185
f 164 160 165
f 152 187 160
f 188 185 189
f 185 188 186
f 189 185 190
f 165 191 182
f 192 190 185
f 193 191 192
f 192 185 194
f 168 154 185
f 182 163 165
f 175 174 195
f 195 174 176
f 196 197 198
f 183 196 198
f 193 182 191
f 193 192 194
f 199 200 198
f 201 198 200
f 198 201 194
f 199 198 197
f 185 198 194
f 178 182 176
f 183 198 158
f 187 152 166
f 202 203 204
f 205 203 202
f 202 206 205
f 206 207 208
f 202 207 206
f 209 210 211
f 209 212 213
f 214 213 212
f 214 212 215
f 211 212 209
f 216 217 218
f 218 219 216
f 220 221 222
f 222 223 220
f 224 225 226
f 226 227 224
f 228 229 230
f 230 231 228
f 232 233 234
f 233 232 235
f 236 237 238
f 239 240 241
f 241 236 238
f 242 243 244
f 245 246 247
f 240 248 244
f 245 243 249
f 248 240 239
f 239 241 238
f 237 250 238
f 243 242 249
f 247 246 251
f 246 245 249
f 244 248 242
f 251 252 247
f 253 250 237
f 254 252 255
f 256 257 258
f 254 259 257
f 260 261 262
f 261 253 263
f 264 265 256
f 266 262 265
f 254 255 259
f 258 257 259
f 252 267 255
f 262 266 260
f 253 261 260
f 265 264 266
f 264 256 258
f 253 237 263
f 251 267 252
f 268 269 270
f 268 271 272
f 273 272 274
f 270 269 275
f 276 277 278
f 277 273 279
f 280 281 282
f 270 271 268
f 283 277 279
f 271 274 272
f 273 284 279
f 285 277 283
f 282 286 280
f 281 287 282
f 281 288 287
f 287 288 289
f 290 288 276
f 291 287 292
f 285 278 277
f 290 276 278
f 284 273 274
f 270 293 271
f 280 286 294
f 295 296 297
f 298 297 296
f 294 298 296
f 296 280 294
f 295 297 299
f 300 295 301
f 301 302 303
f 302 301 299
f 302 299 304
f 295 299 301
f 305 306 307
f 308 306 309
f 307 291 292
f 310 311 312
f 313 314 310
f 302 311 310
f 315 316 310
f 312 315 310
f 316 317 310
f 316 308 318
f 302 304 311
f 319 293 320
f 321 322 323
f 321 324 322
f 323 325 321
f 308 309 318
f 321 289 326
f 324 321 326
f 289 292 287
f 318 317 316
f 325 319 320
f 321 292 289
f 327 320 328
f 320 327 321
f 329 328 330
f 321 325 320
f 309 306 305
f 330 331 329
f 330 332 331
f 320 330 328
f 305 307 292
f 293 270 320
f 317 313 310
f 333 314 313
f 334 335 336
f 337 334 338
f 337 339 314
f 336 340 334
f 340 341 334
f 342 335 332
f 336 335 342
f 341 338 334
f 330 342 332
f 337 338 343
f 344 345 320
f 346 347 320
f 348 346 320
f 344 320 347
f 343 349 339
f 339 349 350
f 343 339 337
f 351 352 339
f 350 351 339
f 339 352 348
f 348 320 339
f 320 345 330
f 337 314 333
f 289 288 290
f 353 354 355
f 356 357 355
f 354 358 359
f 360 358 354
f 359 361 362
f 361 359 358
f 361 363 364
f 354 353 360
f 365 366 367
f 368 369 366
f 370 371 372
f 362 373 371
f 374 375 370
f 361 364 376
f 376 362 361
f 368 375 369
f 353 355 357
f 361 377 363
f 376 378 373
f 379 380 353
f 381 377 382
f 380 360 353
f 383 384 385
f 373 372 371
f 385 373 378
f 374 369 375
f 367 366 369
f 372 374 370
f 363 377 381
f 376 373 362
f 386 381 382
f 385 384 373
f 387 384 383
f 383 388 387
f 389 390 391
f 392 389 393
f 394 395 396
f 397 398 399
f 399 395 400
f 392 393 401
f 402 403 404
f 403 405 406
f 398 407 399
f 407 408 404
f 408 407 398
f 398 409 410
f 409 398 397
f 402 404 408
f 396 401 411
f 394 400 395
f 412 400 413
f 414 415 413
f 400 412 416
f 393 411 401
f 393 389 391
f 394 396 411
f 416 397 400
f 417 418 403
f 402 417 403
f 419 410 420
f 421 406 405
f 400 397 399
f 412 413 415
f 403 406 404
f 422 415 414
f 410 419 398
f 423 419 420
f 420 424 423
f 425 426 427
f 427 428 425
f 429 430 428
f 431 426 425
f 429 432 430
f 430 425 428
f 432 433 434
f 432 429 433
f 435 436 437
f 438 439 440
f 435 437 438
f 441 434 436
f 438 442 435
f 442 438 440
f 441 436 435
f 436 434 433
f 443 444 445
f 446 447 444
f 444 443 446
f 447 446 448
f 449 443 445
f 450 451 452
f 450 453 451
f 452 454 450
f 453 450 449
f 449 445 453
f 455 456 457
f 458 459 456
f 460 461 462
f 463 464 465
f 460 465 461
f 439 462 459
f 458 440 439
f 439 459 458
f 456 455 458
f 460 463 465
f 462 439 460
f 466 464 463
f 466 467 468
f 464 466 468
f 469 455 457
f 470 471 472
f 473 474 475
f 476 475 471
f 477 478 479
f 480 481 482
f 480 482 478
f 477 479 474
f 472 467 470
f 475 476 473
f 476 471 470
f 480 477 483
f 478 477 480
f 480 469 481
f 477 474 473
f 469 457 481
f 468 467 472
f 484 485 486
f 487 488 489
f 485 487 490
f 491 486 485
f 489 490 487
f 492 489 488
f 491 485 490
f 488 493 492
f 493 494 495
f 496 497 498
f 494 496 499
f 495 494 499
f 497 448 498
f 498 499 496
f 448 497 447
f 493 495 492
f 500 501 502
f 503 502 501
f 504 505 506
f 505 504 507
f 508 509 510
f 509 508 511
f 512 513 514
f 513 512 515
f 516 517 518
f 518 519 516
f 520 521 522
f 522 523 520
f 524 525 526
f 526 527 524
f 528 529 530
f 530 531 528
f 532 533 534
f 534 535 532
f 536 537 538
f 539 538 537
f 540 541 542
f 543 544 545
f 546 545 541
f 547 548 549
f 550 551 552
f 553 552 548
f 554 549 544
f 541 540 546
f 544 543 554
f 543 545 546
f 548 547 555
f 552 553 550
f 553 548 555
f 547 549 554
f 551 556 557
f 558 540 542
f 559 560 557
f 561 562 563
f 564 563 560
f 565 566 567
f 558 568 569
f 570 569 566
f 571 567 562
f 557 556 559
f 563 564 561
f 564 560 559
f 567 571 565
f 569 570 558
f 570 566 565
f 571 562 561
f 558 542 568
f 551 550 556
f 572 573 574
f 575 576 577
f 578 577 573
f 579 580 581
f 582 583 584
f 585 584 580
f 575 581 576
f 574 586 572
f 577 578 575
f 578 573 572
f 580 579 585
f 583 582 587
f 582 584 585
f 579 581 575
f 583 588 589
f 590 586 574
f 591 592 589
f 593 594 595
f 596 595 592
f 597 598 599
f 590 600 601
f 602 601 598
f 603 599 594
f 589 588 591
f 595 596 593
f 596 592 591
f 599 603 597
f 601 602 590
f 602 598 597
f 603 594 593
f 590 574 600
f 583 587 588
f 604 605 606
f 607 604 606
f 605 608 606
f 607 606 609
f 609 610 607
f 611 608 605
f 611 426 612
f 612 426 431
f 612 608 611
f 607 610 613
f 613 610 614
f 614 615 613
f 616 617 618
f 619 616 620
f 616 618 620
f 619 620 621
f 621 500 619
f 622 618 617
f 623 484 486
f 623 486 622
f 622 617 623
f 621 501 500
f 624 625 626
f 627 624 626
f 628 625 624
f 629 630 631
f 630 632 633
f 633 632 634
f 635 634 636
f 637 629 631
f 635 633 634
f 638 635 636
f 630 633 631
f 629 637 639
f 640 641 642
f 643 644 645
f 642 644 646
f 645 647 643
f 640 648 641
f 643 646 644
f 639 643 647
f 640 642 646
f 647 629 639
f 649 650 651
f 652 653 654
f 655 654 650
f 656 657 658
f 659 660 661
f 659 661 657
f 662 658 653
f 650 649 655
f 653 652 662
f 652 654 655
f 657 656 663
f 660 659 664
f 659 657 663
f 656 658 662
f 664 665 660
f 666 649 651
f 667 668 665
f 669 670 671
f 672 671 668
f 673 674 675
f 666 676 677
f 678 677 674
f 679 675 670
f 665 680 667
f 671 672 669
f 672 668 667
f 675 679 673
f 677 678 666
f 678 674 673
f 679 670 669
f 666 651 676
f 664 680 665
f 681 682 683
f 684 685 686
f 687 686 682
f 688 689 690
f 691 692 693
f 694 693 689
f 695 690 685
f 682 681 687
f 685 684 695
f 684 686 687
f 690 696 688
f 693 694 691
f 694 689 688
f 696 690 695
f 692 697 698
f 699 681 683
f 700 701 698
f 702 703 704
f 705 704 701
f 706 707 708
f 699 709 710
f 711 710 707
f 712 708 703
f 698 697 700
f 704 705 702
f 705 701 700
f 708 712 706
f 710 711 699
f 711 707 706
f 712 703 702
f 699 683 709
f 692 691 697
f 713 714 715
f 716 714 717
f 714 716 715
f 713 715 718
f 719 720 721
f 718 721 720
f 720 713 718
f 719 721 722
f 717 723 716
f 723 717 724
f 725 723 724
f 724 726 725
f 727 726 728
f 729 727 728
f 727 729 730
f 728 726 731
f 726 724 732
f 733 722 734
f 735 734 722
f 721 735 722
f 733 734 736
f 737 736 738
f 736 737 733
f 739 738 740
f 738 739 737
f 741 742 743
f 744 743 730
f 741 743 744
f 742 745 740
f 745 742 741
f 745 746 740
f 740 746 739
f 744 730 729
f 739 746 747
f 748 728 749
f 728 731 749
f 748 750 728
f 751 752 750
f 753 751 750
f 752 754 755
f 750 748 753
f 731 726 732
f 754 752 751
f 756 757 758
f 758 724 756
f 759 760 761
f 754 761 760
f 755 754 760
f 759 761 762
f 732 724 758
f 763 747 764
f 764 765 766
f 765 764 767
f 763 764 766
f 768 769 747
f 768 747 763
f 770 739 769
f 769 739 747
f 771 772 773
f 762 773 772
f 772 759 762
f 771 773 774
f 775 776 777
f 767 774 765
f 777 776 739
f 767 771 774
f 770 777 739
f 778 779 780
f 781 779 782
f 778 783 779
f 784 778 780
f 785 786 787
f 786 785 784
f 784 780 786
f 788 785 787
f 783 782 779
f 789 781 782
f 789 782 790
f 790 791 789
f 792 793 794
f 793 792 791
f 795 791 796
f 792 794 797
f 791 790 793
f 791 798 789
f 799 788 800
f 788 799 801
f 788 801 785
f 802 799 800
f 803 802 804
f 800 804 802
f 805 803 806
f 804 806 803
f 807 805 806
f 808 809 810
f 811 812 813
f 797 811 813
f 794 811 797
f 807 814 815
f 814 812 815
f 807 806 816
f 814 813 812
f 815 805 807
f 817 816 806
f 818 819 796
f 820 821 809
f 822 791 795
f 823 824 825
f 824 789 798
f 826 796 819
f 827 828 829
f 819 818 830
f 828 831 825
f 795 796 826
f 832 827 829
f 827 831 828
f 833 823 834
f 831 823 825
f 835 836 837
f 838 839 840
f 837 832 829
f 839 841 834
f 833 824 823
f 836 832 837
f 842 843 830
f 844 845 836
f 846 847 848
f 842 847 846
f 849 846 848
f 846 843 842
f 849 848 850
f 846 851 845
f 830 818 842
f 844 836 835
f 852 853 854
f 836 855 832
f 856 857 858
f 859 860 861
f 861 862 863
f 858 857 864
f 853 860 865
f 855 857 856
f 861 864 862
f 866 838 840
f 798 791 822
f 833 789 824
f 850 867 868
f 850 868 849
f 868 867 869
f 870 871 872
f 873 872 871
f 867 872 873
f 873 869 867
f 874 872 817
f 870 872 874
f 836 851 875
f 876 877 878
f 877 876 875
f 878 879 876
f 857 855 836
f 880 864 857
f 836 875 876
f 879 878 881
f 851 846 849
f 851 836 845
f 882 883 874
f 884 885 820
f 885 886 887
f 883 882 887
f 884 886 885
f 887 886 883
f 821 820 885
f 820 888 884
f 882 874 806
f 889 890 891
f 881 891 890
f 881 878 891
f 888 892 889
f 892 888 820
f 893 894 895
f 896 895 810
f 820 809 808
f 888 889 891
f 895 808 810
f 874 817 806
f 897 898 899
f 900 899 898
f 900 898 864
f 894 893 898
f 901 896 810
f 902 903 810
f 896 893 895
f 903 901 810
f 902 810 904
f 862 905 863
f 906 907 908
f 908 905 906
f 909 910 911
f 909 912 913
f 913 912 914
f 915 916 907
f 900 864 880
f 917 904 810
f 918 919 810
f 810 919 917
f 920 917 921
f 920 921 912
f 810 922 918
f 923 924 810
f 924 925 810
f 810 925 922
f 920 904 917
f 914 912 921
f 926 927 928
f 911 916 915
f 929 930 931
f 932 933 929
f 933 934 927
f 930 929 933
f 923 929 931
f 935 913 914
f 936 935 937
f 923 810 929
f 936 937 926
f 897 894 898
f 898 862 864
f 854 866 852
f 938 833 939
f 834 841 939
f 938 940 941
f 942 833 938
f 854 853 865
f 859 861 863
f 841 839 838
f 865 860 859
f 833 834 939
f 943 941 940
f 944 945 943
f 941 943 945
f 946 947 948
f 946 945 949
f 944 949 945
f 947 946 949
f 950 946 948
f 941 942 938
f 908 907 916
f 908 950 951
f 948 951 950
f 952 950 908
f 916 911 910
f 928 936 926
f 935 936 953
f 953 913 935
f 916 952 908
f 863 905 908
f 954 910 913
f 955 954 956
f 957 910 954
f 958 956 954
f 959 958 954
f 960 961 962
f 961 963 959
f 959 963 964
f 959 964 958
f 910 909 913
f 934 928 927
f 965 966 957
f 967 957 966
f 968 969 967
f 957 967 969
f 970 965 971
f 972 973 971
f 970 971 973
f 973 972 974
f 970 966 965
f 954 955 965
f 975 968 976
f 968 975 977
f 977 969 968
f 978 975 976
f 978 979 980
f 981 982 980
f 978 980 982
f 983 982 981
f 978 976 979
f 984 974 985
f 961 960 963
f 986 987 988
f 988 989 990
f 962 989 960
f 987 986 991
f 984 992 993
f 983 994 995
f 988 996 986
f 991 986 993
f 983 997 996
f 996 988 990
f 997 983 995
f 993 992 991
f 983 981 994
f 974 984 993
f 985 974 972
f 998 989 962
f 957 954 965
f 983 996 990
f 999 1000 1001
f 1002 1003 1004
f 1002 1000 1003
f 1005 1006 1003
f 1003 1007 1008
f 1003 1008 1004
f 1007 1003 1006
f 1000 1002 1009
f 1006 1005 1010
f 1011 1002 1012
f 1013 1011 1014
f 1012 1014 1011
f 1011 1015 1002
f 1016 1017 1018
f 1014 1017 1016
f 1016 1013 1014
f 1019 1002 1015
f 1020 1021 999
f 1018 1017 1022
f 1023 1005 1024
f 1024 1025 1023
f 1005 1023 1010
f 1026 1025 1024
f 1027 1028 1029
f 1028 1027 1030
f 1031 1030 1027
f 1026 1028 1030
f 1026 1024 1028
f 1032 1022 1033
f 1033 1034 1032
f 1035 1034 1033
f 1036 1035 1031
f 1027 1037 1036
f 1035 1036 1038
f 1038 1034 1035
f 1027 1036 1031
f 1033 1022 1017
f 1039 1037 1027
f 1040 1041 1042
f 933 932 934
f 1041 1043 1044
f 1020 999 1001
f 1043 1001 1045
f 1046 1043 1045
f 1046 1047 1043
f 1001 1000 1009
f 1040 989 998
f 932 1021 1020
f 1048 1040 1042
f 1049 990 1050
f 1048 1050 990
f 989 1040 1048
f 1043 1047 1044
f 990 1049 1051
f 990 1051 1052
f 1052 1053 990
f 1041 1044 1042
f 1048 990 989
f 1054 1015 1039
f 1055 1056 1001
f 1054 1019 1015
f 1057 1039 1015
f 1039 1058 1059
f 1039 1059 1060
f 1058 1039 1057
f 1039 1060 1061
f 1061 1037 1039
f 1045 1001 1056
f 1009 1062 1001
f 1053 1063 1064
f 1053 1065 1066
f 1002 1019 1009
f 1053 1066 1062
f 1053 1064 1065
f 1066 1055 1062
f 1053 1052 1063
f 1062 1055 1001
f 932 929 1021
f 838 866 854
f 1067 1068 1069
f 1068 1067 1070
f 1071 1072 1073
f 1074 1073 1072
f 1073 1075 1071
f 1075 1073 1076
f 1073 1077 1078
f 1079 1080 1081
f 1073 1074 1077
f 1078 1082 1073
f 1081 1075 1079
f 1083 1084 1076
f 1085 1086 1083
f 1084 1083 1086
f 1076 1073 1083
f 1080 1079 1087
f 1083 1088 1085
f 1089 1080 1090
f 1075 1076 1079
f 1080 1087 1090
f 1091 1088 1083
f 1092 1082 1093
f 1090 1094 1095
f 1095 1089 1090
f 1096 1092 1097
f 1093 1097 1092
f 1092 1096 1098
f 1098 1099 1100
f 1095 1100 1099
f 1092 1073 1082
f 1092 1098 1101
f 1100 1095 1094
f 1083 1102 1103
f 1102 1101 1104
f 1102 1105 1106
f 1104 1105 1102
f 1103 1102 1106
f 1101 1098 1100
f 1092 1101 1102
f 1091 1083 1103
f 1107 1108 1109
f 1110 1109 1111
f 1112 1113 1114
f 1112 1115 1116
f 1112 1116 1113
f 1117 1118 1112
f 1117 1112 1119
f 1120 1121 1122
f 1123 1124 1121
f 1122 1121 1125
f 1126 1119 1124
f 1118 1115 1112
f 1118 1117 1127
f 1128 1129 1130
f 1131 1128 1132
f 1132 1130 1133
f 1133 1134 1132
f 1132 1128 1130
f 1132 1135 1131
f 1125 1136 1137
f 1122 1125 1137
f 1138 1136 1125
f 1138 1139 1136
f 1135 1132 1140
f 1139 1131 1135
f 1139 1138 1131
f 1141 1140 1132
f 1142 1111 1127
f 1111 1142 1110
f 1109 1110 1143
f 1119 1144 1117
f 1145 1124 1123
f 1126 1124 1145
f 1127 1117 1142
f 1146 1107 1147
f 1143 1147 1107
f 1148 1107 1146
f 1107 1149 1150
f 1149 1107 1148
f 1107 1150 1151
f 1151 1152 1107
f 1107 1109 1143
f 1153 1120 1154
f 1155 1154 1156
f 1140 1141 1157
f 1158 1157 1141
f 1141 1159 1158
f 1160 1159 1141
f 1154 1155 1153
f 1155 1156 1151
f 1156 1152 1151
f 1161 1162 1160
f 1162 1161 1163
f 1152 1163 1161
f 1141 1161 1160
f 1152 1161 1107
f 1120 1153 1121
f 1123 1121 1153
f 1126 1144 1119
f 1164 1165 1166
f 1167 1168 1169
f 1170 1169 1165
f 1171 1172 1168
f 1173 1174 1175
f 1174 1172 1176
f 1177 1173 1178
f 1170 1165 1164
f 1171 1168 1167
f 1170 1167 1169
f 1174 1176 1175
f 1177 1178 1179
f 1178 1173 1175
f 1176 1172 1171
f 1179 1180 1177
f 1181 1164 1166
f 1182 1180 1183
f 1184 1185 1186
f 1185 1182 1187
f 1188 1189 1184
f 1181 1190 1191
f 1192 1191 1193
f 1193 1189 1194
f 1180 1195 1183
f 1185 1187 1186
f 1187 1182 1183
f 1194 1189 1188
f 1192 1193 1194
f 1192 1181 1191
f 1188 1184 1186
f 1181 1166 1190
f 1179 1195 1180
f 1196 1197 1198
f 1197 1196 1199
f 1198 1200 1201
f 1200 1198 1197
f 1202 1203 1204
f 1204 1199 1202
f 1203 1205 1204
f 1202 1199 1196
f 1206 1201 1207
f 1208 1201 1200
f 1209 1210 1206
f 1207 1201 1208
f 1211 1210 1209
f 1212 1211 1213
f 1212 1210 1211
f 1209 1206 1207
f 1214 1215 1216
f 1205 1215 1204
f 1217 1218 1214
f 1216 1215 1205
f 1219 1218 1217
f 1220 1219 1221
f 1220 1218 1219
f 1217 1214 1216
f 1213 1222 1223
f 1223 1224 1213
f 1222 1225 1223
f 1213 1224 1212
f 1221 1226 1227
f 1226 1221 1219
f 1227 1225 1222
f 1225 1227 1226
f 1228 1229 1230
f 1231 1230 1229
f 1232 1233 1228
f 1229 1228 1233
f 1234 1235 1236
f 1236 1231 1234
f 1234 1237 1235
f 1230 1231 1236
f 1238 1232 1239
f 1233 1232 1240
f 1239 1241 1242
f 1240 1232 1238
f 1242 1241 1243
f 1244 1243 1245
f 1243 1241 1245
f 1238 1239 1242
f 1246 1247 1248
f 1234 1247 1237
f 1248 1249 1250
f 1237 1247 1246
f 1250 1249 1251
f 1252 1251 1253
f 1251 1249 1253
f 1246 1248 1250
f 1254 1255 1244
f 1244 1256 1254
f 1254 1257 1255
f 1245 1256 1244
f 1258 1259 1252
f 1251 1252 1259
f 1255 1257 1258
f 1259 1258 1257
f 1260 1261 1262
f 1263 1264 1265
f 1266 1265 1261
f 1267 1268 1264
f 1269 1270 1271
f 1270 1268 1272
f 1273 1269 1274
f 1266 1261 1260
f 1267 1264 1263
f 1266 1263 1265
f 1270 1272 1271
f 1273 1274 1275
f 1274 1269 1271
f 1272 1268 1267
f 1275 1276 1273
f 1277 1260 1262
f 1278 1279 1280
f 1281 1282 1278
f 1279 1276 1283
f 1284 1285 1286
f 1287 1277 1288
f 1289 1285 1282
f 1290 1288 1284
f 1291 1283 1276
f 1280 1281 1278
f 1280 1279 1283
f 1286 1285 1289
f 1284 1286 1290
f 1288 1290 1287
f 1289 1282 1281
f 1287 1260 1277
f 1275 1291 1276
f 1292 1293 1294
f 1293 1292 1295
f 1296 1294 1297
f 1294 1296 1292
f 1295 1298 1299
f 1300 1299 1298
f 1298 1301 1300
f 1295 1299 1293
f 1302 1297 1303
f 1304 1297 1294
f 1303 1305 1302
f 1303 1297 1304
f 1306 1307 1305
f 1307 1308 1309
f 1308 1307 1306
f 1306 1305 1303
f 1310 1311 1312
f 1301 1311 1300
f 1313 1314 1310
f 1312 1311 1301
f 1315 1314 1313
f 1316 1315 1317
f 1316 1314 1315
f 1313 1310 1312
f 1318 1319 1320
f 1320 1309 1318
f 1319 1321 1320
f 1318 1309 1308
f 1317 1322 1323
f 1322 1317 1315
f 1323 1321 1319
f 1321 1323 1322
f 1324 1325 1326
f 1327 1326 1325
f 1328 1324 1329
f 1326 1329 1324
f 1330 1331 1327
f 1331 1330 1332
f 1332 1333 1331
f 1325 1330 1327
f 1334 1328 1335
f 1324 1328 1336
f 1335 1337 1334
f 1336 1328 1334
f 1337 1338 1339
f 1340 1341 1338
f 1339 1338 1341
f 1334 1337 1339
f 1342 1343 1344
f 1332 1343 1333
f 1344 1345 1346
f 1333 1343 1342
f 1346 1345 1347
f 1348 1347 1349
f 1347 1345 1349
f 1342 1344 1346
f 1350 1351 1352
f 1352 1340 1350
f 1350 1353 1351
f 1341 1340 1352
f 1354 1355 1348
f 1347 1348 1355
f 1351 1353 1354
f 1355 1354 1353
f 1356 1357 1358
f 1358 1359 1356
f 1360 1361 1362
f 1363 1362 1361
f 4677 4678 4679
f 4678 4677 4680
f 4681 4679 4682
f 4679 4681 4677
f 4683 4684 4685
f 4685 4680 4683
f 4684 4686 4685
f 4683 4680 4677
f 4687 4682 4688
f 4682 4687 4681
f 4689 4688 4690
f 4688 4689 4687
f 4690 4691 4692
f 4691 4690 4688
f 4692 4693 4694
f 4693 4692 4691
f 4686 4695 4696
f 4695 4686 4684
f 4697 4696 4698
f 4696 4697 4686
f 4699 4698 4700
f 4698 4699 4697
f 4701 4700 4702
f 4700 4701 4699
f 4694 4703 4704
f 4705 4704 4703
f 4703 4706 4705
f 4694 4704 4692
f 4702 4707 4708
f 4707 4702 4700
f 4708 4706 4703
f 4706 4708 4707
f 4709 4710 4711
f 4712 4713 4714
f 4715 4714 4710
f 4716 4717 4718
f 4719 4720 4721
f 4722 4721 4717
f 4723 4718 4713
f 4710 4709 4715
f 4714 4724 4712
f 4724 4714 4715
f 4718 4723 4716
f 4721 4722 4719
f 4722 4717 4716
f 4723 4713 4712
f 4720 4725 4726
f 4727 4709 4711
f 4728 4726 4729
f 4730 4731 4732
f 4732 4728 4729
f 4733 4734 4735
f 4734 4736 4727
f 4737 4735 4738
f 4739 4738 4731
f 4726 4725 4729
f 4732 4729 4740
f 4732 4740 4730
f 4739 4737 4738
f 4739 4731 4730
f 4733 4735 4737
f 4736 4734 4733
f 4736 4709 4727
f 4720 4719 4725
f 4741 4742 4743
f 4741 4744 4742
f 4742 4744 4745
f 4742 4746 4743
f 4747 4748 4749
f 4748 4747 4750
f 4743 4746 4749
f 4749 4746 4747
f 4751 4752 4745
f 4753 4752 4751
f 4753 4754 4752
f 4751 4745 4744
f 4755 4756 4754
f 4757 4755 4758
f 4755 4757 4756
f 4755 4754 4753
f 4750 4759 4760
f 4761 4762 4760
f 4760 4759 4761
f 4761 4763 4764
f 4765 4764 4763
f 4763 4766 4765
f 4764 4762 4761
f 4767 4768 4769
f 4767 4757 4768
f 4768 4770 4769
f 4757 4758 4768
f 4771 4766 4772
f 4769 4770 4772
f 4772 4770 4771
f 4765 4766 4771
f 4760 4748 4750
f 4773 4774 4775
f 4776 4777 4778
f 4779 4778 4774
f 4780 4781 4782
f 4783 4784 4785
f 4786 4785 4781
f 4787 4782 4777
f 4774 4773 4779
f 4778 4788 4776
f 4788 4778 4779
f 4782 4787 4780
f 4785 4786 4783
f 4786 4781 4780
f 4787 4777 4776
f 4784 4789 4790
f 4791 4773 4775
f 4792 4793 4790
f 4794 4795 4796
f 4797 4796 4793
f 4798 4799 4800
f 4791 4801 4802
f 4803 4802 4799
f 4804 4800 4795
f 4790 4789 4792
f 4796 4797 4794
f 4797 4793 4792
f 4800 4804 4798
f 4802 4803 4791
f 4803 4799 4798
f 4804 4795 4794
f 4791 4775 4801
f 4784 4783 4789
f 4805 4806 4807
f 4807 4808 4805
f 4807 4806 4809
f 4805 4808 4810
f 4811 4812 4813
f 4813 4809 4811
f 4811 4809 4806
f 4810 4814 4815
f 4810 4808 4814
f 4816 4817 4815
f 4815 4814 4816
f 4818 4819 4817
f 4820 4819 4818
f 4818 4817 4816
f 4818 4821 4820
f 4822 4813 4812
f 4822 4823 4824
f 4823 4822 4812
f 4825 4824 4823
f 4823 4826 4825
f 4827 4826 4828
f 4826 4827 4825
f 4828 4829 4830
f 4829 4828 4826
f 4831 4832 4833
f 4821 4831 4820
f 4831 4821 4832
f 4832 4834 4833
f 4830 4835 4836
f 4835 4830 4829
f 4834 4837 4833
f 4834 4836 4837
f 4837 4836 4835
f 4838 4839 4840
f 4839 4838 4841
f 4840 4842 4843
f 4842 4840 4839
f 4844 4845 4841
f 4846 4841 4845
f 4845 4847 4846
f 4844 4841 4838
f 4843 4848 4849
f 4848 4843 4842
f 4849 4850 4851
f 4850 4849 4848
f 4851 4852 4853
f 4852 4851 4850
f 4854 4853 4855
f 4853 4854 4851
f 4847 4856 4857
f 4856 4847 4845
f 4858 4859 4857
f 4857 4856 4858
f 4860 4861 4859
f 4862 4861 4860
f 4860 4859 4858
f 4863 4861 4862
f 4855 4864 4865
f 4866 4865 4864
f 4864 4867 4866
f 4855 4865 4854
f 4868 4863 4869
f 4868 4870 4867
f 4870 4868 4869
f 4867 4870 4866
f 4863 4862 4869
f 4871 4872 4873
f 4874 4875 4876
f 4877 4875 4872
f 4878 4879 4880
f 4876 4881 4874
f 4882 4883 4879
f 4880 4881 4878
f 4884 4871 4873
f 4877 4876 4875
f 4877 4872 4871
f 4881 4876 4885
f 4879 4878 4882
f 4882 4886 4883
f 4885 4878 4881
f 4886 4887 4883
f 4888 4884 4873
f 4889 4890 4887
f 4891 4892 4893
f 4894 4891 4890
f 4895 4896 4897
f 4892 4898 4893
f 4899 4900 4896
f 4898 4895 4897
f 4901 4889 4887
f 4894 4892 4891
f 4894 4890 4889
f 4898 4892 4902
f 4896 4895 4899
f 4899 4888 4900
f 4902 4895 4898
f 4888 4873 4900
f 4886 4901 4887
f 4903 4904 4905
f 4906 4907 4908
f 4909 4907 4904
f 4910 4911 4912
f 4912 4913 4910
f 4908 4914 4906
f 4911 4914 4915
f 4903 4905 4916
f 4904 4903 4909
f 4907 4909 4908
f 4914 4908 4917
f 4911 4915 4912
f 4912 4918 4913
f 4917 4915 4914
f 4918 4919 4913
f 4920 4916 4905
f 4921 4922 4919
f 4923 4924 4925
f 4926 4924 4922
f 4927 4928 4929
f 4925 4930 4923
f 4927 4931 4928
f 4929 4930 4932
f 4933 4921 4919
f 4926 4925 4924
f 4926 4922 4921
f 4932 4927 4929
f 4920 4931 4927
f 4930 4925 4934
f 4934 4932 4930
f 4920 4905 4931
f 4918 4933 4919
f 4935 4936 4937
f 4938 4935 4939
f 4935 4938 4936
f 4936 4940 4937
f 4941 4942 4943
f 4942 4941 4944
f 4937 4940 4943
f 4943 4940 4941
f 4945 4946 4947
f 4939 4946 4938
f 4948 4949 4945
f 4947 4946 4939
f 4947 4948 4945
f 4950 4951 4949
f 4948 4950 4949
f 4949 4951 4952
f 4953 4944 4954
f 4944 4953 4942
f 4955 4956 4954
f 4954 4944 4955
f 4957 4958 4956
f 4958 4959 4960
f 4959 4958 4957
f 4957 4956 4955
f 4961 4962 4963
f 4961 4952 4962
f 4962 4964 4963
f 4952 4951 4962
f 4960 4965 4966
f 4965 4960 4959
f 4967 4963 4964
f 4967 4966 4965
f 4967 4964 4966
f 4968 4969 4970
f 4971 4969 4968
f 4972 4973 4968
f 4970 4972 4968
f 4974 4975 4976
f 4977 4976 4975
f 4978 4979 4980
f 4980 4981 4978
f 4978 4981 4982
f 4982 4981 4983
f 4983 4984 4985
f 4981 4984 4983
f 4985 4984 4986
f 4985 4987 4988
f 4987 4985 4986
f 4988 4989 4990
f 4989 4988 4987
f 4991 4990 4992
f 4992 4993 4991
f 4990 4989 4992
f 4994 4995 4996
f 4997 4998 4999
f 4997 4999 5000
f 4996 4999 4998
f 5001 5002 5003
f 5002 5004 5003
f 5001 5005 5002
f 5006 5007 5008
f 4997 5000 5009
f 5008 5007 5010
f 5011 5012 5013
f 5012 5011 5014
f 5011 5013 5015
f 5015 5016 5017
f 5016 5015 5013
f 5017 5016 5018
f 5019 5008 5010
f 5020 5008 5019
f 5021 5022 5020
f 5021 5017 5022
f 5020 5022 5008
f 5023 4995 4994
f 5014 5009 5024
f 5022 5017 5018
f 5014 5024 5012
f 5000 5024 5009
f 4996 4995 4999
f 5002 5025 5026
f 5002 5027 5004
f 5028 5025 5029
f 5029 5030 5028
f 5025 5002 5029
f 5002 5026 5027
f 5031 4993 5032
f 5033 5031 5032
f 5032 5029 5034
f 5032 5035 5033
f 5002 5034 5029
f 5032 5034 5035
f 5030 5029 5036
f 5002 5037 5006
f 5038 5039 5040
f 5040 5006 5038
f 5041 5040 5039
f 5036 5029 5042
f 5043 5042 5040
f 5007 5006 5044
f 5040 5045 5006
f 5006 5045 5044
f 5038 5006 5037
f 5029 5040 5042
f 5041 5043 5040
f 5005 5037 5002
f 5046 5047 5048
f 5049 5047 5046
f 5050 5051 5049
f 5051 5050 5052
f 5046 5050 5049
f 5053 5054 5055
f 5056 5057 5058
f 5059 5058 5054
f 5060 5061 5062
f 5063 5064 5065
f 5060 5065 5061
f 5066 5062 5057
f 5054 5053 5059
f 5057 5056 5066
f 5056 5058 5059
f 5065 5060 5063
f 5067 5064 5063
f 5062 5066 5068
f 5068 5060 5062
f 5067 5069 5064
f 5070 5053 5055
f 5071 5072 5069
f 5073 5074 5075
f 5076 5075 5072
f 5077 5078 5079
f 5080 5081 5082
f 5083 5082 5078
f 5084 5079 5074
f 5072 5071 5076
f 5074 5073 5084
f 5073 5075 5076
f 5082 5083 5080
f 5070 5081 5080
f 5079 5084 5077
f 5077 5083 5078
f 5070 5055 5081
f 5067 5071 5069
f 5085 5086 5087
f 5088 5089 5090
f 5091 5090 5086
f 5092 5093 5094
f 5095 5096 5097
f 5098 5097 5093
f 5088 5094 5089
f 5087 5099 5085
f 5090 5091 5088
f 5091 5086 5085
f 5093 5092 5098
f 5095 5097 5098
f 5094 5088 5100
f 5100 5092 5094
f 5095 5101 5096
f 5102 5099 5087
f 5103 5104 5105
f 5106 5107 5104
f 5108 5105 5109
f 5110 5111 5112
f 5113 5102 5114
f 5111 5107 5106
f 5110 5112 5114
f 5101 5108 5109
f 5103 5106 5104
f 5103 5105 5108
f 5115 5114 5112
f 5115 5113 5114
f 5111 5106 5116
f 5116 5112 5111
f 5113 5099 5102
f 5096 5101 5109
f 5117 5118 5119
f 5120 5121 5117
f 5119 5120 5117
f 5122 5123 5124
f 5122 5124 5125
f 5124 5123 5126
f 5123 5127 5126
f 5127 5128 5129
f 5128 5120 5129
f 5120 5128 5121
f 5127 5129 5126
f 5130 4973 4972
f 5131 5132 5130
f 4972 5131 5130
f 5048 5133 5046
f 5134 5135 5136
f 5133 5134 5137
f 5046 5133 5137
f 5135 5138 5136
f 5136 5137 5134
f 5138 5139 5140
f 5138 5135 5139
f 5141 5142 5143
f 5143 5144 5145
f 5132 5146 5144
f 5141 5140 5142
f 5146 5145 5144
f 5131 5146 5132
f 5141 5143 5145
f 5142 5140 5139
f 5147 5148 5149
f 5150 5151 5152
f 5153 5152 5148
f 5154 5155 5156
f 5157 5158 5159
f 5154 5159 5155
f 5160 5156 5151
f 5161 5147 5149
f 5153 5150 5152
f 5153 5148 5147
f 5156 5160 5154
f 5159 5154 5157
f 5157 5162 5158
f 5160 5151 5150
f 5162 5163 5158
f 5164 5161 5149
f 5165 5166 5163
f 5167 5168 5169
f 5167 5169 5166
f 5170 5171 5172
f 5173 5164 5174
f 5175 5174 5171
f 5176 5172 5168
f 5163 5177 5165
f 5178 5168 5167
f 5167 5166 5165
f 5174 5175 5173
f 5170 5172 5176
f 5176 5168 5178
f 5171 5170 5175
f 5173 5161 5164
f 5162 5177 5163
f 5179 5180 5181
f 5181 5182 5179
f 5180 5179 5183
f 5183 5184 5180
f 5185 5186 5187
f 5184 5187 5186
f 5188 5186 5185
f 5183 5187 5184
f 5189 5190 5191
f 5190 5192 5191
f 5192 5190 5193
f 5192 5193 5194
f 5195 5196 5197
f 5194 5193 5198
f 5197 5198 5195
f 5198 5193 5195
f 5199 5200 5201
f 5202 5201 5203
f 5202 5203 5204
f 5140 5200 5199
f 5204 5205 5202
f 5202 5199 5201
f 5205 5206 5207
f 5205 5204 5206
f 5208 5209 5210
f 5211 5212 5213
f 5214 5210 5211
f 5207 5209 5215
f 5210 5214 5208
f 5215 5209 5208
f 5213 5214 5211
f 5209 5207 5206
f 5216 5217 5218
f 5219 5220 5221
f 5222 5221 5217
f 5223 5224 5225
f 5226 5227 5228
f 5229 5228 5224
f 5230 5225 5220
f 5218 5231 5216
f 5221 5222 5219
f 5222 5217 5216
f 5225 5230 5223
f 5228 5229 5226
f 5229 5224 5223
f 5230 5220 5219
f 5226 5232 5227
f 5233 5231 5218
f 5234 5235 5232
f 5236 5237 5238
f 5239 5238 5235
f 5240 5241 5242
f 5233 5243 5244
f 5245 5244 5241
f 5246 5242 5237
f 5235 5234 5239
f 5237 5236 5247
f 5236 5238 5239
f 5242 5246 5240
f 5244 5245 5233
f 5245 5241 5240
f 5246 5237 5247
f 5233 5218 5243
f 5226 5234 5232
f 5248 5249 5250
f 5249 5248 5251
f 5248 5252 5253
f 5248 5253 5251
f 5252 5254 5255
f 5252 5255 5253
f 5256 5257 5258
f 5255 5254 5259
f 5258 5259 5256
f 5259 5254 5256
f 5188 5185 5257
f 5258 5257 5185
f 5260 5182 5181
f 5181 5261 5260
f 5262 5263 5264
f 5264 5265 5262
f 5266 5267 5268
f 5269 5270 5267
f 5271 5268 5272
f 4462 5273 5274
f 5275 5276 5277
f 5278 5277 5273
f 5274 5270 5279
f 5271 5272 5280
f 5269 5267 5266
f 5271 5266 5268
f 5273 4462 5278
f 5279 4465 4462
f 5275 5277 5278
f 5270 5269 5279
f 5279 4462 5274
f 5281 5276 5275
f 5282 5280 5272
f 5283 5284 5281
f 5285 5286 5287
f 5283 5285 5284
f 5276 5281 5284
f 5288 5287 5289
f 5290 5291 4468
f 5292 5290 5293
f 5291 5288 5294
f 5295 5292 5296
f 5285 5283 5286
f 5288 5289 5294
f 5289 5287 5286
f 5293 4468 4467
f 5290 4468 5293
f 5296 5292 5293
f 5296 5282 5295
f 4468 5291 5294
f 5282 5272 5295
f 5297 5298 5299
f 5300 5301 5302
f 5303 5302 5298
f 5304 5305 5306
f 5307 5308 5309
f 5310 5309 5305
f 5311 5306 5301
f 5303 5298 5297
f 5300 5302 5303
f 5301 5300 5312
f 5311 5301 5312
f 5310 5305 5304
f 5311 5304 5306
f 5310 5307 5309
f 5307 5313 5308
f 5314 5297 5299
f 5315 5316 5317
f 5318 5319 5320
f 5321 5320 5316
f 5322 5323 5324
f 5314 5325 5326
f 5327 5326 5323
f 5328 5324 5319
f 5317 5313 5315
f 5320 5321 5318
f 5321 5316 5315
f 5324 5328 5322
f 5326 5327 5314
f 5327 5323 5322
f 5328 5319 5318
f 5314 5299 5325
f 5308 5313 5317
f 5329 5330 5331
f 5332 5333 5334
f 5335 5334 5330
f 5336 5337 5338
f 5339 5340 5341
f 5342 5341 5337
f 5336 5338 5333
f 5331 5343 5329
f 5334 5335 5332
f 5335 5330 5329
f 5337 5336 5342
f 5340 5339 5344
f 5339 5341 5342
f 5336 5333 5332
f 5344 5345 5340
f 5346 5343 5331
f 5347 5348 5345
f 5349 5350 5351
f 5352 5351 5348
f 5353 5354 5355
f 5346 5356 5357
f 5358 5357 5354
f 5359 5355 5350
f 5348 5347 5352
f 5350 5349 5359
f 5349 5351 5352
f 5355 5360 5353
f 5357 5358 5346
f 5358 5354 5353
f 5360 5355 5359
f 5346 5331 5356
f 5344 5347 5345
f 5361 5362 5363
f 5364 5365 5362
f 5366 5363 5367
f 5368 5369 5370
f 5371 5372 5373
f 5374 5373 5369
f 5370 5365 5375
f 5366 5367 5376
f 5362 5361 5364
f 5361 5363 5366
f 5377 5370 5375
f 5368 5370 5377
f 5374 5369 5368
f 5365 5378 5375
f 5374 5371 5373
f 5378 5365 5364
f 5371 5379 5372
f 5380 5376 5367
f 5381 5382 5383
f 5384 5385 5386
f 5385 5381 5387
f 5388 5389 5390
f 5391 5392 5393
f 5394 5391 5389
f 5395 5393 5396
f 5384 5390 5389
f 5397 5390 5384
f 5383 5382 5379
f 5386 5385 5387
f 5383 5387 5381
f 5391 5394 5392
f 5395 5396 5380
f 5396 5393 5392
f 5384 5386 5397
f 5380 5367 5395
f 5372 5379 5382
f 5389 5388 5394
f 5398 5399 5400
f 5401 5402 5399
f 5403 5400 5404
f 5405 5406 5407
f 5408 5409 5410
f 5406 5402 5411
f 5405 5407 5410
f 5403 5398 5400
f 5412 5401 5399
f 5412 5399 5398
f 5406 5411 5407
f 5410 5407 5413
f 5413 5408 5410
f 5411 5402 5401
f 5409 5414 5415
f 5416 5403 5404
f 5417 5418 5415
f 5419 5420 5421
f 5422 5421 5418
f 5423 5424 5425
f 5416 5426 5427
f 5428 5427 5424
f 5429 5425 5420
f 5415 5414 5417
f 5421 5422 5419
f 5422 5418 5417
f 5425 5429 5423
f 5427 5428 5416
f 5428 5424 5423
f 5429 5420 5419
f 5416 5404 5426
f 5409 5408 5414
f 5430 5431 5432
f 5433 5434 5431
f 5435 5432 5436
f 5437 5438 5439
f 5440 5441 5442
f 5438 5434 5443
f 5437 5439 5442
f 5435 5430 5432
f 5444 5433 5431
f 5444 5431 5430
f 5438 5443 5439
f 5442 5439 5445
f 5445 5440 5442
f 5443 5434 5433
f 5441 5446 5447
f 5448 5435 5436
f 5449 5450 5447
f 5451 5452 5453
f 5454 5453 5450
f 5455 5456 5457
f 5458 5459 5460
f 5458 5460 5456
f 5461 5457 5452
f 5447 5446 5449
f 5453 5454 5451
f 5454 5450 5449
f 5457 5461 5455
f 5459 5458 5448
f 5458 5456 5455
f 5461 5452 5451
f 5448 5436 5459
f 5441 5440 5446
f 5882 5883 5884
f 5883 5882 5885
f 5884 5886 5887
f 5886 5884 5883
f 5888 5889 5885
f 5889 5888 5890
f 5891 5885 5882
f 5885 5891 5888
f 5887 5892 5893
f 5892 5887 5886
f 5894 5893 5895
f 5893 5894 5887
f 5895 5896 5897
f 5897 5898 5895
f 5896 5899 5897
f 5895 5898 5894
f 5900 5901 5890
f 5902 5890 5901
f 5901 5903 5902
f 5900 5890 5888
f 5903 5904 5905
f 5904 5903 5901
f 5905 5906 5907
f 5906 5905 5904
f 5908 5909 5899
f 5909 5908 5910
f 5899 5911 5897
f 5911 5899 5909
f 5907 5912 5913
f 5912 5907 5906
f 5910 5913 5909
f 5913 5910 5907
f 5914 5915 5916
f 5917 5918 5919
f 5920 5919 5915
f 5921 5922 5923
f 5924 5925 5926
f 5927 5926 5922
f 5928 5923 5918
f 5916 5929 5914
f 5919 5920 5917
f 5920 5915 5914
f 5923 5928 5921
f 5926 5927 5924
f 5927 5922 5921
f 5928 5918 5917
f 5925 5930 5931
f 5932 5929 5916
f 5933 5934 5931
f 5935 5936 5937
f 5938 5937 5934
f 5939 5940 5941
f 5932 5942 5943
f 5944 5943 5940
f 5945 5941 5936
f 5931 5930 5933
f 5937 5938 5935
f 5938 5934 5933
f 5941 5945 5939
f 5943 5944 5932
f 5944 5940 5939
f 5945 5936 5935
f 5932 5916 5942
f 5925 5924 5930
f 5946 5947 5948
f 5947 5946 5949
f 5948 5950 5951
f 5950 5948 5947
f 5952 5953 5954
f 5954 5949 5952
f 5953 5955 5954
f 5952 5949 5946
f 5956 5951 5957
f 5951 5956 5948
f 5957 5958 5959
f 5958 5957 5951
f 5960 5959 5961
f 5959 5960 5957
f 5962 5961 5963
f 5961 5962 5960
f 5964 5955 5965
f 5955 5964 5954
f 5966 5965 5967
f 5965 5966 5964
f 5968 5967 5969
f 5967 5968 5966
f 5969 5970 5971
f 5970 5969 5967
f 5963 5972 5973
f 5973 5974 5963
f 5972 5975 5973
f 5963 5974 5962
f 5976 5971 5977
f 5971 5976 5969
f 5977 5975 5972
f 5975 5977 5971
f 5978 5979 5980
f 5981 5982 5983
f 5984 5981 5979
f 5985 5983 5986
f 5987 5988 5989
f 5988 5985 5990
f 5991 5987 5992
f 5980 5993 5978
f 5981 5984 5982
f 5984 5979 5978
f 5985 5986 5990
f 5987 5989 5992
f 5989 5988 5990
f 5986 5983 5982
f 5991 5994 5995
f 5996 5993 5980
f 5997 5998 5999
f 6000 5999 5995
f 6001 5998 6002
f 6003 6004 6005
f 6006 6007 6003
f 6004 6001 6008
f 6006 6009 6007
f 5998 5997 6002
f 6000 5995 5994
f 5997 5999 6000
f 6004 6008 6005
f 6009 6006 5996
f 6006 6003 6005
f 6008 6001 6002
f 5996 5980 6009
f 5991 5992 5994
f 6010 6011 6012
f 6011 6010 6013
f 6014 6012 6015
f 6012 6014 6010
f 6016 6017 6018
f 6018 6013 6016
f 6016 6013 6010
f 6019 6015 6020
f 6015 6019 6014
f 6020 6021 6022
f 6021 6020 6015
f 6022 6023 6024
f 6023 6022 6021
f 6024 6025 6026
f 6025 6024 6023
f 6018 6017 6027
f 6027 6028 6029
f 6028 6027 6017
f 6030 6031 6029
f 6029 6028 6030
f 6032 6033 6031
f 6034 6035 6033
f 6033 6032 6034
f 6031 6030 6032
f 6036 6037 6038
f 6038 6026 6036
f 6037 6039 6038
f 6026 6025 6036
f 6040 6034 6041
f 6042 6041 6039
f 6041 6042 6040
f 6042 6039 6037
f 6035 6034 6040
f 6043 6044 6045
f 6044 6043 6046
f 6045 6047 6048
f 6047 6045 6044
f 6049 6050 6051
f 6050 6049 6052
f 6051 6046 6049
f 6049 6046 6043
f 6053 6048 6054
f 6048 6053 6045
f 6054 6055 6056
f 6055 6054 6048
f 6056 6057 6058
f 6057 6056 6055
f 6058 6059 6060
f 6059 6058 6057
f 6052 6061 6062
f 6063 6062 6061
f 6061 6064 6063
f 6065 6066 6063
f 6067 6068 6066
f 6066 6065 6067
f 6063 6064 6065
f 6069 6070 6071
f 6071 6060 6069
f 6070 6072 6071
f 6060 6059 6069
f 6068 6073 6074
f 6074 6072 6075
f 6072 6074 6073
f 6075 6072 6070
f 6067 6073 6068
f 6050 6052 6062
f 6076 6077 6078
f 6079 6080 6081
f 6082 6080 6077
f 6083 6084 6085
f 6086 6087 6083
f 6081 6088 6079
f 6084 6088 6085
f 6089 6076 6078
f 6080 6082 6081
f 6082 6077 6076
f 6088 6081 6090
f 6083 6085 6086
f 6086 6091 6087
f 6088 6090 6085
f 6091 6092 6087
f 6093 6089 6078
f 6094 6095 6092
f 6096 6097 6098
f 6099 6096 6095
f 6100 6101 6102
f 6097 6103 6098
f 6104 6105 6102
f 6103 6105 6104
f 6106 6094 6092
f 6099 6097 6096
f 6099 6095 6094
f 6103 6097 6107
f 6102 6105 6100
f 6100 6093 6101
f 6107 6105 6103
f 6093 6078 6101
f 6091 6106 6092
f 6108 6109 6110
f 6111 6112 6113
f 6113 6112 6109
f 6114 6115 6116
f 6117 6118 6119
f 6120 6115 6111
f 6117 6114 6121
f 6122 6108 6110
f 6113 6120 6111
f 6113 6109 6108
f 6115 6120 6116
f 6117 6121 6118
f 6118 6123 6119
f 6116 6121 6114
f 6123 6124 6119
f 6125 6122 6110
f 6126 6127 6124
f 6128 6129 6130
f 6129 6128 6127
f 6131 6132 6133
f 6134 6135 6130
f 6136 6137 6132
f 6135 6131 6133
f 6127 6138 6129
f 6134 6130 6129
f 6127 6126 6138
f 6135 6134 6139
f 6132 6131 6136
f 6136 6125 6137
f 6139 6131 6135
f 6125 6110 6137
f 6123 6126 6124
f 6140 6141 6142
f 6143 6140 6144
f 6140 6143 6141
f 6141 6145 6146
f 6147 6146 6145
f 6142 6141 6146
f 6145 6148 6147
f 6149 6144 6150
f 6151 6144 6140
f 6150 6152 6149
f 6150 6144 6151
f 6153 6154 6152
f 6154 6155 6156
f 6155 6154 6153
f 6153 6152 6150
f 6147 6148 6157
f 6148 6158 6157
f 6158 6148 6159
f 6160 6161 6158
f 6158 6159 6160
f 6160 6162 6163
f 6164 6163 6162
f 6162 6165 6164
f 6160 6163 6161
f 6166 6156 6167
f 6168 6154 6156
f 6166 6168 6156
f 6167 6169 6170
f 6171 6165 6172
f 6165 6171 6164
f 6170 6166 6167
f 6169 6172 6170
f 6169 6171 6172
f 6173 6174 6175
f 6176 6177 6178
f 6176 6178 6174
f 6179 6180 6181
f 6182 6183 6184
f 6185 6184 6180
f 6186 6181 6177
f 6175 6187 6173
f 6188 6177 6176
f 6176 6174 6173
f 6184 6185 6182
f 6179 6181 6186
f 6186 6177 6188
f 6180 6179 6185
f 6183 6189 6190
f 6191 6187 6175
f 6192 6193 6190
f 6194 6195 6196
f 6197 6196 6193
f 6198 6199 6200
f 6191 6201 6202
f 6198 6202 6199
f 6203 6200 6195
f 6189 6192 6190
f 6197 6194 6196
f 6197 6193 6192
f 6200 6203 6198
f 6202 6198 6204
f 6204 6191 6202
f 6203 6195 6194
f 6191 6175 6201
f 6183 6182 6189
f 6205 6206 6207
f 6208 6206 6205
f 6209 6210 6208
f 6206 6208 6210
f 6211 6212 6213
f 6214 6215 6216
f 6211 6216 6215
f 6211 6215 6212
f 6217 6218 6219
f 6219 6212 6217
f 6218 6217 6220
f 6213 6212 6219
f 6221 6222 6223
f 6223 6224 6221
f 6225 6226 6227
f 6228 6229 6230
f 6230 6227 6228
f 6225 6227 6230
f 6231 6232 6233
f 6225 6233 6232
f 6232 6226 6225
f 6234 6235 6236
f 6237 6236 6235
f 6234 6236 6238
f 6228 6239 6229
f 6239 6228 6240
f 6240 6238 6239
f 6238 6240 6234
f 6241 6242 6243
f 6242 6244 6243
f 6244 6242 6245
f 6244 6245 6246
f 6247 6248 6249
f 6250 6246 6245
f 6250 6247 6249
f 6250 6245 6247
f 6251 6252 6253
f 6253 6252 6254
f 6251 6253 6255
f 6256 6255 6257
f 6255 6256 6251
f 6256 6257 6258
f 6259 6260 6261
f 6261 6260 6262
f 6261 6254 6252
f 6262 6260 6263
f 6262 6263 6264
f 6265 6266 6267
f 6261 6252 6259
f 6268 6269 6270
f 6271 6270 6272
f 6273 6266 6265
f 6265 6274 6272
f 6275 6276 6277
f 6271 6272 6274
f 6265 6267 6274
f 6262 6278 6275
f 6278 6262 6264
f 6279 6280 6281
f 6280 6282 6281
f 6275 6278 6283
f 6284 6280 6275
f 6284 6275 6285
f 6286 6285 6277
f 6286 6277 6287
f 6288 6282 6280
f 6277 6285 6275
f 6257 6289 6258
f 6287 6277 6290
f 6291 6292 6290
f 6291 6293 6292
f 6291 6290 6277
f 6268 6289 6269
f 6276 6275 6283
f 6294 6295 6291
f 6296 6291 6295
f 6294 6280 6295
f 6296 6297 6291
f 6294 6298 6299
f 6298 6294 6291
f 6300 6280 6301
f 6299 6298 6302
f 6303 6302 6298
f 6237 6303 6298
f 6279 6301 6280
f 6297 6293 6291
f 6295 6280 6300
f 6268 6258 6289
f 6270 6269 6272
f 6280 6284 6288
f 6304 6305 6306
f 6305 6307 6308
f 6306 6305 6309
f 6308 6310 6311
f 6308 6309 6305
f 6311 6310 6312
f 6310 6308 6307
f 6312 6313 6311
f 6314 6315 6316
f 6315 6317 6318
f 6319 6317 6320
f 6313 6314 6321
f 6316 6321 6314
f 6319 6318 6317
f 6318 6316 6315
f 6314 6313 6312
f 6322 6323 6324
f 6325 6326 6327
f 6328 6327 6323
f 6329 6330 6331
f 6332 6333 6334
f 6335 6334 6330
f 6329 6331 6326
f 6324 6336 6322
f 6327 6328 6325
f 6328 6323 6322
f 6330 6329 6335
f 6333 6332 6337
f 6332 6334 6335
f 6329 6326 6325
f 6337 6338 6333
f 6339 6336 6324
f 6340 6341 6338
f 6342 6343 6344
f 6345 6344 6341
f 6346 6347 6348
f 6339 6349 6350
f 6351 6350 6347
f 6352 6348 6343
f 6341 6340 6345
f 6343 6342 6353
f 6342 6344 6345
f 6348 6352 6346
f 6350 6351 6339
f 6351 6347 6346
f 6352 6343 6353
f 6339 6324 6349
f 6337 6340 6338
f 6354 6355 6356
f 6355 6354 6357
f 6354 6358 6357
f 6358 6354 6359
f 6360 6358 6359
f 6359 6361 6360
f 6362 6363 6364
f 6360 6361 6365
f 6364 6365 6362
f 6365 6361 6362
f 6218 6220 6364
f 6364 6363 6218
f 6366 6367 6214
f 6214 6216 6366
f 6368 6369 6370
f 6370 6371 6368
f 6372 6373 6374
f 6375 6374 6373
f 6374 6375 6376
f 6377 6378 6379
f 6380 6381 6382
f 6378 6383 6381
f 6384 6385 6381
f 6385 6378 6381
f 6374 6386 6372
f 6381 6380 6384
f 6374 6376 6387
f 6388 6389 6390
f 6391 6387 6389
f 6386 6392 6372
f 6393 6394 6395
f 6396 6392 6397
f 6374 6377 6398
f 6396 6399 6400
f 6401 6382 6402
f 6403 6404 6405
f 6402 6382 6406
f 6402 6406 6407
f 6405 6404 6408
f 6408 6409 6405
f 6379 6385 6404
f 6404 6403 6379
f 6386 6374 6398
f 6379 6378 6385
f 6396 6410 6411
f 6396 6411 6399
f 6410 6396 6397
f 6397 6392 6386
f 6379 6398 6377
f 6409 6408 6412
f 6400 6395 6396
f 6413 6414 6415
f 6416 6417 6418
f 6419 6420 6421
f 6422 6423 6374
f 6414 6424 6415
f 6424 6414 6425
f 6426 6414 6427
f 6374 6425 6414
f 6428 6429 6430
f 6429 6431 6430
f 6428 6432 6429
f 6433 6431 6429
f 6434 6433 6435
f 6433 6434 6436
f 6436 6431 6433
f 6437 6435 6438
f 6418 6417 6438
f 6391 6439 6374
f 6439 6440 6374
f 6440 6441 6374
f 6442 6443 6444
f 6445 6446 6447
f 6443 6448 6444
f 6394 6446 6445
f 6387 6391 6374
f 6414 6413 6427
f 6449 6419 6450
f 6426 6427 6449
f 6391 6389 6388
f 6451 6442 6452
f 6390 6442 6451
f 6388 6390 6451
f 6451 6452 6420
f 6446 6448 6447
f 6416 6414 6426
f 6441 6422 6374
f 6394 6393 6453
f 6454 6455 6402
f 6455 6456 6402
f 6457 6458 6456
f 6459 6457 6460
f 6461 6462 6460
f 6463 6454 6402
f 6458 6457 6459
f 6464 6460 6462
f 6459 6460 6464
f 6465 6466 6461
f 6466 6462 6461
f 6465 6467 6466
f 6468 6469 6470
f 6402 6456 6458
f 6402 6407 6463
f 6469 6468 6465
f 6471 6472 6473
f 6474 6475 6476
f 6473 6472 6475
f 6472 6477 6478
f 6477 6479 6478
f 6471 6477 6472
f 6425 6374 6423
f 6480 6481 6474
f 6481 6480 6482
f 6469 6481 6483
f 6483 6481 6482
f 6484 6472 6478
f 6484 6485 6486
f 6485 6487 6488
f 6485 6484 6478
f 6476 6475 6472
f 6474 6476 6480
f 6483 6470 6469
f 6465 6468 6467
f 6380 6382 6401
f 6489 6412 6408
f 6489 6490 6412
f 6491 6490 6492
f 6467 6493 6491
f 6491 6492 6494
f 6467 6491 6494
f 6492 6490 6489
f 6467 6468 6495
f 6495 6493 6467
f 6496 6497 6498
f 6399 6496 6400
f 6400 6393 6395
f 6400 6496 6498
f 6497 6499 6498
f 6500 6501 6502
f 6501 6503 6504
f 6497 6505 6499
f 6506 6393 6500
f 6507 6497 6493
f 6508 6493 6495
f 6509 6493 6510
f 6508 6510 6493
f 6511 6488 6487
f 6512 6513 6511
f 6487 6514 6511
f 6509 6513 6493
f 6512 6507 6493
f 6515 6516 6517
f 6507 6505 6497
f 6511 6514 6512
f 6518 6519 6520
f 6521 6520 6522
f 6514 6487 6522
f 6519 6517 6516
f 6493 6513 6512
f 6486 6485 6488
f 6504 6503 6515
f 6521 6522 6487
f 6435 6523 6434
f 6428 6524 6432
f 6525 6526 6524
f 6527 6524 6526
f 6528 6529 6530
f 6531 6532 6529
f 6529 6532 6533
f 6525 6528 6534
f 6534 6526 6525
f 6528 6530 6535
f 6526 6534 6536
f 6534 6528 6535
f 6537 6538 6539
f 6539 6540 6537
f 6539 6541 6540
f 6529 6533 6530
f 6536 6539 6526
f 6542 6531 6543
f 6532 6531 6544
f 6545 6543 6546
f 6547 6435 6437
f 6546 6437 6545
f 6426 6548 6416
f 6531 6542 6544
f 6547 6549 6435
f 6543 6550 6542
f 6551 6552 6539
f 6438 6417 6437
f 6450 6426 6449
f 6553 6450 6419
f 6552 6437 6554
f 6545 6437 6552
f 6538 6551 6539
f 6550 6543 6545
f 6419 6421 6553
f 6539 6536 6541
f 6524 6527 6432
f 6552 6555 6556
f 6554 6557 6555
f 6552 6554 6555
f 6558 6559 6554
f 6560 6561 6562
f 6561 6558 6554
f 6563 6560 6562
f 6564 6563 6562
f 6565 6559 6558
f 6554 6559 6557
f 6565 6566 6559
f 6567 6566 6565
f 6566 6567 6568
f 6569 6570 6571
f 6569 6566 6568
f 6571 6566 6569
f 6548 6417 6416
f 6562 6561 6554
f 6417 6554 6437
f 6572 6573 6574
f 6562 6573 6564
f 6575 6576 6574
f 6571 6577 6578
f 6579 6572 6574
f 6575 6580 6576
f 6571 6581 6582
f 6576 6579 6574
f 6578 6581 6571
f 6579 6576 6582
f 6583 6580 6584
f 6571 6570 6577
f 6564 6573 6572
f 6582 6585 6571
f 6539 6552 6556
f 6452 6421 6420
f 6586 6444 6446
f 6446 6444 6448
f 6587 6452 6444
f 6446 6588 6586
f 6453 6393 6506
f 6588 6446 6589
f 6394 6453 6446
f 6590 6588 6589
f 6442 6444 6452
f 6591 6592 6593
f 6584 6591 6594
f 6594 6595 6584
f 6594 6591 6593
f 6592 6596 6597
f 6593 6592 6597
f 6587 6598 6592
f 6596 6592 6598
f 6452 6587 6592
f 6504 6515 6517
f 6504 6502 6501
f 6519 6518 6517
f 6599 6520 6521
f 6600 6599 6521
f 6601 6600 6521
f 6602 6600 6603
f 6518 6520 6599
f 6604 6590 6605
f 6606 6604 6607
f 6605 6607 6604
f 6604 6588 6590
f 6601 6603 6600
f 6603 6608 6602
f 6603 6606 6608
f 6609 6608 6606
f 6607 6609 6606
f 6506 6500 6502
f 6583 6584 6595
f 6610 6611 6612
f 6576 6611 6582
f 6613 6614 6615
f 6616 6610 6612
f 6610 6616 6617
f 6618 6619 6620
f 6585 6620 6619
f 6611 6585 6582
f 6621 6614 6617
f 6613 6617 6614
f 6617 6616 6621
f 6619 6618 6622
f 6613 6615 6623
f 6622 6624 6619
f 6585 6611 6610
f 6585 6619 6571
f 6625 6623 6626
f 6626 6627 6625
f 6623 6625 6613
f 6598 6628 6627
f 6629 6628 6630
f 6628 6598 6630
f 6630 6631 6629
f 6632 6629 6631
f 6627 6626 6598
f 6633 6634 6635
f 6633 6636 6624
f 6619 6624 6636
f 6636 6633 6635
f 6637 6638 6632
f 6639 6637 6632
f 6635 6638 6637
f 6638 6635 6634
f 6631 6639 6632
f 6587 6630 6598
f 6580 6583 6576
f 6523 6435 6549
f 6640 6641 6642
f 6643 6642 6641
f 6644 6645 6646
f 6643 6646 6645
f 6642 6643 6645
f 6647 6648 6649
f 6650 6651 6652
f 6651 6647 6653
f 4252 4249 6654
f 6655 6656 4252
f 6657 6654 6650
f 4252 6654 6658
f 6653 6647 6649
f 6657 6650 6652
f 6653 6652 6651
f 6658 6655 4252
f 6654 6657 6658
f 6659 6656 6655
f 6660 6659 6661
f 6662 6660 6661
f 6660 6656 6659
f 6663 6649 6648
f 6664 6665 6662
f 6666 6667 6668
f 6669 6668 6665
f 4246 6670 4247
f 6670 6671 6672
f 4246 6673 6670
f 6663 6672 6674
f 6669 6665 6664
f 6675 6667 6666
f 6669 6666 6668
f 6675 6676 6677
f 6676 4246 6677
f 6673 4246 6676
f 6671 6670 6673
f 6671 6674 6672
f 6677 6667 6675
f 6674 6649 6663
f 6661 6664 6662
f 6678 6679 6680
f 6681 6682 6683
f 6684 6683 6679
f 6685 6686 6687
f 6688 6689 6690
f 6691 6690 6686
f 6692 6687 6682
f 6679 6678 6684
f 6682 6681 6693
f 6681 6683 6684
f 6687 6692 6685
f 6690 6691 6688
f 6691 6686 6685
f 6692 6682 6693
f 6688 6694 6689
f 6695 6678 6680
f 6696 6697 6698
f 6699 6700 6701
f 6702 6701 6697
f 6703 6704 6705
f 6706 6695 6707
f 6708 6707 6704
f 6703 6705 6700
f 6698 6694 6696
f 6701 6702 6699
f 6702 6697 6696
f 6704 6703 6708
f 6707 6709 6706
f 6709 6707 6708
f 6703 6700 6699
f 6706 6678 6695
f 6689 6694 6698
f 6710 6711 6712
f 6713 6714 6715
f 6716 6715 6711
f 6717 6718 6719
f 6720 6721 6722
f 6717 6722 6718
f 6723 6719 6714
f 6712 6724 6710
f 6715 6716 6713
f 6716 6711 6710
f 6719 6723 6717
f 6721 6720 6725
f 6720 6722 6717
f 6723 6714 6713
f 6725 6726 6721
f 6727 6724 6712
f 6728 6729 6726
f 6730 6731 6732
f 6733 6732 6729
f 6734 6735 6736
f 6737 6727 6738
f 6739 6738 6735
f 6740 6736 6731
f 6729 6728 6733
f 6731 6730 6741
f 6730 6732 6733
f 6736 6740 6734
f 6738 6739 6737
f 6739 6735 6734
f 6740 6731 6741
f 6737 6724 6727
f 6725 6728 6726
f 6742 6743 6744
f 6745 6746 6747
f 6748 6747 6743
f 6749 6750 6751
f 6752 6749 6753
f 6754 6752 6755
f 6748 6743 6742
f 6756 6746 6745
f 6748 6745 6747
f 6756 6751 6757
f 6751 6750 6757
f 6753 6749 6751
f 6755 6752 6753
f 6755 6758 6754
f 6756 6757 6759
f 6758 6760 6754
f 6761 6742 6744
f 6762 6760 6763
f 6764 6765 6766
f 6765 6762 6767
f 6768 6769 6764
f 6770 6771 6772
f 6773 6774 6771
f 6775 6772 6776
f 6777 6769 6768
f 6767 6762 6763
f 6768 6764 6766
f 6767 6766 6765
f 6775 6770 6772
f 6777 6768 6775
f 6773 6771 6770
f 6778 6774 6773
f 6778 6742 6761
f 6778 6761 6774
f 6758 6763 6760
f 6776 6777 6775
f 6759 6746 6756
f 6779 6780 6781
f 6782 6783 6779
f 6780 6779 6783
f 6782 6784 6783
f 6784 6785 6783
f 6784 6786 6787
f 6784 6787 6785
f 6788 6789 6790
f 6787 6786 6791
f 6790 6791 6788
f 6791 6786 6788
f 6792 6205 6207
f 6793 6794 6792
f 6205 6792 6794
f 6793 6795 6796
f 6797 6798 6799
f 6795 6797 6800
f 6794 6793 6796
f 6797 6799 6800
f 6800 6796 6795
f 6799 6798 6304
f 6798 6801 6304
f 6801 6802 6803
f 6802 6804 6805
f 6803 6802 6805
f 6806 6807 6642
f 6806 6805 6804
f 6642 6807 6640
f 6807 6806 6804
f 6801 6803 6304
f 6808 6809 6810
f 6811 6812 6808
f 6812 6811 6813
f 6814 6815 6816
f 6817 6816 6818
f 6819 6820 6815
f 6821 6818 6813
f 6809 6822 6810
f 6823 6813 6811
f 6811 6808 6810
f 6815 6814 6819
f 6817 6818 6821
f 6821 6813 6823
f 6816 6817 6814
f 6820 6824 6825
f 6826 6822 6809
f 6827 6828 6825
f 6829 6830 6831
f 6832 6831 6828
f 6833 6834 6835
f 6836 6826 6837
f 6838 6837 6834
f 6839 6835 6830
f 6825 6824 6827
f 6831 6832 6829
f 6832 6828 6827
f 6835 6839 6833
f 6837 6838 6836
f 6838 6834 6833
f 6839 6830 6829
f 6836 6822 6826
f 6820 6819 6824
f 6840 6841 6842
f 6843 6844 6840
f 6844 6843 6845
f 6846 6847 6848
f 6849 6848 6850
f 6851 6852 6847
f 6853 6850 6845
f 6841 6854 6842
f 6855 6845 6843
f 6843 6840 6842
f 6847 6846 6851
f 6849 6850 6853
f 6853 6845 6855
f 6848 6849 6846
f 6851 6856 6852
f 6857 6854 6841
f 6858 6859 6856
f 6860 6861 6862
f 6863 6862 6859
f 6864 6865 6866
f 6857 6867 6868
f 6869 6868 6865
f 6870 6866 6861
f 6859 6858 6871
f 6862 6863 6860
f 6863 6859 6871
f 6866 6870 6864
f 6868 6869 6857
f 6869 6865 6864
f 6870 6861 6860
f 6857 6841 6867
f 6851 6858 6856
f 6936 6937 6938
f 6937 6936 6939
f 6940 6941 6937
f 6942 6943 6944
f 6945 6946 6937
f 6947 6945 6948
f 6945 6949 6950
f 6940 6937 6946
f 6951 6948 6945
f 6950 6951 6945
f 6952 6953 6947
f 6954 6955 6947
f 6953 6954 6947
f 6948 6952 6947
f 6945 6937 6949
f 6947 6955 6956
f 6941 6957 6958
f 6941 6959 6957
f 6960 6941 6961
f 6961 6941 6962
f 6960 6963 6964
f 6941 6940 6959
f 6965 6966 6956
f 6965 6967 6966
f 6964 6963 6968
f 6965 6969 6970
f 6965 6971 6969
f 6970 6967 6965
f 6971 6968 6963
f 6955 6965 6956
f 6972 6949 6973
f 6974 6973 6949
f 6943 6974 6949
f 6975 6944 6943
f 6943 6942 6974
f 6950 6949 6972
f 6976 6977 6978
f 6976 6978 6979
f 6943 6976 6979
f 6980 6981 6978
f 6979 6978 6981
f 6949 6976 6943
f 6978 6982 6980
f 6975 6943 6965
f 6983 6984 6965
f 6985 6983 6965
f 6968 6971 6965
f 6986 6987 6988
f 6984 6975 6965
f 6965 6955 6985
f 6989 6990 6987
f 6991 6982 6989
f 6990 6988 6987
f 6992 6993 6994
f 6994 6993 6986
f 6988 6994 6986
f 6962 6941 6958
f 6980 6982 6991
f 6987 6991 6989
f 6937 6939 6949
f 6963 6960 6961
f 6995 6996 6997
f 6995 6997 6998
f 6999 6995 7000
f 7001 6995 6999
f 7002 7003 6999
f 6999 7004 7002
f 7005 6998 6997
f 6998 7006 7007
f 7007 7000 6995
f 7000 7007 7008
f 7009 7002 7004
f 7000 7010 7004
f 7000 7004 6999
f 6995 6998 7007
f 7075 7076 7077
f 7078 7076 7075
f 7079 7080 7078
f 7076 7078 7080
f 7081 7082 7083
f 7083 7082 7084
f 7084 7085 7086
f 7085 7084 7082
f 7087 7088 7089
f 7090 7087 7091
f 7090 7091 7092
f 7091 7087 7089
f 7088 7093 7089
f 7094 7095 7096
f 7097 7094 7098
f 7097 7098 7093
f 7098 7094 7096
f 7097 7093 7088
f 7099 7100 7101
f 7101 7100 7102
f 7103 7101 7102
f 7104 7105 7106
f 7099 7106 7105
f 7105 7100 7099
f 7103 7107 7101
f 7108 7109 7110
f 7108 7110 7111
f 7111 7110 7112
f 7101 7107 7113
f 7111 7114 7108
f 7115 7111 7112
f 7113 7108 7114
f 7113 7107 7108
f 7116 7086 7085
f 7086 7116 7117
f 7081 7118 7119
f 7118 7081 7083
f 7120 7075 7077
f 7077 7121 7120
f 7080 7079 7122
f 7122 7123 7080
f 7124 7125 7126
f 7127 7128 7129
f 7130 7127 7131
f 7128 7124 7126
f 7125 7132 7126
f 7128 7133 7129
f 7127 7129 7131
f 7133 7128 7126
f 7131 7134 7130
f 7135 7132 7125
f 7136 7137 7138
f 7117 7116 7136
f 7122 7135 7123
f 7137 7134 7138
f 7135 7122 7139
f 7117 7136 7138
f 7139 7132 7135
f 7130 7134 7137
f 7090 7092 7140
f 7141 7140 7092
f 7142 7143 7095
f 7096 7095 7143
f 7144 7145 7146
f 7147 7148 7149
f 7150 7146 7151
f 7152 7151 7147
f 7144 7146 7150
f 7150 7151 7152
f 7148 7153 7149
f 7149 7152 7147
f 7153 7154 7155
f 7148 7154 7153
f 7145 7144 7156
f 7142 7157 7143
f 7158 7159 7160
f 7157 7159 7161
f 7162 7163 7160
f 7143 7157 7161
f 7163 7158 7160
f 7156 7163 7162
f 7159 7158 7161
f 7162 7145 7156
f 7164 7165 7154
f 7155 7154 7165
f 7165 7166 7167
f 7164 7168 7165
f 7166 7165 7168
f 7164 7169 7168
f 7170 7171 7172
f 7173 7170 7174
f 7175 7176 7177
f 7177 7178 7175
f 7179 7177 7173
f 7179 7178 7177
f 7180 7170 7172
f 7174 7170 7180
f 7179 7181 7178
f 7173 7174 7179
f 7182 7181 7183
f 7183 7184 7182
f 7181 7182 7178
f 7185 7176 7175
f 7186 7187 7185
f 7188 7187 7186
f 7175 7186 7185
f 7189 7190 7191
f 7191 7187 7188
f 7189 7192 7190
f 7190 7187 7191
f 7193 7194 7184
f 7195 7194 7193
f 7184 7183 7193
f 7194 7195 7196
f 7196 7195 7197
f 7198 7199 7200
f 7200 7199 7201
f 7201 7202 7203
f 7202 7201 7199
f 7204 7205 7206
f 7206 7207 7204
f 7208 7209 7210
f 7209 7208 7211
f 7212 7213 7214
f 7215 7214 7213
f 7213 7212 7216
f 7217 7215 7218
f 7213 7218 7215
f 7218 7219 7217
f 7220 7221 7222
f 7222 7223 7220
f 7224 7225 7226
f 7226 7227 7224
f 7228 7229 7230
f 7230 7231 7232
f 7231 7230 7233
f 7230 7232 7228
f 7234 7235 7236
f 7236 7235 7237
f 7236 7238 7239
f 7238 7236 7237
f 7240 7241 638
f 7242 638 7241
f 7241 7240 7243
f 7244 7240 638
f 7245 7246 7242
f 638 7242 7246
f 7246 7247 638
f 7248 7249 636
f 7250 636 7249
f 7250 7249 7251
f 7248 636 7252
f 7250 7253 636
f 7244 636 7253
f 7254 7244 7253
f 7244 638 636
f 7241 7243 7255
f 7256 7247 7246
f 7253 7257 7254
f 7250 7251 7258
f 7259 7260 7252
f 636 7259 7252
f 7248 7252 7261
f 7262 7263 7264
f 7265 7262 7266
f 7265 7263 7262
f 7263 7267 7264
f 7268 7269 7270
f 7271 7270 7272
f 7270 7269 7272
f 7268 7273 7269
f 7274 7275 7276
f 7277 7276 7278
f 7276 7275 7278
f 7274 7279 7275
f 7280 7281 7282
f 7283 7282 7284
f 7283 7280 7282
f 7285 7281 7280
f 7286 7287 7288
f 7289 7288 7290
f 7288 7287 7290
f 7286 7291 7287
f 7292 7293 7294
f 7295 7294 7296
f 7295 7292 7294
f 7297 7293 7292
f 7298 7299 7300
f 7301 7300 7302
f 7300 7299 7302
f 7298 7303 7299
f 7304 7305 7306
f 7307 7306 7308
f 7307 7304 7306
f 7309 7305 7304
f 7310 7311 7312
f 7312 7313 7310
f 7314 7315 7316
f 7317 7316 7315
f 7318 7315 7314
f 7315 7318 7319
f 7320 7321 7322
f 7323 5122 5125
f 7322 5125 7320
f 5125 7322 7323
f 7323 7322 7324
f 7325 7326 7327
f 7327 7326 7328
f 7326 7325 7329
f 7330 7331 7328
f 7332 7330 7333
f 7331 7327 7328
f 7330 7328 7333
f 7334 7335 7336
f 7337 7338 7339
f 7337 7339 7340
f 7333 7334 7341
f 7333 7341 7332
f 7342 7333 7343
f 7344 7345 7342
f 7346 7342 7343
f 7342 7346 7344
f 7334 7333 7342
f 7347 7337 7340
f 7348 7334 7349
f 7334 7348 7350
f 7349 7337 7347
f 7349 7334 7342
f 7342 7337 7349
f 7335 7334 7350
f 7351 7337 7342
f 7342 7352 7351
f 7353 7354 7355
f 7355 7356 7353
f 7357 7358 7359
f 7360 7358 7361
f 7359 7358 7360
f 7362 7363 7357
f 7363 7364 7357
f 7359 7362 7357
f 7364 7363 7365
f 7366 7367 7368
f 7356 7355 7369
f 7368 7367 7370
f 7368 7371 7372
f 7355 7371 7369
f 7373 7368 7370
f 7368 7373 7371
f 7371 7355 7372
f 7374 7372 7355
f 7364 7372 7375
f 7364 7376 7368
f 7376 7364 7365
f 7377 7372 7378
f 7372 7377 7375
f 7379 7378 7372
f 7368 7372 7364
f 7374 7380 7372
f 7381 7382 7383
f 7383 7382 6790
f 7383 7384 7385
f 7384 7383 6790
f 6789 7384 6790
f 7386 7387 7388
f 7389 7388 7387
f 7390 7391 7392
f 7393 7392 7391
f 7394 7395 7396
f 7397 7396 7395
f 7398 7399 7400
f 7401 7400 7399
f 8085 8086 8087
f 8088 8089 8085
f 8090 8085 8087
f 8085 8091 8088
f 8092 8089 8088
f 8085 8090 8091
f 8093 8090 8087
f 8087 8094 8093
f 8095 8096 8087
f 8087 8097 8094
f 8098 8099 8100
f 8100 8099 8101
f 8102 8100 8101
f 8103 8098 8096
f 8097 8087 8096
f 8098 8103 8099
f 8089 8104 8105
f 8104 8089 8092
f 8087 8086 8106
f 8089 8105 8107
f 8104 8092 8108
f 8108 8109 8110
f 8111 8112 8113
f 8110 8114 8108
f 8112 8111 8114
f 8108 8114 8111
f 8111 8102 8115
f 8109 8108 8092
f 8102 8111 8113
f 8116 8111 8117
f 8118 8119 8089
f 8101 8120 8102
f 8095 8121 8122
f 8095 8123 8121
f 8124 8125 8101
f 8096 8095 8126
f 8126 8095 8122
f 8127 8128 8129
f 8095 8127 8130
f 8127 8095 8131
f 8132 8130 8127
f 8123 8095 8130
f 8133 8129 8128
f 8133 8134 8135
f 8127 8129 8132
f 8133 8128 8134
f 8103 8096 8126
f 8136 8137 8138
f 8128 8139 8134
f 8138 8135 8134
f 8125 8140 8136
f 8136 8138 8125
f 8141 8142 8143
f 8144 8125 8142
f 8125 8124 8140
f 8145 8139 8128
f 8146 8147 8128
f 8147 8145 8128
f 8148 8149 8143
f 8150 8146 8128
f 8138 8137 8135
f 8151 8101 8125
f 8128 8152 8150
f 8153 8154 8111
f 8155 8116 8117
f 8111 8156 8153
f 8154 8157 8117
f 8157 8154 8158
f 8117 8111 8154
f 8159 8160 8161
f 8154 8162 8163
f 8156 8111 8115
f 8120 8101 8151
f 8115 8102 8120
f 8162 8164 8165
f 8166 8167 8168
f 8168 8164 8166
f 8163 8158 8154
f 8125 8169 8151
f 8170 8160 8155
f 8171 8172 8173
f 8116 8155 8160
f 8172 8174 8175
f 8160 8173 8172
f 8176 8174 8171
f 8174 8172 8171
f 8176 8177 8174
f 8160 8170 8173
f 8160 8178 8161
f 8164 8168 8165
f 8179 8180 8168
f 8162 8165 8163
f 8174 8177 8181
f 8174 8182 8183
f 8182 8174 8181
f 8174 8183 8180
f 8168 8167 8184
f 8174 8180 8179
f 8185 8125 8144
f 8186 8125 8185
f 8187 8188 8189
f 8185 8190 8188
f 8188 8190 8189
f 8184 8191 8187
f 8125 8186 8169
f 8192 8190 8185
f 8143 8193 8194
f 8195 8196 8143
f 8195 8143 8194
f 8197 8185 8144
f 8198 8141 8143
f 8141 8144 8142
f 8197 8192 8185
f 8143 8142 8193
f 8167 8191 8184
f 8199 8200 8179
f 8187 8189 8184
f 8200 8201 8202
f 8200 8203 8204
f 8203 8200 8202
f 8201 8200 8199
f 8205 8206 8143
f 8207 8206 8205
f 8205 8200 8207
f 8200 8208 8209
f 8148 8143 8210
f 8209 8211 8200
f 8200 8205 8208
f 8200 8204 8207
f 8206 8198 8143
f 8184 8179 8168
f 8179 8200 8174
f 8196 8210 8143
f 8208 8212 8209
f 8159 8116 8160
f 8152 8128 8149
f 8213 8214 8215
f 8095 8214 8131
f 8160 8119 8178
f 8089 8216 8118
f 8089 8107 8216
f 8217 8174 8087
f 8218 8174 8217
f 8174 8218 8175
f 8106 8217 8087
f 8095 8215 8214
f 8212 8213 8219
f 8215 8219 8213
f 8212 8219 8209
f 8220 8221 8222
f 8221 8220 8223
f 8224 8223 8220
f 8225 8226 8224
f 8227 8228 8229
f 8224 8220 8225
f 8230 8222 8231
f 8222 8230 8220
f 8230 8231 8232
f 8230 8233 8234
f 8232 8233 8230
f 8233 8235 8236
f 8237 8238 8239
f 8240 8228 8241
f 8225 8242 8243
f 8242 8225 8220
f 8241 8226 8240
f 8227 8241 8228
f 8244 8236 8245
f 8236 8234 8233
f 8236 8244 8237
f 8239 8246 8228
f 8236 8235 8245
f 8226 8225 8240
f 8246 8239 8238
f 8239 8236 8237
f 8228 8246 8229
f 8247 8248 8249
f 8250 8251 8247
f 8248 8247 8251
f 8252 8253 8254
f 8255 8256 8252
f 8253 8252 8256
f 8257 8258 8259
f 8260 8261 8258
f 8257 8262 8263
f 8264 8265 8266
f 8264 8267 8268
f 8265 8263 8266
f 8268 8269 8270
f 8260 8271 8261
f 8257 8259 8262
f 8259 8258 8261
f 8264 8266 8267
f 8270 8269 8272
f 8269 8268 8267
f 8266 8263 8262
f 8272 8273 8270
f 8274 8271 8260
f 8275 8276 8273
f 8277 8278 8279
f 8280 8279 8276
f 8281 8274 8282
f 8283 8284 8285
f 8284 8286 8282
f 8287 8285 8278
f 8276 8275 8280
f 8278 8277 8287
f 8277 8279 8280
f 8285 8288 8283
f 8282 8286 8281
f 8286 8284 8283
f 8288 8285 8287
f 8281 8271 8274
f 8272 8275 8273
f 8972 8973 8974
f 8975 8976 8972
f 8977 8974 8978
f 8979 8980 8981
f 8982 8983 8981
f 8977 8984 8979
f 8985 8983 8986
f 8973 8972 8976
f 8974 8973 8978
f 8977 8978 8984
f 8983 8982 8986
f 8987 8985 8986
f 8979 8984 8980
f 8982 8981 8980
f 8987 8988 8985
f 8989 8976 8975
f 8990 8991 8988
f 8992 8993 8994
f 8995 8993 8991
f 8996 8989 8997
f 8998 8999 8997
f 9000 8992 9001
f 9001 8992 8994
f 8994 8993 8995
f 8991 8990 8995
f 9002 9003 9004
f 9000 9001 9004
f 8998 9003 9002
f 8999 8998 9002
f 8999 8996 8997
f 9004 9003 9000
f 8996 8976 8989
f 8987 8990 8988
f 9005 9006 9007
f 9007 9008 9009
f 9009 9005 9007
f 9010 9005 9009
f 9011 9012 9010
f 9010 9013 9011
f 9008 9014 9009
f 9009 9015 9010
f 9016 9015 9009
f 9010 9015 9013
f 9017 9013 9018
f 9018 9019 9020
f 9018 9013 9015
f 9015 9019 9018
f 9009 9014 9021
f 9022 9023 9024
f 9025 9026 9024
f 9027 9028 9023
f 9029 9023 9030
f 9028 9030 9023
f 9027 9031 9028
f 9022 9024 9026
f 9022 9032 9033
f 9034 9033 9032
f 9022 9033 9035
f 9031 9027 9036
f 9035 9027 9022
f 9037 9035 9033
f 9027 9023 9022
f 9038 9039 9040
f 9041 9042 9040
f 9039 9043 9044
f 9045 9046 9047
f 9048 9049 9047
f 9050 9045 9044
f 9049 9051 9052
f 9042 9038 9040
f 9043 9039 9038
f 9043 9050 9044
f 9048 9047 9046
f 9048 9051 9049
f 9046 9045 9050
f 9051 9053 9052
f 9053 9054 9052
f 9055 9042 9041
f 9056 9054 9057
f 9058 9059 9060
f 9060 9056 9061
f 9062 9055 9063
f 9064 9065 9063
f 9066 9067 9059
f 9061 9056 9057
f 9066 9059 9058
f 9061 9058 9060
f 9064 9068 9065
f 9062 9063 9065
f 9069 9070 9068
f 9064 9069 9068
f 9067 9066 9070
f 9070 9069 9067
f 9062 9042 9055
f 9053 9057 9054
f 9071 9072 9073
f 9071 9073 9074
f 9075 9071 9074
f 9076 9071 9075
f 9077 9078 9075
f 9075 9079 9077
f 9080 9074 9073
f 9074 9081 9082
f 9082 9083 9074
f 9074 9083 9084
f 9077 9079 9085
f 9083 9086 9084
f 9084 9079 9074
f 9086 9083 9087
f 9079 9075 9074
f 9088 9089 9090
f 9091 9090 9089
f 9088 9090 9092
f 9093 9092 9094
f 9095 9094 9092
f 9094 9096 9097
f 9095 9092 9090
f 9098 9099 9090
f 9099 9095 9090
f 9095 9099 9100
f 9096 9094 9101
f 9094 9095 9101
f 9100 9102 9095
f 9103 9098 9090
f 9104 9105 9106
f 9104 9107 9108
f 9109 9106 9110
f 9111 9112 9113
f 9111 9114 9115
f 9116 9112 9109
f 9117 9115 9118
f 9104 9108 9105
f 9109 9110 9116
f 9110 9106 9105
f 9111 9113 9114
f 9115 9114 9118
f 9118 9119 9117
f 9113 9112 9116
f 9119 9120 9117
f 9121 9108 9107
f 9122 9120 9123
f 9124 9125 9126
f 9126 9122 9127
f 9128 9121 9129
f 9130 9131 9129
f 9132 9133 9125
f 9127 9122 9123
f 9132 9125 9124
f 9127 9124 9126
f 9134 9135 9136
f 9133 9132 9136
f 9130 9135 9134
f 9131 9130 9134
f 9131 9128 9129
f 9136 9135 9133
f 9128 9108 9121
f 9119 9123 9120
f 9137 9138 9139
f 9139 9140 9137
f 9137 9140 9141
f 9142 9141 9143
f 9143 9144 9142
f 9141 9140 9143
f 9140 9145 9143
f 9146 9145 9140
f 9147 9145 9146
f 9145 9148 9143
f 9143 9148 9149
f 9148 9150 9151
f 9145 9150 9148
f 9145 9152 9150
f 9146 9140 9153
f 9154 9155 9156
f 9154 9156 9157
f 9158 9159 9156
f 9160 9157 9159
f 9159 9161 9160
f 9157 9156 9159
f 9156 9162 9163
f 9158 9164 9159
f 9165 9166 9158
f 9164 9158 9166
f 9167 9159 9168
f 9169 9168 9159
f 9169 9159 9164
f 9158 9156 9163
f 9170 9171 9172
f 9173 9174 9171
f 9170 9175 9176
f 9177 9178 9179
f 9180 9177 9181
f 9178 9176 9182
f 9180 9183 9184
f 9171 9174 9172
f 9170 9172 9175
f 9176 9175 9182
f 9178 9182 9179
f 9180 9181 9183
f 9183 9185 9184
f 9177 9179 9181
f 9185 9186 9184
f 9187 9174 9173
f 9188 9186 9189
f 9190 9188 9191
f 9192 9190 9193
f 9194 9187 9195
f 9196 9197 9195
f 9198 9199 9192
f 9191 9193 9190
f 9188 9189 9191
f 9193 9198 9192
f 9196 9200 9197
f 9194 9195 9197
f 9201 9200 9202
f 9200 9196 9202
f 9199 9198 9201
f 9201 9202 9199
f 9194 9174 9187
f 9185 9189 9186
f 9203 9204 9205
f 9203 9205 9206
f 9206 9207 9203
f 9208 9209 9210
f 9208 9211 9209
f 9212 9209 9203
f 9206 9213 9214
f 9214 9215 9207
f 9216 9203 9207
f 9216 9212 9203
f 9208 9210 9217
f 9216 9218 9212
f 9210 9209 9212
f 9218 9216 9219
f 9206 9214 9207
f 9220 9221 9222
f 9222 9223 9224
f 9224 9225 9222
f 9226 9220 9225
f 9225 9220 9222
f 9225 9227 9228
f 9229 9224 9223
f 9230 9231 9224
f 9232 9224 9231
f 9224 9227 9225
f 9228 9227 9233
f 9234 9235 9227
f 9224 9234 9227
f 9229 9230 9224
f 9236 9237 9238
f 9239 9236 9240
f 9241 9237 9242
f 9243 9244 9245
f 9246 9242 9245
f 9247 9243 9248
f 9249 9250 9239
f 9251 9252 9253
f 9254 9251 9255
f 9254 9256 9257
f 9258 9259 9260
f 9261 9262 9258
f 9257 9263 9259
f 9264 9252 9250
f 9262 9265 9266
f 9244 9243 9247
f 9240 9236 9238
f 9250 9249 9264
f 9249 9239 9240
f 9246 9245 9244
f 9238 9237 9241
f 9246 9241 9242
f 9251 9253 9255
f 9262 9261 9265
f 9258 9260 9261
f 9257 9256 9263
f 9256 9254 9255
f 9260 9259 9263
f 9267 9266 9265
f 9253 9252 9264
f 9267 9268 9266
f 9269 9247 9248
f 9270 9268 9271
f 9272 9273 9274
f 9274 9270 9275
f 9276 9277 9278
f 9279 9280 9276
f 9280 9281 9282
f 9283 9277 9273
f 9284 9285 9286
f 9287 9269 9288
f 9289 9284 9290
f 9285 9291 9292
f 9293 9291 9294
f 9295 9288 9289
f 9296 9297 9282
f 9275 9270 9271
f 9283 9273 9272
f 9275 9272 9274
f 9279 9276 9278
f 9282 9281 9296
f 9281 9280 9279
f 9283 9278 9277
f 9298 9299 9300
f 9299 9294 9300
f 9293 9294 9299
f 9291 9293 9292
f 9286 9285 9292
f 9286 9290 9284
f 9289 9290 9295
f 9295 9287 9288
f 9297 9296 9298
f 9297 9298 9300
f 9287 9247 9269
f 9267 9271 9268
f 9301 9302 9303
f 9302 9304 9303
f 9303 9305 9306
f 9307 9301 9303
f 9306 9308 9309
f 9310 9303 9306
f 9306 9309 9310
f 9311 9302 9312
f 9313 9314 9301
f 9302 9301 9312
f 9315 9313 9316
f 9316 9317 9315
f 9316 9313 9318
f 9313 9301 9319
f 9309 9320 9310
f 9310 9321 9322
f 9322 9323 9310
f 9310 9323 9307
f 9324 9325 9323
f 9307 9323 9325
f 9323 9326 9324
f 9327 9301 9307
f 9328 9329 9319
f 9330 9318 9319
f 9318 9313 9319
f 9331 9327 9307
f 9329 9328 9332
f 9319 9327 9328
f 9327 9319 9301
f 9333 9331 9307
f 9303 9310 9307
f 9334 9335 9336
f 9336 9337 9338
f 9339 9336 9335
f 9340 9335 9341
f 9341 9335 9342
f 9335 9343 9342
f 9344 9345 9336
f 9346 9337 9336
f 9347 9346 9336
f 9348 9338 9337
f 9349 9347 9345
f 9350 9351 9352
f 9347 9336 9345
f 9345 9350 9352
f 9340 9339 9335
f 9339 9353 9336
f 9354 9355 9339
f 9355 9353 9339
f 9356 9357 9358
f 9358 9353 9355
f 9358 9355 9356
f 9358 9359 9353
f 9360 9361 9344
f 9362 9350 9344
f 9350 9345 9344
f 9360 9344 9353
f 9363 9361 9360
f 9353 9344 9336
f 9359 9364 9353
f 9339 9340 9365
f 9366 9367 9368
f 9366 9369 9370
f 9371 9368 9372
f 9373 9374 9375
f 9373 9376 9377
f 9378 9374 9371
f 9379 9377 9380
f 9367 9366 9370
f 9378 9371 9372
f 9367 9372 9368
f 9374 9378 9375
f 9377 9376 9380
f 9380 9381 9379
f 9375 9376 9373
f 9381 9382 9379
f 9383 9370 9369
f 9384 9382 9385
f 9386 9387 9388
f 9388 9384 9389
f 9390 9383 9391
f 9392 9393 9391
f 9394 9395 9387
f 9389 9384 9385
f 9394 9387 9386
f 9389 9386 9388
f 9396 9397 9398
f 9395 9394 9398
f 9392 9397 9396
f 9393 9392 9396
f 9393 9390 9391
f 9398 9397 9395
f 9390 9370 9383
f 9381 9385 9382
f 9399 9400 9401
f 9402 9403 9401
f 9404 9401 9403
f 9405 9399 9404
f 9404 9399 9401
f 9404 9406 9407
f 9404 9403 9408
f 9409 9410 9411
f 9411 9408 9403
f 9408 9411 9412
f 9404 9408 9406
f 9412 9413 9408
f 9414 9413 9412
f 9412 9415 9414
f 9403 9409 9411
f 9416 9417 9418
f 9416 9418 9419
f 9419 9418 9420
f 9421 9422 9419
f 9419 9422 9416
f 9419 9423 9424
f 9419 9420 9425
f 9426 9423 9419
f 9426 9427 9423
f 9428 9423 9427
f 9429 9430 9431
f 9423 9431 9430
f 9424 9423 9430
f 9426 9419 9425
f 9480 9481 9482
f 9482 9483 9484
f 9481 9485 9486
f 9487 9488 9489
f 9490 9491 9487
f 9486 9492 9488
f 9493 9494 9491
f 9486 9485 9492
f 9480 9482 9484
f 9485 9481 9480
f 9488 9495 9489
f 9491 9490 9493
f 9494 9493 9496
f 9490 9487 9489
f 9495 9488 9492
f 9496 9497 9494
f 9498 9484 9483
f 9499 9497 9500
f 9501 9502 9503
f 9502 9499 9504
f 9505 9506 9507
f 9508 9509 9510
f 9510 9501 9508
f 9504 9499 9500
f 9508 9501 9503
f 9504 9503 9502
f 9509 9511 9512
f 9512 9507 9513
f 9505 9507 9512
f 9505 9498 9506
f 9509 9508 9511
f 9509 9512 9513
f 9498 9483 9506
f 9496 9500 9497
f 9611 9612 9613
f 9613 9614 9615
f 9612 9616 9617
f 9618 9619 9620
f 9621 9622 9618
f 9617 9623 9619
f 9624 9625 9622
f 9617 9616 9623
f 9611 9613 9615
f 9616 9612 9611
f 9618 9620 9621
f 9622 9626 9624
f 9625 9624 9627
f 9626 9622 9621
f 9620 9619 9623
f 9627 9628 9625
f 9629 9615 9614
f 9630 9628 9631
f 9632 9630 9633
f 9632 9634 9635
f 9636 9637 9638
f 9639 9640 9641
f 9641 9635 9642
f 9634 9632 9633
f 9635 9634 9642
f 9630 9631 9633
f 9639 9643 9640
f 9641 9642 9639
f 9638 9644 9643
f 9636 9638 9643
f 9636 9629 9637
f 9640 9643 9644
f 9629 9614 9637
f 9627 9631 9628
f 9694 9695 9696
f 9697 9694 9698
f 9699 9695 9700
f 9701 9702 9703
f 9704 9700 9703
f 9705 9701 9706
f 9707 9708 9697
f 9709 9710 9711
f 9712 9709 9713
f 9714 9715 9712
f 9716 9717 9718
f 9719 9716 9720
f 9721 9717 9715
f 9710 9708 9722
f 9719 9723 9724
f 9702 9701 9705
f 9696 9698 9694
f 9722 9708 9707
f 9698 9707 9697
f 9704 9703 9702
f 9696 9695 9699
f 9704 9699 9700
f 9710 9722 9711
f 9717 9721 9718
f 9712 9713 9714
f 9720 9716 9718
f 9721 9715 9714
f 9723 9719 9720
f 9723 9725 9724
f 9711 9713 9709
f 9725 9726 9724
f 9727 9705 9706
f 9728 9729 9726
f 9730 9731 9732
f 9733 9732 9729
f 9734 9735 9736
f 9737 9734 9738
f 9739 9737 9740
f 9741 9735 9731
f 9742 9743 9744
f 9745 9727 9746
f 9747 9746 9748
f 9749 9750 9751
f 9743 9752 9753
f 9754 9748 9742
f 9755 9751 9739
f 9732 9733 9730
f 9736 9735 9741
f 9730 9741 9731
f 9733 9729 9728
f 9734 9736 9738
f 9755 9739 9740
f 9740 9737 9738
f 9756 9750 9749
f 9756 9757 9758
f 9757 9752 9758
f 9749 9751 9755
f 9753 9752 9757
f 9744 9743 9753
f 9744 9754 9742
f 9748 9754 9747
f 9747 9745 9746
f 9758 9750 9756
f 9745 9705 9727
f 9725 9728 9726
f 9759 9760 9761
f 9762 9763 9761
f 9761 9760 9762
f 9762 9764 9763
f 9765 9766 9762
f 9760 9765 9762
f 9762 9767 9768
f 9769 9770 9764
f 9771 9772 9764
f 9770 9763 9764
f 9773 9771 9768
f 9768 9771 9764
f 9768 9764 9762
f 9768 9774 9775
f 9762 9776 9777
f 9778 9779 9777
f 9780 9762 9777
f 9767 9762 9780
f 9781 9782 9783
f 9783 9784 9780
f 9783 9780 9781
f 9783 9785 9784
f 9767 9786 9774
f 9787 9774 9786
f 9768 9767 9774
f 9784 9788 9789
f 9790 9791 9767
f 9790 9784 9789
f 9790 9767 9784
f 9780 9784 9767
f 9777 9776 9778
f 9792 9793 9794
f 9794 9795 9796
f 9794 9793 9797
f 9798 9799 9800
f 9794 9800 9801
f 9794 9797 9800
f 9800 9802 9803
f 9804 9801 9805
f 9804 9806 9801
f 9795 9794 9801
f 9805 9801 9803
f 9807 9808 9809
f 9803 9801 9800
f 9809 9803 9807
f 9802 9800 9799
f 9799 9810 9802
f 9811 9812 9810
f 9812 9802 9810
f 9813 9814 9815
f 9816 9815 9814
f 9813 9815 9812
f 9815 9802 9812
f 9802 9817 9818
f 9802 9818 9807
f 9819 9808 9807
f 9820 9821 9802
f 9822 9817 9802
f 9803 9802 9807
f 9820 9802 9815
f 9799 9823 9810
f 9872 9873 9874
f 9875 9876 9877
f 9878 9873 9876
f 9879 9880 9881
f 9882 9883 9879
f 9872 9884 9880
f 9885 9883 9886
f 9872 9874 9884
f 9878 9876 9875
f 9874 9873 9878
f 9879 9881 9887
f 9883 9882 9886
f 9885 9886 9888
f 9882 9879 9887
f 9881 9880 9884
f 9888 9889 9885
f 9890 9875 9877
f 9891 9892 9889
f 9893 9894 9892
f 9894 9895 9896
f 9897 9898 9899
f 9900 9901 9902
f 9902 9896 9900
f 9893 9892 9891
f 9896 9895 9900
f 9895 9894 9893
f 9899 9903 9897
f 9890 9898 9897
f 9903 9901 9904
f 9899 9905 9903
f 9901 9900 9904
f 9901 9903 9905
f 9890 9877 9898
f 9888 9891 9889
f 9955 9956 9957
f 9958 9959 9955
f 9960 9957 9961
f 9962 9963 9964
f 9965 9962 9966
f 9967 9963 9960
f 9968 9969 9965
f 9959 9956 9955
f 9960 9961 9967
f 9961 9957 9956
f 9965 9966 9968
f 9970 9969 9968
f 9963 9967 9964
f 9962 9964 9966
f 9970 9971 9969
f 9972 9959 9958
f 9973 9974 9971
f 9975 9976 9974
f 9977 9976 9978
f 9979 9972 9980
f 9981 9982 9980
f 9983 9984 9977
f 9978 9976 9975
f 9978 9983 9977
f 9975 9974 9973
f 9985 9986 9987
f 9984 9983 9987
f 9981 9986 9985
f 9982 9981 9985
f 9982 9979 9980
f 9987 9986 9984
f 9979 9959 9972
f 9970 9973 9971
f 9988 9989 9990
f 9991 9992 9988
f 9988 9992 9989
f 9989 9993 9990
f 9994 9995 9996
f 9995 9994 9997
f 9990 9993 9996
f 9996 9993 9994
f 9998 9991 9999
f 9991 9998 9992
f 10000 9999 10001
f 9999 10000 9998
f 10001 10002 10003
f 10004 10003 10002
f 10001 10003 10000
f 10002 10005 10004
f 9997 10006 10007
f 10008 10007 10006
f 10006 10009 10008
f 10010 10009 10011
f 10009 10010 10008
f 10012 10011 10013
f 10011 10012 10010
f 10014 10015 10016
f 10005 10014 10004
f 10014 10005 10015
f 10015 10017 10016
f 10018 10013 10019
f 10016 10017 10019
f 10019 10017 10018
f 10012 10013 10018
f 10007 9995 9997
f 10054 10055 10056
f 10056 10057 10054
f 10056 10055 10058
f 10054 10057 10059
f 10060 10061 10062
f 10061 10060 10063
f 10060 10058 10063
f 10063 10058 10055
f 10059 10064 10065
f 10059 10057 10064
f 10066 10067 10065
f 10065 10064 10066
f 10068 10069 10067
f 10069 10070 10071
f 10070 10069 10068
f 10072 10071 10070
f 10068 10067 10066
f 10061 10073 10074
f 10075 10074 10073
f 10073 10076 10075
f 10077 10076 10078
f 10076 10077 10075
f 10078 10079 10080
f 10079 10078 10076
f 10081 10082 10083
f 10082 10081 10084
f 10083 10072 10070
f 10072 10083 10082
f 10085 10080 10086
f 10080 10085 10078
f 10087 10086 10084
f 10086 10087 10085
f 10087 10084 10081
f 10074 10062 10061
f 10088 10089 10090
f 10091 10092 10093
f 10094 10093 10089
f 10095 10096 10097
f 10098 10099 10100
f 10101 10100 10096
f 10102 10097 10092
f 10090 10103 10088
f 10093 10094 10091
f 10094 10089 10088
f 10097 10102 10095
f 10100 10101 10098
f 10101 10096 10095
f 10102 10092 10091
f 10098 10104 10099
f 10105 10103 10090
f 10106 10107 10108
f 10109 10110 10111
f 10112 10111 10107
f 10113 10114 10115
f 10116 10105 10117
f 10118 10117 10114
f 10113 10115 10110
f 10108 10104 10106
f 10111 10112 10109
f 10112 10107 10106
f 10114 10113 10119
f 10117 10118 10116
f 10118 10114 10119
f 10113 10110 10109
f 10116 10103 10105
f 10099 10104 10108
f 10184 10185 10186
f 10185 10184 10187
f 10186 10188 10189
f 10188 10186 10185
f 10190 10191 10187
f 10192 10187 10191
f 10191 10193 10192
f 10190 10187 10184
f 10189 10194 10195
f 10194 10189 10188
f 10196 10195 10197
f 10195 10196 10189
f 10198 10197 10199
f 10197 10198 10196
f 10200 10199 10201
f 10199 10200 10198
f 10193 10202 10203
f 10202 10193 10191
f 10204 10203 10205
f 10203 10204 10193
f 10206 10205 10207
f 10205 10206 10204
f 10207 10208 10209
f 10208 10207 10205
f 10210 10211 10201
f 10212 10201 10211
f 10211 10213 10212
f 10210 10201 10199
f 10209 10214 10215
f 10214 10209 10208
f 10215 10213 10211
f 10213 10215 10214
f 10216 10217 10218
f 10219 10220 10216
f 10220 10221 10222
f 10223 10224 10225
f 10223 10225 10226
f 10227 10228 10224
f 10229 10226 10222
f 10216 10218 10219
f 10230 10222 10221
f 10221 10220 10219
f 10228 10227 10231
f 10223 10226 10229
f 10229 10222 10230
f 10224 10223 10227
f 10231 10232 10228
f 10233 10218 10217
f 10234 10235 10232
f 10236 10237 10238
f 10239 10238 10235
f 10240 10241 10242
f 10243 10244 10245
f 10240 10245 10241
f 10246 10242 10237
f 10235 10234 10239
f 10237 10236 10246
f 10236 10238 10239
f 10242 10247 10240
f 10244 10243 10233
f 10243 10245 10240
f 10247 10242 10246
f 10233 10217 10244
f 10231 10234 10232
f 10312 10313 10314
f 10313 10312 10315
f 10314 10316 10317
f 10316 10314 10313
f 10318 10319 10320
f 10319 10318 10321
f 10315 10320 10313
f 10320 10315 10318
f 10317 10322 10323
f 10322 10317 10316
f 10323 10324 10325
f 10324 10323 10322
f 10326 10325 10327
f 10325 10326 10323
f 10327 10328 10329
f 10328 10327 10325
f 10321 10330 10331
f 10330 10321 10318
f 10331 10332 10333
f 10332 10331 10330
f 10334 10333 10335
f 10333 10334 10331
f 10336 10335 10337
f 10335 10336 10334
f 10338 10339 10329
f 10339 10338 10340
f 10341 10329 10328
f 10329 10341 10338
f 10337 10342 10340
f 10342 10337 10335
f 10340 10343 10339
f 10343 10340 10342
