mtllib tool_body_visuals_Mesh.mtl
v 0.038652095943689346 -0.020999999716877937 0.0018674420425668359
v 0.038505591452121735 -0.020999999716877937 0.0016667107120156288
v 0.038652095943689346 -0.021150000393390656 0.0018674420425668359
v 0.038228362798690796 -0.020999999716877937 0.001148050301708281
v 0.03805764392018318 -0.020999999716877937 0.0005852709873579443
v 0.038116179406642914 -0.021150000393390656 0.000826787028927356
v 0.03833289071917534 -0.021150000393390656 0.0013735060347244143
v 0.03799999877810478 -0.020999999716877937 7.081325306402122e-18
v 0.03805764392018318 -0.020999999716877937 -0.0005852709873579443
v 0.03801929950714111 -0.021150000393390656 -0.0003397389082238078
v 0.038228362798690796 -0.020999999716877937 -0.001148050301708281
v 0.038505591452121735 -0.020999999716877937 -0.0016667107120156288
v 0.038376204669475555 -0.021150000393390656 -0.0014545426238328218
v 0.0381428524851799 -0.021150000393390656 -0.00091471680207178
v 0.03801029175519943 -0.021150000393390656 0.0002482949639670551
v 0.0388786755502224 -0.020999999716877937 -0.00212132022716105
v 0.0393332876265049 -0.020999999716877937 -0.0024944087490439415
v 0.039132557809352875 -0.021150000393390656 -0.002347905421629548
v 0.039851948618888855 -0.020999999716877937 -0.0027716385666280985
v 0.040414728224277496 -0.020999999716877937 -0.002942355815321207
v 0.04017321392893791 -0.021150000393390656 -0.002883821027353406
v 0.03962649405002594 -0.021150000393390656 -0.0026671108789741993
v 0.04100000113248825 -0.020999999716877937 -0.003000000026077032
v 0.04158527031540871 -0.020999999716877937 -0.002942355815321207
v 0.04133974015712738 -0.021150000393390656 -0.0029807009268552065
v 0.04214804992079735 -0.020999999716877937 -0.0027716385666280985
v 0.042666710913181305 -0.020999999716877937 -0.0024944087490439415
v 0.042454544454813004 -0.021150000393390656 -0.002623795997351408
v 0.041914716362953186 -0.021150000393390656 -0.002857147715985775
v 0.040751706808805466 -0.021150000393390656 -0.0029897072818130255
v 0.03871038556098938 -0.021150000393390656 -0.0019384712213650346
v 0.0429384671151638 -0.021150000393390656 -0.0022896132431924343
v 0.04312131926417351 -0.020999999716877937 -0.00212132022716105
v 0.0388786755502224 -0.020999999716877937 0.00212132022716105
v 0.04349440708756447 -0.020999999716877937 -0.0016667107120156288
v 0.043347906321287155 -0.021150000393390656 -0.0018674420425668359
v 0.043771639466285706 -0.020999999716877937 -0.001148050301708281
v 0.04394235461950302 -0.020999999716877937 -0.0005852709873579443
v 0.04388381913304329 -0.021150000393390656 -0.000826787028927356
v 0.04366711154580116 -0.021150000393390656 -0.0013735060347244143
v 0.04399999976158142 -0.020999999716877937 9.981049129918e-18
v 0.04394235461950302 -0.020999999716877937 0.0005852709873579443
v 0.04398069903254509 -0.021150000393390656 0.0003397389082238078
v 0.043771639466285706 -0.020999999716877937 0.001148050301708281
v 0.04349440708756447 -0.020999999716877937 0.0016667107120156288
v 0.043623797595500946 -0.021150000393390656 0.0014545426238328218
v 0.0438571460545063 -0.021150000393390656 0.00091471680207178
v 0.04398970678448677 -0.021150000393390656 -0.0002482949639670551
v 0.04312131926417351 -0.020999999716877937 0.00212132022716105
v 0.042666710913181305 -0.020999999716877937 0.0024944087490439415
v 0.04286744073033333 -0.021150000393390656 0.002347905421629548
v 0.04214804992079735 -0.020999999716877937 0.0027716385666280985
v 0.04158527031540871 -0.020999999716877937 0.002942355815321207
v 0.04182678833603859 -0.021150000393390656 0.002883821027353406
v 0.04237350448966026 -0.021150000393390656 0.0026671108789741993
v 0.04100000113248825 -0.020999999716877937 0.003000000026077032
v 0.040414728224277496 -0.020999999716877937 0.002942355815321207
v 0.04066026210784912 -0.021150000393390656 0.0029807009268552065
v 0.039851948618888855 -0.020999999716877937 0.0027716385666280985
v 0.0393332876265049 -0.020999999716877937 0.0024944087490439415
v 0.0395454540848732 -0.021150000393390656 0.002623795997351408
v 0.04008528217673302 -0.021150000393390656 0.002857147715985775
v 0.041248295456171036 -0.021150000393390656 0.0029897072818130255
v 0.04328961297869682 -0.021150000393390656 0.0019384712213650346
v 0.0390615276992321 -0.021150000393390656 0.0022896132431924343
v 0.0390615276992321 -0.021150000393390656 0.0022896132431924343
v 0.04008528217673302 -0.021150000393390656 0.002857147715985775
v 0.0395454540848732 -0.021150000393390656 0.002623795997351408
v 0.038652095943689346 -0.021150000393390656 0.0018674420425668359
v 0.0381428524851799 -0.021150000393390656 -0.00091471680207178
v 0.04182678833603859 -0.021150000393390656 0.002883821027353406
v 0.04237350448966026 -0.021150000393390656 0.0026671108789741993
v 0.041248295456171036 -0.021150000393390656 0.0029897072818130255
v 0.04066026210784912 -0.021150000393390656 0.0029807009268552065
v 0.038116179406642914 -0.021150000393390656 0.000826787028927356
v 0.03801029175519943 -0.021150000393390656 0.0002482949639670551
v 0.03801929950714111 -0.021150000393390656 -0.0003397389082238078
v 0.03833289071917534 -0.021150000393390656 0.0013735060347244143
v 0.03962649405002594 -0.021150000393390656 -0.0026671108789741993
v 0.038376204669475555 -0.021150000393390656 -0.0014545426238328218
v 0.039132557809352875 -0.021150000393390656 -0.002347905421629548
v 0.03871038556098938 -0.021150000393390656 -0.0019384712213650346
v 0.041914716362953186 -0.021150000393390656 -0.002857147715985775
v 0.043623797595500946 -0.021150000393390656 0.0014545426238328218
v 0.04328961297869682 -0.021150000393390656 0.0019384712213650346
v 0.04286744073033333 -0.021150000393390656 0.002347905421629548
v 0.0438571460545063 -0.021150000393390656 0.00091471680207178
v 0.04398069903254509 -0.021150000393390656 0.0003397389082238078
v 0.04366711154580116 -0.021150000393390656 -0.0013735060347244143
v 0.04398970678448677 -0.021150000393390656 -0.0002482949639670551
v 0.04388381913304329 -0.021150000393390656 -0.000826787028927356
v 0.043347906321287155 -0.021150000393390656 -0.0018674420425668359
v 0.040751706808805466 -0.021150000393390656 -0.0029897072818130255
v 0.04133974015712738 -0.021150000393390656 -0.0029807009268552065
v 0.04017321392893791 -0.021150000393390656 -0.002883821027353406
v 0.042454544454813004 -0.021150000393390656 -0.002623795997351408
v 0.0429384671151638 -0.021150000393390656 -0.0022896132431924343
v 0.003000000026077032 -0.020999999716877937 -4.730445331892221e-18
v 0.002942355815321207 -0.020999999716877937 0.0005852709873579443
v 0.002942355815321207 -0.021150000393390656 0.0005852709873579443
v 0.0027716385666280985 -0.020999999716877937 0.001148050301708281
v 0.0024944087490439415 -0.020999999716877937 0.0016667107120156288
v 0.0024944087490439415 -0.021150000393390656 0.0016667107120156288
v 0.0027716385666280985 -0.021150000393390656 0.001148050301708281
v 0.00212132022716105 -0.020999999716877937 0.00212132022716105
v 0.0016667107120156288 -0.020999999716877937 0.0024944087490439415
v 0.0016667107120156288 -0.021150000393390656 0.0024944087490439415
v 0.001148050301708281 -0.020999999716877937 0.0027716385666280985
v 0.0005852709873579443 -0.020999999716877937 0.002942355815321207
v 0.0005852709873579443 -0.021150000393390656 0.002942355815321207
v 0.001148050301708281 -0.021150000393390656 0.0027716385666280985
v 0.00212132022716105 -0.021150000393390656 0.00212132022716105
v -2.2266542382708706e-17 -0.020999999716877937 0.003000000026077032
v -0.0005852709873579443 -0.020999999716877937 0.002942355815321207
v -0.0005852709873579443 -0.021150000393390656 0.002942355815321207
v -0.001148050301708281 -0.020999999716877937 0.0027716385666280985
v -0.0016667107120156288 -0.020999999716877937 0.0024944087490439415
v -0.0016667107120156288 -0.021150000393390656 0.0024944087490439415
v -0.001148050301708281 -0.021150000393390656 0.0027716385666280985
v -0.00212132022716105 -0.020999999716877937 0.00212132022716105
v -0.0024944087490439415 -0.020999999716877937 0.0016667107120156288
v -0.0024944087490439415 -0.021150000393390656 0.0016667107120156288
v -0.0027716385666280985 -0.020999999716877937 0.001148050301708281
v -0.002942355815321207 -0.020999999716877937 0.0005852709873579443
v -0.002942355815321207 -0.021150000393390656 0.0005852709873579443
v -0.0027716385666280985 -0.021150000393390656 0.001148050301708281
v -0.00212132022716105 -0.021150000393390656 0.00212132022716105
v -1.1417523537052075e-17 -0.021150000393390656 0.003000000026077032
v 0.003000000026077032 -0.021150000393390656 -4.763752172846975e-18
v -0.003000000026077032 -0.021150000393390656 -5.363522637035699e-18
v 0.002942355815321207 -0.021150000393390656 -0.0005852709873579443
v -0.003000000026077032 -0.020999999716877937 -7.712397112150465e-18
v -0.002942355815321207 -0.020999999716877937 -0.0005852709873579443
v -0.002942355815321207 -0.021150000393390656 -0.0005852709873579443
v -0.0027716385666280985 -0.020999999716877937 -0.001148050301708281
v -0.0024944087490439415 -0.020999999716877937 -0.0016667107120156288
v -0.0027716385666280985 -0.021150000393390656 -0.001148050301708281
v -0.00212132022716105 -0.020999999716877937 -0.00212132022716105
v -0.0016667107120156288 -0.020999999716877937 -0.0024944087490439415
v -0.00212132022716105 -0.021150000393390656 -0.00212132022716105
v -0.001148050301708281 -0.020999999716877937 -0.0027716385666280985
v -0.0005852709873579443 -0.020999999716877937 -0.002942355815321207
v -0.001148050301708281 -0.021150000393390656 -0.0027716385666280985
v -0.0016667107120156288 -0.021150000393390656 -0.0024944087490439415
v -0.0024944087490439415 -0.021150000393390656 -0.0016667107120156288
v -1.8999425462946787e-17 -0.020999999716877937 -0.003000000026077032
v 0.0005852709873579443 -0.020999999716877937 -0.002942355815321207
v -9.348177379156742e-18 -0.021150000393390656 -0.003000000026077032
v 0.001148050301708281 -0.020999999716877937 -0.0027716385666280985
v 0.0016667107120156288 -0.020999999716877937 -0.0024944087490439415
v 0.001148050301708281 -0.021150000393390656 -0.0027716385666280985
v 0.0005852709873579443 -0.021150000393390656 -0.002942355815321207
v 0.00212132022716105 -0.020999999716877937 -0.00212132022716105
v 0.0024944087490439415 -0.020999999716877937 -0.0016667107120156288
v 0.00212132022716105 -0.021150000393390656 -0.00212132022716105
v 0.0027716385666280985 -0.020999999716877937 -0.001148050301708281
v 0.002942355815321207 -0.020999999716877937 -0.0005852709873579443
v 0.0027716385666280985 -0.021150000393390656 -0.001148050301708281
v 0.0024944087490439415 -0.021150000393390656 -0.0016667107120156288
v 0.0016667107120156288 -0.021150000393390656 -0.0024944087490439415
v -0.0005852709873579443 -0.021150000393390656 -0.002942355815321207
v 0.0024944087490439415 -0.021150000393390656 -0.0016667107120156288
v 0.002942355815321207 -0.021150000393390656 -0.0005852709873579443
v 0.003000000026077032 -0.021150000393390656 -4.763752172846975e-18
v 0.0027716385666280985 -0.021150000393390656 -0.001148050301708281
v 0.0016667107120156288 -0.021150000393390656 -0.0024944087490439415
v 0.00212132022716105 -0.021150000393390656 -0.00212132022716105
v -1.1417523537052075e-17 -0.021150000393390656 0.003000000026077032
v 0.001148050301708281 -0.021150000393390656 -0.0027716385666280985
v 0.001148050301708281 -0.021150000393390656 0.0027716385666280985
v -0.001148050301708281 -0.021150000393390656 -0.0027716385666280985
v 0.0005852709873579443 -0.021150000393390656 -0.002942355815321207
v 0.0027716385666280985 -0.021150000393390656 0.001148050301708281
v 0.002942355815321207 -0.021150000393390656 0.0005852709873579443
v 0.0024944087490439415 -0.021150000393390656 0.0016667107120156288
v 0.00212132022716105 -0.021150000393390656 0.00212132022716105
v 0.0016667107120156288 -0.021150000393390656 0.0024944087490439415
v 0.0005852709873579443 -0.021150000393390656 0.002942355815321207
v -9.348177379156742e-18 -0.021150000393390656 -0.003000000026077032
v -0.0016667107120156288 -0.021150000393390656 0.0024944087490439415
v -0.0024944087490439415 -0.021150000393390656 -0.0016667107120156288
v -0.0016667107120156288 -0.021150000393390656 -0.0024944087490439415
v -0.00212132022716105 -0.021150000393390656 -0.00212132022716105
v -0.003000000026077032 -0.021150000393390656 -6.09831089747931e-18
v -0.0027716385666280985 -0.021150000393390656 -0.001148050301708281
v -0.002942355815321207 -0.021150000393390656 -0.0005852709873579443
v -0.0027716385666280985 -0.021150000393390656 0.001148050301708281
v -0.001148050301708281 -0.021150000393390656 0.0027716385666280985
v -0.0005852709873579443 -0.021150000393390656 0.002942355815321207
v -0.0024944087490439415 -0.021150000393390656 0.0016667107120156288
v -0.00212132022716105 -0.021150000393390656 0.00212132022716105
v -0.002942355815321207 -0.021150000393390656 0.0005852709873579443
v -0.0005852709873579443 -0.021150000393390656 -0.002942355815321207
v 0.007399087306112051 -0.016625000163912773 -0.021653780713677406
v 0.007889931090176105 -0.016625000163912773 -0.021329838782548904
v 0.007666710764169693 -0.017000000923871994 -0.021494409069418907
v 0.00830814614892006 -0.016625000163912773 -0.020916366949677467
v 0.008637660183012486 -0.016625000163912773 -0.020429246127605438
v 0.008494408801198006 -0.017000000923871994 -0.020666711032390594
v 0.00812132004648447 -0.017000000923871994 -0.021121321246027946
v 0.008865810930728912 -0.016625000163912773 -0.019887203350663185
v 0.008983829990029335 -0.016625000163912773 -0.01931106299161911
v 0.008942355401813984 -0.017000000923871994 -0.019585270434617996
v 0.008987181819975376 -0.016625000163912773 -0.01872297003865242
v 0.008875737898051739 -0.016625000163912773 -0.018145520240068436
v 0.008942355401813984 -0.017000000923871994 -0.018414728343486786
v 0.008999999612569809 -0.017000000923871994 -0.01899999938905239
v 0.008771637454628944 -0.017000000923871994 -0.020148050040006638
v 0.00865378137677908 -0.016625000163912773 -0.01760091260075569
v 0.008329841308295727 -0.016625000163912773 -0.01711006835103035
v 0.008494408801198006 -0.017000000923871994 -0.017333289608359337
v 0.007916366681456566 -0.016625000163912773 -0.01669185422360897
v 0.007429247256368399 -0.016625000163912773 -0.01636233925819397
v 0.007666710764169693 -0.017000000923871994 -0.016505591571331024
v 0.00812132004648447 -0.017000000923871994 -0.016878679394721985
v 0.006887202616780996 -0.016625000163912773 -0.016134189441800117
v 0.006311063189059496 -0.016625000163912773 -0.016016170382499695
v 0.006585271097719669 -0.017000000923871994 -0.01605764403939247
v 0.005722970236092806 -0.016625000163912773 -0.01601281762123108
v 0.005145522765815258 -0.016625000163912773 -0.016124261543154716
v 0.005414729006588459 -0.017000000923871994 -0.01605764403939247
v 0.006000000052154064 -0.017000000923871994 -0.01600000075995922
v 0.007148050237447023 -0.017000000923871994 -0.016228361055254936
v 0.008771637454628944 -0.017000000923871994 -0.017851950600743294
v 0.007399087306112051 -0.017000000923871994 -0.021653780713677406
v 0.004851949866861105 -0.017000000923871994 -0.016228361055254936
v 0.007148050237447023 -0.017000000923871994 -0.021771637722849846
v 0.004600912798196077 -0.016625000163912773 -0.016346218064427376
v 0.0041100685484707355 -0.016625000163912773 -0.01667015813291073
v 0.004333289340138435 -0.017000000923871994 -0.016505591571331024
v 0.0036918537225574255 -0.016625000163912773 -0.017083633691072464
v 0.0033623394556343555 -0.016625000163912773 -0.017570752650499344
v 0.003505591070279479 -0.017000000923871994 -0.017333289608359337
v 0.0038786795921623707 -0.017000000923871994 -0.016878679394721985
v 0.003134189173579216 -0.016625000163912773 -0.018112797290086746
v 0.003016170347109437 -0.016625000163912773 -0.01868893764913082
v 0.003057644236832857 -0.017000000923871994 -0.018414728343486786
v 0.0030128182843327522 -0.016625000163912773 -0.01927703060209751
v 0.0031242622062563896 -0.016625000163912773 -0.019854476675391197
v 0.003057644236832857 -0.017000000923871994 -0.019585270434617996
v 0.003000000026077032 -0.017000000923871994 -0.01899999938905239
v 0.003228361252695322 -0.017000000923871994 -0.017851950600743294
v 0.0033462189603596926 -0.016625000163912773 -0.02039908803999424
v 0.0036701590288430452 -0.016625000163912773 -0.02088993228971958
v 0.003505591070279479 -0.017000000923871994 -0.020666711032390594
v 0.0040836334228515625 -0.016625000163912773 -0.02130814641714096
v 0.00457075284793973 -0.016625000163912773 -0.02163766138255596
v 0.004333289340138435 -0.017000000923871994 -0.021494409069418907
v 0.0038786795921623707 -0.017000000923871994 -0.021121321246027946
v 0.005112797487527132 -0.016625000163912773 -0.021865811198949814
v 0.005688936915248632 -0.016625000163912773 -0.021983830258250237
v 0.005414729006588459 -0.017000000923871994 -0.02194235660135746
v 0.00627703033387661 -0.016625000163912773 -0.021987181156873703
v 0.00685447733849287 -0.016625000163912773 -0.021875737234950066
v 0.006585271097719669 -0.017000000923871994 -0.02194235660135746
v 0.006000000052154064 -0.017000000923871994 -0.02199999988079071
v 0.004851949866861105 -0.017000000923871994 -0.021771637722849846
v 0.003228361252695322 -0.017000000923871994 -0.020148050040006638
v 0.007399087306112051 0.01587500050663948 -0.021653780713677406
v 0.007889931090176105 0.01587500050663948 -0.021329838782548904
v 0.007889931090176105 -0.01587500050663948 -0.021329838782548904
v 0.00830814614892006 0.01587500050663948 -0.020916366949677467
v 0.008637660183012486 0.01587500050663948 -0.020429246127605438
v 0.008637660183012486 -0.01587500050663948 -0.020429246127605438
v 0.00830814614892006 -0.01587500050663948 -0.020916366949677467
v 0.008865810930728912 0.01587500050663948 -0.019887203350663185
v 0.008983829990029335 0.01587500050663948 -0.01931106299161911
v 0.008865810930728912 -0.01587500050663948 -0.019887203350663185
v 0.008987181819975376 0.01587500050663948 -0.01872297003865242
v 0.008875737898051739 0.01587500050663948 -0.018145520240068436
v 0.008875737898051739 -0.01587500050663948 -0.018145520240068436
v 0.008983829990029335 -0.01587500050663948 -0.01931106299161911
v 0.00865378137677908 0.01587500050663948 -0.01760091260075569
v 0.008329841308295727 0.01587500050663948 -0.01711006835103035
v 0.00865378137677908 -0.01587500050663948 -0.01760091260075569
v 0.007916366681456566 0.01587500050663948 -0.01669185422360897
v 0.007429247256368399 0.01587500050663948 -0.01636233925819397
v 0.007429247256368399 -0.01587500050663948 -0.01636233925819397
v 0.008329841308295727 -0.01587500050663948 -0.01711006835103035
v 0.006887202616780996 0.01587500050663948 -0.016134189441800117
v 0.006311063189059496 0.01587500050663948 -0.016016170382499695
v 0.006887202616780996 -0.01587500050663948 -0.016134189441800117
v 0.005722970236092806 0.01587500050663948 -0.01601281762123108
v 0.005145522765815258 0.01587500050663948 -0.016124261543154716
v 0.005145522765815258 -0.01587500050663948 -0.016124261543154716
v 0.006311063189059496 -0.01587500050663948 -0.016016170382499695
v 0.007399087306112051 -0.01587500050663948 -0.021653780713677406
v 0.008987181819975376 -0.01587500050663948 -0.01872297003865242
v 0.007916366681456566 -0.01587500050663948 -0.01669185422360897
v 0.005722970236092806 -0.01587500050663948 -0.01601281762123108
v 0.004600912798196077 -0.01587500050663948 -0.016346218064427376
v 0.00685447733849287 -0.01587500050663948 -0.021875737234950066
v 0.004600912798196077 0.01587500050663948 -0.016346218064427376
v 0.0041100685484707355 0.01587500050663948 -0.01667015813291073
v 0.0036918537225574255 0.01587500050663948 -0.017083633691072464
v 0.0033623394556343555 0.01587500050663948 -0.017570752650499344
v 0.0033623394556343555 -0.01587500050663948 -0.017570752650499344
v 0.0036918537225574255 -0.01587500050663948 -0.017083633691072464
v 0.003134189173579216 0.01587500050663948 -0.018112797290086746
v 0.003016170347109437 0.01587500050663948 -0.01868893764913082
v 0.003016170347109437 -0.01587500050663948 -0.01868893764913082
v 0.0030128182843327522 0.01587500050663948 -0.01927703060209751
v 0.0031242622062563896 0.01587500050663948 -0.019854476675391197
v 0.0031242622062563896 -0.01587500050663948 -0.019854476675391197
v 0.0030128182843327522 -0.01587500050663948 -0.01927703060209751
v 0.003134189173579216 -0.01587500050663948 -0.018112797290086746
v 0.0040836334228515625 0.01587500050663948 -0.02130814641714096
v 0.00457075284793973 0.01587500050663948 -0.02163766138255596
v 0.00457075284793973 -0.01587500050663948 -0.02163766138255596
v 0.005688936915248632 -0.01587500050663948 -0.021983830258250237
v 0.005112797487527132 0.01587500050663948 -0.021865811198949814
v 0.005688936915248632 0.01587500050663948 -0.021983830258250237
v 0.0033462189603596926 0.01587500050663948 -0.02039908803999424
v 0.0036701590288430452 0.01587500050663948 -0.02088993228971958
v 0.0036701590288430452 -0.01587500050663948 -0.02088993228971958
v 0.00627703033387661 0.01587500050663948 -0.021987181156873703
v 0.00685447733849287 0.01587500050663948 -0.021875737234950066
v 0.00627703033387661 -0.01587500050663948 -0.021987181156873703
v 0.0033462189603596926 -0.01587500050663948 -0.02039908803999424
v 0.0041100685484707355 -0.01587500050663948 -0.01667015813291073
v 0.0040836334228515625 -0.01587500050663948 -0.02130814641714096
v 0.005112797487527132 -0.01587500050663948 -0.021865811198949814
v 0.007399087306112051 0.016625000163912773 -0.021653780713677406
v 0.007399087306112051 0.017000000923871994 -0.021653780713677406
v 0.007666710764169693 0.017000000923871994 -0.021494409069418907
v 0.00830814614892006 0.016625000163912773 -0.020916366949677467
v 0.00812132004648447 0.017000000923871994 -0.021121321246027946
v 0.008494408801198006 0.017000000923871994 -0.020666711032390594
v 0.007889931090176105 0.016625000163912773 -0.021329838782548904
v 0.008771637454628944 0.017000000923871994 -0.020148050040006638
v 0.008637660183012486 0.016625000163912773 -0.020429246127605438
v 0.008999999612569809 0.017000000923871994 -0.01899999938905239
v 0.008942355401813984 0.017000000923871994 -0.018414728343486786
v 0.008987181819975376 0.016625000163912773 -0.01872297003865242
v 0.008942355401813984 0.017000000923871994 -0.019585270434617996
v 0.008983829990029335 0.016625000163912773 -0.01931106299161911
v 0.008865810930728912 0.016625000163912773 -0.019887203350663185
v 0.008771637454628944 0.017000000923871994 -0.017851950600743294
v 0.008875737898051739 0.016625000163912773 -0.018145520240068436
v 0.008329841308295727 0.016625000163912773 -0.01711006835103035
v 0.008494408801198006 0.017000000923871994 -0.017333289608359337
v 0.00812132004648447 0.017000000923871994 -0.016878679394721985
v 0.00865378137677908 0.016625000163912773 -0.01760091260075569
v 0.007429247256368399 0.016625000163912773 -0.01636233925819397
v 0.007666710764169693 0.017000000923871994 -0.016505591571331024
v 0.007148050237447023 0.017000000923871994 -0.016228361055254936
v 0.006311063189059496 0.016625000163912773 -0.016016170382499695
v 0.006585271097719669 0.017000000923871994 -0.01605764403939247
v 0.006000000052154064 0.017000000923871994 -0.01600000075995922
v 0.006887202616780996 0.016625000163912773 -0.016134189441800117
v 0.007916366681456566 0.016625000163912773 -0.01669185422360897
v 0.005722970236092806 0.016625000163912773 -0.01601281762123108
v 0.005414729006588459 0.017000000923871994 -0.01605764403939247
v 0.005145522765815258 0.016625000163912773 -0.016124261543154716
v 0.004851949866861105 0.017000000923871994 -0.016228361055254936
v 0.007148050237447023 0.017000000923871994 -0.021771637722849846
v 0.004600912798196077 0.016625000163912773 -0.016346218064427376
v 0.004333289340138435 0.017000000923871994 -0.016505591571331024
v 0.003228361252695322 0.017000000923871994 -0.017851950600743294
v 0.003057644236832857 0.017000000923871994 -0.018414728343486786
v 0.003134189173579216 0.016625000163912773 -0.018112797290086746
v 0.0038786795921623707 0.017000000923871994 -0.016878679394721985
v 0.003505591070279479 0.017000000923871994 -0.017333289608359337
v 0.0036918537225574255 0.016625000163912773 -0.017083633691072464
v 0.003057644236832857 0.017000000923871994 -0.019585270434617996
v 0.0030128182843327522 0.016625000163912773 -0.01927703060209751
v 0.003000000026077032 0.017000000923871994 -0.01899999938905239
v 0.003016170347109437 0.016625000163912773 -0.01868893764913082
v 0.0033623394556343555 0.016625000163912773 -0.017570752650499344
v 0.0041100685484707355 0.016625000163912773 -0.01667015813291073
v 0.005112797487527132 0.016625000163912773 -0.021865811198949814
v 0.004851949866861105 0.017000000923871994 -0.021771637722849846
v 0.005414729006588459 0.017000000923871994 -0.02194235660135746
v 0.00457075284793973 0.016625000163912773 -0.02163766138255596
v 0.004333289340138435 0.017000000923871994 -0.021494409069418907
v 0.003228361252695322 0.017000000923871994 -0.020148050040006638
v 0.003505591070279479 0.017000000923871994 -0.020666711032390594
v 0.0033462189603596926 0.016625000163912773 -0.02039908803999424
v 0.00627703033387661 0.016625000163912773 -0.021987181156873703
v 0.006000000052154064 0.017000000923871994 -0.02199999988079071
v 0.006585271097719669 0.017000000923871994 -0.02194235660135746
v 0.005688936915248632 0.016625000163912773 -0.021983830258250237
v 0.00685447733849287 0.016625000163912773 -0.021875737234950066
v 0.0031242622062563896 0.016625000163912773 -0.019854476675391197
v 0.0040836334228515625 0.016625000163912773 -0.02130814641714096
v 0.0038786795921623707 0.017000000923871994 -0.021121321246027946
v 0.0036701590288430452 0.016625000163912773 -0.02088993228971958
v 0.005688936915248632 0.016625000163912773 -0.021983830258250237
v 0.00627703033387661 0.016625000163912773 -0.021987181156873703
v 0.0062308586202561855 0.016625000163912773 -0.02148931846022606
v 0.005740780849009752 0.016625000163912773 -0.021486524492502213
v 0.005112797487527132 0.016625000163912773 -0.021865811198949814
v 0.005260664504021406 0.016625000163912773 -0.02138817496597767
v 0.006712064612656832 0.016625000163912773 -0.021396448835730553
v 0.00685447733849287 0.016625000163912773 -0.021875737234950066
v 0.007399087306112051 0.016625000163912773 -0.021653780713677406
v 0.007165906019508839 0.016625000163912773 -0.02121148444712162
v 0.0040836334228515625 0.016625000163912773 -0.02130814641714096
v 0.00457075284793973 0.016625000163912773 -0.02163766138255596
v 0.004808960948139429 0.016625000163912773 -0.021198051050305367
v 0.004058465827256441 0.016625000163912773 -0.020574942231178284
v 0.0036701590288430452 0.016625000163912773 -0.02088993228971958
v 0.0033462189603596926 0.016625000163912773 -0.02039908803999424
v 0.003788515692576766 0.016625000163912773 -0.020165905356407166
v 0.004403027705848217 0.016625000163912773 -0.02092345617711544
v 0.007889931090176105 0.016625000163912773 -0.021329838782548904
v 0.007574942894279957 0.016625000163912773 -0.020941536873579025
v 0.00830814614892006 0.016625000163912773 -0.020916366949677467
v 0.007923454977571964 0.016625000163912773 -0.020596971735358238
v 0.008637660183012486 0.016625000163912773 -0.020429246127605438
v 0.008198050782084465 0.016625000163912773 -0.020191039890050888
v 0.008388175629079342 0.016625000163912773 -0.019739335402846336
v 0.008865810930728912 0.016625000163912773 -0.019887203350663185
v 0.008983829990029335 0.016625000163912773 -0.01931106299161911
v 0.008486525155603886 0.016625000163912773 -0.019259219989180565
v 0.008875737898051739 0.016625000163912773 -0.018145520240068436
v 0.008396448567509651 0.016625000163912773 -0.018287938088178635
v 0.008489318192005157 0.016625000163912773 -0.018769141286611557
v 0.008987181819975376 0.016625000163912773 -0.01872297003865242
v 0.00865378137677908 0.016625000163912773 -0.01760091260075569
v 0.008211484178900719 0.016625000163912773 -0.017834093421697617
v 0.0031242622062563896 0.016625000163912773 -0.019854476675391197
v 0.003603551769629121 0.016625000163912773 -0.019712064415216446
v 0.0030128182843327522 0.016625000163912773 -0.01927703060209751
v 0.0035134751815348864 0.016625000163912773 -0.018740780651569366
v 0.003016170347109437 0.016625000163912773 -0.01868893764913082
v 0.003510681912302971 0.016625000163912773 -0.019230859354138374
v 0.003611824242398143 0.016625000163912773 -0.018260665237903595
v 0.003134189173579216 0.016625000163912773 -0.018112797290086746
v 0.003801949555054307 0.016625000163912773 -0.017808960750699043
v 0.0033623394556343555 0.016625000163912773 -0.017570752650499344
v 0.0036918537225574255 0.016625000163912773 -0.017083633691072464
v 0.004076544661074877 0.016625000163912773 -0.017403027042746544
v 0.0044250572100281715 0.016625000163912773 -0.017058465629816055
v 0.004834093619138002 0.016625000163912773 -0.01678851619362831
v 0.0041100685484707355 0.016625000163912773 -0.01667015813291073
v 0.004600912798196077 0.016625000163912773 -0.016346218064427376
v 0.007916366681456566 0.016625000163912773 -0.01669185422360897
v 0.007596971932798624 0.016625000163912773 -0.01707654446363449
v 0.0079415338113904 0.016625000163912773 -0.0174250565469265
v 0.007429247256368399 0.016625000163912773 -0.01636233925819397
v 0.006739335134625435 0.016625000163912773 -0.016611823812127113
v 0.007191039156168699 0.016625000163912773 -0.016801949590444565
v 0.008329841308295727 0.016625000163912773 -0.01711006835103035
v 0.006887202616780996 0.016625000163912773 -0.016134189441800117
v 0.005145522765815258 0.016625000163912773 -0.016124261543154716
v 0.005287935025990009 0.016625000163912773 -0.01660355180501938
v 0.005769141484051943 0.016625000163912773 -0.016510682180523872
v 0.005722970236092806 0.016625000163912773 -0.01601281762123108
v 0.006259219255298376 0.016625000163912773 -0.01651347614824772
v 0.006311063189059496 0.016625000163912773 -0.016016170382499695
v 0.00627703033387661 0.01587500050663948 -0.021987181156873703
v 0.005688936915248632 0.01587500050663948 -0.021983830258250237
v 0.005740780849009752 0.01587500050663948 -0.021486524492502213
v 0.005112797487527132 0.01587500050663948 -0.021865811198949814
v 0.005260664504021406 0.01587500050663948 -0.02138817496597767
v 0.0062308586202561855 0.01587500050663948 -0.02148931846022606
v 0.007399087306112051 0.01587500050663948 -0.021653780713677406
v 0.00685447733849287 0.01587500050663948 -0.021875737234950066
v 0.006712064612656832 0.01587500050663948 -0.021396448835730553
v 0.007165906019508839 0.01587500050663948 -0.02121148444712162
v 0.004808960948139429 0.01587500050663948 -0.021198051050305367
v 0.00457075284793973 0.01587500050663948 -0.02163766138255596
v 0.0040836334228515625 0.01587500050663948 -0.02130814641714096
v 0.0036701590288430452 0.01587500050663948 -0.02088993228971958
v 0.004058465827256441 0.01587500050663948 -0.020574942231178284
v 0.003788515692576766 0.01587500050663948 -0.020165905356407166
v 0.0033462189603596926 0.01587500050663948 -0.02039908803999424
v 0.004403027705848217 0.01587500050663948 -0.02092345617711544
v 0.007574942894279957 0.01587500050663948 -0.020941536873579025
v 0.007889931090176105 0.01587500050663948 -0.021329838782548904
v 0.00830814614892006 0.01587500050663948 -0.020916366949677467
v 0.007923454977571964 0.01587500050663948 -0.020596971735358238
v 0.008637660183012486 0.01587500050663948 -0.020429246127605438
v 0.008388175629079342 0.01587500050663948 -0.019739335402846336
v 0.008198050782084465 0.01587500050663948 -0.020191039890050888
v 0.008865810930728912 0.01587500050663948 -0.019887203350663185
v 0.008486525155603886 0.01587500050663948 -0.019259219989180565
v 0.008983829990029335 0.01587500050663948 -0.01931106299161911
v 0.008489318192005157 0.01587500050663948 -0.018769141286611557
v 0.008396448567509651 0.01587500050663948 -0.018287938088178635
v 0.008875737898051739 0.01587500050663948 -0.018145520240068436
v 0.008987181819975376 0.01587500050663948 -0.01872297003865242
v 0.00865378137677908 0.01587500050663948 -0.01760091260075569
v 0.008211484178900719 0.01587500050663948 -0.017834093421697617
v 0.003603551769629121 0.01587500050663948 -0.019712064415216446
v 0.0031242622062563896 0.01587500050663948 -0.019854476675391197
v 0.0030128182843327522 0.01587500050663948 -0.01927703060209751
v 0.003016170347109437 0.01587500050663948 -0.01868893764913082
v 0.0035134751815348864 0.01587500050663948 -0.018740780651569366
v 0.003510681912302971 0.01587500050663948 -0.019230859354138374
v 0.003611824242398143 0.01587500050663948 -0.018260665237903595
v 0.003134189173579216 0.01587500050663948 -0.018112797290086746
v 0.0033623394556343555 0.01587500050663948 -0.017570752650499344
v 0.003801949555054307 0.01587500050663948 -0.017808960750699043
v 0.0036918537225574255 0.01587500050663948 -0.017083633691072464
v 0.004076544661074877 0.01587500050663948 -0.017403027042746544
v 0.0044250572100281715 0.01587500050663948 -0.017058465629816055
v 0.004834093619138002 0.01587500050663948 -0.01678851619362831
v 0.0041100685484707355 0.01587500050663948 -0.01667015813291073
v 0.004600912798196077 0.01587500050663948 -0.016346218064427376
v 0.0079415338113904 0.01587500050663948 -0.0174250565469265
v 0.007596971932798624 0.01587500050663948 -0.01707654446363449
v 0.007916366681456566 0.01587500050663948 -0.01669185422360897
v 0.007191039156168699 0.01587500050663948 -0.016801949590444565
v 0.006739335134625435 0.01587500050663948 -0.016611823812127113
v 0.007429247256368399 0.01587500050663948 -0.01636233925819397
v 0.008329841308295727 0.01587500050663948 -0.01711006835103035
v 0.006887202616780996 0.01587500050663948 -0.016134189441800117
v 0.005769141484051943 0.01587500050663948 -0.016510682180523872
v 0.005287935025990009 0.01587500050663948 -0.01660355180501938
v 0.005145522765815258 0.01587500050663948 -0.016124261543154716
v 0.005722970236092806 0.01587500050663948 -0.01601281762123108
v 0.006259219255298376 0.01587500050663948 -0.01651347614824772
v 0.006311063189059496 0.01587500050663948 -0.016016170382499695
v 0.007165906019508839 0.016625000163912773 -0.02121148444712162
v 0.007574942894279957 0.016625000163912773 -0.020941536873579025
v 0.007165906019508839 0.01587500050663948 -0.02121148444712162
v 0.007923454977571964 0.016625000163912773 -0.020596971735358238
v 0.008198050782084465 0.016625000163912773 -0.020191039890050888
v 0.008198050782084465 0.01587500050663948 -0.020191039890050888
v 0.007574942894279957 0.01587500050663948 -0.020941536873579025
v 0.008388175629079342 0.016625000163912773 -0.019739335402846336
v 0.008486525155603886 0.016625000163912773 -0.019259219989180565
v 0.008486525155603886 0.01587500050663948 -0.019259219989180565
v 0.008489318192005157 0.016625000163912773 -0.018769141286611557
v 0.008396448567509651 0.016625000163912773 -0.018287938088178635
v 0.008396448567509651 0.01587500050663948 -0.018287938088178635
v 0.008489318192005157 0.01587500050663948 -0.018769141286611557
v 0.008388175629079342 0.01587500050663948 -0.019739335402846336
v 0.008211484178900719 0.016625000163912773 -0.017834093421697617
v 0.0079415338113904 0.016625000163912773 -0.0174250565469265
v 0.0079415338113904 0.01587500050663948 -0.0174250565469265
v 0.007596971932798624 0.016625000163912773 -0.01707654446363449
v 0.007191039156168699 0.016625000163912773 -0.016801949590444565
v 0.007191039156168699 0.01587500050663948 -0.016801949590444565
v 0.007596971932798624 0.01587500050663948 -0.01707654446363449
v 0.006739335134625435 0.016625000163912773 -0.016611823812127113
v 0.006259219255298376 0.016625000163912773 -0.01651347614824772
v 0.006259219255298376 0.01587500050663948 -0.01651347614824772
v 0.005769141484051943 0.016625000163912773 -0.016510682180523872
v 0.005287935025990009 0.016625000163912773 -0.01660355180501938
v 0.005287935025990009 0.01587500050663948 -0.01660355180501938
v 0.005769141484051943 0.01587500050663948 -0.016510682180523872
v 0.006739335134625435 0.01587500050663948 -0.016611823812127113
v 0.008211484178900719 0.01587500050663948 -0.017834093421697617
v 0.007923454977571964 0.01587500050663948 -0.020596971735358238
v 0.004834093619138002 0.01587500050663948 -0.01678851619362831
v 0.006712064612656832 0.01587500050663948 -0.021396448835730553
v 0.0044250572100281715 0.01587500050663948 -0.017058465629816055
v 0.004834093619138002 0.016625000163912773 -0.01678851619362831
v 0.0044250572100281715 0.016625000163912773 -0.017058465629816055
v 0.004076544661074877 0.016625000163912773 -0.017403027042746544
v 0.003801949555054307 0.016625000163912773 -0.017808960750699043
v 0.003801949555054307 0.01587500050663948 -0.017808960750699043
v 0.003611824242398143 0.016625000163912773 -0.018260665237903595
v 0.0035134751815348864 0.016625000163912773 -0.018740780651569366
v 0.0035134751815348864 0.01587500050663948 -0.018740780651569366
v 0.003510681912302971 0.016625000163912773 -0.019230859354138374
v 0.003603551769629121 0.016625000163912773 -0.019712064415216446
v 0.003603551769629121 0.01587500050663948 -0.019712064415216446
v 0.003510681912302971 0.01587500050663948 -0.019230859354138374
v 0.003611824242398143 0.01587500050663948 -0.018260665237903595
v 0.004058465827256441 0.016625000163912773 -0.020574942231178284
v 0.004403027705848217 0.016625000163912773 -0.02092345617711544
v 0.004403027705848217 0.01587500050663948 -0.02092345617711544
v 0.005260664504021406 0.01587500050663948 -0.02138817496597767
v 0.004808960948139429 0.016625000163912773 -0.021198051050305367
v 0.005260664504021406 0.016625000163912773 -0.02138817496597767
v 0.004808960948139429 0.01587500050663948 -0.021198051050305367
v 0.003788515692576766 0.016625000163912773 -0.020165905356407166
v 0.004058465827256441 0.01587500050663948 -0.020574942231178284
v 0.0062308586202561855 0.01587500050663948 -0.02148931846022606
v 0.005740780849009752 0.016625000163912773 -0.021486524492502213
v 0.0062308586202561855 0.016625000163912773 -0.02148931846022606
v 0.005740780849009752 0.01587500050663948 -0.021486524492502213
v 0.006712064612656832 0.016625000163912773 -0.021396448835730553
v 0.003788515692576766 0.01587500050663948 -0.020165905356407166
v 0.004076544661074877 0.01587500050663948 -0.017403027042746544
v 0.008637660183012486 -0.016625000163912773 -0.020429246127605438
v 0.00830814614892006 -0.016625000163912773 -0.020916366949677467
v 0.007923454977571964 -0.016625000163912773 -0.020596971735358238
v 0.008198050782084465 -0.016625000163912773 -0.020191039890050888
v 0.008388175629079342 -0.016625000163912773 -0.019739335402846336
v 0.008865810930728912 -0.016625000163912773 -0.019887203350663185
v 0.007574942894279957 -0.016625000163912773 -0.020941536873579025
v 0.007889931090176105 -0.016625000163912773 -0.021329838782548904
v 0.007399087306112051 -0.016625000163912773 -0.021653780713677406
v 0.007165906019508839 -0.016625000163912773 -0.02121148444712162
v 0.008987181819975376 -0.016625000163912773 -0.01872297003865242
v 0.008983829990029335 -0.016625000163912773 -0.01931106299161911
v 0.008489318192005157 -0.016625000163912773 -0.018769141286611557
v 0.008875737898051739 -0.016625000163912773 -0.018145520240068436
v 0.008396448567509651 -0.016625000163912773 -0.018287938088178635
v 0.008211484178900719 -0.016625000163912773 -0.017834093421697617
v 0.008486525155603886 -0.016625000163912773 -0.019259219989180565
v 0.006712064612656832 -0.016625000163912773 -0.021396448835730553
v 0.00685447733849287 -0.016625000163912773 -0.021875737234950066
v 0.0062308586202561855 -0.016625000163912773 -0.02148931846022606
v 0.00627703033387661 -0.016625000163912773 -0.021987181156873703
v 0.005688936915248632 -0.016625000163912773 -0.021983830258250237
v 0.005260664504021406 -0.016625000163912773 -0.02138817496597767
v 0.005740780849009752 -0.016625000163912773 -0.021486524492502213
v 0.005112797487527132 -0.016625000163912773 -0.021865811198949814
v 0.00457075284793973 -0.016625000163912773 -0.02163766138255596
v 0.004808960948139429 -0.016625000163912773 -0.021198051050305367
v 0.0040836334228515625 -0.016625000163912773 -0.02130814641714096
v 0.004058465827256441 -0.016625000163912773 -0.020574942231178284
v 0.004403027705848217 -0.016625000163912773 -0.02092345617711544
v 0.0033462189603596926 -0.016625000163912773 -0.02039908803999424
v 0.003788515692576766 -0.016625000163912773 -0.020165905356407166
v 0.0036701590288430452 -0.016625000163912773 -0.02088993228971958
v 0.00865378137677908 -0.016625000163912773 -0.01760091260075569
v 0.008329841308295727 -0.016625000163912773 -0.01711006835103035
v 0.0079415338113904 -0.016625000163912773 -0.0174250565469265
v 0.007916366681456566 -0.016625000163912773 -0.01669185422360897
v 0.007429247256368399 -0.016625000163912773 -0.01636233925819397
v 0.007596971932798624 -0.016625000163912773 -0.01707654446363449
v 0.007191039156168699 -0.016625000163912773 -0.016801949590444565
v 0.006739335134625435 -0.016625000163912773 -0.016611823812127113
v 0.006887202616780996 -0.016625000163912773 -0.016134189441800117
v 0.006311063189059496 -0.016625000163912773 -0.016016170382499695
v 0.006259219255298376 -0.016625000163912773 -0.01651347614824772
v 0.005769141484051943 -0.016625000163912773 -0.016510682180523872
v 0.005722970236092806 -0.016625000163912773 -0.01601281762123108
v 0.005145522765815258 -0.016625000163912773 -0.016124261543154716
v 0.005287935025990009 -0.016625000163912773 -0.01660355180501938
v 0.004600912798196077 -0.016625000163912773 -0.016346218064427376
v 0.004834093619138002 -0.016625000163912773 -0.01678851619362831
v 0.0030128182843327522 -0.016625000163912773 -0.01927703060209751
v 0.003510681912302971 -0.016625000163912773 -0.019230859354138374
v 0.003603551769629121 -0.016625000163912773 -0.019712064415216446
v 0.003016170347109437 -0.016625000163912773 -0.01868893764913082
v 0.003611824242398143 -0.016625000163912773 -0.018260665237903595
v 0.0035134751815348864 -0.016625000163912773 -0.018740780651569366
v 0.0031242622062563896 -0.016625000163912773 -0.019854476675391197
v 0.003134189173579216 -0.016625000163912773 -0.018112797290086746
v 0.0044250572100281715 -0.016625000163912773 -0.017058465629816055
v 0.004076544661074877 -0.016625000163912773 -0.017403027042746544
v 0.0036918537225574255 -0.016625000163912773 -0.017083633691072464
v 0.0041100685484707355 -0.016625000163912773 -0.01667015813291073
v 0.003801949555054307 -0.016625000163912773 -0.017808960750699043
v 0.0033623394556343555 -0.016625000163912773 -0.017570752650499344
v 0.007923454977571964 -0.01587500050663948 -0.020596971735358238
v 0.00830814614892006 -0.01587500050663948 -0.020916366949677467
v 0.008637660183012486 -0.01587500050663948 -0.020429246127605438
v 0.008388175629079342 -0.01587500050663948 -0.019739335402846336
v 0.008198050782084465 -0.01587500050663948 -0.020191039890050888
v 0.008865810930728912 -0.01587500050663948 -0.019887203350663185
v 0.007399087306112051 -0.01587500050663948 -0.021653780713677406
v 0.007889931090176105 -0.01587500050663948 -0.021329838782548904
v 0.007574942894279957 -0.01587500050663948 -0.020941536873579025
v 0.007165906019508839 -0.01587500050663948 -0.02121148444712162
v 0.008489318192005157 -0.01587500050663948 -0.018769141286611557
v 0.008983829990029335 -0.01587500050663948 -0.01931106299161911
v 0.008987181819975376 -0.01587500050663948 -0.01872297003865242
v 0.008875737898051739 -0.01587500050663948 -0.018145520240068436
v 0.008396448567509651 -0.01587500050663948 -0.018287938088178635
v 0.00865378137677908 -0.01587500050663948 -0.01760091260075569
v 0.008486525155603886 -0.01587500050663948 -0.019259219989180565
v 0.00685447733849287 -0.01587500050663948 -0.021875737234950066
v 0.006712064612656832 -0.01587500050663948 -0.021396448835730553
v 0.00627703033387661 -0.01587500050663948 -0.021987181156873703
v 0.0062308586202561855 -0.01587500050663948 -0.02148931846022606
v 0.005688936915248632 -0.01587500050663948 -0.021983830258250237
v 0.005112797487527132 -0.01587500050663948 -0.021865811198949814
v 0.005740780849009752 -0.01587500050663948 -0.021486524492502213
v 0.005260664504021406 -0.01587500050663948 -0.02138817496597767
v 0.004808960948139429 -0.01587500050663948 -0.021198051050305367
v 0.00457075284793973 -0.01587500050663948 -0.02163766138255596
v 0.004403027705848217 -0.01587500050663948 -0.02092345617711544
v 0.004058465827256441 -0.01587500050663948 -0.020574942231178284
v 0.0040836334228515625 -0.01587500050663948 -0.02130814641714096
v 0.0036701590288430452 -0.01587500050663948 -0.02088993228971958
v 0.003788515692576766 -0.01587500050663948 -0.020165905356407166
v 0.0033462189603596926 -0.01587500050663948 -0.02039908803999424
v 0.008211484178900719 -0.01587500050663948 -0.017834093421697617
v 0.0079415338113904 -0.01587500050663948 -0.0174250565469265
v 0.008329841308295727 -0.01587500050663948 -0.01711006835103035
v 0.007916366681456566 -0.01587500050663948 -0.01669185422360897
v 0.007596971932798624 -0.01587500050663948 -0.01707654446363449
v 0.007429247256368399 -0.01587500050663948 -0.01636233925819397
v 0.006739335134625435 -0.01587500050663948 -0.016611823812127113
v 0.007191039156168699 -0.01587500050663948 -0.016801949590444565
v 0.006887202616780996 -0.01587500050663948 -0.016134189441800117
v 0.006259219255298376 -0.01587500050663948 -0.01651347614824772
v 0.006311063189059496 -0.01587500050663948 -0.016016170382499695
v 0.005722970236092806 -0.01587500050663948 -0.01601281762123108
v 0.005769141484051943 -0.01587500050663948 -0.016510682180523872
v 0.005287935025990009 -0.01587500050663948 -0.01660355180501938
v 0.005145522765815258 -0.01587500050663948 -0.016124261543154716
v 0.004834093619138002 -0.01587500050663948 -0.01678851619362831
v 0.004600912798196077 -0.01587500050663948 -0.016346218064427376
v 0.003603551769629121 -0.01587500050663948 -0.019712064415216446
v 0.003510681912302971 -0.01587500050663948 -0.019230859354138374
v 0.0030128182843327522 -0.01587500050663948 -0.01927703060209751
v 0.0035134751815348864 -0.01587500050663948 -0.018740780651569366
v 0.003611824242398143 -0.01587500050663948 -0.018260665237903595
v 0.003016170347109437 -0.01587500050663948 -0.01868893764913082
v 0.0031242622062563896 -0.01587500050663948 -0.019854476675391197
v 0.003134189173579216 -0.01587500050663948 -0.018112797290086746
v 0.004076544661074877 -0.01587500050663948 -0.017403027042746544
v 0.0044250572100281715 -0.01587500050663948 -0.017058465629816055
v 0.0041100685484707355 -0.01587500050663948 -0.01667015813291073
v 0.0036918537225574255 -0.01587500050663948 -0.017083633691072464
v 0.0033623394556343555 -0.01587500050663948 -0.017570752650499344
v 0.003801949555054307 -0.01587500050663948 -0.017808960750699043
v 0.004834093619138002 -0.016625000163912773 -0.01678851619362831
v 0.005287935025990009 -0.016625000163912773 -0.01660355180501938
v 0.005287935025990009 -0.01587500050663948 -0.01660355180501938
v 0.005769141484051943 -0.016625000163912773 -0.016510682180523872
v 0.006259219255298376 -0.016625000163912773 -0.01651347614824772
v 0.006259219255298376 -0.01587500050663948 -0.01651347614824772
v 0.005769141484051943 -0.01587500050663948 -0.016510682180523872
v 0.006739335134625435 -0.016625000163912773 -0.016611823812127113
v 0.007191039156168699 -0.016625000163912773 -0.016801949590444565
v 0.007191039156168699 -0.01587500050663948 -0.016801949590444565
v 0.007596971932798624 -0.016625000163912773 -0.01707654446363449
v 0.0079415338113904 -0.016625000163912773 -0.0174250565469265
v 0.0079415338113904 -0.01587500050663948 -0.0174250565469265
v 0.007596971932798624 -0.01587500050663948 -0.01707654446363449
v 0.006739335134625435 -0.01587500050663948 -0.016611823812127113
v 0.008211484178900719 -0.016625000163912773 -0.017834093421697617
v 0.008396448567509651 -0.016625000163912773 -0.018287938088178635
v 0.008396448567509651 -0.01587500050663948 -0.018287938088178635
v 0.008489318192005157 -0.016625000163912773 -0.018769141286611557
v 0.008486525155603886 -0.016625000163912773 -0.019259219989180565
v 0.008486525155603886 -0.01587500050663948 -0.019259219989180565
v 0.008489318192005157 -0.01587500050663948 -0.018769141286611557
v 0.008388175629079342 -0.016625000163912773 -0.019739335402846336
v 0.008198050782084465 -0.016625000163912773 -0.020191039890050888
v 0.008198050782084465 -0.01587500050663948 -0.020191039890050888
v 0.007923454977571964 -0.016625000163912773 -0.020596971735358238
v 0.007574942894279957 -0.016625000163912773 -0.020941536873579025
v 0.007923454977571964 -0.01587500050663948 -0.020596971735358238
v 0.008388175629079342 -0.01587500050663948 -0.019739335402846336
v 0.008211484178900719 -0.01587500050663948 -0.017834093421697617
v 0.004834093619138002 -0.01587500050663948 -0.01678851619362831
v 0.007574942894279957 -0.01587500050663948 -0.020941536873579025
v 0.007165906019508839 -0.016625000163912773 -0.02121148444712162
v 0.0044250572100281715 -0.01587500050663948 -0.017058465629816055
v 0.006712064612656832 -0.016625000163912773 -0.021396448835730553
v 0.007165906019508839 -0.01587500050663948 -0.02121148444712162
v 0.0062308586202561855 -0.016625000163912773 -0.02148931846022606
v 0.0062308586202561855 -0.01587500050663948 -0.02148931846022606
v 0.005740780849009752 -0.016625000163912773 -0.021486524492502213
v 0.005260664504021406 -0.016625000163912773 -0.02138817496597767
v 0.005740780849009752 -0.01587500050663948 -0.021486524492502213
v 0.004808960948139429 -0.016625000163912773 -0.021198051050305367
v 0.004403027705848217 -0.016625000163912773 -0.02092345617711544
v 0.004403027705848217 -0.01587500050663948 -0.02092345617711544
v 0.005260664504021406 -0.01587500050663948 -0.02138817496597767
v 0.004058465827256441 -0.016625000163912773 -0.020574942231178284
v 0.004058465827256441 -0.01587500050663948 -0.020574942231178284
v 0.003788515692576766 -0.016625000163912773 -0.020165905356407166
v 0.003603551769629121 -0.016625000163912773 -0.019712064415216446
v 0.003603551769629121 -0.01587500050663948 -0.019712064415216446
v 0.0035134751815348864 -0.01587500050663948 -0.018740780651569366
v 0.003510681912302971 -0.016625000163912773 -0.019230859354138374
v 0.0035134751815348864 -0.016625000163912773 -0.018740780651569366
v 0.003510681912302971 -0.01587500050663948 -0.019230859354138374
v 0.003801949555054307 -0.01587500050663948 -0.017808960750699043
v 0.003611824242398143 -0.016625000163912773 -0.018260665237903595
v 0.003801949555054307 -0.016625000163912773 -0.017808960750699043
v 0.004076544661074877 -0.016625000163912773 -0.017403027042746544
v 0.004076544661074877 -0.01587500050663948 -0.017403027042746544
v 0.003611824242398143 -0.01587500050663948 -0.018260665237903595
v 0.003788515692576766 -0.01587500050663948 -0.020165905356407166
v 0.0044250572100281715 -0.016625000163912773 -0.017058465629816055
v 0.006712064612656832 -0.01587500050663948 -0.021396448835730553
v 0.004808960948139429 -0.01587500050663948 -0.021198051050305367
v 0.0503334179520607 -0.020999999716877937 -0.023988816887140274
v 0.04699999839067459 -0.020999999716877937 -0.02199999988079071
v 0.049296099692583084 -0.020999999716877937 -0.02454327791929245
v 0.04814805090427399 -0.020999999716877937 -0.021771637722849846
v 0.0512426421046257 -0.020999999716877937 -0.023242641240358353
v 0.05198881775140762 -0.020999999716877937 -0.02233342081308365
v 0.047585271298885345 -0.020999999716877937 -0.02194235660135746
v 0.049121320247650146 -0.020999999716877937 -0.021121321246027946
v 0.048666711896657944 -0.020999999716877937 -0.021494409069418907
v 0.04699999839067459 -0.020999999716877937 -0.02500000037252903
v 0.0481705404818058 -0.020999999716877937 -0.02488471195101738
v 0.04582945629954338 -0.020999999716877937 -0.02488471195101738
v 0.044703900814056396 -0.020999999716877937 -0.02454327791929245
v 0.0525432787835598 -0.020999999716877937 -0.021296100690960884
v 0.05288471281528473 -0.020999999716877937 -0.0201705414801836
v 0.04994235560297966 -0.020999999716877937 -0.019585270434617996
v 0.049771640449762344 -0.020999999716877937 -0.020148050040006638
v 0.05299999937415123 -0.020999999716877937 -0.01899999938905239
v 0.04994235560297966 -0.020999999716877937 -0.018414728343486786
v 0.05000000074505806 -0.020999999716877937 -0.01899999938905239
v 0.049771640449762344 -0.020999999716877937 -0.017851950600743294
v 0.05299999937415123 -0.020999999716877937 -0.017000000923871994
v 0.04949440807104111 -0.020999999716877937 -0.020666711032390594
v 0.04949440807104111 -0.020999999716877937 -0.017333289608359337
v 0.04275735840201378 -0.020999999716877937 -0.023242641240358353
v 0.046414729207754135 -0.020999999716877937 -0.02194235660135746
v 0.045851949602365494 -0.020999999716877937 -0.021771637722849846
v 0.04366657882928848 -0.020999999716877937 -0.023988816887140274
v 0.04201117902994156 -0.020999999716877937 -0.02233342081308365
v 0.04533328860998154 -0.020999999716877937 -0.021494409069418907
v 0.044878680258989334 -0.020999999716877937 -0.021121321246027946
v 0.04145672172307968 -0.020999999716877937 -0.021296100690960884
v 0.04450559243559837 -0.020999999716877937 -0.020666711032390594
v 0.04111528769135475 -0.020999999716877937 -0.0201705414801836
v 0.044228360056877136 -0.020999999716877937 -0.020148050040006638
v 0.04405764490365982 -0.020999999716877937 -0.019585270434617996
v 0.04100000113248825 -0.020999999716877937 -0.01899999938905239
v 0.04405764490365982 -0.020999999716877937 -0.018414728343486786
v 0.04100000113248825 -0.020999999716877937 -0.017999999225139618
v 0.044228360056877136 -0.020999999716877937 -0.017851950600743294
v 0.04399999976158142 -0.020999999716877937 -0.01899999938905239
v 0.04450559243559837 -0.020999999716877937 -0.017333289608359337
v 0.05539599061012268 -0.020999999716877937 -0.010998917743563652
v 0.05991663783788681 -0.020999999716877937 -0.015860771760344505
v 0.06119284778833389 -0.020999999716877937 -0.01500808633863926
v 0.056676506996154785 -0.020999999716877937 -0.010859612375497818
v 0.06230820342898369 -0.020999999716877937 -0.013953683897852898
v 0.06323119252920151 -0.020999999716877937 -0.01272735744714737
v 0.057878945022821426 -0.020999999716877937 -0.010397796519100666
v 0.05550000071525574 -0.020999999716877937 -0.017000000923871994
v 0.05702942609786987 -0.020999999716877937 -0.016870999708771706
v 0.05851563438773155 -0.020999999716877937 -0.016487646847963333
v 0.06393572688102722 -0.020999999716877937 -0.011363757774233818
v 0.059740860015153885 -0.020999999716877937 -0.008648602291941643
v 0.06440191715955734 -0.020999999716877937 -0.009901412762701511
v 0.06461657583713531 -0.020999999716877937 -0.00838164146989584
v 0.06457363814115524 -0.020999999716877937 -0.006847386714071035
v 0.06427432596683502 -0.020999999716877937 -0.005341998301446438
v 0.06049567461013794 -0.020999999716877937 -0.006207973230630159
v 0.06027677282691002 -0.020999999716877937 -0.007477308623492718
v 0.05892350524663925 -0.020999999716877937 -0.009644120931625366
v 0.04814805090427399 -0.020999999716877937 -0.016228361055254936
v 0.054122377187013626 -0.020999999716877937 -0.010806470178067684
v 0.049121320247650146 -0.020999999716877937 -0.016878679394721985
v 0.048666711896657944 -0.020999999716877937 -0.016505591571331024
v 0.047585271298885345 -0.020999999716877937 -0.01605764403939247
v 0.04533328860998154 -0.020999999716877937 -0.016505591571331024
v 0.044878680258989334 -0.020999999716877937 -0.016878679394721985
v 0.03470710664987564 -0.020999999716877937 -0.01120710652321577
v 0.045851949602365494 -0.020999999716877937 -0.016228361055254936
v 0.046414729207754135 -0.020999999716877937 -0.01605764403939247
v 0.03438268229365349 -0.020999999716877937 -0.01142387930303812
v 0.05192788317799568 -0.020999999716877937 -0.009498568251729012
v 0.052940189838409424 -0.020999999716877937 -0.010295039974153042
v 0.05066591128706932 -0.020999999716877937 -0.007277342025190592
v 0.05050000175833702 -0.020999999716877937 -0.006000000052154064
v 0.048500001430511475 -0.020999999716877937 -0.005499999970197678
v 0.03500000014901161 -0.020999999716877937 -0.010499999858438969
v 0.05115264281630516 -0.020999999716877937 -0.00846991315484047
v 0.03492388129234314 -0.020999999716877937 -0.010117316618561745
v 0.04699999839067459 -0.020999999716877937 -0.01600000075995922
v 0.03492388129234314 -0.020999999716877937 -0.010882683098316193
v 0.03470710664987564 -0.020999999716877937 -0.009792893193662167
v 0.05050000175833702 -0.020999999716877937 -0.005499999970197678
v 0.06038303300738335 -0.020999999716877937 -0.004924835171550512
v 0.006585271097719669 -0.020999999716877937 -0.02194235660135746
v 0.007913417182862759 -0.020999999716877937 -0.0236193984746933
v 0.008777851238846779 -0.020999999716877937 -0.023157348856329918
v 0.007666710764169693 -0.020999999716877937 -0.021494409069418907
v 0.009535534307360649 -0.020999999716877937 -0.02253553457558155
v 0.010157347656786442 -0.020999999716877937 -0.02177785150706768
v 0.00812132004648447 -0.020999999716877937 -0.021121321246027946
v 0.010619397275149822 -0.020999999716877937 -0.020913416519761086
v 0.006000000052154064 -0.020999999716877937 -0.02199999988079071
v 0.006000000052154064 -0.020999999716877937 -0.024000000208616257
v 0.006975451484322548 -0.020999999716877937 -0.023903926834464073
v 0.007148050237447023 -0.020999999716877937 -0.021771637722849846
v 0.008771637454628944 -0.020999999716877937 -0.020148050040006638
v 0.010903926566243172 -0.020999999716877937 -0.01997545175254345
v 0.008942355401813984 -0.020999999716877937 -0.018414728343486786
v 0.008999999612569809 -0.020999999716877937 -0.01899999938905239
v 0.010999999940395355 -0.020999999716877937 -0.01899999938905239
v 0.008942355401813984 -0.020999999716877937 -0.019585270434617996
v 0.010999999940395355 -0.020999999716877937 -0.017999999225139618
v 0.008494408801198006 -0.020999999716877937 -0.020666711032390594
v 0.008771637454628944 -0.020999999716877937 -0.017851950600743294
v 0.008494408801198006 -0.020999999716877937 -0.017333289608359337
v 0.00408658292144537 -0.020999999716877937 -0.0236193984746933
v 0.0050245486199855804 -0.020999999716877937 -0.023903926834464073
v 0.002464466029778123 -0.020999999716877937 -0.02253553457558155
v 0.005414729006588459 -0.020999999716877937 -0.02194235660135746
v 0.004851949866861105 -0.020999999716877937 -0.021771637722849846
v 0.004333289340138435 -0.020999999716877937 -0.021494409069418907
v 0.0032221488654613495 -0.020999999716877937 -0.023157348856329918
v 0.0018426519818603992 -0.020999999716877937 -0.02177785150706768
v 0.0038786795921623707 -0.020999999716877937 -0.021121321246027946
v 0.0013806023634970188 -0.020999999716877937 -0.020913416519761086
v 0.003505591070279479 -0.020999999716877937 -0.020666711032390594
v 0.003228361252695322 -0.020999999716877937 -0.020148050040006638
v 0.003057644236832857 -0.020999999716877937 -0.018414728343486786
v 0.003228361252695322 -0.020999999716877937 -0.017851950600743294
v 0.0010000000474974513 -0.020999999716877937 -0.017500000074505806
v 0.003057644236832857 -0.020999999716877937 -0.019585270434617996
v 0.0010960736544802785 -0.020999999716877937 -0.01997545175254345
v 0.0010000000474974513 -0.020999999716877937 -0.01899999938905239
v 0.003000000026077032 -0.020999999716877937 -0.01899999938905239
v 0.003505591070279479 -0.020999999716877937 -0.017333289608359337
v 0.03361731767654419 -0.020999999716877937 -0.01142387930303812
v 0.015382683835923672 -0.020999999716877937 -0.01142387930303812
v 0.03329289332032204 -0.020999999716877937 -0.01120710652321577
v 0.0159238800406456 -0.020999999716877937 -0.010882683098316193
v 0.01570710726082325 -0.020999999716877937 -0.01120710652321577
v 0.03307611867785454 -0.020999999716877937 -0.010882683098316193
v 0.032999999821186066 -0.020999999716877937 -0.010499999858438969
v 0.01600000075995922 -0.020999999716877937 -0.010499999858438969
v 0.03307611867785454 -0.020999999716877937 -0.010117316618561745
v 0.040414728224277496 -0.020999999716877937 -0.002942355815321207
v 0.03400000184774399 -0.020999999716877937 -0.009499999694526196
v 0.03438268229365349 -0.020999999716877937 -0.009576120413839817
v 0.029617317020893097 -0.020999999716877937 -0.003423879621550441
v 0.03329289332032204 -0.020999999716877937 -0.009792893193662167
v 0.03361731767654419 -0.020999999716877937 -0.009576120413839817
v 0.0159238800406456 -0.020999999716877937 -0.010117316618561745
v 0.01570710726082325 -0.020999999716877937 -0.009792893193662167
v 0.015382683835923672 -0.020999999716877937 -0.009576120413839817
v 0.01138268318027258 -0.020999999716877937 -0.003423879621550441
v 0.014999999664723873 -0.020999999716877937 -0.009499999694526196
v 0.00812132004648447 -0.020999999716877937 -0.016878679394721985
v 0.007148050237447023 -0.020999999716877937 -0.016228361055254936
v 0.007666710764169693 -0.020999999716877937 -0.016505591571331024
v 0.014999999664723873 -0.020999999716877937 -0.011500000022351742
v 0.006585271097719669 -0.020999999716877937 -0.01605764403939247
v 0.01461731642484665 -0.020999999716877937 -0.01142387930303812
v 0.0038786795921623707 -0.020999999716877937 -0.016878679394721985
v -0.0065846736542880535 -0.020999999716877937 -0.0035905528347939253
v 0.004851949866861105 -0.020999999716877937 -0.016228361055254936
v 0.005414729006588459 -0.020999999716877937 -0.01605764403939247
v 0.004333289340138435 -0.020999999716877937 -0.016505591571331024
v 0.014292892999947071 -0.020999999716877937 -0.01120710652321577
v 0.01461731642484665 -0.020999999716877937 -0.009576120413839817
v 0.010999999940395355 -0.020999999716877937 -0.0035000001080334187
v 0.006000000052154064 -0.020999999716877937 -0.01600000075995922
v 0.014076120220124722 -0.020999999716877937 -0.010882683098316193
v 0.014000000432133675 -0.020999999716877937 -0.010499999858438969
v 0.014076120220124722 -0.020999999716877937 -0.010117316618561745
v -1.9734214964161317e-17 -0.020999999716877937 -0.003000000026077032
v 0.014292892999947071 -0.020999999716877937 -0.009792893193662167
v 0.029999999329447746 -0.020999999716877937 -0.0035000001080334187
v 0.03400000184774399 -0.020999999716877937 -0.011500000022351742
v 0.010617316700518131 -0.020999999716877937 -0.003423879621550441
v 0.04100000113248825 -0.020999999716877937 -0.003000000026077032
v 0.06372708827257156 -0.020999999716877937 -0.00390801252797246
v 0.05994633212685585 -0.020999999716877937 -0.003713051090016961
v 0.06294739991426468 -0.020999999716877937 -0.002585946349427104
v 0.05921454727649689 -0.020999999716877937 -0.0026530406903475523
v 0.058236245065927505 -0.020999999716877937 -0.0018151518888771534
v 0.06195727363228798 -0.020999999716877937 -0.0014131554635241628
v 0.04214804992079735 -0.020999999716877937 -0.0027716385666280985
v 0.04158527031540871 -0.020999999716877937 -0.002942355815321207
v 0.04312131926417351 -0.020999999716877937 -0.00212132022716105
v 0.042666710913181305 -0.020999999716877937 -0.0024944087490439415
v 0.048500001430511475 -0.020999999716877937 1.2431386406149133e-17
v 0.04349440708756447 -0.020999999716877937 -0.0016667107120156288
v 0.06078470125794411 -0.020999999716877937 -0.0004227776371408254
v 0.057899557054042816 -0.020999999716877937 -0.001490436028689146
v 0.05768211930990219 -0.020999999716877937 -0.000597521138843149
v 0.057705797255039215 -0.020999999716877937 -0.0010646858718246222
v 0.05783182755112648 -0.020999999716877937 -0.00015436089597642422
v 0.05946280434727669 -0.020999999716877937 0.0003572037676349282
v 0.043771639466285706 -0.020999999716877937 -0.001148050301708281
v 0.04394235461950302 -0.020999999716877937 -0.0005852709873579443
v 0.04399999976158142 -0.020999999716877937 9.981049129918e-18
v 0.030382683500647545 -0.020999999716877937 -0.003423879621550441
v 0.03099999949336052 -0.020999999716877937 -0.0024999999441206455
v 0.030923878774046898 -0.020999999716877937 -0.002882683416828513
v 0.0388786755502224 -0.020999999716877937 -0.00212132022716105
v 0.039851948618888855 -0.020999999716877937 -0.0027716385666280985
v 0.0393332876265049 -0.020999999716877937 -0.0024944087490439415
v 0.03070710599422455 -0.020999999716877937 -0.0032071068417280912
v 0.011707106605172157 -0.020999999716877937 -0.0032071068417280912
v 0.029292892664670944 -0.020999999716877937 -0.0032071068417280912
v 0.038505591452121735 -0.020999999716877937 -0.0016667107120156288
v 0.038228362798690796 -0.020999999716877937 -0.001148050301708281
v 0.03805764392018318 -0.020999999716877937 -0.0005852709873579443
v 0.03070710599422455 -0.020999999716877937 -0.0017928931629285216
v 0.030923878774046898 -0.020999999716877937 -0.002117316471412778
v 0.03805764392018318 -0.020999999716877937 0.0005852709873579443
v 0.029999999329447746 -0.020999999716877937 -0.001500000013038516
v 0.030382683500647545 -0.020999999716877937 -0.001576120499521494
v 0.027067163959145546 -0.020999999716877937 0.0028506505768746138
v 0.029617317020893097 -0.020999999716877937 -0.001576120499521494
v 0.03799999877810478 -0.020999999716877937 7.081325306402122e-18
v 0.05901084467768669 -0.020999999716877937 0.0004777770082000643
v 0.05854620784521103 -0.020999999716877937 0.0004237670509610325
v 0.05813395977020264 -0.020999999716877937 0.00020273715199436992
v 0.04394235461950302 -0.020999999716877937 0.0005852709873579443
v 0.04843707010149956 -0.020999999716877937 0.0009695300250314176
v 0.043771639466285706 -0.020999999716877937 0.001148050301708281
v 0.04824933782219887 -0.020999999716877937 0.0019227900775149465
v 0.04349440708756447 -0.020999999716877937 0.0016667107120156288
v 0.04793994873762131 -0.020999999716877937 0.002843783237040043
v 0.042666710913181305 -0.020999999716877937 0.0024944087490439415
v 0.04751409962773323 -0.020999999716877937 0.0037170539144426584
v 0.04697893559932709 -0.020999999716877937 0.00452794786542654
v 0.04214804992079735 -0.020999999716877937 0.0027716385666280985
v 0.04158527031540871 -0.020999999716877937 0.002942355815321207
v 0.04634343832731247 -0.020999999716877937 0.005262856371700764
v 0.04312131926417351 -0.020999999716877937 0.00212132022716105
v 0.037382353097200394 -0.020999999716877937 0.006569827441126108
v 0.04481560364365578 -0.020999999716877937 0.006456870585680008
v 0.04394890367984772 -0.020999999716877937 0.0068959384225308895
v 0.045618269592523575 -0.020999999716877937 0.005909447558224201
v 0.04100000113248825 -0.020999999716877937 0.003000000026077032
v 0.03826199471950531 -0.020999999716877937 0.006982357706874609
v 0.04303271695971489 -0.020999999716877937 0.00721928384155035
v 0.0388786755502224 -0.020999999716877937 0.00212132022716105
v 0.0393332876265049 -0.020999999716877937 0.0024944087490439415
v 0.03340104967355728 -0.020999999716877937 0.00469345785677433
v 0.039851948618888855 -0.020999999716877937 0.0027716385666280985
v 0.02921574003994465 -0.020999999716877937 0.0033315890468657017
v 0.038505591452121735 -0.020999999716877937 0.0016667107120156288
v 0.038652095943689346 -0.020999999716877937 0.0018674420425668359
v 0.03132982552051544 -0.020999999716877937 0.003946669399738312
v 0.038228362798690796 -0.020999999716877937 0.001148050301708281
v 0.040414728224277496 -0.020999999716877937 0.002942355815321207
v 0.042082421481609344 -0.020999999716877937 0.007421480026096106
v 0.0411139577627182 -0.020999999716877937 0.0074991341680288315
v 0.040143582969903946 -0.020999999716877937 0.0074509428814053535
v 0.03918758034706116 -0.020999999716877937 0.007277715019881725
v 0.0354212261736393 -0.020999999716877937 0.005568998400121927
v 0.029076119884848595 -0.020999999716877937 -0.002882683416828513
v 0.028999999165534973 -0.020999999716877937 -0.0024999999441206455
v 0.011923879384994507 -0.020999999716877937 -0.002882683416828513
v 0.0005852709873579443 -0.020999999716877937 -0.002942355815321207
v 0.010076120495796204 -0.020999999716877937 -0.002882683416828513
v 0.009999999776482582 -0.020999999716877937 -0.0024999999441206455
v 0.00212132022716105 -0.020999999716877937 -0.00212132022716105
v 0.010292893275618553 -0.020999999716877937 -0.0032071068417280912
v 0.0016667107120156288 -0.020999999716877937 -0.0024944087490439415
v 0.001148050301708281 -0.020999999716877937 -0.0027716385666280985
v 0.012000000104308128 -0.020999999716877937 -0.0024999999441206455
v 0.029076119884848595 -0.020999999716877937 -0.002117316471412778
v 0.011923879384994507 -0.020999999716877937 -0.002117316471412778
v 0.011707106605172157 -0.020999999716877937 -0.0017928931629285216
v 0.018299344927072525 -0.020999999716877937 0.00229827337898314
v 0.020500000566244125 -0.020999999716877937 0.002229020930826664
v 0.01138268318027258 -0.020999999716877937 -0.001576120499521494
v 0.010076120495796204 -0.020999999716877937 -0.002117316471412778
v 0.010292893275618553 -0.020999999716877937 -0.0017928931629285216
v 0.0027716385666280985 -0.020999999716877937 -0.001148050301708281
v 0.01393283624202013 -0.020999999716877937 0.0028506505768746138
v 0.010999999940395355 -0.020999999716877937 -0.001500000013038516
v 0.003000000026077032 -0.020999999716877937 -4.730445331892221e-18
v 0.010617316700518131 -0.020999999716877937 -0.001576120499521494
v 0.002942355815321207 -0.020999999716877937 0.0005852709873579443
v 0.002942355815321207 -0.020999999716877937 -0.0005852709873579443
v 0.0024944087490439415 -0.020999999716877937 -0.0016667107120156288
v -0.0005852709873579443 -0.020999999716877937 -0.002942355815321207
v -0.001148050301708281 -0.020999999716877937 -0.0027716385666280985
v -0.0016667107120156288 -0.020999999716877937 -0.0024944087490439415
v -0.00212132022716105 -0.020999999716877937 -0.00212132022716105
v -0.007074690889567137 -0.020999999716877937 -0.0024897290859371424
v -0.0024944087490439415 -0.020999999716877937 -0.0016667107120156288
v -0.007382094860076904 -0.020999999716877937 -0.0013246404705569148
v -0.0027716385666280985 -0.020999999716877937 -0.001148050301708281
v -0.002942355815321207 -0.020999999716877937 -0.0005852709873579443
v -0.007498952094465494 -0.020999999716877937 -0.00012535999121610075
v -0.003000000026077032 -0.020999999716877937 -7.712397112150465e-18
v 0.022700654342770576 -0.020999999716877937 0.00229827337898314
v 0.029292892664670944 -0.020999999716877937 -0.0017928931629285216
v 0.01610739901661873 -0.020999999716877937 0.002505756914615631
v 0.011784261092543602 -0.020999999716877937 0.0033315890468657017
v 0.0027716385666280985 -0.020999999716877937 0.001148050301708281
v 0.009670176543295383 -0.020999999716877937 0.003946669399738312
v 0.00212132022716105 -0.020999999716877937 0.00212132022716105
v 0.0024944087490439415 -0.020999999716877937 0.0016667107120156288
v 0.007598948664963245 -0.020999999716877937 0.00469345785677433
v 0.0016667107120156288 -0.020999999716877937 0.0024944087490439415
v 0.024892600253224373 -0.020999999716877937 0.002505756914615631
v 0.005578774027526379 -0.020999999716877937 0.005568998400121927
v 0.001148050301708281 -0.020999999716877937 0.0027716385666280985
v -0.0033408235758543015 -0.020999999716877937 0.006714826915413141
v 0.0036176471039652824 -0.020999999716877937 0.006569827441126108
v 0.0025188513100147247 -0.020999999716877937 0.007064374629408121
v 0.0005852709873579443 -0.020999999716877937 0.002942355815321207
v 0.001355038839392364 -0.020999999716877937 0.007376575842499733
v -0.0022223799023777246 -0.020999999716877937 0.007163171656429768
v -0.0024944087490439415 -0.020999999716877937 0.0016667107120156288
v -0.00212132022716105 -0.020999999716877937 0.00212132022716105
v -0.0071539562195539474 -0.020999999716877937 0.002251868834719062
v -0.0067010074853897095 -0.020999999716877937 0.0033684561494737864
v -0.0016667107120156288 -0.020999999716877937 0.0024944087490439415
v -0.002942355815321207 -0.020999999716877937 0.0005852709873579443
v -0.007422246038913727 -0.020999999716877937 0.0010771562810987234
v -0.0027716385666280985 -0.020999999716877937 0.001148050301708281
v -0.001148050301708281 -0.020999999716877937 0.0027716385666280985
v -2.2266542382708706e-17 -0.020999999716877937 0.003000000026077032
v -0.0005852709873579443 -0.020999999716877937 0.002942355815321207
v -0.00529236625880003 -0.020999999716877937 0.005314212758094072
v -0.0010465721134096384 -0.020999999716877937 0.007426619995385408
v -0.00607509259134531 -0.020999999716877937 0.004398096352815628
v -0.004373033531010151 -0.020999999716877937 0.006093158386647701
v 0.00015624990919604897 -0.020999999716877937 0.007498372346162796
v 0.05550000071525574 -0.017000000923871994 -0.017000000923871994
v 0.05702942609786987 -0.017000000923871994 -0.016870999708771706
v 0.05702942609786987 -0.020999999716877937 -0.016870999708771706
v 0.05851563438773155 -0.017000000923871994 -0.016487646847963333
v 0.05991663783788681 -0.017000000923871994 -0.015860771760344505
v 0.05991663783788681 -0.020999999716877937 -0.015860771760344505
v 0.05851563438773155 -0.020999999716877937 -0.016487646847963333
v 0.06119284778833389 -0.017000000923871994 -0.01500808633863926
v 0.06230820342898369 -0.017000000923871994 -0.013953683897852898
v 0.06230820342898369 -0.020999999716877937 -0.013953683897852898
v 0.06323119252920151 -0.017000000923871994 -0.01272735744714737
v 0.06393572688102722 -0.017000000923871994 -0.011363757774233818
v 0.06393572688102722 -0.020999999716877937 -0.011363757774233818
v 0.06323119252920151 -0.020999999716877937 -0.01272735744714737
v 0.06119284778833389 -0.020999999716877937 -0.01500808633863926
v 0.05550000071525574 -0.020999999716877937 -0.017000000923871994
v 0.06440191715955734 -0.020999999716877937 -0.009901412762701511
v 0.06440191715955734 -0.017000000923871994 -0.009901412762701511
v 0.06461657583713531 -0.017000000923871994 -0.00838164146989584
v 0.06457363814115524 -0.017000000923871994 -0.006847386714071035
v 0.06457363814115524 -0.020999999716877937 -0.006847386714071035
v 0.06427432596683502 -0.017000000923871994 -0.005341998301446438
v 0.06372708827257156 -0.017000000923871994 -0.00390801252797246
v 0.06372708827257156 -0.020999999716877937 -0.00390801252797246
v 0.06427432596683502 -0.020999999716877937 -0.005341998301446438
v 0.06195727363228798 -0.017000000923871994 -0.0014131554635241628
v 0.06078470125794411 -0.017000000923871994 -0.0004227776371408254
v 0.06195727363228798 -0.020999999716877937 -0.0014131554635241628
v 0.05946280434727669 -0.017000000923871994 0.0003572037676349282
v 0.06078470125794411 -0.020999999716877937 -0.0004227776371408254
v 0.06294739991426468 -0.017000000923871994 -0.002585946349427104
v 0.06294739991426468 -0.020999999716877937 -0.002585946349427104
v 0.06461657583713531 -0.020999999716877937 -0.00838164146989584
v 0.05946280434727669 -0.020999999716877937 0.0003572037676349282
v 0.05550000071525574 -0.020999999716877937 -0.017000000923871994
v 0.05299999937415123 -0.020999999716877937 -0.017000000923871994
v 0.05299999937415123 -0.017000000923871994 -0.017000000923871994
v 0.05550000071525574 -0.017000000923871994 -0.017000000923871994
v 0.05299999937415123 -0.017000000923871994 -0.017000000923871994
v 0.05299999937415123 -0.020999999716877937 -0.01899999938905239
v 0.05299999937415123 -0.017000000923871994 -0.01899999938905239
v 0.05299999937415123 -0.020999999716877937 -0.017000000923871994
v 0.04111528769135475 -0.020999999716877937 -0.0201705414801836
v 0.04100000113248825 -0.017000000923871994 -0.01899999938905239
v 0.04111528769135475 -0.017000000923871994 -0.0201705414801836
v 0.04201117902994156 -0.020999999716877937 -0.02233342081308365
v 0.04145672172307968 -0.017000000923871994 -0.021296100690960884
v 0.04201117902994156 -0.017000000923871994 -0.02233342081308365
v 0.04145672172307968 -0.020999999716877937 -0.021296100690960884
v 0.04582945629954338 -0.017000000923871994 -0.02488471195101738
v 0.04699999839067459 -0.017000000923871994 -0.02500000037252903
v 0.04699999839067459 -0.020999999716877937 -0.02500000037252903
v 0.04275735840201378 -0.017000000923871994 -0.023242641240358353
v 0.04275735840201378 -0.020999999716877937 -0.023242641240358353
v 0.04366657882928848 -0.017000000923871994 -0.023988816887140274
v 0.04100000113248825 -0.020999999716877937 -0.01899999938905239
v 0.04366657882928848 -0.020999999716877937 -0.023988816887140274
v 0.044703900814056396 -0.017000000923871994 -0.02454327791929245
v 0.044703900814056396 -0.020999999716877937 -0.02454327791929245
v 0.04582945629954338 -0.020999999716877937 -0.02488471195101738
v 0.0481705404818058 -0.020999999716877937 -0.02488471195101738
v 0.0481705404818058 -0.017000000923871994 -0.02488471195101738
v 0.049296099692583084 -0.017000000923871994 -0.02454327791929245
v 0.0503334179520607 -0.017000000923871994 -0.023988816887140274
v 0.049296099692583084 -0.020999999716877937 -0.02454327791929245
v 0.0512426421046257 -0.017000000923871994 -0.023242641240358353
v 0.0503334179520607 -0.020999999716877937 -0.023988816887140274
v 0.05288471281528473 -0.020999999716877937 -0.0201705414801836
v 0.0525432787835598 -0.017000000923871994 -0.021296100690960884
v 0.05288471281528473 -0.017000000923871994 -0.0201705414801836
v 0.0525432787835598 -0.020999999716877937 -0.021296100690960884
v 0.05198881775140762 -0.017000000923871994 -0.02233342081308365
v 0.05299999937415123 -0.017000000923871994 -0.01899999938905239
v 0.05299999937415123 -0.020999999716877937 -0.01899999938905239
v 0.05198881775140762 -0.020999999716877937 -0.02233342081308365
v 0.0512426421046257 -0.020999999716877937 -0.023242641240358353
v 0.04100000113248825 -0.017000000923871994 -0.01899999938905239
v 0.04100000113248825 -0.020999999716877937 -0.017999999225139618
v 0.04100000113248825 -0.017000000923871994 -0.017999999225139618
v 0.04100000113248825 -0.020999999716877937 -0.01899999938905239
v 0.04100000113248825 -0.017000000923871994 -0.017999999225139618
v 0.010999999940395355 -0.020999999716877937 -0.017999999225139618
v 0.010999999940395355 -0.017000000923871994 -0.017999999225139618
v 0.04100000113248825 -0.020999999716877937 -0.017999999225139618
v 0.010999999940395355 -0.020999999716877937 -0.017999999225139618
v 0.010999999940395355 -0.020999999716877937 -0.01899999938905239
v 0.010999999940395355 -0.017000000923871994 -0.01899999938905239
v 0.010999999940395355 -0.017000000923871994 -0.017999999225139618
v 0.0010000000474974513 -0.017000000923871994 -0.01899999938905239
v 0.0010960736544802785 -0.017000000923871994 -0.01997545175254345
v 0.0010000000474974513 -0.020999999716877937 -0.01899999938905239
v 0.0013806023634970188 -0.017000000923871994 -0.020913416519761086
v 0.0018426519818603992 -0.017000000923871994 -0.02177785150706768
v 0.0013806023634970188 -0.020999999716877937 -0.020913416519761086
v 0.0010960736544802785 -0.020999999716877937 -0.01997545175254345
v 0.0050245486199855804 -0.017000000923871994 -0.023903926834464073
v 0.006000000052154064 -0.017000000923871994 -0.024000000208616257
v 0.0050245486199855804 -0.020999999716877937 -0.023903926834464073
v 0.00408658292144537 -0.017000000923871994 -0.0236193984746933
v 0.00408658292144537 -0.020999999716877937 -0.0236193984746933
v 0.002464466029778123 -0.017000000923871994 -0.02253553457558155
v 0.0018426519818603992 -0.020999999716877937 -0.02177785150706768
v 0.002464466029778123 -0.020999999716877937 -0.02253553457558155
v 0.0032221488654613495 -0.017000000923871994 -0.023157348856329918
v 0.0032221488654613495 -0.020999999716877937 -0.023157348856329918
v 0.006000000052154064 -0.020999999716877937 -0.024000000208616257
v 0.006975451484322548 -0.020999999716877937 -0.023903926834464073
v 0.006975451484322548 -0.017000000923871994 -0.023903926834464073
v 0.007913417182862759 -0.017000000923871994 -0.0236193984746933
v 0.008777851238846779 -0.017000000923871994 -0.023157348856329918
v 0.007913417182862759 -0.020999999716877937 -0.0236193984746933
v 0.009535534307360649 -0.017000000923871994 -0.02253553457558155
v 0.008777851238846779 -0.020999999716877937 -0.023157348856329918
v 0.010903926566243172 -0.020999999716877937 -0.01997545175254345
v 0.010619397275149822 -0.017000000923871994 -0.020913416519761086
v 0.010903926566243172 -0.017000000923871994 -0.01997545175254345
v 0.010619397275149822 -0.020999999716877937 -0.020913416519761086
v 0.010157347656786442 -0.017000000923871994 -0.02177785150706768
v 0.010999999940395355 -0.017000000923871994 -0.01899999938905239
v 0.010999999940395355 -0.020999999716877937 -0.01899999938905239
v 0.009535534307360649 -0.020999999716877937 -0.02253553457558155
v 0.010157347656786442 -0.020999999716877937 -0.02177785150706768
v 0.0010000000474974513 -0.017000000923871994 -0.01899999938905239
v 0.0010000000474974513 -0.020999999716877937 -0.017500000074505806
v 0.0010000000474974513 -0.017000000923871994 -0.017500000074505806
v 0.0010000000474974513 -0.020999999716877937 -0.01899999938905239
v 0.0010000000474974513 -0.017000000923871994 -0.017500000074505806
v -0.0065846736542880535 -0.020999999716877937 -0.0035905528347939253
v -0.0065846736542880535 -0.017000000923871994 -0.0035905528347939253
v 0.0010000000474974513 -0.020999999716877937 -0.017500000074505806
v -2.06866786979304e-17 -0.017000000923871994 0.007499999832361937
v -0.0010465721134096384 -0.017000000923871994 0.007426619995385408
v -0.0010465721134096384 -0.020999999716877937 0.007426619995385408
v -0.0022223799023777246 -0.017000000923871994 0.007163171656429768
v -0.0033408235758543015 -0.017000000923871994 0.006714826915413141
v -0.0033408235758543015 -0.020999999716877937 0.006714826915413141
v -0.0022223799023777246 -0.020999999716877937 0.007163171656429768
v -0.004373033531010151 -0.017000000923871994 0.006093158386647701
v -0.00529236625880003 -0.017000000923871994 0.005314212758094072
v -0.00529236625880003 -0.020999999716877937 0.005314212758094072
v -0.00607509259134531 -0.017000000923871994 0.004398096352815628
v -0.0067010074853897095 -0.017000000923871994 0.0033684561494737864
v -0.0067010074853897095 -0.020999999716877937 0.0033684561494737864
v -0.0071539562195539474 -0.017000000923871994 0.002251868834719062
v -0.0071539562195539474 -0.020999999716877937 0.002251868834719062
v -0.00607509259134531 -0.020999999716877937 0.004398096352815628
v -0.004373033531010151 -0.020999999716877937 0.006093158386647701
v -2.2685080883409512e-17 -0.020999999716877937 0.007499999832361937
v -0.007422246038913727 -0.017000000923871994 0.0010771562810987234
v 0.00015624990919604897 -0.020999999716877937 0.007498372346162796
v -0.007498952094465494 -0.017000000923871994 -0.00012535999121610075
v -0.007422246038913727 -0.020999999716877937 0.0010771562810987234
v -0.007382094860076904 -0.017000000923871994 -0.0013246404705569148
v -0.007074690889567137 -0.017000000923871994 -0.0024897290859371424
v -0.007382094860076904 -0.020999999716877937 -0.0013246404705569148
v -0.007498952094465494 -0.020999999716877937 -0.00012535999121610075
v 0.0025188513100147247 -0.017000000923871994 0.007064374629408121
v 0.001355038839392364 -0.017000000923871994 0.007376575842499733
v 0.001355038839392364 -0.020999999716877937 0.007376575842499733
v 0.00015624990919604897 -0.017000000923871994 0.007498372346162796
v 0.0036176471039652824 -0.020999999716877937 0.006569827441126108
v 0.0036176471039652824 -0.017000000923871994 0.006569827441126108
v -0.007074690889567137 -0.020999999716877937 -0.0024897290859371424
v 0.0025188513100147247 -0.020999999716877937 0.007064374629408121
v 0.005578774027526379 -0.017000000923871994 0.005568998400121927
v 0.009670176543295383 -0.020999999716877937 0.003946669399738312
v 0.009670176543295383 -0.017000000923871994 0.003946669399738312
v 0.007598948664963245 -0.017000000923871994 0.00469345785677433
v 0.007598948664963245 -0.020999999716877937 0.00469345785677433
v 0.01393283624202013 -0.020999999716877937 0.0028506505768746138
v 0.01393283624202013 -0.017000000923871994 0.0028506505768746138
v 0.011784261092543602 -0.017000000923871994 0.0033315890468657017
v 0.018299344927072525 -0.020999999716877937 0.00229827337898314
v 0.018299344927072525 -0.017000000923871994 0.00229827337898314
v 0.01610739901661873 -0.017000000923871994 0.002505756914615631
v 0.01610739901661873 -0.020999999716877937 0.002505756914615631
v 0.011784261092543602 -0.020999999716877937 0.0033315890468657017
v 0.005578774027526379 -0.020999999716877937 0.005568998400121927
v 0.020500000566244125 -0.020999999716877937 0.002229020930826664
v 0.020500000566244125 -0.017000000923871994 0.002229020930826664
v 0.022700654342770576 -0.020999999716877937 0.00229827337898314
v 0.022700654342770576 -0.017000000923871994 0.00229827337898314
v 0.027067163959145546 -0.020999999716877937 0.0028506505768746138
v 0.027067163959145546 -0.017000000923871994 0.0028506505768746138
v 0.024892600253224373 -0.017000000923871994 0.002505756914615631
v 0.024892600253224373 -0.020999999716877937 0.002505756914615631
v 0.03132982552051544 -0.020999999716877937 0.003946669399738312
v 0.03132982552051544 -0.017000000923871994 0.003946669399738312
v 0.02921574003994465 -0.017000000923871994 0.0033315890468657017
v 0.0354212261736393 -0.020999999716877937 0.005568998400121927
v 0.0354212261736393 -0.017000000923871994 0.005568998400121927
v 0.03340104967355728 -0.017000000923871994 0.00469345785677433
v 0.03340104967355728 -0.020999999716877937 0.00469345785677433
v 0.02921574003994465 -0.020999999716877937 0.0033315890468657017
v 0.037382353097200394 -0.020999999716877937 0.006569827441126108
v 0.037382353097200394 -0.017000000923871994 0.006569827441126108
v 0.04100000113248825 -0.017000000923871994 0.007499999832361937
v 0.040143582969903946 -0.017000000923871994 0.0074509428814053535
v 0.04100000113248825 -0.020999999716877937 0.007499999832361937
v 0.03918758034706116 -0.017000000923871994 0.007277715019881725
v 0.03826199471950531 -0.017000000923871994 0.006982357706874609
v 0.03918758034706116 -0.020999999716877937 0.007277715019881725
v 0.040143582969903946 -0.020999999716877937 0.0074509428814053535
v 0.04843707010149956 -0.017000000923871994 0.0009695300250314176
v 0.04824933782219887 -0.017000000923871994 0.0019227900775149465
v 0.04843707010149956 -0.020999999716877937 0.0009695300250314176
v 0.04793994873762131 -0.017000000923871994 0.002843783237040043
v 0.04824933782219887 -0.020999999716877937 0.0019227900775149465
v 0.048500001430511475 -0.017000000923871994 1.5102860492978967e-17
v 0.048500001430511475 -0.020999999716877937 1.2431386406149133e-17
v 0.03826199471950531 -0.020999999716877937 0.006982357706874609
v 0.04793994873762131 -0.020999999716877937 0.002843783237040043
v 0.04751409962773323 -0.017000000923871994 0.0037170539144426584
v 0.0411139577627182 -0.017000000923871994 0.0074991341680288315
v 0.04751409962773323 -0.020999999716877937 0.0037170539144426584
v 0.04697893559932709 -0.017000000923871994 0.00452794786542654
v 0.04634343832731247 -0.020999999716877937 0.005262856371700764
v 0.04634343832731247 -0.017000000923871994 0.005262856371700764
v 0.045618269592523575 -0.017000000923871994 0.005909447558224201
v 0.04697893559932709 -0.020999999716877937 0.00452794786542654
v 0.04481560364365578 -0.017000000923871994 0.006456870585680008
v 0.04394890367984772 -0.017000000923871994 0.0068959384225308895
v 0.04394890367984772 -0.020999999716877937 0.0068959384225308895
v 0.042082421481609344 -0.017000000923871994 0.007421480026096106
v 0.042082421481609344 -0.020999999716877937 0.007421480026096106
v 0.04303271695971489 -0.017000000923871994 0.00721928384155035
v 0.04303271695971489 -0.020999999716877937 0.00721928384155035
v 0.0411139577627182 -0.020999999716877937 0.0074991341680288315
v 0.045618269592523575 -0.020999999716877937 0.005909447558224201
v 0.04481560364365578 -0.020999999716877937 0.006456870585680008
v 0.048500001430511475 -0.020999999716877937 1.2431386406149133e-17
v 0.048500001430511475 -0.020999999716877937 -0.005499999970197678
v 0.048500001430511475 -0.017000000923871994 -0.005499999970197678
v 0.048500001430511475 -0.017000000923871994 1.5102860492978967e-17
v 0.05050000175833702 -0.020999999716877937 -0.005499999970197678
v 0.05050000175833702 -0.017000000923871994 -0.005499999970197678
v 0.048500001430511475 -0.017000000923871994 -0.005499999970197678
v 0.048500001430511475 -0.020999999716877937 -0.005499999970197678
v 0.05050000175833702 -0.020999999716877937 -0.005499999970197678
v 0.05050000175833702 -0.020999999716877937 -0.006000000052154064
v 0.05050000175833702 -0.017000000923871994 -0.006000000052154064
v 0.05050000175833702 -0.017000000923871994 -0.005499999970197678
v 0.05066591128706932 -0.020999999716877937 -0.007277342025190592
v 0.05066591128706932 -0.017000000923871994 -0.007277342025190592
v 0.05050000175833702 -0.017000000923871994 -0.006000000052154064
v 0.05192788317799568 -0.020999999716877937 -0.009498568251729012
v 0.05192788317799568 -0.017000000923871994 -0.009498568251729012
v 0.05115264281630516 -0.017000000923871994 -0.00846991315484047
v 0.05115264281630516 -0.020999999716877937 -0.00846991315484047
v 0.052940189838409424 -0.020999999716877937 -0.010295039974153042
v 0.054122377187013626 -0.017000000923871994 -0.010806470178067684
v 0.052940189838409424 -0.017000000923871994 -0.010295039974153042
v 0.056676506996154785 -0.020999999716877937 -0.010859612375497818
v 0.056676506996154785 -0.017000000923871994 -0.010859612375497818
v 0.05539599061012268 -0.017000000923871994 -0.010998917743563652
v 0.05539599061012268 -0.020999999716877937 -0.010998917743563652
v 0.05050000175833702 -0.020999999716877937 -0.006000000052154064
v 0.054122377187013626 -0.020999999716877937 -0.010806470178067684
v 0.057878945022821426 -0.020999999716877937 -0.010397796519100666
v 0.057878945022821426 -0.017000000923871994 -0.010397796519100666
v 0.05892350524663925 -0.020999999716877937 -0.009644120931625366
v 0.05892350524663925 -0.017000000923871994 -0.009644120931625366
v 0.06027677282691002 -0.020999999716877937 -0.007477308623492718
v 0.06027677282691002 -0.017000000923871994 -0.007477308623492718
v 0.059740860015153885 -0.017000000923871994 -0.008648602291941643
v 0.059740860015153885 -0.020999999716877937 -0.008648602291941643
v 0.06038303300738335 -0.020999999716877937 -0.004924835171550512
v 0.06038303300738335 -0.017000000923871994 -0.004924835171550512
v 0.06049567461013794 -0.017000000923871994 -0.006207973230630159
v 0.05921454727649689 -0.020999999716877937 -0.0026530406903475523
v 0.05921454727649689 -0.017000000923871994 -0.0026530406903475523
v 0.05994633212685585 -0.017000000923871994 -0.003713051090016961
v 0.05994633212685585 -0.020999999716877937 -0.003713051090016961
v 0.06049567461013794 -0.020999999716877937 -0.006207973230630159
v 0.058236245065927505 -0.020999999716877937 -0.0018151518888771534
v 0.058236245065927505 -0.017000000923871994 -0.0018151518888771534
v 0.05892030894756317 -0.017000000923871994 0.0004810600948985666
v 0.05854620784521103 -0.017000000923871994 0.0004237670509610325
v 0.05854620784521103 -0.020999999716877937 0.0004237670509610325
v 0.05813395977020264 -0.017000000923871994 0.00020273715199436992
v 0.05783182755112648 -0.017000000923871994 -0.00015436089597642422
v 0.05783182755112648 -0.020999999716877937 -0.00015436089597642422
v 0.05768211930990219 -0.017000000923871994 -0.000597521138843149
v 0.05813395977020264 -0.020999999716877937 0.00020273715199436992
v 0.05892030894756317 -0.020999999716877937 0.0004810600948985666
v 0.05768211930990219 -0.020999999716877937 -0.000597521138843149
v 0.057705797255039215 -0.017000000923871994 -0.0010646858718246222
v 0.05901084467768669 -0.020999999716877937 0.0004777770082000643
v 0.057899557054042816 -0.017000000923871994 -0.001490436028689146
v 0.057705797255039215 -0.020999999716877937 -0.0010646858718246222
v 0.05901084467768669 -0.017000000923871994 0.0004777770082000643
v 0.057899557054042816 -0.020999999716877937 -0.001490436028689146
v 0.029617317020893097 -0.020999999716877937 -0.001576120499521494
v 0.029617317020893097 -0.017000000923871994 -0.001576120499521494
v 0.029999999329447746 -0.017000000923871994 -0.001500000013038516
v 0.029292892664670944 -0.020999999716877937 -0.0017928931629285216
v 0.029076119884848595 -0.017000000923871994 -0.002117316471412778
v 0.029292892664670944 -0.017000000923871994 -0.0017928931629285216
v 0.028999999165534973 -0.020999999716877937 -0.0024999999441206455
v 0.029076119884848595 -0.017000000923871994 -0.002882683416828513
v 0.028999999165534973 -0.017000000923871994 -0.0024999999441206455
v 0.029292892664670944 -0.020999999716877937 -0.0032071068417280912
v 0.029617317020893097 -0.017000000923871994 -0.003423879621550441
v 0.029292892664670944 -0.017000000923871994 -0.0032071068417280912
v 0.029076119884848595 -0.020999999716877937 -0.002882683416828513
v 0.029076119884848595 -0.020999999716877937 -0.002117316471412778
v 0.029999999329447746 -0.020999999716877937 -0.001500000013038516
v 0.029617317020893097 -0.020999999716877937 -0.003423879621550441
v 0.029999999329447746 -0.017000000923871994 -0.0035000001080334187
v 0.030382683500647545 -0.017000000923871994 -0.001576120499521494
v 0.029999999329447746 -0.020999999716877937 -0.0035000001080334187
v 0.030382683500647545 -0.017000000923871994 -0.003423879621550441
v 0.030923878774046898 -0.020999999716877937 -0.002882683416828513
v 0.030923878774046898 -0.017000000923871994 -0.002882683416828513
v 0.03070710599422455 -0.017000000923871994 -0.0032071068417280912
v 0.030382683500647545 -0.020999999716877937 -0.003423879621550441
v 0.030923878774046898 -0.020999999716877937 -0.002117316471412778
v 0.030923878774046898 -0.017000000923871994 -0.002117316471412778
v 0.03099999949336052 -0.017000000923871994 -0.0024999999441206455
v 0.030382683500647545 -0.020999999716877937 -0.001576120499521494
v 0.03070710599422455 -0.017000000923871994 -0.0017928931629285216
v 0.03070710599422455 -0.020999999716877937 -0.0017928931629285216
v 0.03099999949336052 -0.020999999716877937 -0.0024999999441206455
v 0.03070710599422455 -0.020999999716877937 -0.0032071068417280912
v 0.010617316700518131 -0.017000000923871994 -0.001576120499521494
v 0.010999999940395355 -0.017000000923871994 -0.001500000013038516
v 0.010617316700518131 -0.020999999716877937 -0.001576120499521494
v 0.010292893275618553 -0.020999999716877937 -0.0017928931629285216
v 0.010076120495796204 -0.017000000923871994 -0.002117316471412778
v 0.010292893275618553 -0.017000000923871994 -0.0017928931629285216
v 0.010076120495796204 -0.020999999716877937 -0.002882683416828513
v 0.010292893275618553 -0.017000000923871994 -0.0032071068417280912
v 0.010076120495796204 -0.017000000923871994 -0.002882683416828513
v 0.010292893275618553 -0.020999999716877937 -0.0032071068417280912
v 0.010617316700518131 -0.017000000923871994 -0.003423879621550441
v 0.009999999776482582 -0.020999999716877937 -0.0024999999441206455
v 0.009999999776482582 -0.017000000923871994 -0.0024999999441206455
v 0.010076120495796204 -0.020999999716877937 -0.002117316471412778
v 0.010999999940395355 -0.020999999716877937 -0.001500000013038516
v 0.010617316700518131 -0.020999999716877937 -0.003423879621550441
v 0.010999999940395355 -0.017000000923871994 -0.0035000001080334187
v 0.01138268318027258 -0.017000000923871994 -0.001576120499521494
v 0.010999999940395355 -0.020999999716877937 -0.0035000001080334187
v 0.01138268318027258 -0.017000000923871994 -0.003423879621550441
v 0.011923879384994507 -0.020999999716877937 -0.002882683416828513
v 0.011923879384994507 -0.017000000923871994 -0.002882683416828513
v 0.011707106605172157 -0.017000000923871994 -0.0032071068417280912
v 0.01138268318027258 -0.020999999716877937 -0.003423879621550441
v 0.011923879384994507 -0.020999999716877937 -0.002117316471412778
v 0.011923879384994507 -0.017000000923871994 -0.002117316471412778
v 0.012000000104308128 -0.017000000923871994 -0.0024999999441206455
v 0.01138268318027258 -0.020999999716877937 -0.001576120499521494
v 0.011707106605172157 -0.017000000923871994 -0.0017928931629285216
v 0.011707106605172157 -0.020999999716877937 -0.0017928931629285216
v 0.012000000104308128 -0.020999999716877937 -0.0024999999441206455
v 0.011707106605172157 -0.020999999716877937 -0.0032071068417280912
v 0.01461731642484665 -0.020999999716877937 -0.009576120413839817
v 0.01461731642484665 -0.013000000268220901 -0.009576120413839817
v 0.014999999664723873 -0.013000000268220901 -0.009499999694526196
v 0.014292892999947071 -0.020999999716877937 -0.009792893193662167
v 0.014076120220124722 -0.013000000268220901 -0.010117316618561745
v 0.014292892999947071 -0.013000000268220901 -0.009792893193662167
v 0.014076120220124722 -0.020999999716877937 -0.010117316618561745
v 0.014000000432133675 -0.013000000268220901 -0.010499999858438969
v 0.014292892999947071 -0.020999999716877937 -0.01120710652321577
v 0.01461731642484665 -0.013000000268220901 -0.01142387930303812
v 0.014292892999947071 -0.013000000268220901 -0.01120710652321577
v 0.014076120220124722 -0.020999999716877937 -0.010882683098316193
v 0.014076120220124722 -0.013000000268220901 -0.010882683098316193
v 0.014000000432133675 -0.020999999716877937 -0.010499999858438969
v 0.014999999664723873 -0.020999999716877937 -0.009499999694526196
v 0.01461731642484665 -0.020999999716877937 -0.01142387930303812
v 0.014999999664723873 -0.013000000268220901 -0.011500000022351742
v 0.015382683835923672 -0.013000000268220901 -0.009576120413839817
v 0.015382683835923672 -0.013000000268220901 -0.01142387930303812
v 0.014999999664723873 -0.020999999716877937 -0.011500000022351742
v 0.0159238800406456 -0.013000000268220901 -0.010882683098316193
v 0.01570710726082325 -0.013000000268220901 -0.01120710652321577
v 0.0159238800406456 -0.020999999716877937 -0.010882683098316193
v 0.015382683835923672 -0.020999999716877937 -0.01142387930303812
v 0.0159238800406456 -0.020999999716877937 -0.010117316618561745
v 0.0159238800406456 -0.013000000268220901 -0.010117316618561745
v 0.01600000075995922 -0.013000000268220901 -0.010499999858438969
v 0.01570710726082325 -0.013000000268220901 -0.009792893193662167
v 0.015382683835923672 -0.020999999716877937 -0.009576120413839817
v 0.01570710726082325 -0.020999999716877937 -0.009792893193662167
v 0.01600000075995922 -0.020999999716877937 -0.010499999858438969
v 0.01570710726082325 -0.020999999716877937 -0.01120710652321577
v 0.03361731767654419 -0.020999999716877937 -0.009576120413839817
v 0.03361731767654419 -0.013000000268220901 -0.009576120413839817
v 0.03400000184774399 -0.013000000268220901 -0.009499999694526196
v 0.03307611867785454 -0.020999999716877937 -0.010117316618561745
v 0.03307611867785454 -0.013000000268220901 -0.010117316618561745
v 0.03329289332032204 -0.013000000268220901 -0.009792893193662167
v 0.03329289332032204 -0.020999999716877937 -0.009792893193662167
v 0.032999999821186066 -0.013000000268220901 -0.010499999858438969
v 0.03329289332032204 -0.020999999716877937 -0.01120710652321577
v 0.03361731767654419 -0.013000000268220901 -0.01142387930303812
v 0.03329289332032204 -0.013000000268220901 -0.01120710652321577
v 0.03307611867785454 -0.020999999716877937 -0.010882683098316193
v 0.03307611867785454 -0.013000000268220901 -0.010882683098316193
v 0.032999999821186066 -0.020999999716877937 -0.010499999858438969
v 0.03400000184774399 -0.020999999716877937 -0.009499999694526196
v 0.03361731767654419 -0.020999999716877937 -0.01142387930303812
v 0.03400000184774399 -0.013000000268220901 -0.011500000022351742
v 0.03438268229365349 -0.013000000268220901 -0.009576120413839817
v 0.03438268229365349 -0.013000000268220901 -0.01142387930303812
v 0.03400000184774399 -0.020999999716877937 -0.011500000022351742
v 0.03492388129234314 -0.013000000268220901 -0.010882683098316193
v 0.03470710664987564 -0.013000000268220901 -0.01120710652321577
v 0.03470710664987564 -0.020999999716877937 -0.01120710652321577
v 0.03438268229365349 -0.020999999716877937 -0.01142387930303812
v 0.03492388129234314 -0.020999999716877937 -0.010117316618561745
v 0.03492388129234314 -0.013000000268220901 -0.010117316618561745
v 0.03500000014901161 -0.013000000268220901 -0.010499999858438969
v 0.03470710664987564 -0.013000000268220901 -0.009792893193662167
v 0.03438268229365349 -0.020999999716877937 -0.009576120413839817
v 0.03470710664987564 -0.020999999716877937 -0.009792893193662167
v 0.03500000014901161 -0.020999999716877937 -0.010499999858438969
v 0.03492388129234314 -0.020999999716877937 -0.010882683098316193
v 0.03500000014901161 -0.013000000268220901 -0.010499999858438969
v 0.03492388129234314 -0.013000000268220901 -0.010117316618561745
v 0.03470710664987564 -0.013000000268220901 -0.009792893193662167
v 0.03438268229365349 -0.013000000268220901 -0.009576120413839817
v 0.03400000184774399 -0.013000000268220901 -0.009499999694526196
v 0.03492388129234314 -0.013000000268220901 -0.010882683098316193
v 0.03470710664987564 -0.013000000268220901 -0.01120710652321577
v 0.03361731767654419 -0.013000000268220901 -0.01142387930303812
v 0.03438268229365349 -0.013000000268220901 -0.01142387930303812
v 0.03329289332032204 -0.013000000268220901 -0.01120710652321577
v 0.032999999821186066 -0.013000000268220901 -0.010499999858438969
v 0.03329289332032204 -0.013000000268220901 -0.009792893193662167
v 0.03307611867785454 -0.013000000268220901 -0.010117316618561745
v 0.03400000184774399 -0.013000000268220901 -0.011500000022351742
v 0.03307611867785454 -0.013000000268220901 -0.010882683098316193
v 0.03361731767654419 -0.013000000268220901 -0.009576120413839817
v 0.0159238800406456 -0.013000000268220901 -0.010117316618561745
v 0.01570710726082325 -0.013000000268220901 -0.009792893193662167
v 0.014999999664723873 -0.013000000268220901 -0.009499999694526196
v 0.015382683835923672 -0.013000000268220901 -0.009576120413839817
v 0.01600000075995922 -0.013000000268220901 -0.010499999858438969
v 0.0159238800406456 -0.013000000268220901 -0.010882683098316193
v 0.015382683835923672 -0.013000000268220901 -0.01142387930303812
v 0.01570710726082325 -0.013000000268220901 -0.01120710652321577
v 0.014076120220124722 -0.013000000268220901 -0.010882683098316193
v 0.014076120220124722 -0.013000000268220901 -0.010117316618561745
v 0.014292892999947071 -0.013000000268220901 -0.009792893193662167
v 0.014000000432133675 -0.013000000268220901 -0.010499999858438969
v 0.01461731642484665 -0.013000000268220901 -0.01142387930303812
v 0.014999999664723873 -0.013000000268220901 -0.011500000022351742
v 0.014292892999947071 -0.013000000268220901 -0.01120710652321577
v 0.01461731642484665 -0.013000000268220901 -0.009576120413839817
v 0.04605674743652344 0.017000000923871994 -0.02288719452917576
v 0.04683322831988335 0.017000000923871994 -0.02299652248620987
v 0.04621963948011398 -0.017000000923871994 -0.022923141717910767
v 0.04761611297726631 0.017000000923871994 -0.022952266037464142
v 0.04699999839067459 -0.017000000923871994 -0.023000000044703484
v 0.04837532341480255 0.017000000923871994 -0.022756125777959824
v 0.04908168315887451 0.017000000923871994 -0.022415641695261
v 0.048530735075473785 -0.017000000923871994 -0.022695519030094147
v 0.05023033171892166 0.017000000923871994 -0.021359015256166458
v 0.050628483295440674 0.017000000923871994 -0.02068348042666912
v 0.05032587796449661 -0.017000000923871994 -0.021222280338406563
v 0.04922227934002876 -0.017000000923871994 -0.022325878962874413
v 0.049708042293787 0.017000000923871994 -0.021943895146250725
v 0.0498284287750721 -0.017000000923871994 -0.02182842791080475
v 0.0477803610265255 -0.017000000923871994 -0.022923141717910767
v 0.05095226690173149 0.017000000923871994 -0.01838388666510582
v 0.05075612664222717 0.017000000923871994 -0.01762467622756958
v 0.050923142582178116 -0.017000000923871994 -0.018219638615846634
v 0.0498284287750721 -0.017000000923871994 -0.016171572729945183
v 0.049943894147872925 0.017000000923871994 -0.016291959211230278
v 0.04935901612043381 0.017000000923871994 -0.01576966792345047
v 0.050695519894361496 -0.017000000923871994 -0.017469266429543495
v 0.05041564255952835 0.017000000923871994 -0.01691831834614277
v 0.05088719353079796 0.017000000923871994 -0.019943252205848694
v 0.05099652335047722 0.017000000923871994 -0.019166773185133934
v 0.050923142582178116 -0.017000000923871994 -0.019780362024903297
v 0.04868348315358162 0.017000000923871994 -0.015371516346931458
v 0.04922227934002876 -0.017000000923871994 -0.01567412167787552
v 0.05032587796449661 -0.017000000923871994 -0.01677771843969822
v 0.050999999046325684 -0.017000000923871994 -0.01899999938905239
v 0.050695519894361496 -0.017000000923871994 -0.020530734211206436
v 0.04605674743652344 -0.017000000923871994 -0.02288719452917576
v 0.048530735075473785 -0.017000000923871994 -0.015304481610655785
v 0.045469265431165695 -0.017000000923871994 -0.022695519030094147
v 0.04794325307011604 0.017000000923871994 -0.015112806111574173
v 0.047166772186756134 0.017000000923871994 -0.015003478154540062
v 0.0477803610265255 -0.017000000923871994 -0.015076858922839165
v 0.044171568006277084 -0.017000000923871994 -0.016171572729945183
v 0.04429195821285248 0.017000000923871994 -0.016056105494499207
v 0.04376966878771782 0.017000000923871994 -0.016640983521938324
v 0.04638388752937317 0.017000000923871994 -0.01504773460328579
v 0.04562467709183693 0.017000000923871994 -0.015243873931467533
v 0.04621963948011398 -0.017000000923871994 -0.015076858922839165
v 0.04491831734776497 0.017000000923871994 -0.01558435894548893
v 0.04477771744132042 -0.017000000923871994 -0.01567412167787552
v 0.045469265431165695 -0.017000000923871994 -0.015304481610655785
v 0.04367412254214287 -0.017000000923871994 -0.01677771843969822
v 0.04337151721119881 0.017000000923871994 -0.01731651835143566
v 0.04699999839067459 -0.017000000923871994 -0.014999999664723873
v 0.043076857924461365 -0.017000000923871994 -0.018219638615846634
v 0.04311280697584152 0.017000000923871994 -0.018056748434901237
v 0.04300347715616226 0.017000000923871994 -0.018833225592970848
v 0.04304773360490799 0.017000000923871994 -0.01961611397564411
v 0.0430000014603138 -0.017000000923871994 -0.01899999938905239
v 0.043304480612277985 -0.017000000923871994 -0.017469266429543495
v 0.04358435794711113 0.017000000923871994 -0.021081682294607162
v 0.044056106358766556 0.017000000923871994 -0.021708041429519653
v 0.04367412254214287 -0.017000000923871994 -0.021222280338406563
v 0.04464098438620567 0.017000000923871994 -0.02223033271729946
v 0.04531651735305786 0.017000000923871994 -0.022628482431173325
v 0.04477771744132042 -0.017000000923871994 -0.022325878962874413
v 0.044171568006277084 -0.017000000923871994 -0.02182842791080475
v 0.04324387386441231 0.017000000923871994 -0.02037532441318035
v 0.043304480612277985 -0.017000000923871994 -0.020530734211206436
v 0.043076857924461365 -0.017000000923871994 -0.019780362024903297
v 0.032999999821186066 0.020999999716877937 -0.010499999858438969
v 0.03307611867785454 0.013000000268220901 -0.010117316618561745
v 0.032999999821186066 0.013000000268220901 -0.010499999858438969
v 0.03329289332032204 0.020999999716877937 -0.009792893193662167
v 0.03361731767654419 0.013000000268220901 -0.009576120413839817
v 0.03329289332032204 0.013000000268220901 -0.009792893193662167
v 0.03307611867785454 0.020999999716877937 -0.010117316618561745
v 0.03400000184774399 0.020999999716877937 -0.009499999694526196
v 0.03438268229365349 0.013000000268220901 -0.009576120413839817
v 0.03400000184774399 0.013000000268220901 -0.009499999694526196
v 0.03470710664987564 0.020999999716877937 -0.009792893193662167
v 0.03492388129234314 0.013000000268220901 -0.010117316618561745
v 0.03470710664987564 0.013000000268220901 -0.009792893193662167
v 0.03438268229365349 0.020999999716877937 -0.009576120413839817
v 0.03361731767654419 0.020999999716877937 -0.009576120413839817
v 0.03492388129234314 0.020999999716877937 -0.010117316618561745
v 0.03500000014901161 0.013000000268220901 -0.010499999858438969
v 0.03307611867785454 0.013000000268220901 -0.010882683098316193
v 0.03500000014901161 0.020999999716877937 -0.010499999858438969
v 0.03492388129234314 0.013000000268220901 -0.010882683098316193
v 0.03438268229365349 0.020999999716877937 -0.01142387930303812
v 0.03438268229365349 0.013000000268220901 -0.01142387930303812
v 0.03470710664987564 0.013000000268220901 -0.01120710652321577
v 0.03470710664987564 0.020999999716877937 -0.01120710652321577
v 0.03361731767654419 0.020999999716877937 -0.01142387930303812
v 0.03361731767654419 0.013000000268220901 -0.01142387930303812
v 0.03400000184774399 0.013000000268220901 -0.011500000022351742
v 0.03307611867785454 0.020999999716877937 -0.010882683098316193
v 0.03329289332032204 0.013000000268220901 -0.01120710652321577
v 0.03329289332032204 0.020999999716877937 -0.01120710652321577
v 0.03400000184774399 0.020999999716877937 -0.011500000022351742
v 0.03492388129234314 0.020999999716877937 -0.010882683098316193
v 0.03500000014901161 0.013000000268220901 -0.010499999858438969
v 0.03492388129234314 0.013000000268220901 -0.010882683098316193
v 0.03470710664987564 0.013000000268220901 -0.01120710652321577
v 0.03470710664987564 0.013000000268220901 -0.009792893193662167
v 0.03329289332032204 0.013000000268220901 -0.01120710652321577
v 0.03492388129234314 0.013000000268220901 -0.010117316618561745
v 0.03400000184774399 0.013000000268220901 -0.009499999694526196
v 0.03438268229365349 0.013000000268220901 -0.009576120413839817
v 0.03329289332032204 0.013000000268220901 -0.009792893193662167
v 0.03438268229365349 0.013000000268220901 -0.01142387930303812
v 0.03361731767654419 0.013000000268220901 -0.01142387930303812
v 0.032999999821186066 0.013000000268220901 -0.010499999858438969
v 0.03307611867785454 0.013000000268220901 -0.010882683098316193
v 0.03361731767654419 0.013000000268220901 -0.009576120413839817
v 0.03307611867785454 0.013000000268220901 -0.010117316618561745
v 0.03400000184774399 0.013000000268220901 -0.011500000022351742
v 0.014076120220124722 0.013000000268220901 -0.010117316618561745
v 0.014000000432133675 0.013000000268220901 -0.010499999858438969
v 0.014076120220124722 0.020999999716877937 -0.010117316618561745
v 0.01461731642484665 0.013000000268220901 -0.009576120413839817
v 0.014292892999947071 0.013000000268220901 -0.009792893193662167
v 0.014292892999947071 0.020999999716877937 -0.009792893193662167
v 0.015382683835923672 0.013000000268220901 -0.009576120413839817
v 0.014999999664723873 0.013000000268220901 -0.009499999694526196
v 0.014999999664723873 0.020999999716877937 -0.009499999694526196
v 0.01570710726082325 0.020999999716877937 -0.009792893193662167
v 0.0159238800406456 0.013000000268220901 -0.010117316618561745
v 0.01570710726082325 0.013000000268220901 -0.009792893193662167
v 0.01461731642484665 0.020999999716877937 -0.009576120413839817
v 0.015382683835923672 0.020999999716877937 -0.009576120413839817
v 0.014000000432133675 0.020999999716877937 -0.010499999858438969
v 0.0159238800406456 0.020999999716877937 -0.010117316618561745
v 0.01600000075995922 0.013000000268220901 -0.010499999858438969
v 0.014076120220124722 0.013000000268220901 -0.010882683098316193
v 0.01570710726082325 0.020999999716877937 -0.01120710652321577
v 0.01570710726082325 0.013000000268220901 -0.01120710652321577
v 0.0159238800406456 0.013000000268220901 -0.010882683098316193
v 0.015382683835923672 0.020999999716877937 -0.01142387930303812
v 0.015382683835923672 0.013000000268220901 -0.01142387930303812
v 0.01600000075995922 0.020999999716877937 -0.010499999858438969
v 0.014999999664723873 0.013000000268220901 -0.011500000022351742
v 0.014999999664723873 0.020999999716877937 -0.011500000022351742
v 0.014292892999947071 0.013000000268220901 -0.01120710652321577
v 0.01461731642484665 0.013000000268220901 -0.01142387930303812
v 0.014292892999947071 0.020999999716877937 -0.01120710652321577
v 0.01461731642484665 0.020999999716877937 -0.01142387930303812
v 0.014076120220124722 0.020999999716877937 -0.010882683098316193
v 0.0159238800406456 0.020999999716877937 -0.010882683098316193
v 0.01600000075995922 0.013000000268220901 -0.010499999858438969
v 0.0159238800406456 0.013000000268220901 -0.010882683098316193
v 0.015382683835923672 0.013000000268220901 -0.01142387930303812
v 0.01570710726082325 0.013000000268220901 -0.01120710652321577
v 0.015382683835923672 0.013000000268220901 -0.009576120413839817
v 0.01570710726082325 0.013000000268220901 -0.009792893193662167
v 0.0159238800406456 0.013000000268220901 -0.010117316618561745
v 0.014292892999947071 0.013000000268220901 -0.009792893193662167
v 0.014999999664723873 0.013000000268220901 -0.009499999694526196
v 0.014999999664723873 0.013000000268220901 -0.011500000022351742
v 0.01461731642484665 0.013000000268220901 -0.01142387930303812
v 0.014292892999947071 0.013000000268220901 -0.01120710652321577
v 0.014000000432133675 0.013000000268220901 -0.010499999858438969
v 0.014076120220124722 0.013000000268220901 -0.010882683098316193
v 0.01461731642484665 0.013000000268220901 -0.009576120413839817
v 0.014076120220124722 0.013000000268220901 -0.010117316618561745
v 0.049296099692583084 0.020999999716877937 -0.02454327791929245
v 0.04699999839067459 0.020999999716877937 -0.02199999988079071
v 0.0503334179520607 0.020999999716877937 -0.023988816887140274
v 0.05198881775140762 0.020999999716877937 -0.02233342081308365
v 0.0512426421046257 0.020999999716877937 -0.023242641240358353
v 0.04814805090427399 0.020999999716877937 -0.021771637722849846
v 0.047585271298885345 0.020999999716877937 -0.02194235660135746
v 0.048666711896657944 0.020999999716877937 -0.021494409069418907
v 0.049121320247650146 0.020999999716877937 -0.021121321246027946
v 0.04582945629954338 0.020999999716877937 -0.02488471195101738
v 0.0481705404818058 0.020999999716877937 -0.02488471195101738
v 0.04699999839067459 0.020999999716877937 -0.02500000037252903
v 0.044703900814056396 0.020999999716877937 -0.02454327791929245
v 0.0525432787835598 0.020999999716877937 -0.021296100690960884
v 0.049771640449762344 0.020999999716877937 -0.020148050040006638
v 0.04994235560297966 0.020999999716877937 -0.019585270434617996
v 0.05288471281528473 0.020999999716877937 -0.0201705414801836
v 0.05299999937415123 0.020999999716877937 -0.01899999938905239
v 0.05000000074505806 0.020999999716877937 -0.01899999938905239
v 0.04994235560297966 0.020999999716877937 -0.018414728343486786
v 0.05299999937415123 0.020999999716877937 -0.017000000923871994
v 0.049771640449762344 0.020999999716877937 -0.017851950600743294
v 0.04949440807104111 0.020999999716877937 -0.020666711032390594
v 0.04949440807104111 0.020999999716877937 -0.017333289608359337
v 0.045851949602365494 0.020999999716877937 -0.021771637722849846
v 0.046414729207754135 0.020999999716877937 -0.02194235660135746
v 0.04275735840201378 0.020999999716877937 -0.023242641240358353
v 0.04366657882928848 0.020999999716877937 -0.023988816887140274
v 0.04533328860998154 0.020999999716877937 -0.021494409069418907
v 0.04201117902994156 0.020999999716877937 -0.02233342081308365
v 0.04145672172307968 0.020999999716877937 -0.021296100690960884
v 0.044878680258989334 0.020999999716877937 -0.021121321246027946
v 0.04111528769135475 0.020999999716877937 -0.0201705414801836
v 0.04450559243559837 0.020999999716877937 -0.020666711032390594
v 0.04405764490365982 0.020999999716877937 -0.019585270434617996
v 0.044228360056877136 0.020999999716877937 -0.020148050040006638
v 0.04100000113248825 0.020999999716877937 -0.01899999938905239
v 0.04100000113248825 0.020999999716877937 -0.017999999225139618
v 0.04405764490365982 0.020999999716877937 -0.018414728343486786
v 0.044228360056877136 0.020999999716877937 -0.017851950600743294
v 0.04399999976158142 0.020999999716877937 -0.01899999938905239
v 0.04450559243559837 0.020999999716877937 -0.017333289608359337
v 0.06119284778833389 0.020999999716877937 -0.01500808633863926
v 0.05991663783788681 0.020999999716877937 -0.015860771760344505
v 0.05539599061012268 0.020999999716877937 -0.010998917743563652
v 0.06323119252920151 0.020999999716877937 -0.01272735744714737
v 0.06230820342898369 0.020999999716877937 -0.013953683897852898
v 0.056676506996154785 0.020999999716877937 -0.010859612375497818
v 0.057878945022821426 0.020999999716877937 -0.010397796519100666
v 0.05851563438773155 0.020999999716877937 -0.016487646847963333
v 0.05702942609786987 0.020999999716877937 -0.016870999708771706
v 0.05550000071525574 0.020999999716877937 -0.017000000923871994
v 0.06393572688102722 0.020999999716877937 -0.011363757774233818
v 0.06461657583713531 0.020999999716877937 -0.00838164146989584
v 0.06440191715955734 0.020999999716877937 -0.009901412762701511
v 0.059740860015153885 0.020999999716877937 -0.008648602291941643
v 0.06049567461013794 0.020999999716877937 -0.006207973230630159
v 0.06427432596683502 0.020999999716877937 -0.005341998301446438
v 0.06457363814115524 0.020999999716877937 -0.006847386714071035
v 0.06027677282691002 0.020999999716877937 -0.007477308623492718
v 0.05892350524663925 0.020999999716877937 -0.009644120931625366
v 0.054122377187013626 0.020999999716877937 -0.010806470178067684
v 0.04814805090427399 0.020999999716877937 -0.016228361055254936
v 0.048666711896657944 0.020999999716877937 -0.016505591571331024
v 0.049121320247650146 0.020999999716877937 -0.016878679394721985
v 0.047585271298885345 0.020999999716877937 -0.01605764403939247
v 0.044878680258989334 0.020999999716877937 -0.016878679394721985
v 0.04533328860998154 0.020999999716877937 -0.016505591571331024
v 0.046414729207754135 0.020999999716877937 -0.01605764403939247
v 0.045851949602365494 0.020999999716877937 -0.016228361055254936
v 0.03470710664987564 0.020999999716877937 -0.01120710652321577
v 0.03438268229365349 0.020999999716877937 -0.01142387930303812
v 0.052940189838409424 0.020999999716877937 -0.010295039974153042
v 0.05192788317799568 0.020999999716877937 -0.009498568251729012
v 0.048500001430511475 0.020999999716877937 -0.005499999970197678
v 0.05050000175833702 0.020999999716877937 -0.006000000052154064
v 0.05066591128706932 0.020999999716877937 -0.007277342025190592
v 0.03492388129234314 0.020999999716877937 -0.010117316618561745
v 0.05115264281630516 0.020999999716877937 -0.00846991315484047
v 0.03500000014901161 0.020999999716877937 -0.010499999858438969
v 0.04699999839067459 0.020999999716877937 -0.01600000075995922
v 0.03492388129234314 0.020999999716877937 -0.010882683098316193
v 0.03470710664987564 0.020999999716877937 -0.009792893193662167
v 0.05050000175833702 0.020999999716877937 -0.005499999970197678
v 0.06038303300738335 0.020999999716877937 -0.004924835171550512
v 0.008777851238846779 0.020999999716877937 -0.023157348856329918
v 0.007913417182862759 0.020999999716877937 -0.0236193984746933
v 0.006585271097719669 0.020999999716877937 -0.02194235660135746
v 0.010157347656786442 0.020999999716877937 -0.02177785150706768
v 0.009535534307360649 0.020999999716877937 -0.02253553457558155
v 0.007666710764169693 0.020999999716877937 -0.021494409069418907
v 0.010619397275149822 0.020999999716877937 -0.020913416519761086
v 0.00812132004648447 0.020999999716877937 -0.021121321246027946
v 0.006975451484322548 0.020999999716877937 -0.023903926834464073
v 0.006000000052154064 0.020999999716877937 -0.024000000208616257
v 0.006000000052154064 0.020999999716877937 -0.02199999988079071
v 0.007148050237447023 0.020999999716877937 -0.021771637722849846
v 0.010903926566243172 0.020999999716877937 -0.01997545175254345
v 0.008771637454628944 0.020999999716877937 -0.020148050040006638
v 0.010999999940395355 0.020999999716877937 -0.01899999938905239
v 0.008999999612569809 0.020999999716877937 -0.01899999938905239
v 0.008942355401813984 0.020999999716877937 -0.018414728343486786
v 0.008942355401813984 0.020999999716877937 -0.019585270434617996
v 0.010999999940395355 0.020999999716877937 -0.017999999225139618
v 0.008494408801198006 0.020999999716877937 -0.020666711032390594
v 0.008771637454628944 0.020999999716877937 -0.017851950600743294
v 0.008494408801198006 0.020999999716877937 -0.017333289608359337
v 0.0050245486199855804 0.020999999716877937 -0.023903926834464073
v 0.00408658292144537 0.020999999716877937 -0.0236193984746933
v 0.004851949866861105 0.020999999716877937 -0.021771637722849846
v 0.005414729006588459 0.020999999716877937 -0.02194235660135746
v 0.002464466029778123 0.020999999716877937 -0.02253553457558155
v 0.004333289340138435 0.020999999716877937 -0.021494409069418907
v 0.0032221488654613495 0.020999999716877937 -0.023157348856329918
v 0.0018426519818603992 0.020999999716877937 -0.02177785150706768
v 0.0013806023634970188 0.020999999716877937 -0.020913416519761086
v 0.0038786795921623707 0.020999999716877937 -0.021121321246027946
v 0.003228361252695322 0.020999999716877937 -0.020148050040006638
v 0.003505591070279479 0.020999999716877937 -0.020666711032390594
v 0.0010000000474974513 0.020999999716877937 -0.017500000074505806
v 0.003228361252695322 0.020999999716877937 -0.017851950600743294
v 0.003057644236832857 0.020999999716877937 -0.018414728343486786
v 0.0010960736544802785 0.020999999716877937 -0.01997545175254345
v 0.003057644236832857 0.020999999716877937 -0.019585270434617996
v 0.003000000026077032 0.020999999716877937 -0.01899999938905239
v 0.0010000000474974513 0.020999999716877937 -0.01899999938905239
v 0.003505591070279479 0.020999999716877937 -0.017333289608359337
v 0.03361731767654419 0.020999999716877937 -0.01142387930303812
v 0.01570710726082325 0.020999999716877937 -0.01120710652321577
v 0.03329289332032204 0.020999999716877937 -0.01120710652321577
v 0.015382683835923672 0.020999999716877937 -0.01142387930303812
v 0.0159238800406456 0.020999999716877937 -0.010882683098316193
v 0.03307611867785454 0.020999999716877937 -0.010882683098316193
v 0.01600000075995922 0.020999999716877937 -0.010499999858438969
v 0.032999999821186066 0.020999999716877937 -0.010499999858438969
v 0.0159238800406456 0.020999999716877937 -0.010117316618561745
v 0.03438268229365349 0.020999999716877937 -0.009576120413839817
v 0.03400000184774399 0.020999999716877937 -0.009499999694526196
v 0.040414728224277496 0.020999999716877937 -0.002942355815321207
v 0.03361731767654419 0.020999999716877937 -0.009576120413839817
v 0.03329289332032204 0.020999999716877937 -0.009792893193662167
v 0.029617317020893097 0.020999999716877937 -0.003423879621550441
v 0.03307611867785454 0.020999999716877937 -0.010117316618561745
v 0.01570710726082325 0.020999999716877937 -0.009792893193662167
v 0.015382683835923672 0.020999999716877937 -0.009576120413839817
v 0.014999999664723873 0.020999999716877937 -0.009499999694526196
v 0.01138268318027258 0.020999999716877937 -0.003423879621550441
v 0.00812132004648447 0.020999999716877937 -0.016878679394721985
v 0.014999999664723873 0.020999999716877937 -0.011500000022351742
v 0.007666710764169693 0.020999999716877937 -0.016505591571331024
v 0.007148050237447023 0.020999999716877937 -0.016228361055254936
v 0.01461731642484665 0.020999999716877937 -0.01142387930303812
v 0.006585271097719669 0.020999999716877937 -0.01605764403939247
v 0.0038786795921623707 0.020999999716877937 -0.016878679394721985
v 0.005414729006588459 0.020999999716877937 -0.01605764403939247
v 0.004851949866861105 0.020999999716877937 -0.016228361055254936
v -0.0065846736542880535 0.020999999716877937 -0.0035905528347939253
v 0.004333289340138435 0.020999999716877937 -0.016505591571331024
v 0.014292892999947071 0.020999999716877937 -0.01120710652321577
v 0.010999999940395355 0.020999999716877937 -0.0035000001080334187
v 0.01461731642484665 0.020999999716877937 -0.009576120413839817
v 0.014076120220124722 0.020999999716877937 -0.010882683098316193
v 0.006000000052154064 0.020999999716877937 -0.01600000075995922
v 0.014000000432133675 0.020999999716877937 -0.010499999858438969
v 0.014076120220124722 0.020999999716877937 -0.010117316618561745
v 0.014292892999947071 0.020999999716877937 -0.009792893193662167
v 9.94051645272229e-18 0.020999999716877937 -0.003000000026077032
v 0.029999999329447746 0.020999999716877937 -0.0035000001080334187
v 0.03400000184774399 0.020999999716877937 -0.011500000022351742
v 0.010617316700518131 0.020999999716877937 -0.003423879621550441
v 0.04100000113248825 0.020999999716877937 -0.003000000026077032
v 0.05994633212685585 0.020999999716877937 -0.003713051090016961
v 0.06372708827257156 0.020999999716877937 -0.00390801252797246
v 0.05921454727649689 0.020999999716877937 -0.0026530406903475523
v 0.06294739991426468 0.020999999716877937 -0.002585946349427104
v 0.06195727363228798 0.020999999716877937 -0.0014131554635241628
v 0.058236245065927505 0.020999999716877937 -0.0018151518888771534
v 0.04158527031540871 0.020999999716877937 -0.002942355815321207
v 0.04214804992079735 0.020999999716877937 -0.0027716385666280985
v 0.042666710913181305 0.020999999716877937 -0.0024944087490439415
v 0.04312131926417351 0.020999999716877937 -0.00212132022716105
v 0.04349440708756447 0.020999999716877937 -0.0016667107120156288
v 0.048500001430511475 0.020999999716877937 2.349198233606519e-17
v 0.057899557054042816 0.020999999716877937 -0.001490436028689146
v 0.06078470125794411 0.020999999716877937 -0.0004227776371408254
v 0.057705797255039215 0.020999999716877937 -0.0010646858718246222
v 0.05768211930990219 0.020999999716877937 -0.000597521138843149
v 0.05946280434727669 0.020999999716877937 0.0003572037676349282
v 0.05783182755112648 0.020999999716877937 -0.00015436089597642422
v 0.043771639466285706 0.020999999716877937 -0.001148050301708281
v 0.04399999976158142 0.020999999716877937 1.8589296080353195e-17
v 0.04394235461950302 0.020999999716877937 -0.0005852709873579443
v 0.030382683500647545 0.020999999716877937 -0.003423879621550441
v 0.0388786755502224 0.020999999716877937 -0.00212132022716105
v 0.030923878774046898 0.020999999716877937 -0.002882683416828513
v 0.03099999949336052 0.020999999716877937 -0.0024999999441206455
v 0.039851948618888855 0.020999999716877937 -0.0027716385666280985
v 0.03070710599422455 0.020999999716877937 -0.0032071068417280912
v 0.0393332876265049 0.020999999716877937 -0.0024944087490439415
v 0.029292892664670944 0.020999999716877937 -0.0032071068417280912
v 0.011707106605172157 0.020999999716877937 -0.0032071068417280912
v 0.038505591452121735 0.020999999716877937 -0.0016667107120156288
v 0.03070710599422455 0.020999999716877937 -0.0017928931629285216
v 0.03805764392018318 0.020999999716877937 -0.0005852709873579443
v 0.038228362798690796 0.020999999716877937 -0.001148050301708281
v 0.030923878774046898 0.020999999716877937 -0.002117316471412778
v 0.030382683500647545 0.020999999716877937 -0.001576120499521494
v 0.029999999329447746 0.020999999716877937 -0.001500000013038516
v 0.03805764392018318 0.020999999716877937 0.0005852709873579443
v 0.029617317020893097 0.020999999716877937 -0.001576120499521494
v 0.027067163959145546 0.020999999716877937 0.0028506505768746138
v 0.03799999877810478 0.020999999716877937 1.8956690003779848e-17
v 0.05854620784521103 0.020999999716877937 0.0004237670509610325
v 0.05901084467768669 0.020999999716877937 0.0004777770082000643
v 0.05813395977020264 0.020999999716877937 0.00020273715199436992
v 0.043771639466285706 0.020999999716877937 0.001148050301708281
v 0.04843707010149956 0.020999999716877937 0.0009695300250314176
v 0.04394235461950302 0.020999999716877937 0.0005852709873579443
v 0.04349440708756447 0.020999999716877937 0.0016667107120156288
v 0.04824933782219887 0.020999999716877937 0.0019227900775149465
v 0.04793994873762131 0.020999999716877937 0.002843783237040043
v 0.04751409962773323 0.020999999716877937 0.0037170539144426584
v 0.042666710913181305 0.020999999716877937 0.0024944087490439415
v 0.04214804992079735 0.020999999716877937 0.0027716385666280985
v 0.04697893559932709 0.020999999716877937 0.00452794786542654
v 0.04634343832731247 0.020999999716877937 0.005262856371700764
v 0.04158527031540871 0.020999999716877937 0.002942355815321207
v 0.04312131926417351 0.020999999716877937 0.00212132022716105
v 0.04394890367984772 0.020999999716877937 0.0068959384225308895
v 0.04481560364365578 0.020999999716877937 0.006456870585680008
v 0.037382353097200394 0.020999999716877937 0.006569827441126108
v 0.04100000113248825 0.020999999716877937 0.003000000026077032
v 0.045618269592523575 0.020999999716877937 0.005909447558224201
v 0.04303271695971489 0.020999999716877937 0.00721928384155035
v 0.03826199471950531 0.020999999716877937 0.006982357706874609
v 0.0354212261736393 0.020999999716877937 0.005568998400121927
v 0.040414728224277496 0.020999999716877937 0.002942355815321207
v 0.039851948618888855 0.020999999716877937 0.0027716385666280985
v 0.03340104967355728 0.020999999716877937 0.00469345785677433
v 0.0393332876265049 0.020999999716877937 0.0024944087490439415
v 0.02921574003994465 0.020999999716877937 0.0033315890468657017
v 0.03132982552051544 0.020999999716877937 0.003946669399738312
v 0.0388786755502224 0.020999999716877937 0.00212132022716105
v 0.038505591452121735 0.020999999716877937 0.0016667107120156288
v 0.038228362798690796 0.020999999716877937 0.001148050301708281
v 0.03918758034706116 0.020999999716877937 0.007277715019881725
v 0.040143582969903946 0.020999999716877937 0.0074509428814053535
v 0.0411139577627182 0.020999999716877937 0.0074991341680288315
v 0.042082421481609344 0.020999999716877937 0.007421480026096106
v 0.011923879384994507 0.020999999716877937 -0.002882683416828513
v 0.028999999165534973 0.020999999716877937 -0.0024999999441206455
v 0.029076119884848595 0.020999999716877937 -0.002882683416828513
v 0.0005852709873579443 0.020999999716877937 -0.002942355815321207
v 0.00212132022716105 0.020999999716877937 -0.00212132022716105
v 0.009999999776482582 0.020999999716877937 -0.0024999999441206455
v 0.010076120495796204 0.020999999716877937 -0.002882683416828513
v 0.0016667107120156288 0.020999999716877937 -0.0024944087490439415
v 0.010292893275618553 0.020999999716877937 -0.0032071068417280912
v 0.001148050301708281 0.020999999716877937 -0.0027716385666280985
v 0.012000000104308128 0.020999999716877937 -0.0024999999441206455
v 0.011923879384994507 0.020999999716877937 -0.002117316471412778
v 0.029076119884848595 0.020999999716877937 -0.002117316471412778
v 0.018299344927072525 0.020999999716877937 0.00229827337898314
v 0.011707106605172157 0.020999999716877937 -0.0017928931629285216
v 0.020500000566244125 0.020999999716877937 0.002229020930826664
v 0.01138268318027258 0.020999999716877937 -0.001576120499521494
v 0.0027716385666280985 0.020999999716877937 -0.001148050301708281
v 0.010292893275618553 0.020999999716877937 -0.0017928931629285216
v 0.010076120495796204 0.020999999716877937 -0.002117316471412778
v 0.010999999940395355 0.020999999716877937 -0.001500000013038516
v 0.01393283624202013 0.020999999716877937 0.0028506505768746138
v 0.002942355815321207 0.020999999716877937 0.0005852709873579443
v 0.010617316700518131 0.020999999716877937 -0.001576120499521494
v 0.003000000026077032 0.020999999716877937 4.662936640559931e-18
v 0.002942355815321207 0.020999999716877937 -0.0005852709873579443
v 0.0024944087490439415 0.020999999716877937 -0.0016667107120156288
v -0.001148050301708281 0.020999999716877937 -0.0027716385666280985
v -0.0005852709873579443 0.020999999716877937 -0.002942355815321207
v -0.007074690889567137 0.020999999716877937 -0.0024897290859371424
v -0.00212132022716105 0.020999999716877937 -0.00212132022716105
v -0.0016667107120156288 0.020999999716877937 -0.0024944087490439415
v -0.0024944087490439415 0.020999999716877937 -0.0016667107120156288
v -0.007382094860076904 0.020999999716877937 -0.0013246404705569148
v -0.0027716385666280985 0.020999999716877937 -0.001148050301708281
v -0.007498952094465494 0.020999999716877937 -0.00012535999121610075
v -0.002942355815321207 0.020999999716877937 -0.0005852709873579443
v -0.003000000026077032 0.020999999716877937 5.030330563986583e-18
v 0.029292892664670944 0.020999999716877937 -0.0017928931629285216
v 0.022700654342770576 0.020999999716877937 0.00229827337898314
v 0.01610739901661873 0.020999999716877937 0.002505756914615631
v 0.0027716385666280985 0.020999999716877937 0.001148050301708281
v 0.011784261092543602 0.020999999716877937 0.0033315890468657017
v 0.0024944087490439415 0.020999999716877937 0.0016667107120156288
v 0.00212132022716105 0.020999999716877937 0.00212132022716105
v 0.009670176543295383 0.020999999716877937 0.003946669399738312
v 0.0016667107120156288 0.020999999716877937 0.0024944087490439415
v 0.007598948664963245 0.020999999716877937 0.00469345785677433
v 0.024892600253224373 0.020999999716877937 0.002505756914615631
v 0.001148050301708281 0.020999999716877937 0.0027716385666280985
v 0.005578774027526379 0.020999999716877937 0.005568998400121927
v 0.0025188513100147247 0.020999999716877937 0.007064374629408121
v 0.0036176471039652824 0.020999999716877937 0.006569827441126108
v -0.0033408235758543015 0.020999999716877937 0.006714826915413141
v 0.0005852709873579443 0.020999999716877937 0.002942355815321207
v -0.0022223799023777246 0.020999999716877937 0.007163171656429768
v 0.001355038839392364 0.020999999716877937 0.007376575842499733
v -0.0071539562195539474 0.020999999716877937 0.002251868834719062
v -0.00212132022716105 0.020999999716877937 0.00212132022716105
v -0.0024944087490439415 0.020999999716877937 0.0016667107120156288
v -0.0016667107120156288 0.020999999716877937 0.0024944087490439415
v -0.0067010074853897095 0.020999999716877937 0.0033684561494737864
v -0.007422246038913727 0.020999999716877937 0.0010771562810987234
v -0.002942355815321207 0.020999999716877937 0.0005852709873579443
v -0.0027716385666280985 0.020999999716877937 0.001148050301708281
v -0.001148050301708281 0.020999999716877937 0.0027716385666280985
v 1.0675304299575594e-17 0.020999999716877937 0.003000000026077032
v -0.00529236625880003 0.020999999716877937 0.005314212758094072
v -0.0005852709873579443 0.020999999716877937 0.002942355815321207
v -0.0010465721134096384 0.020999999716877937 0.007426619995385408
v -0.00607509259134531 0.020999999716877937 0.004398096352815628
v -0.004373033531010151 0.020999999716877937 0.006093158386647701
v 0.00015624990919604897 0.020999999716877937 0.007498372346162796
v 0.010999999940395355 0.017000000923871994 -0.001500000013038516
v 0.010617316700518131 0.020999999716877937 -0.001576120499521494
v 0.010999999940395355 0.020999999716877937 -0.001500000013038516
v 0.010292893275618553 0.017000000923871994 -0.0017928931629285216
v 0.010076120495796204 0.020999999716877937 -0.002117316471412778
v 0.010292893275618553 0.020999999716877937 -0.0017928931629285216
v 0.010617316700518131 0.017000000923871994 -0.001576120499521494
v 0.009999999776482582 0.017000000923871994 -0.0024999999441206455
v 0.010076120495796204 0.020999999716877937 -0.002882683416828513
v 0.009999999776482582 0.020999999716877937 -0.0024999999441206455
v 0.010617316700518131 0.017000000923871994 -0.003423879621550441
v 0.010617316700518131 0.020999999716877937 -0.003423879621550441
v 0.010292893275618553 0.020999999716877937 -0.0032071068417280912
v 0.010292893275618553 0.017000000923871994 -0.0032071068417280912
v 0.010076120495796204 0.017000000923871994 -0.002117316471412778
v 0.010076120495796204 0.017000000923871994 -0.002882683416828513
v 0.010999999940395355 0.017000000923871994 -0.0035000001080334187
v 0.01138268318027258 0.017000000923871994 -0.001576120499521494
v 0.01138268318027258 0.017000000923871994 -0.003423879621550441
v 0.01138268318027258 0.020999999716877937 -0.003423879621550441
v 0.010999999940395355 0.020999999716877937 -0.0035000001080334187
v 0.011923879384994507 0.017000000923871994 -0.002882683416828513
v 0.011923879384994507 0.020999999716877937 -0.002882683416828513
v 0.011707106605172157 0.020999999716877937 -0.0032071068417280912
v 0.011707106605172157 0.017000000923871994 -0.0032071068417280912
v 0.011923879384994507 0.017000000923871994 -0.002117316471412778
v 0.011923879384994507 0.020999999716877937 -0.002117316471412778
v 0.012000000104308128 0.020999999716877937 -0.0024999999441206455
v 0.011707106605172157 0.017000000923871994 -0.0017928931629285216
v 0.01138268318027258 0.020999999716877937 -0.001576120499521494
v 0.011707106605172157 0.020999999716877937 -0.0017928931629285216
v 0.012000000104308128 0.017000000923871994 -0.0024999999441206455
v 0.029999999329447746 0.017000000923871994 -0.001500000013038516
v 0.029617317020893097 0.020999999716877937 -0.001576120499521494
v 0.029999999329447746 0.020999999716877937 -0.001500000013038516
v 0.029292892664670944 0.017000000923871994 -0.0017928931629285216
v 0.029076119884848595 0.020999999716877937 -0.002117316471412778
v 0.029292892664670944 0.020999999716877937 -0.0017928931629285216
v 0.029617317020893097 0.017000000923871994 -0.001576120499521494
v 0.028999999165534973 0.017000000923871994 -0.0024999999441206455
v 0.029076119884848595 0.020999999716877937 -0.002882683416828513
v 0.028999999165534973 0.020999999716877937 -0.0024999999441206455
v 0.029617317020893097 0.017000000923871994 -0.003423879621550441
v 0.029617317020893097 0.020999999716877937 -0.003423879621550441
v 0.029292892664670944 0.020999999716877937 -0.0032071068417280912
v 0.029292892664670944 0.017000000923871994 -0.0032071068417280912
v 0.029076119884848595 0.017000000923871994 -0.002117316471412778
v 0.029076119884848595 0.017000000923871994 -0.002882683416828513
v 0.029999999329447746 0.017000000923871994 -0.0035000001080334187
v 0.030382683500647545 0.017000000923871994 -0.001576120499521494
v 0.030382683500647545 0.017000000923871994 -0.003423879621550441
v 0.030382683500647545 0.020999999716877937 -0.003423879621550441
v 0.029999999329447746 0.020999999716877937 -0.0035000001080334187
v 0.030923878774046898 0.017000000923871994 -0.002882683416828513
v 0.030923878774046898 0.020999999716877937 -0.002882683416828513
v 0.03070710599422455 0.020999999716877937 -0.0032071068417280912
v 0.03070710599422455 0.017000000923871994 -0.0032071068417280912
v 0.030923878774046898 0.017000000923871994 -0.002117316471412778
v 0.030923878774046898 0.020999999716877937 -0.002117316471412778
v 0.03099999949336052 0.020999999716877937 -0.0024999999441206455
v 0.03070710599422455 0.017000000923871994 -0.0017928931629285216
v 0.030382683500647545 0.020999999716877937 -0.001576120499521494
v 0.03070710599422455 0.020999999716877937 -0.0017928931629285216
v 0.03099999949336052 0.017000000923871994 -0.0024999999441206455
v 0.05892030894756317 0.020999999716877937 0.0004810600948985666
v 0.05854620784521103 0.020999999716877937 0.0004237670509610325
v 0.05892030894756317 0.017000000923871994 0.0004810600948985666
v 0.05813395977020264 0.020999999716877937 0.00020273715199436992
v 0.05783182755112648 0.020999999716877937 -0.00015436089597642422
v 0.05813395977020264 0.017000000923871994 0.00020273715199436992
v 0.05768211930990219 0.020999999716877937 -0.000597521138843149
v 0.05783182755112648 0.017000000923871994 -0.00015436089597642422
v 0.05854620784521103 0.017000000923871994 0.0004237670509610325
v 0.05768211930990219 0.017000000923871994 -0.000597521138843149
v 0.057705797255039215 0.017000000923871994 -0.0010646858718246222
v 0.05901084467768669 0.017000000923871994 0.0004777770082000643
v 0.057705797255039215 0.020999999716877937 -0.0010646858718246222
v 0.057899557054042816 0.020999999716877937 -0.001490436028689146
v 0.057899557054042816 0.017000000923871994 -0.001490436028689146
v 0.05946280434727669 0.020999999716877937 0.0003572037676349282
v 0.05901084467768669 0.020999999716877937 0.0004777770082000643
v 0.05946280434727669 0.017000000923871994 0.0003572037676349282
v 0.058236245065927505 0.020999999716877937 -0.0018151518888771534
v 0.058236245065927505 0.017000000923871994 -0.0018151518888771534
v 0.05066591128706932 0.020999999716877937 -0.007277342025190592
v 0.05050000175833702 0.020999999716877937 -0.006000000052154064
v 0.05066591128706932 0.017000000923871994 -0.007277342025190592
v 0.05192788317799568 0.020999999716877937 -0.009498568251729012
v 0.05115264281630516 0.020999999716877937 -0.00846991315484047
v 0.05192788317799568 0.017000000923871994 -0.009498568251729012
v 0.05115264281630516 0.017000000923871994 -0.00846991315484047
v 0.054122377187013626 0.017000000923871994 -0.010806470178067684
v 0.054122377187013626 0.020999999716877937 -0.010806470178067684
v 0.052940189838409424 0.020999999716877937 -0.010295039974153042
v 0.056676506996154785 0.020999999716877937 -0.010859612375497818
v 0.05539599061012268 0.020999999716877937 -0.010998917743563652
v 0.056676506996154785 0.017000000923871994 -0.010859612375497818
v 0.05539599061012268 0.017000000923871994 -0.010998917743563652
v 0.052940189838409424 0.017000000923871994 -0.010295039974153042
v 0.05050000175833702 0.017000000923871994 -0.006000000052154064
v 0.057878945022821426 0.017000000923871994 -0.010397796519100666
v 0.057878945022821426 0.020999999716877937 -0.010397796519100666
v 0.05892350524663925 0.017000000923871994 -0.009644120931625366
v 0.05892350524663925 0.020999999716877937 -0.009644120931625366
v 0.06027677282691002 0.017000000923871994 -0.007477308623492718
v 0.06027677282691002 0.020999999716877937 -0.007477308623492718
v 0.059740860015153885 0.020999999716877937 -0.008648602291941643
v 0.059740860015153885 0.017000000923871994 -0.008648602291941643
v 0.06038303300738335 0.017000000923871994 -0.004924835171550512
v 0.06038303300738335 0.020999999716877937 -0.004924835171550512
v 0.06049567461013794 0.020999999716877937 -0.006207973230630159
v 0.05994633212685585 0.017000000923871994 -0.003713051090016961
v 0.05994633212685585 0.020999999716877937 -0.003713051090016961
v 0.06049567461013794 0.017000000923871994 -0.006207973230630159
v 0.05921454727649689 0.017000000923871994 -0.0026530406903475523
v 0.05921454727649689 0.020999999716877937 -0.0026530406903475523
v 0.05050000175833702 0.017000000923871994 -0.005499999970197678
v 0.05050000175833702 0.017000000923871994 -0.006000000052154064
v 0.05050000175833702 0.020999999716877937 -0.006000000052154064
v 0.05050000175833702 0.020999999716877937 -0.005499999970197678
v 0.05050000175833702 0.017000000923871994 -0.005499999970197678
v 0.05050000175833702 0.020999999716877937 -0.005499999970197678
v 0.048500001430511475 0.020999999716877937 -0.005499999970197678
v 0.048500001430511475 0.017000000923871994 -0.005499999970197678
v 0.048500001430511475 0.017000000923871994 2.1302762818159896e-17
v 0.048500001430511475 0.017000000923871994 -0.005499999970197678
v 0.048500001430511475 0.020999999716877937 -0.005499999970197678
v 0.048500001430511475 0.020999999716877937 2.349198233606519e-17
v 0.04100000113248825 0.020999999716877937 0.007499999832361937
v 0.040143582969903946 0.020999999716877937 0.0074509428814053535
v 0.04100000113248825 0.017000000923871994 0.007499999832361937
v 0.03918758034706116 0.020999999716877937 0.007277715019881725
v 0.03826199471950531 0.020999999716877937 0.006982357706874609
v 0.03918758034706116 0.017000000923871994 0.007277715019881725
v 0.040143582969903946 0.017000000923871994 0.0074509428814053535
v 0.04824933782219887 0.020999999716877937 0.0019227900775149465
v 0.04793994873762131 0.020999999716877937 0.002843783237040043
v 0.04824933782219887 0.017000000923871994 0.0019227900775149465
v 0.048500001430511475 0.020999999716877937 2.349198233606519e-17
v 0.04843707010149956 0.020999999716877937 0.0009695300250314176
v 0.048500001430511475 0.017000000923871994 2.1302762818159896e-17
v 0.037382353097200394 0.020999999716877937 0.006569827441126108
v 0.037382353097200394 0.017000000923871994 0.006569827441126108
v 0.04843707010149956 0.017000000923871994 0.0009695300250314176
v 0.03826199471950531 0.017000000923871994 0.006982357706874609
v 0.04793994873762131 0.017000000923871994 0.002843783237040043
v 0.04751409962773323 0.020999999716877937 0.0037170539144426584
v 0.0411139577627182 0.017000000923871994 0.0074991341680288315
v 0.04697893559932709 0.020999999716877937 0.00452794786542654
v 0.04751409962773323 0.017000000923871994 0.0037170539144426584
v 0.04634343832731247 0.020999999716877937 0.005262856371700764
v 0.045618269592523575 0.020999999716877937 0.005909447558224201
v 0.04634343832731247 0.017000000923871994 0.005262856371700764
v 0.04697893559932709 0.017000000923871994 0.00452794786542654
v 0.04303271695971489 0.017000000923871994 0.00721928384155035
v 0.04394890367984772 0.020999999716877937 0.0068959384225308895
v 0.04303271695971489 0.020999999716877937 0.00721928384155035
v 0.042082421481609344 0.020999999716877937 0.007421480026096106
v 0.04394890367984772 0.017000000923871994 0.0068959384225308895
v 0.04481560364365578 0.020999999716877937 0.006456870585680008
v 0.0411139577627182 0.020999999716877937 0.0074991341680288315
v 0.045618269592523575 0.017000000923871994 0.005909447558224201
v 0.04481560364365578 0.017000000923871994 0.006456870585680008
v 0.042082421481609344 0.017000000923871994 0.007421480026096106
v 0.005578774027526379 0.017000000923871994 0.005568998400121927
v 0.007598948664963245 0.020999999716877937 0.00469345785677433
v 0.005578774027526379 0.020999999716877937 0.005568998400121927
v 0.009670176543295383 0.017000000923871994 0.003946669399738312
v 0.009670176543295383 0.020999999716877937 0.003946669399738312
v 0.0036176471039652824 0.020999999716877937 0.006569827441126108
v 0.01610739901661873 0.017000000923871994 0.002505756914615631
v 0.01610739901661873 0.020999999716877937 0.002505756914615631
v 0.01393283624202013 0.020999999716877937 0.0028506505768746138
v 0.011784261092543602 0.017000000923871994 0.0033315890468657017
v 0.011784261092543602 0.020999999716877937 0.0033315890468657017
v 0.007598948664963245 0.017000000923871994 0.00469345785677433
v 0.0036176471039652824 0.017000000923871994 0.006569827441126108
v 0.01393283624202013 0.017000000923871994 0.0028506505768746138
v 0.018299344927072525 0.020999999716877937 0.00229827337898314
v 0.018299344927072525 0.017000000923871994 0.00229827337898314
v 0.020500000566244125 0.017000000923871994 0.002229020930826664
v 0.020500000566244125 0.020999999716877937 0.002229020930826664
v 0.027067163959145546 0.020999999716877937 0.0028506505768746138
v 0.02921574003994465 0.017000000923871994 0.0033315890468657017
v 0.02921574003994465 0.020999999716877937 0.0033315890468657017
v 0.024892600253224373 0.020999999716877937 0.002505756914615631
v 0.027067163959145546 0.017000000923871994 0.0028506505768746138
v 0.024892600253224373 0.017000000923871994 0.002505756914615631
v 0.022700654342770576 0.020999999716877937 0.00229827337898314
v 0.03340104967355728 0.020999999716877937 0.00469345785677433
v 0.03132982552051544 0.020999999716877937 0.003946669399738312
v 0.03340104967355728 0.017000000923871994 0.00469345785677433
v 0.0354212261736393 0.020999999716877937 0.005568998400121927
v 0.03132982552051544 0.017000000923871994 0.003946669399738312
v 0.0354212261736393 0.017000000923871994 0.005568998400121927
v 0.022700654342770576 0.017000000923871994 0.00229827337898314
v 4.849741733424925e-18 0.017000000923871994 0.007499999832361937
v 7.289649089312377e-18 0.020999999716877937 0.007499999832361937
v -0.0010465721134096384 0.020999999716877937 0.007426619995385408
v -0.0022223799023777246 0.020999999716877937 0.007163171656429768
v -0.0010465721134096384 0.017000000923871994 0.007426619995385408
v -0.0033408235758543015 0.020999999716877937 0.006714826915413141
v -0.0022223799023777246 0.017000000923871994 0.007163171656429768
v -0.004373033531010151 0.020999999716877937 0.006093158386647701
v -0.004373033531010151 0.017000000923871994 0.006093158386647701
v -0.00529236625880003 0.017000000923871994 0.005314212758094072
v -0.00529236625880003 0.020999999716877937 0.005314212758094072
v -0.00607509259134531 0.020999999716877937 0.004398096352815628
v -0.00607509259134531 0.017000000923871994 0.004398096352815628
v -0.0067010074853897095 0.020999999716877937 0.0033684561494737864
v -0.0067010074853897095 0.017000000923871994 0.0033684561494737864
v -0.0071539562195539474 0.020999999716877937 0.002251868834719062
v -0.0033408235758543015 0.017000000923871994 0.006714826915413141
v -0.0071539562195539474 0.017000000923871994 0.002251868834719062
v -0.007422246038913727 0.020999999716877937 0.0010771562810987234
v 0.00015624990919604897 0.017000000923871994 0.007498372346162796
v -0.007498952094465494 0.020999999716877937 -0.00012535999121610075
v -0.007422246038913727 0.017000000923871994 0.0010771562810987234
v -0.007382094860076904 0.020999999716877937 -0.0013246404705569148
v -0.007074690889567137 0.020999999716877937 -0.0024897290859371424
v -0.007074690889567137 0.017000000923871994 -0.0024897290859371424
v -0.007382094860076904 0.017000000923871994 -0.0013246404705569148
v 0.0025188513100147247 0.020999999716877937 0.007064374629408121
v 0.001355038839392364 0.020999999716877937 0.007376575842499733
v 0.0025188513100147247 0.017000000923871994 0.007064374629408121
v 0.00015624990919604897 0.020999999716877937 0.007498372346162796
v 0.001355038839392364 0.017000000923871994 0.007376575842499733
v -0.0065846736542880535 0.020999999716877937 -0.0035905528347939253
v -0.0065846736542880535 0.017000000923871994 -0.0035905528347939253
v -0.007498952094465494 0.017000000923871994 -0.00012535999121610075
v 0.0010000000474974513 0.017000000923871994 -0.017500000074505806
v 0.0010000000474974513 0.020999999716877937 -0.017500000074505806
v 0.0010000000474974513 0.017000000923871994 -0.01899999938905239
v 0.0010000000474974513 0.017000000923871994 -0.017500000074505806
v 0.0010000000474974513 0.020999999716877937 -0.017500000074505806
v 0.0010000000474974513 0.020999999716877937 -0.01899999938905239
v 0.0010000000474974513 0.020999999716877937 -0.01899999938905239
v 0.0010960736544802785 0.020999999716877937 -0.01997545175254345
v 0.0010960736544802785 0.017000000923871994 -0.01997545175254345
v 0.0013806023634970188 0.020999999716877937 -0.020913416519761086
v 0.0018426519818603992 0.020999999716877937 -0.02177785150706768
v 0.0018426519818603992 0.017000000923871994 -0.02177785150706768
v 0.0013806023634970188 0.017000000923871994 -0.020913416519761086
v 0.002464466029778123 0.020999999716877937 -0.02253553457558155
v 0.0032221488654613495 0.020999999716877937 -0.023157348856329918
v 0.0032221488654613495 0.017000000923871994 -0.023157348856329918
v 0.00408658292144537 0.020999999716877937 -0.0236193984746933
v 0.0050245486199855804 0.020999999716877937 -0.023903926834464073
v 0.0050245486199855804 0.017000000923871994 -0.023903926834464073
v 0.00408658292144537 0.017000000923871994 -0.0236193984746933
v 0.002464466029778123 0.017000000923871994 -0.02253553457558155
v 0.0010000000474974513 0.017000000923871994 -0.01899999938905239
v 0.006000000052154064 0.017000000923871994 -0.024000000208616257
v 0.006000000052154064 0.020999999716877937 -0.024000000208616257
v 0.006975451484322548 0.020999999716877937 -0.023903926834464073
v 0.007913417182862759 0.020999999716877937 -0.0236193984746933
v 0.007913417182862759 0.017000000923871994 -0.0236193984746933
v 0.008777851238846779 0.020999999716877937 -0.023157348856329918
v 0.008777851238846779 0.017000000923871994 -0.023157348856329918
v 0.006975451484322548 0.017000000923871994 -0.023903926834464073
v 0.010157347656786442 0.020999999716877937 -0.02177785150706768
v 0.010619397275149822 0.020999999716877937 -0.020913416519761086
v 0.010619397275149822 0.017000000923871994 -0.020913416519761086
v 0.009535534307360649 0.020999999716877937 -0.02253553457558155
v 0.010157347656786442 0.017000000923871994 -0.02177785150706768
v 0.009535534307360649 0.017000000923871994 -0.02253553457558155
v 0.010903926566243172 0.017000000923871994 -0.01997545175254345
v 0.010999999940395355 0.017000000923871994 -0.01899999938905239
v 0.010903926566243172 0.020999999716877937 -0.01997545175254345
v 0.010999999940395355 0.020999999716877937 -0.01899999938905239
v 0.010999999940395355 0.020999999716877937 -0.017999999225139618
v 0.010999999940395355 0.017000000923871994 -0.01899999938905239
v 0.010999999940395355 0.020999999716877937 -0.01899999938905239
v 0.010999999940395355 0.017000000923871994 -0.017999999225139618
v 0.04100000113248825 0.017000000923871994 -0.017999999225139618
v 0.010999999940395355 0.017000000923871994 -0.017999999225139618
v 0.010999999940395355 0.020999999716877937 -0.017999999225139618
v 0.04100000113248825 0.020999999716877937 -0.017999999225139618
v 0.04100000113248825 0.017000000923871994 -0.01899999938905239
v 0.04100000113248825 0.017000000923871994 -0.017999999225139618
v 0.04100000113248825 0.020999999716877937 -0.017999999225139618
v 0.04100000113248825 0.020999999716877937 -0.01899999938905239
v 0.04100000113248825 0.020999999716877937 -0.01899999938905239
v 0.04111528769135475 0.020999999716877937 -0.0201705414801836
v 0.04111528769135475 0.017000000923871994 -0.0201705414801836
v 0.04145672172307968 0.020999999716877937 -0.021296100690960884
v 0.04201117902994156 0.020999999716877937 -0.02233342081308365
v 0.04201117902994156 0.017000000923871994 -0.02233342081308365
v 0.04145672172307968 0.017000000923871994 -0.021296100690960884
v 0.04275735840201378 0.020999999716877937 -0.023242641240358353
v 0.04275735840201378 0.017000000923871994 -0.023242641240358353
v 0.044703900814056396 0.020999999716877937 -0.02454327791929245
v 0.04582945629954338 0.020999999716877937 -0.02488471195101738
v 0.04582945629954338 0.017000000923871994 -0.02488471195101738
v 0.04366657882928848 0.020999999716877937 -0.023988816887140274
v 0.044703900814056396 0.017000000923871994 -0.02454327791929245
v 0.04366657882928848 0.017000000923871994 -0.023988816887140274
v 0.04100000113248825 0.017000000923871994 -0.01899999938905239
v 0.04699999839067459 0.017000000923871994 -0.02500000037252903
v 0.04699999839067459 0.020999999716877937 -0.02500000037252903
v 0.049296099692583084 0.017000000923871994 -0.02454327791929245
v 0.0481705404818058 0.020999999716877937 -0.02488471195101738
v 0.049296099692583084 0.020999999716877937 -0.02454327791929245
v 0.0481705404818058 0.017000000923871994 -0.02488471195101738
v 0.0503334179520607 0.017000000923871994 -0.023988816887140274
v 0.0503334179520607 0.020999999716877937 -0.023988816887140274
v 0.05198881775140762 0.020999999716877937 -0.02233342081308365
v 0.0525432787835598 0.020999999716877937 -0.021296100690960884
v 0.0525432787835598 0.017000000923871994 -0.021296100690960884
v 0.0512426421046257 0.020999999716877937 -0.023242641240358353
v 0.05198881775140762 0.017000000923871994 -0.02233342081308365
v 0.0512426421046257 0.017000000923871994 -0.023242641240358353
v 0.05288471281528473 0.017000000923871994 -0.0201705414801836
v 0.05299999937415123 0.017000000923871994 -0.01899999938905239
v 0.05288471281528473 0.020999999716877937 -0.0201705414801836
v 0.05299999937415123 0.020999999716877937 -0.01899999938905239
v 0.05299999937415123 0.020999999716877937 -0.017000000923871994
v 0.05299999937415123 0.017000000923871994 -0.01899999938905239
v 0.05299999937415123 0.020999999716877937 -0.01899999938905239
v 0.05299999937415123 0.017000000923871994 -0.017000000923871994
v 0.05550000071525574 0.017000000923871994 -0.017000000923871994
v 0.05299999937415123 0.017000000923871994 -0.017000000923871994
v 0.05299999937415123 0.020999999716877937 -0.017000000923871994
v 0.05550000071525574 0.020999999716877937 -0.017000000923871994
v 0.05550000071525574 0.020999999716877937 -0.017000000923871994
v 0.05702942609786987 0.020999999716877937 -0.016870999708771706
v 0.05702942609786987 0.017000000923871994 -0.016870999708771706
v 0.05851563438773155 0.020999999716877937 -0.016487646847963333
v 0.05991663783788681 0.020999999716877937 -0.015860771760344505
v 0.05991663783788681 0.017000000923871994 -0.015860771760344505
v 0.05851563438773155 0.017000000923871994 -0.016487646847963333
v 0.06119284778833389 0.020999999716877937 -0.01500808633863926
v 0.06230820342898369 0.020999999716877937 -0.013953683897852898
v 0.06230820342898369 0.017000000923871994 -0.013953683897852898
v 0.06323119252920151 0.020999999716877937 -0.01272735744714737
v 0.06393572688102722 0.020999999716877937 -0.011363757774233818
v 0.06393572688102722 0.017000000923871994 -0.011363757774233818
v 0.06323119252920151 0.017000000923871994 -0.01272735744714737
v 0.06119284778833389 0.017000000923871994 -0.01500808633863926
v 0.05550000071525574 0.017000000923871994 -0.017000000923871994
v 0.06440191715955734 0.020999999716877937 -0.009901412762701511
v 0.06440191715955734 0.017000000923871994 -0.009901412762701511
v 0.06461657583713531 0.020999999716877937 -0.00838164146989584
v 0.06457363814115524 0.020999999716877937 -0.006847386714071035
v 0.06457363814115524 0.017000000923871994 -0.006847386714071035
v 0.06427432596683502 0.020999999716877937 -0.005341998301446438
v 0.06372708827257156 0.020999999716877937 -0.00390801252797246
v 0.06372708827257156 0.017000000923871994 -0.00390801252797246
v 0.06427432596683502 0.017000000923871994 -0.005341998301446438
v 0.06294739991426468 0.020999999716877937 -0.002585946349427104
v 0.06195727363228798 0.020999999716877937 -0.0014131554635241628
v 0.06294739991426468 0.017000000923871994 -0.002585946349427104
v 0.06078470125794411 0.020999999716877937 -0.0004227776371408254
v 0.06078470125794411 0.017000000923871994 -0.0004227776371408254
v 0.06195727363228798 0.017000000923871994 -0.0014131554635241628
v 0.06461657583713531 0.017000000923871994 -0.00838164146989584
v 0.05198881775140762 0.017000000923871994 -0.02233342081308365
v 0.04908168315887451 0.017000000923871994 -0.022415641695261
v 0.0512426421046257 0.017000000923871994 -0.023242641240358353
v 0.05023033171892166 0.017000000923871994 -0.021359015256166458
v 0.0525432787835598 0.017000000923871994 -0.021296100690960884
v 0.050628483295440674 0.017000000923871994 -0.02068348042666912
v 0.05288471281528473 0.017000000923871994 -0.0201705414801836
v 0.049708042293787 0.017000000923871994 -0.021943895146250725
v 0.04837532341480255 0.017000000923871994 -0.022756125777959824
v 0.0503334179520607 0.017000000923871994 -0.023988816887140274
v 0.05088719353079796 0.017000000923871994 -0.019943252205848694
v 0.05099652335047722 0.017000000923871994 -0.019166773185133934
v 0.05299999937415123 0.017000000923871994 -0.01899999938905239
v 0.04935901612043381 0.017000000923871994 -0.01576966792345047
v 0.049943894147872925 0.017000000923871994 -0.016291959211230278
v 0.05299999937415123 0.017000000923871994 -0.017000000923871994
v 0.05702942609786987 0.017000000923871994 -0.016870999708771706
v 0.05851563438773155 0.017000000923871994 -0.016487646847963333
v 0.05550000071525574 0.017000000923871994 -0.017000000923871994
v 0.05095226690173149 0.017000000923871994 -0.01838388666510582
v 0.05075612664222717 0.017000000923871994 -0.01762467622756958
v 0.05041564255952835 0.017000000923871994 -0.01691831834614277
v 0.05991663783788681 0.017000000923871994 -0.015860771760344505
v 0.04683322831988335 0.017000000923871994 -0.02299652248620987
v 0.04699999839067459 0.017000000923871994 -0.02500000037252903
v 0.0481705404818058 0.017000000923871994 -0.02488471195101738
v 0.049296099692583084 0.017000000923871994 -0.02454327791929245
v 0.04761611297726631 0.017000000923871994 -0.022952266037464142
v 0.044703900814056396 0.017000000923871994 -0.02454327791929245
v 0.04582945629954338 0.017000000923871994 -0.02488471195101738
v 0.04605674743652344 0.017000000923871994 -0.02288719452917576
v 0.04366657882928848 0.017000000923871994 -0.023988816887140274
v 0.04531651735305786 0.017000000923871994 -0.022628482431173325
v 0.04275735840201378 0.017000000923871994 -0.023242641240358353
v 0.04201117902994156 0.017000000923871994 -0.02233342081308365
v 0.04464098438620567 0.017000000923871994 -0.02223033271729946
v 0.044056106358766556 0.017000000923871994 -0.021708041429519653
v 0.04100000113248825 0.017000000923871994 -0.017999999225139618
v 0.04337151721119881 0.017000000923871994 -0.01731651835143566
v 0.04376966878771782 0.017000000923871994 -0.016640983521938324
v 0.04145672172307968 0.017000000923871994 -0.021296100690960884
v 0.04358435794711113 0.017000000923871994 -0.021081682294607162
v 0.04324387386441231 0.017000000923871994 -0.02037532441318035
v 0.056676506996154785 0.017000000923871994 -0.010859612375497818
v 0.06230820342898369 0.017000000923871994 -0.013953683897852898
v 0.06323119252920151 0.017000000923871994 -0.01272735744714737
v 0.057878945022821426 0.017000000923871994 -0.010397796519100666
v 0.06393572688102722 0.017000000923871994 -0.011363757774233818
v 0.05892350524663925 0.017000000923871994 -0.009644120931625366
v 0.06440191715955734 0.017000000923871994 -0.009901412762701511
v 0.05539599061012268 0.017000000923871994 -0.010998917743563652
v 0.06119284778833389 0.017000000923871994 -0.01500808633863926
v 0.059740860015153885 0.017000000923871994 -0.008648602291941643
v 0.06027677282691002 0.017000000923871994 -0.007477308623492718
v 0.06461657583713531 0.017000000923871994 -0.00838164146989584
v 0.06457363814115524 0.017000000923871994 -0.006847386714071035
v 0.06427432596683502 0.017000000923871994 -0.005341998301446438
v 0.06049567461013794 0.017000000923871994 -0.006207973230630159
v 0.06372708827257156 0.017000000923871994 -0.00390801252797246
v 0.06038303300738335 0.017000000923871994 -0.004924835171550512
v 0.05994633212685585 0.017000000923871994 -0.003713051090016961
v 0.06294739991426468 0.017000000923871994 -0.002585946349427104
v 0.048500001430511475 0.017000000923871994 -0.012000000104308128
v 0.04868348315358162 0.017000000923871994 -0.015371516346931458
v 0.04794325307011604 0.017000000923871994 -0.015112806111574173
v 0.047166772186756134 0.017000000923871994 -0.015003478154540062
v 0.04491831734776497 0.017000000923871994 -0.01558435894548893
v 0.04562467709183693 0.017000000923871994 -0.015243873931467533
v 0.026750000193715096 0.017000000923871994 -0.012000000104308128
v 0.04638388752937317 0.017000000923871994 -0.01504773460328579
v 0.054122377187013626 0.017000000923871994 -0.010806470178067684
v 0.05192788317799568 0.017000000923871994 -0.009498568251729012
v 0.05115264281630516 0.017000000923871994 -0.00846991315484047
v 0.048500001430511475 0.017000000923871994 -0.008999999612569809
v 0.052940189838409424 0.017000000923871994 -0.010295039974153042
v 0.05066591128706932 0.017000000923871994 -0.007277342025190592
v 0.048500001430511475 0.017000000923871994 -0.005499999970197678
v 0.05050000175833702 0.017000000923871994 -0.006000000052154064
v 0.05050000175833702 0.017000000923871994 -0.005499999970197678
v 0.04158527031540871 0.017000000923871994 -0.002942355815321207
v 0.04100000113248825 0.017000000923871994 -0.003000000026077032
v 0.040414728224277496 0.017000000923871994 -0.002942355815321207
v 0.026750000193715096 0.017000000923871994 -0.008999999612569809
v 0.04429195821285248 0.017000000923871994 -0.016056105494499207
v 0.007666710764169693 0.017000000923871994 -0.021494409069418907
v 0.010157347656786442 0.017000000923871994 -0.02177785150706768
v 0.00812132004648447 0.017000000923871994 -0.021121321246027946
v 0.006585271097719669 0.017000000923871994 -0.02194235660135746
v 0.007913417182862759 0.017000000923871994 -0.0236193984746933
v 0.008777851238846779 0.017000000923871994 -0.023157348856329918
v 0.009535534307360649 0.017000000923871994 -0.02253553457558155
v 0.007399087306112051 0.017000000923871994 -0.021653780713677406
v 0.007148050237447023 0.017000000923871994 -0.021771637722849846
v 0.010619397275149822 0.017000000923871994 -0.020913416519761086
v 0.008942355401813984 0.017000000923871994 -0.019585270434617996
v 0.010903926566243172 0.017000000923871994 -0.01997545175254345
v 0.010999999940395355 0.017000000923871994 -0.01899999938905239
v 0.04111528769135475 0.017000000923871994 -0.0201705414801836
v 0.008771637454628944 0.017000000923871994 -0.020148050040006638
v 0.008494408801198006 0.017000000923871994 -0.020666711032390594
v 0.008999999612569809 0.017000000923871994 -0.01899999938905239
v 0.04304773360490799 0.017000000923871994 -0.01961611397564411
v 0.04100000113248825 0.017000000923871994 -0.01899999938905239
v 0.006000000052154064 0.017000000923871994 -0.024000000208616257
v 0.006975451484322548 0.017000000923871994 -0.023903926834464073
v 0.006000000052154064 0.017000000923871994 -0.02199999988079071
v 0.0050245486199855804 0.017000000923871994 -0.023903926834464073
v 0.029292892664670944 0.017000000923871994 -0.0032071068417280912
v 0.029617317020893097 0.017000000923871994 -0.003423879621550441
v 0.00408658292144537 0.017000000923871994 -0.0236193984746933
v 0.0032221488654613495 0.017000000923871994 -0.023157348856329918
v 0.005414729006588459 0.017000000923871994 -0.02194235660135746
v 0.002464466029778123 0.017000000923871994 -0.02253553457558155
v 0.004851949866861105 0.017000000923871994 -0.021771637722849846
v 0.010999999940395355 0.017000000923871994 -0.017999999225139618
v 0.026000000536441803 0.017000000923871994 -0.017999999225139618
v 0.004999999888241291 0.017000000923871994 -0.008999999612569809
v 0.01138268318027258 0.017000000923871994 -0.003423879621550441
v 0.004333289340138435 0.017000000923871994 -0.021494409069418907
v 0.0038786795921623707 0.017000000923871994 -0.021121321246027946
v 0.003505591070279479 0.017000000923871994 -0.020666711032390594
v 0.0013806023634970188 0.017000000923871994 -0.020913416519761086
v 0.0018426519818603992 0.017000000923871994 -0.02177785150706768
v 0.003228361252695322 0.017000000923871994 -0.020148050040006638
v 0.003057644236832857 0.017000000923871994 -0.019585270434617996
v 0.0010960736544802785 0.017000000923871994 -0.01997545175254345
v 0.0010000000474974513 0.017000000923871994 -0.01899999938905239
v 0.04300347715616226 0.017000000923871994 -0.018833225592970848
v 0.04311280697584152 0.017000000923871994 -0.018056748434901237
v 0.008942355401813984 0.017000000923871994 -0.018414728343486786
v 0.008494408801198006 0.017000000923871994 -0.017333289608359337
v 0.008771637454628944 0.017000000923871994 -0.017851950600743294
v 0.004999999888241291 0.017000000923871994 -0.012000000104308128
v 0.007148050237447023 0.017000000923871994 -0.016228361055254936
v 0.029999999329447746 0.017000000923871994 -0.0035000001080334187
v 0.030382683500647545 0.017000000923871994 -0.003423879621550441
v 0.039851948618888855 0.017000000923871994 -0.0027716385666280985
v 0.03070710599422455 0.017000000923871994 -0.0032071068417280912
v 0.011707106605172157 0.017000000923871994 -0.0032071068417280912
v 0.029076119884848595 0.017000000923871994 -0.002882683416828513
v 0.010999999940395355 0.017000000923871994 -0.0035000001080334187
v 0.010617316700518131 0.017000000923871994 -0.003423879621550441
v 0.0005852709873579443 0.017000000923871994 -0.002942355815321207
v 0.00812132004648447 0.017000000923871994 -0.016878679394721985
v 0.003505591070279479 0.017000000923871994 -0.017333289608359337
v 0.0038786795921623707 0.017000000923871994 -0.016878679394721985
v 0.0010000000474974513 0.017000000923871994 -0.017500000074505806
v 0.003000000026077032 0.017000000923871994 -0.01899999938905239
v 0.003057644236832857 0.017000000923871994 -0.018414728343486786
v 0.003228361252695322 0.017000000923871994 -0.017851950600743294
v 0.004333289340138435 0.017000000923871994 -0.016505591571331024
v 0.007666710764169693 0.017000000923871994 -0.016505591571331024
v 0.006000000052154064 0.017000000923871994 -0.01600000075995922
v 0.006585271097719669 0.017000000923871994 -0.01605764403939247
v 0.005414729006588459 0.017000000923871994 -0.01605764403939247
v 0.004851949866861105 0.017000000923871994 -0.016228361055254936
v -0.0065846736542880535 0.017000000923871994 -0.0035905528347939253
v 8.021361478648209e-18 0.017000000923871994 -0.003000000026077032
v 0.001148050301708281 0.017000000923871994 -0.0027716385666280985
v 0.010292893275618553 0.017000000923871994 -0.0032071068417280912
v 0.05921454727649689 0.017000000923871994 -0.0026530406903475523
v 0.06195727363228798 0.017000000923871994 -0.0014131554635241628
v 0.057899557054042816 0.017000000923871994 -0.001490436028689146
v 0.058236245065927505 0.017000000923871994 -0.0018151518888771534
v 0.06078470125794411 0.017000000923871994 -0.0004227776371408254
v 0.04349440708756447 0.017000000923871994 -0.0016667107120156288
v 0.04312131926417351 0.017000000923871994 -0.00212132022716105
v 0.057705797255039215 0.017000000923871994 -0.0010646858718246222
v 0.048500001430511475 0.017000000923871994 2.1302762818159896e-17
v 0.043771639466285706 0.017000000923871994 -0.001148050301708281
v 0.042666710913181305 0.017000000923871994 -0.0024944087490439415
v 0.05783182755112648 0.017000000923871994 -0.00015436089597642422
v 0.05946280434727669 0.017000000923871994 0.0003572037676349282
v 0.05813395977020264 0.017000000923871994 0.00020273715199436992
v 0.05854620784521103 0.017000000923871994 0.0004237670509610325
v 0.05901084467768669 0.017000000923871994 0.0004777770082000643
v 0.04394235461950302 0.017000000923871994 -0.0005852709873579443
v 0.04399999976158142 0.017000000923871994 1.8852425541928763e-17
v 0.04394235461950302 0.017000000923871994 0.0005852709873579443
v 0.05768211930990219 0.017000000923871994 -0.000597521138843149
v 0.04214804992079735 0.017000000923871994 -0.0027716385666280985
v 0.0393332876265049 0.017000000923871994 -0.0024944087490439415
v 0.030923878774046898 0.017000000923871994 -0.002882683416828513
v 0.0388786755502224 0.017000000923871994 -0.00212132022716105
v 0.03099999949336052 0.017000000923871994 -0.0024999999441206455
v 0.038505591452121735 0.017000000923871994 -0.0016667107120156288
v 0.030923878774046898 0.017000000923871994 -0.002117316471412778
v 0.038228362798690796 0.017000000923871994 -0.001148050301708281
v 0.03070710599422455 0.017000000923871994 -0.0017928931629285216
v 0.03805764392018318 0.017000000923871994 -0.0005852709873579443
v 0.030382683500647545 0.017000000923871994 -0.001576120499521494
v 0.03799999877810478 0.017000000923871994 1.5952700891232272e-17
v 0.03805764392018318 0.017000000923871994 0.0005852709873579443
v 0.029999999329447746 0.017000000923871994 -0.001500000013038516
v 0.027067163959145546 0.017000000923871994 0.0028506505768746138
v 0.029617317020893097 0.017000000923871994 -0.001576120499521494
v 0.022700654342770576 0.017000000923871994 0.00229827337898314
v 0.029292892664670944 0.017000000923871994 -0.0017928931629285216
v 0.04843707010149956 0.017000000923871994 0.0009695300250314176
v 0.04824933782219887 0.017000000923871994 0.0019227900775149465
v 0.043771639466285706 0.017000000923871994 0.001148050301708281
v 0.04793994873762131 0.017000000923871994 0.002843783237040043
v 0.04312131926417351 0.017000000923871994 0.00212132022716105
v 0.04349440708756447 0.017000000923871994 0.0016667107120156288
v 0.042666710913181305 0.017000000923871994 0.0024944087490439415
v 0.04751409962773323 0.017000000923871994 0.0037170539144426584
v 0.04214804992079735 0.017000000923871994 0.0027716385666280985
v 0.04697893559932709 0.017000000923871994 0.00452794786542654
v 0.04158527031540871 0.017000000923871994 0.002942355815321207
v 0.045618269592523575 0.017000000923871994 0.005909447558224201
v 0.04634343832731247 0.017000000923871994 0.005262856371700764
v 0.037382353097200394 0.017000000923871994 0.006569827441126108
v 0.04481560364365578 0.017000000923871994 0.006456870585680008
v 0.04394890367984772 0.017000000923871994 0.0068959384225308895
v 0.04100000113248825 0.017000000923871994 0.003000000026077032
v 0.03826199471950531 0.017000000923871994 0.006982357706874609
v 0.04303271695971489 0.017000000923871994 0.00721928384155035
v 0.040414728224277496 0.017000000923871994 0.002942355815321207
v 0.039851948618888855 0.017000000923871994 0.0027716385666280985
v 0.0354212261736393 0.017000000923871994 0.005568998400121927
v 0.02921574003994465 0.017000000923871994 0.0033315890468657017
v 0.038228362798690796 0.017000000923871994 0.001148050301708281
v 0.0388786755502224 0.017000000923871994 0.00212132022716105
v 0.0393332876265049 0.017000000923871994 0.0024944087490439415
v 0.03340104967355728 0.017000000923871994 0.00469345785677433
v 0.038505591452121735 0.017000000923871994 0.0016667107120156288
v 0.03132982552051544 0.017000000923871994 0.003946669399738312
v 0.03918758034706116 0.017000000923871994 0.007277715019881725
v 0.042082421481609344 0.017000000923871994 0.007421480026096106
v 0.040143582969903946 0.017000000923871994 0.0074509428814053535
v 0.0411139577627182 0.017000000923871994 0.0074991341680288315
v 0.04100000113248825 0.017000000923871994 0.007499999832361937
v 0.05892030894756317 0.017000000923871994 0.0004810600948985666
v 0.011923879384994507 0.017000000923871994 -0.002882683416828513
v 0.028999999165534973 0.017000000923871994 -0.0024999999441206455
v 0.012000000104308128 0.017000000923871994 -0.0024999999441206455
v 0.029076119884848595 0.017000000923871994 -0.002117316471412778
v 0.011923879384994507 0.017000000923871994 -0.002117316471412778
v 0.0024944087490439415 0.017000000923871994 -0.0016667107120156288
v 0.009999999776482582 0.017000000923871994 -0.0024999999441206455
v 0.010076120495796204 0.017000000923871994 -0.002117316471412778
v 0.00212132022716105 0.017000000923871994 -0.00212132022716105
v 0.010076120495796204 0.017000000923871994 -0.002882683416828513
v 0.018299344927072525 0.017000000923871994 0.00229827337898314
v 0.011707106605172157 0.017000000923871994 -0.0017928931629285216
v 0.0016667107120156288 0.017000000923871994 -0.0024944087490439415
v 0.010999999940395355 0.017000000923871994 -0.001500000013038516
v 0.01138268318027258 0.017000000923871994 -0.001576120499521494
v 0.01393283624202013 0.017000000923871994 0.0028506505768746138
v 0.010617316700518131 0.017000000923871994 -0.001576120499521494
v 0.002942355815321207 0.017000000923871994 0.0005852709873579443
v 0.010292893275618553 0.017000000923871994 -0.0017928931629285216
v 0.0027716385666280985 0.017000000923871994 -0.001148050301708281
v 0.002942355815321207 0.017000000923871994 -0.0005852709873579443
v 0.003000000026077032 0.017000000923871994 4.058702296195564e-18
v 0.011784261092543602 0.017000000923871994 0.0033315890468657017
v 0.020500000566244125 0.017000000923871994 0.002229020930826664
v -0.0016667107120156288 0.017000000923871994 -0.0024944087490439415
v -0.001148050301708281 0.017000000923871994 -0.0027716385666280985
v -0.00212132022716105 0.017000000923871994 -0.00212132022716105
v -0.007074690889567137 0.017000000923871994 -0.0024897290859371424
v -0.0024944087490439415 0.017000000923871994 -0.0016667107120156288
v -0.0005852709873579443 0.017000000923871994 -0.002942355815321207
v -0.0027716385666280985 0.017000000923871994 -0.001148050301708281
v -0.002942355815321207 0.017000000923871994 -0.0005852709873579443
v -0.007382094860076904 0.017000000923871994 -0.0013246404705569148
v -0.007498952094465494 0.017000000923871994 -0.00012535999121610075
v -0.002942355815321207 0.017000000923871994 0.0005852709873579443
v -0.007422246038913727 0.017000000923871994 0.0010771562810987234
v -0.0027716385666280985 0.017000000923871994 0.001148050301708281
v -0.003000000026077032 0.017000000923871994 1.158979093065145e-18
v 0.01610739901661873 0.017000000923871994 0.002505756914615631
v 0.009670176543295383 0.017000000923871994 0.003946669399738312
v 0.0024944087490439415 0.017000000923871994 0.0016667107120156288
v 0.0027716385666280985 0.017000000923871994 0.001148050301708281
v 0.0016667107120156288 0.017000000923871994 0.0024944087490439415
v 0.00212132022716105 0.017000000923871994 0.00212132022716105
v 0.007598948664963245 0.017000000923871994 0.00469345785677433
v 0.024892600253224373 0.017000000923871994 0.002505756914615631
v 0.005578774027526379 0.017000000923871994 0.005568998400121927
v 0.001148050301708281 0.017000000923871994 0.0027716385666280985
v -0.0033408235758543015 0.017000000923871994 0.006714826915413141
v 0.0036176471039652824 0.017000000923871994 0.006569827441126108
v 0.0025188513100147247 0.017000000923871994 0.007064374629408121
v 0.0005852709873579443 0.017000000923871994 0.002942355815321207
v 0.001355038839392364 0.017000000923871994 0.007376575842499733
v -0.0022223799023777246 0.017000000923871994 0.007163171656429768
v -0.0067010074853897095 0.017000000923871994 0.0033684561494737864
v -0.0016667107120156288 0.017000000923871994 0.0024944087490439415
v -0.001148050301708281 0.017000000923871994 0.0027716385666280985
v -0.0024944087490439415 0.017000000923871994 0.0016667107120156288
v -0.0071539562195539474 0.017000000923871994 0.002251868834719062
v -0.00212132022716105 0.017000000923871994 0.00212132022716105
v -0.0005852709873579443 0.017000000923871994 0.002942355815321207
v -0.00607509259134531 0.017000000923871994 0.004398096352815628
v 5.489032405739595e-18 0.017000000923871994 0.003000000026077032
v -0.0010465721134096384 0.017000000923871994 0.007426619995385408
v 0.00015624990919604897 0.017000000923871994 0.007498372346162796
v 4.849741733424925e-18 0.017000000923871994 0.007499999832361937
v -0.004373033531010151 0.017000000923871994 0.006093158386647701
v -0.00529236625880003 0.017000000923871994 0.005314212758094072
v 0.04349999874830246 -0.00800000037997961 -0.008999999612569809
v 0.0436522401869297 -0.008765366859734058 -0.012000000104308128
v 0.04349999874830246 -0.00800000037997961 -0.012000000104308128
v 0.0436522401869297 -0.008765366859734058 -0.008999999612569809
v 0.0440857857465744 -0.009414213709533215 -0.008999999612569809
v 0.0440857857465744 -0.009414213709533215 -0.012000000104308128
v 0.04473463445901871 -0.009847759269177914 -0.008999999612569809
v 0.04473463445901871 -0.009847759269177914 -0.012000000104308128
v 0.045499999076128006 -0.009999999776482582 -0.008999999612569809
v 0.045499999076128006 -0.009999999776482582 -0.012000000104308128
v 0.045499999076128006 0.009999999776482582 -0.008999999612569809
v 0.04473463445901871 0.009847759269177914 -0.012000000104308128
v 0.045499999076128006 0.009999999776482582 -0.012000000104308128
v 0.04473463445901871 0.009847759269177914 -0.008999999612569809
v 0.0440857857465744 0.009414213709533215 -0.012000000104308128
v 0.0440857857465744 0.009414213709533215 -0.008999999612569809
v 0.04349999874830246 0.00800000037997961 -0.008999999612569809
v 0.04349999874830246 0.00800000037997961 -0.012000000104308128
v 0.0436522401869297 0.008765366859734058 -0.012000000104308128
v 0.0436522401869297 0.008765366859734058 -0.008999999612569809
v 0.033616118133068085 0.012383883818984032 -0.008999999612569809
v 0.03334515169262886 0.011978354305028915 -0.008999999612569809
v 0.033616118133068085 0.012383883818984032 -0.012000000104308128
v 0.033250000327825546 0.011500000022351742 -0.008999999612569809
v 0.03334515169262886 0.011978354305028915 -0.012000000104308128
v 0.03402164578437805 0.012654849328100681 -0.012000000104308128
v 0.03402164578437805 0.012654849328100681 -0.008999999612569809
v 0.03449999913573265 0.012749999761581421 -0.008999999612569809
v 0.03497835248708725 0.012654849328100681 -0.012000000104308128
v 0.03497835248708725 0.012654849328100681 -0.008999999612569809
v 0.035383883863687515 0.012383883818984032 -0.008999999612569809
v 0.035383883863687515 0.012383883818984032 -0.012000000104308128
v 0.03449999913573265 0.012749999761581421 -0.012000000104308128
v 0.03565485030412674 0.011978354305028915 -0.012000000104308128
v 0.03565485030412674 0.011978354305028915 -0.008999999612569809
v 0.033250000327825546 0.011500000022351742 -0.012000000104308128
v 0.035750001668930054 0.011500000022351742 -0.012000000104308128
v 0.03334515169262886 0.011021645739674568 -0.012000000104308128
v 0.03565485030412674 0.011021645739674568 -0.008999999612569809
v 0.035750001668930054 0.011500000022351742 -0.008999999612569809
v 0.035383883863687515 0.010616116225719452 -0.012000000104308128
v 0.03497835248708725 0.010345150716602802 -0.008999999612569809
v 0.035383883863687515 0.010616116225719452 -0.008999999612569809
v 0.03565485030412674 0.011021645739674568 -0.012000000104308128
v 0.033616118133068085 0.010616116225719452 -0.012000000104308128
v 0.03334515169262886 0.011021645739674568 -0.008999999612569809
v 0.033616118133068085 0.010616116225719452 -0.008999999612569809
v 0.03449999913573265 0.010250000283122063 -0.012000000104308128
v 0.03402164578437805 0.010345150716602802 -0.008999999612569809
v 0.03449999913573265 0.010250000283122063 -0.008999999612569809
v 0.03402164578437805 0.010345150716602802 -0.012000000104308128
v 0.03497835248708725 0.010345150716602802 -0.012000000104308128
v 0.033616118133068085 -0.010616116225719452 -0.008999999612569809
v 0.03334515169262886 -0.011021645739674568 -0.008999999612569809
v 0.033616118133068085 -0.010616116225719452 -0.012000000104308128
v 0.033250000327825546 -0.011500000022351742 -0.008999999612569809
v 0.03334515169262886 -0.011021645739674568 -0.012000000104308128
v 0.03402164578437805 -0.010345150716602802 -0.012000000104308128
v 0.03402164578437805 -0.010345150716602802 -0.008999999612569809
v 0.03449999913573265 -0.010250000283122063 -0.008999999612569809
v 0.03497835248708725 -0.010345150716602802 -0.012000000104308128
v 0.03497835248708725 -0.010345150716602802 -0.008999999612569809
v 0.035383883863687515 -0.010616116225719452 -0.012000000104308128
v 0.035383883863687515 -0.010616116225719452 -0.008999999612569809
v 0.03449999913573265 -0.010250000283122063 -0.012000000104308128
v 0.03565485030412674 -0.011021645739674568 -0.012000000104308128
v 0.03565485030412674 -0.011021645739674568 -0.008999999612569809
v 0.033250000327825546 -0.011500000022351742 -0.012000000104308128
v 0.035750001668930054 -0.011500000022351742 -0.008999999612569809
v 0.03334515169262886 -0.011978354305028915 -0.008999999612569809
v 0.035750001668930054 -0.011500000022351742 -0.012000000104308128
v 0.03565485030412674 -0.011978354305028915 -0.008999999612569809
v 0.035383883863687515 -0.012383883818984032 -0.012000000104308128
v 0.03497835248708725 -0.012654849328100681 -0.008999999612569809
v 0.035383883863687515 -0.012383883818984032 -0.008999999612569809
v 0.03565485030412674 -0.011978354305028915 -0.012000000104308128
v 0.033616118133068085 -0.012383883818984032 -0.012000000104308128
v 0.033616118133068085 -0.012383883818984032 -0.008999999612569809
v 0.03449999913573265 -0.012749999761581421 -0.012000000104308128
v 0.03402164578437805 -0.012654849328100681 -0.008999999612569809
v 0.03449999913573265 -0.012749999761581421 -0.008999999612569809
v 0.03402164578437805 -0.012654849328100681 -0.012000000104308128
v 0.03497835248708725 -0.012654849328100681 -0.012000000104308128
v 0.03334515169262886 -0.011978354305028915 -0.012000000104308128
v 0.013845150358974934 0.011978354305028915 -0.012000000104308128
v 0.013845150358974934 0.011978354305028915 -0.008999999612569809
v 0.013749999925494194 0.011500000022351742 -0.008999999612569809
v 0.014116116799414158 0.012383883818984032 -0.012000000104308128
v 0.014116116799414158 0.012383883818984032 -0.008999999612569809
v 0.0145216453820467 0.012654849328100681 -0.008999999612569809
v 0.015478353947401047 0.012654849328100681 -0.008999999612569809
v 0.014999999664723873 0.012749999761581421 -0.008999999612569809
v 0.015478353947401047 0.012654849328100681 -0.012000000104308128
v 0.015883883461356163 0.012383883818984032 -0.012000000104308128
v 0.015883883461356163 0.012383883818984032 -0.008999999612569809
v 0.014999999664723873 0.012749999761581421 -0.012000000104308128
v 0.016154849901795387 0.011978354305028915 -0.008999999612569809
v 0.016154849901795387 0.011978354305028915 -0.012000000104308128
v 0.013749999925494194 0.011500000022351742 -0.012000000104308128
v 0.0145216453820467 0.012654849328100681 -0.012000000104308128
v 0.016249999403953552 0.011500000022351742 -0.012000000104308128
v 0.013845150358974934 0.011021645739674568 -0.008999999612569809
v 0.016154849901795387 0.011021645739674568 -0.008999999612569809
v 0.016249999403953552 0.011500000022351742 -0.008999999612569809
v 0.015883883461356163 0.010616116225719452 -0.012000000104308128
v 0.015478353947401047 0.010345150716602802 -0.008999999612569809
v 0.015883883461356163 0.010616116225719452 -0.008999999612569809
v 0.016154849901795387 0.011021645739674568 -0.012000000104308128
v 0.014116116799414158 0.010616116225719452 -0.012000000104308128
v 0.014116116799414158 0.010616116225719452 -0.008999999612569809
v 0.0145216453820467 0.010345150716602802 -0.008999999612569809
v 0.014999999664723873 0.010250000283122063 -0.012000000104308128
v 0.014999999664723873 0.010250000283122063 -0.008999999612569809
v 0.015478353947401047 0.010345150716602802 -0.012000000104308128
v 0.013845150358974934 0.011021645739674568 -0.012000000104308128
v 0.0145216453820467 0.010345150716602802 -0.012000000104308128
v 0.014116116799414158 -0.010616116225719452 -0.008999999612569809
v 0.013845150358974934 -0.011021645739674568 -0.008999999612569809
v 0.013845150358974934 -0.011021645739674568 -0.012000000104308128
v 0.014116116799414158 -0.010616116225719452 -0.012000000104308128
v 0.0145216453820467 -0.010345150716602802 -0.008999999612569809
v 0.013749999925494194 -0.011500000022351742 -0.008999999612569809
v 0.013749999925494194 -0.011500000022351742 -0.012000000104308128
v 0.015478353947401047 -0.010345150716602802 -0.008999999612569809
v 0.014999999664723873 -0.010250000283122063 -0.008999999612569809
v 0.014999999664723873 -0.010250000283122063 -0.012000000104308128
v 0.015478353947401047 -0.010345150716602802 -0.012000000104308128
v 0.015883883461356163 -0.010616116225719452 -0.008999999612569809
v 0.0145216453820467 -0.010345150716602802 -0.012000000104308128
v 0.016154849901795387 -0.011021645739674568 -0.008999999612569809
v 0.015883883461356163 -0.010616116225719452 -0.012000000104308128
v 0.016154849901795387 -0.011021645739674568 -0.012000000104308128
v 0.016249999403953552 -0.011500000022351742 -0.012000000104308128
v 0.013845150358974934 -0.011978354305028915 -0.008999999612569809
v 0.016154849901795387 -0.011978354305028915 -0.008999999612569809
v 0.016249999403953552 -0.011500000022351742 -0.008999999612569809
v 0.015478353947401047 -0.012654849328100681 -0.012000000104308128
v 0.015478353947401047 -0.012654849328100681 -0.008999999612569809
v 0.015883883461356163 -0.012383883818984032 -0.008999999612569809
v 0.015883883461356163 -0.012383883818984032 -0.012000000104308128
v 0.014116116799414158 -0.012383883818984032 -0.012000000104308128
v 0.014116116799414158 -0.012383883818984032 -0.008999999612569809
v 0.0145216453820467 -0.012654849328100681 -0.008999999612569809
v 0.0145216453820467 -0.012654849328100681 -0.012000000104308128
v 0.014999999664723873 -0.012749999761581421 -0.008999999612569809
v 0.013845150358974934 -0.011978354305028915 -0.012000000104308128
v 0.014999999664723873 -0.012749999761581421 -0.012000000104308128
v 0.016154849901795387 -0.011978354305028915 -0.012000000104308128
v 0.004999999888241291 0.017000000923871994 -0.012000000104308128
v 0.004999999888241291 -0.017000000923871994 -0.012000000104308128
v 0.004999999888241291 -0.017000000923871994 -0.008999999612569809
v 0.004999999888241291 0.017000000923871994 -0.008999999612569809
v 0.048500001430511475 0.009999999776482582 -0.008999999612569809
v 0.048500001430511475 0.017000000923871994 -0.012000000104308128
v 0.048500001430511475 0.017000000923871994 -0.008999999612569809
v 0.048500001430511475 0.009999999776482582 -0.012000000104308128
v 0.045499999076128006 0.009999999776482582 -0.008999999612569809
v 0.048500001430511475 0.009999999776482582 -0.012000000104308128
v 0.048500001430511475 0.009999999776482582 -0.008999999612569809
v 0.045499999076128006 0.009999999776482582 -0.012000000104308128
v 0.04349999874830246 -0.00800000037997961 -0.008999999612569809
v 0.04349999874830246 0.00800000037997961 -0.012000000104308128
v 0.04349999874830246 0.00800000037997961 -0.008999999612569809
v 0.04349999874830246 -0.00800000037997961 -0.012000000104308128
v 0.048500001430511475 -0.009999999776482582 -0.012000000104308128
v 0.045499999076128006 -0.009999999776482582 -0.012000000104308128
v 0.045499999076128006 -0.009999999776482582 -0.008999999612569809
v 0.048500001430511475 -0.009999999776482582 -0.008999999612569809
v 0.048500001430511475 -0.017000000923871994 -0.008999999612569809
v 0.048500001430511475 -0.009999999776482582 -0.012000000104308128
v 0.048500001430511475 -0.009999999776482582 -0.008999999612569809
v 0.048500001430511475 -0.017000000923871994 -0.012000000104308128
v 0.013749999925494194 -0.011500000022351742 -0.012000000104308128
v 0.013845150358974934 -0.011978354305028915 -0.012000000104308128
v 0.004999999888241291 -0.017000000923871994 -0.012000000104308128
v 0.014116116799414158 -0.012383883818984032 -0.012000000104308128
v 0.0145216453820467 -0.012654849328100681 -0.012000000104308128
v 0.014999999664723873 -0.012749999761581421 -0.012000000104308128
v 0.015478353947401047 -0.012654849328100681 -0.012000000104308128
v 0.013845150358974934 -0.011021645739674568 -0.012000000104308128
v 0.014999999664723873 0.010250000283122063 -0.012000000104308128
v 0.014999999664723873 -0.010250000283122063 -0.012000000104308128
v 0.0145216453820467 -0.010345150716602802 -0.012000000104308128
v 0.0145216453820467 0.010345150716602802 -0.012000000104308128
v 0.014116116799414158 -0.010616116225719452 -0.012000000104308128
v 0.014116116799414158 0.010616116225719452 -0.012000000104308128
v 0.033616118133068085 -0.012383883818984032 -0.012000000104308128
v 0.015883883461356163 -0.012383883818984032 -0.012000000104308128
v 0.03334515169262886 -0.011978354305028915 -0.012000000104308128
v 0.033250000327825546 -0.011500000022351742 -0.012000000104308128
v 0.016154849901795387 -0.011978354305028915 -0.012000000104308128
v 0.016249999403953552 -0.011500000022351742 -0.012000000104308128
v 0.03402164578437805 -0.012654849328100681 -0.012000000104308128
v 0.015883883461356163 -0.010616116225719452 -0.012000000104308128
v 0.015478353947401047 -0.010345150716602802 -0.012000000104308128
v 0.03402164578437805 -0.010345150716602802 -0.012000000104308128
v 0.03334515169262886 -0.011021645739674568 -0.012000000104308128
v 0.016154849901795387 -0.011021645739674568 -0.012000000104308128
v 0.033616118133068085 -0.010616116225719452 -0.012000000104308128
v 0.015478353947401047 0.010345150716602802 -0.012000000104308128
v 0.03402164578437805 0.010345150716602802 -0.012000000104308128
v 0.004999999888241291 0.017000000923871994 -0.012000000104308128
v 0.013749999925494194 0.011500000022351742 -0.012000000104308128
v 0.013845150358974934 0.011021645739674568 -0.012000000104308128
v 0.014116116799414158 0.012383883818984032 -0.012000000104308128
v 0.013845150358974934 0.011978354305028915 -0.012000000104308128
v 0.014999999664723873 0.012749999761581421 -0.012000000104308128
v 0.0145216453820467 0.012654849328100681 -0.012000000104308128
v 0.015478353947401047 0.012654849328100681 -0.012000000104308128
v 0.033616118133068085 0.010616116225719452 -0.012000000104308128
v 0.015883883461356163 0.010616116225719452 -0.012000000104308128
v 0.03334515169262886 0.011021645739674568 -0.012000000104308128
v 0.033250000327825546 0.011500000022351742 -0.012000000104308128
v 0.016154849901795387 0.011021645739674568 -0.012000000104308128
v 0.016249999403953552 0.011500000022351742 -0.012000000104308128
v 0.015883883461356163 0.012383883818984032 -0.012000000104308128
v 0.03402164578437805 0.012654849328100681 -0.012000000104308128
v 0.03334515169262886 0.011978354305028915 -0.012000000104308128
v 0.016154849901795387 0.011978354305028915 -0.012000000104308128
v 0.033616118133068085 0.012383883818984032 -0.012000000104308128
v 0.048500001430511475 -0.017000000923871994 -0.012000000104308128
v 0.03449999913573265 -0.012749999761581421 -0.012000000104308128
v 0.03497835248708725 -0.012654849328100681 -0.012000000104308128
v 0.035383883863687515 -0.012383883818984032 -0.012000000104308128
v 0.04349999874830246 -0.00800000037997961 -0.012000000104308128
v 0.035383883863687515 -0.010616116225719452 -0.012000000104308128
v 0.03497835248708725 -0.010345150716602802 -0.012000000104308128
v 0.03449999913573265 -0.010250000283122063 -0.012000000104308128
v 0.03449999913573265 0.010250000283122063 -0.012000000104308128
v 0.0440857857465744 -0.009414213709533215 -0.012000000104308128
v 0.03565485030412674 -0.011978354305028915 -0.012000000104308128
v 0.035750001668930054 -0.011500000022351742 -0.012000000104308128
v 0.04473463445901871 -0.009847759269177914 -0.012000000104308128
v 0.03565485030412674 -0.011021645739674568 -0.012000000104308128
v 0.045499999076128006 -0.009999999776482582 -0.012000000104308128
v 0.048500001430511475 -0.009999999776482582 -0.012000000104308128
v 0.0436522401869297 -0.008765366859734058 -0.012000000104308128
v 0.04349999874830246 0.00800000037997961 -0.012000000104308128
v 0.03497835248708725 0.010345150716602802 -0.012000000104308128
v 0.035383883863687515 0.010616116225719452 -0.012000000104308128
v 0.048500001430511475 0.017000000923871994 -0.012000000104308128
v 0.035383883863687515 0.012383883818984032 -0.012000000104308128
v 0.03497835248708725 0.012654849328100681 -0.012000000104308128
v 0.03449999913573265 0.012749999761581421 -0.012000000104308128
v 0.03565485030412674 0.011021645739674568 -0.012000000104308128
v 0.0436522401869297 0.008765366859734058 -0.012000000104308128
v 0.045499999076128006 0.009999999776482582 -0.012000000104308128
v 0.04473463445901871 0.009847759269177914 -0.012000000104308128
v 0.03565485030412674 0.011978354305028915 -0.012000000104308128
v 0.0440857857465744 0.009414213709533215 -0.012000000104308128
v 0.035750001668930054 0.011500000022351742 -0.012000000104308128
v 0.048500001430511475 0.009999999776482582 -0.012000000104308128
v 0.004999999888241291 -0.017000000923871994 -0.008999999612569809
v 0.013845150358974934 -0.011978354305028915 -0.008999999612569809
v 0.013749999925494194 -0.011500000022351742 -0.008999999612569809
v 0.014116116799414158 -0.012383883818984032 -0.008999999612569809
v 0.0145216453820467 -0.012654849328100681 -0.008999999612569809
v 0.014999999664723873 -0.012749999761581421 -0.008999999612569809
v 0.015478353947401047 -0.012654849328100681 -0.008999999612569809
v 0.013845150358974934 -0.011021645739674568 -0.008999999612569809
v 0.0145216453820467 -0.010345150716602802 -0.008999999612569809
v 0.014999999664723873 -0.010250000283122063 -0.008999999612569809
v 0.014999999664723873 0.010250000283122063 -0.008999999612569809
v 0.014116116799414158 -0.010616116225719452 -0.008999999612569809
v 0.0145216453820467 0.010345150716602802 -0.008999999612569809
v 0.014116116799414158 0.010616116225719452 -0.008999999612569809
v 0.033616118133068085 -0.012383883818984032 -0.008999999612569809
v 0.016154849901795387 -0.011978354305028915 -0.008999999612569809
v 0.015883883461356163 -0.012383883818984032 -0.008999999612569809
v 0.016249999403953552 -0.011500000022351742 -0.008999999612569809
v 0.033250000327825546 -0.011500000022351742 -0.008999999612569809
v 0.03334515169262886 -0.011978354305028915 -0.008999999612569809
v 0.03402164578437805 -0.010345150716602802 -0.008999999612569809
v 0.015478353947401047 -0.010345150716602802 -0.008999999612569809
v 0.015883883461356163 -0.010616116225719452 -0.008999999612569809
v 0.016154849901795387 -0.011021645739674568 -0.008999999612569809
v 0.03334515169262886 -0.011021645739674568 -0.008999999612569809
v 0.033616118133068085 -0.010616116225719452 -0.008999999612569809
v 0.03402164578437805 -0.012654849328100681 -0.008999999612569809
v 0.015478353947401047 0.010345150716602802 -0.008999999612569809
v 0.013845150358974934 0.011021645739674568 -0.008999999612569809
v 0.013749999925494194 0.011500000022351742 -0.008999999612569809
v 0.004999999888241291 0.017000000923871994 -0.008999999612569809
v 0.013845150358974934 0.011978354305028915 -0.008999999612569809
v 0.014116116799414158 0.012383883818984032 -0.008999999612569809
v 0.0145216453820467 0.012654849328100681 -0.008999999612569809
v 0.014999999664723873 0.012749999761581421 -0.008999999612569809
v 0.015478353947401047 0.012654849328100681 -0.008999999612569809
v 0.03334515169262886 0.011021645739674568 -0.008999999612569809
v 0.015883883461356163 0.010616116225719452 -0.008999999612569809
v 0.033616118133068085 0.010616116225719452 -0.008999999612569809
v 0.016249999403953552 0.011500000022351742 -0.008999999612569809
v 0.016154849901795387 0.011021645739674568 -0.008999999612569809
v 0.033250000327825546 0.011500000022351742 -0.008999999612569809
v 0.03402164578437805 0.012654849328100681 -0.008999999612569809
v 0.015883883461356163 0.012383883818984032 -0.008999999612569809
v 0.016154849901795387 0.011978354305028915 -0.008999999612569809
v 0.03334515169262886 0.011978354305028915 -0.008999999612569809
v 0.03402164578437805 0.010345150716602802 -0.008999999612569809
v 0.033616118133068085 0.012383883818984032 -0.008999999612569809
v 0.03497835248708725 -0.012654849328100681 -0.008999999612569809
v 0.03449999913573265 -0.012749999761581421 -0.008999999612569809
v 0.048500001430511475 -0.017000000923871994 -0.008999999612569809
v 0.035383883863687515 -0.012383883818984032 -0.008999999612569809
v 0.03497835248708725 -0.010345150716602802 -0.008999999612569809
v 0.035383883863687515 -0.010616116225719452 -0.008999999612569809
v 0.04349999874830246 -0.00800000037997961 -0.008999999612569809
v 0.03449999913573265 -0.010250000283122063 -0.008999999612569809
v 0.03449999913573265 0.010250000283122063 -0.008999999612569809
v 0.035750001668930054 -0.011500000022351742 -0.008999999612569809
v 0.03565485030412674 -0.011978354305028915 -0.008999999612569809
v 0.0440857857465744 -0.009414213709533215 -0.008999999612569809
v 0.04473463445901871 -0.009847759269177914 -0.008999999612569809
v 0.03565485030412674 -0.011021645739674568 -0.008999999612569809
v 0.048500001430511475 -0.009999999776482582 -0.008999999612569809
v 0.045499999076128006 -0.009999999776482582 -0.008999999612569809
v 0.0436522401869297 -0.008765366859734058 -0.008999999612569809
v 0.03497835248708725 0.010345150716602802 -0.008999999612569809
v 0.04349999874830246 0.00800000037997961 -0.008999999612569809
v 0.035383883863687515 0.010616116225719452 -0.008999999612569809
v 0.03497835248708725 0.012654849328100681 -0.008999999612569809
v 0.035383883863687515 0.012383883818984032 -0.008999999612569809
v 0.048500001430511475 0.017000000923871994 -0.008999999612569809
v 0.03449999913573265 0.012749999761581421 -0.008999999612569809
v 0.0436522401869297 0.008765366859734058 -0.008999999612569809
v 0.03565485030412674 0.011021645739674568 -0.008999999612569809
v 0.04473463445901871 0.009847759269177914 -0.008999999612569809
v 0.045499999076128006 0.009999999776482582 -0.008999999612569809
v 0.0440857857465744 0.009414213709533215 -0.008999999612569809
v 0.03565485030412674 0.011978354305028915 -0.008999999612569809
v 0.035750001668930054 0.011500000022351742 -0.008999999612569809
v 0.048500001430511475 0.009999999776482582 -0.008999999612569809
v 0.0525432787835598 -0.017000000923871994 -0.021296100690960884
v 0.05198881775140762 -0.017000000923871994 -0.02233342081308365
v 0.05032587796449661 -0.017000000923871994 -0.021222280338406563
v 0.05288471281528473 -0.017000000923871994 -0.0201705414801836
v 0.050695519894361496 -0.017000000923871994 -0.020530734211206436
v 0.05299999937415123 -0.017000000923871994 -0.01899999938905239
v 0.050923142582178116 -0.017000000923871994 -0.019780362024903297
v 0.0512426421046257 -0.017000000923871994 -0.023242641240358353
v 0.0503334179520607 -0.017000000923871994 -0.023988816887140274
v 0.048530735075473785 -0.017000000923871994 -0.022695519030094147
v 0.04922227934002876 -0.017000000923871994 -0.022325878962874413
v 0.0498284287750721 -0.017000000923871994 -0.02182842791080475
v 0.050999999046325684 -0.017000000923871994 -0.01899999938905239
v 0.050923142582178116 -0.017000000923871994 -0.018219638615846634
v 0.05299999937415123 -0.017000000923871994 -0.017000000923871994
v 0.0498284287750721 -0.017000000923871994 -0.016171572729945183
v 0.04922227934002876 -0.017000000923871994 -0.01567412167787552
v 0.05550000071525574 -0.017000000923871994 -0.017000000923871994
v 0.05851563438773155 -0.017000000923871994 -0.016487646847963333
v 0.05702942609786987 -0.017000000923871994 -0.016870999708771706
v 0.050695519894361496 -0.017000000923871994 -0.017469266429543495
v 0.05032587796449661 -0.017000000923871994 -0.01677771843969822
v 0.05991663783788681 -0.017000000923871994 -0.015860771760344505
v 0.0481705404818058 -0.017000000923871994 -0.02488471195101738
v 0.04699999839067459 -0.017000000923871994 -0.02500000037252903
v 0.04699999839067459 -0.017000000923871994 -0.023000000044703484
v 0.049296099692583084 -0.017000000923871994 -0.02454327791929245
v 0.0477803610265255 -0.017000000923871994 -0.022923141717910767
v 0.04582945629954338 -0.017000000923871994 -0.02488471195101738
v 0.044703900814056396 -0.017000000923871994 -0.02454327791929245
v 0.04366657882928848 -0.017000000923871994 -0.023988816887140274
v 0.04621963948011398 -0.017000000923871994 -0.022923141717910767
v 0.04605674743652344 -0.017000000923871994 -0.02288719452917576
v 0.045469265431165695 -0.017000000923871994 -0.022695519030094147
v 0.04477771744132042 -0.017000000923871994 -0.022325878962874413
v 0.04275735840201378 -0.017000000923871994 -0.023242641240358353
v 0.04367412254214287 -0.017000000923871994 -0.021222280338406563
v 0.044171568006277084 -0.017000000923871994 -0.02182842791080475
v 0.04201117902994156 -0.017000000923871994 -0.02233342081308365
v 0.043304480612277985 -0.017000000923871994 -0.020530734211206436
v 0.04145672172307968 -0.017000000923871994 -0.021296100690960884
v 0.06323119252920151 -0.017000000923871994 -0.01272735744714737
v 0.06230820342898369 -0.017000000923871994 -0.013953683897852898
v 0.056676506996154785 -0.017000000923871994 -0.010859612375497818
v 0.06393572688102722 -0.017000000923871994 -0.011363757774233818
v 0.057878945022821426 -0.017000000923871994 -0.010397796519100666
v 0.06440191715955734 -0.017000000923871994 -0.009901412762701511
v 0.05892350524663925 -0.017000000923871994 -0.009644120931625366
v 0.06119284778833389 -0.017000000923871994 -0.01500808633863926
v 0.05539599061012268 -0.017000000923871994 -0.010998917743563652
v 0.059740860015153885 -0.017000000923871994 -0.008648602291941643
v 0.06457363814115524 -0.017000000923871994 -0.006847386714071035
v 0.06461657583713531 -0.017000000923871994 -0.00838164146989584
v 0.06027677282691002 -0.017000000923871994 -0.007477308623492718
v 0.06049567461013794 -0.017000000923871994 -0.006207973230630159
v 0.06427432596683502 -0.017000000923871994 -0.005341998301446438
v 0.06038303300738335 -0.017000000923871994 -0.004924835171550512
v 0.06372708827257156 -0.017000000923871994 -0.00390801252797246
v 0.05994633212685585 -0.017000000923871994 -0.003713051090016961
v 0.06294739991426468 -0.017000000923871994 -0.002585946349427104
v 0.048530735075473785 -0.017000000923871994 -0.015304481610655785
v 0.048500001430511475 -0.017000000923871994 -0.012000000104308128
v 0.04699999839067459 -0.017000000923871994 -0.014999999664723873
v 0.0477803610265255 -0.017000000923871994 -0.015076858922839165
v 0.026750000193715096 -0.017000000923871994 -0.012000000104308128
v 0.045469265431165695 -0.017000000923871994 -0.015304481610655785
v 0.04477771744132042 -0.017000000923871994 -0.01567412167787552
v 0.04621963948011398 -0.017000000923871994 -0.015076858922839165
v 0.054122377187013626 -0.017000000923871994 -0.010806470178067684
v 0.048500001430511475 -0.017000000923871994 -0.008999999612569809
v 0.05115264281630516 -0.017000000923871994 -0.00846991315484047
v 0.05192788317799568 -0.017000000923871994 -0.009498568251729012
v 0.052940189838409424 -0.017000000923871994 -0.010295039974153042
v 0.048500001430511475 -0.017000000923871994 -0.005499999970197678
v 0.05066591128706932 -0.017000000923871994 -0.007277342025190592
v 0.05050000175833702 -0.017000000923871994 -0.005499999970197678
v 0.05050000175833702 -0.017000000923871994 -0.006000000052154064
v 0.026750000193715096 -0.017000000923871994 -0.008999999612569809
v 0.040414728224277496 -0.017000000923871994 -0.002942355815321207
v 0.04100000113248825 -0.017000000923871994 -0.017999999225139618
v 0.044171568006277084 -0.017000000923871994 -0.016171572729945183
v 0.04367412254214287 -0.017000000923871994 -0.01677771843969822
v 0.04100000113248825 -0.017000000923871994 -0.003000000026077032
v 0.030382683500647545 -0.017000000923871994 -0.003423879621550441
v 0.00812132004648447 -0.017000000923871994 -0.021121321246027946
v 0.010157347656786442 -0.017000000923871994 -0.02177785150706768
v 0.007666710764169693 -0.017000000923871994 -0.021494409069418907
v 0.008777851238846779 -0.017000000923871994 -0.023157348856329918
v 0.007913417182862759 -0.017000000923871994 -0.0236193984746933
v 0.006585271097719669 -0.017000000923871994 -0.02194235660135746
v 0.007399087306112051 -0.017000000923871994 -0.021653780713677406
v 0.009535534307360649 -0.017000000923871994 -0.02253553457558155
v 0.007148050237447023 -0.017000000923871994 -0.021771637722849846
v 0.010619397275149822 -0.017000000923871994 -0.020913416519761086
v 0.010999999940395355 -0.017000000923871994 -0.01899999938905239
v 0.010903926566243172 -0.017000000923871994 -0.01997545175254345
v 0.008942355401813984 -0.017000000923871994 -0.019585270434617996
v 0.04111528769135475 -0.017000000923871994 -0.0201705414801836
v 0.008771637454628944 -0.017000000923871994 -0.020148050040006638
v 0.008494408801198006 -0.017000000923871994 -0.020666711032390594
v 0.008999999612569809 -0.017000000923871994 -0.01899999938905239
v 0.04100000113248825 -0.017000000923871994 -0.01899999938905239
v 0.043076857924461365 -0.017000000923871994 -0.019780362024903297
v 0.006000000052154064 -0.017000000923871994 -0.02199999988079071
v 0.006975451484322548 -0.017000000923871994 -0.023903926834464073
v 0.006000000052154064 -0.017000000923871994 -0.024000000208616257
v 0.0050245486199855804 -0.017000000923871994 -0.023903926834464073
v 0.029617317020893097 -0.017000000923871994 -0.003423879621550441
v 0.029292892664670944 -0.017000000923871994 -0.0032071068417280912
v 0.00408658292144537 -0.017000000923871994 -0.0236193984746933
v 0.002464466029778123 -0.017000000923871994 -0.02253553457558155
v 0.005414729006588459 -0.017000000923871994 -0.02194235660135746
v 0.0032221488654613495 -0.017000000923871994 -0.023157348856329918
v 0.004851949866861105 -0.017000000923871994 -0.021771637722849846
v 0.026000000536441803 -0.017000000923871994 -0.017999999225139618
v 0.010999999940395355 -0.017000000923871994 -0.017999999225139618
v 0.01138268318027258 -0.017000000923871994 -0.003423879621550441
v 0.004999999888241291 -0.017000000923871994 -0.008999999612569809
v 0.004333289340138435 -0.017000000923871994 -0.021494409069418907
v 0.0013806023634970188 -0.017000000923871994 -0.020913416519761086
v 0.003505591070279479 -0.017000000923871994 -0.020666711032390594
v 0.0038786795921623707 -0.017000000923871994 -0.021121321246027946
v 0.0018426519818603992 -0.017000000923871994 -0.02177785150706768
v 0.0010960736544802785 -0.017000000923871994 -0.01997545175254345
v 0.003057644236832857 -0.017000000923871994 -0.019585270434617996
v 0.003228361252695322 -0.017000000923871994 -0.020148050040006638
v 0.0010000000474974513 -0.017000000923871994 -0.01899999938905239
v 0.043076857924461365 -0.017000000923871994 -0.018219638615846634
v 0.0430000014603138 -0.017000000923871994 -0.01899999938905239
v 0.043304480612277985 -0.017000000923871994 -0.017469266429543495
v 0.008942355401813984 -0.017000000923871994 -0.018414728343486786
v 0.029999999329447746 -0.017000000923871994 -0.0035000001080334187
v 0.008771637454628944 -0.017000000923871994 -0.017851950600743294
v 0.008494408801198006 -0.017000000923871994 -0.017333289608359337
v 0.011923879384994507 -0.017000000923871994 -0.002882683416828513
v 0.011707106605172157 -0.017000000923871994 -0.0032071068417280912
v 0.010617316700518131 -0.017000000923871994 -0.003423879621550441
v 0.010999999940395355 -0.017000000923871994 -0.0035000001080334187
v 0.007148050237447023 -0.017000000923871994 -0.016228361055254936
v 0.004999999888241291 -0.017000000923871994 -0.012000000104308128
v 0.03070710599422455 -0.017000000923871994 -0.0032071068417280912
v 0.039851948618888855 -0.017000000923871994 -0.0027716385666280985
v 0.0005852709873579443 -0.017000000923871994 -0.002942355815321207
v 0.00812132004648447 -0.017000000923871994 -0.016878679394721985
v 0.0010000000474974513 -0.017000000923871994 -0.017500000074505806
v 0.0038786795921623707 -0.017000000923871994 -0.016878679394721985
v 0.003505591070279479 -0.017000000923871994 -0.017333289608359337
v 0.003000000026077032 -0.017000000923871994 -0.01899999938905239
v 0.003057644236832857 -0.017000000923871994 -0.018414728343486786
v 0.003228361252695322 -0.017000000923871994 -0.017851950600743294
v 0.004333289340138435 -0.017000000923871994 -0.016505591571331024
v 0.007666710764169693 -0.017000000923871994 -0.016505591571331024
v 0.006585271097719669 -0.017000000923871994 -0.01605764403939247
v 0.006000000052154064 -0.017000000923871994 -0.01600000075995922
v 0.005414729006588459 -0.017000000923871994 -0.01605764403939247
v 0.004851949866861105 -0.017000000923871994 -0.016228361055254936
v -0.0065846736542880535 -0.017000000923871994 -0.0035905528347939253
v -9.044296864703748e-18 -0.017000000923871994 -0.003000000026077032
v 0.010292893275618553 -0.017000000923871994 -0.0032071068417280912
v 0.001148050301708281 -0.017000000923871994 -0.0027716385666280985
v 0.06195727363228798 -0.017000000923871994 -0.0014131554635241628
v 0.05921454727649689 -0.017000000923871994 -0.0026530406903475523
v 0.06078470125794411 -0.017000000923871994 -0.0004227776371408254
v 0.058236245065927505 -0.017000000923871994 -0.0018151518888771534
v 0.057899557054042816 -0.017000000923871994 -0.001490436028689146
v 0.042666710913181305 -0.017000000923871994 -0.0024944087490439415
v 0.04312131926417351 -0.017000000923871994 -0.00212132022716105
v 0.048500001430511475 -0.017000000923871994 1.5102860492978967e-17
v 0.04349440708756447 -0.017000000923871994 -0.0016667107120156288
v 0.043771639466285706 -0.017000000923871994 -0.001148050301708281
v 0.04214804992079735 -0.017000000923871994 -0.0027716385666280985
v 0.05768211930990219 -0.017000000923871994 -0.000597521138843149
v 0.05783182755112648 -0.017000000923871994 -0.00015436089597642422
v 0.05946280434727669 -0.017000000923871994 0.0003572037676349282
v 0.05813395977020264 -0.017000000923871994 0.00020273715199436992
v 0.057705797255039215 -0.017000000923871994 -0.0010646858718246222
v 0.04399999976158142 -0.017000000923871994 1.0151601364517246e-17
v 0.04394235461950302 -0.017000000923871994 -0.0005852709873579443
v 0.04394235461950302 -0.017000000923871994 0.0005852709873579443
v 0.04158527031540871 -0.017000000923871994 -0.002942355815321207
v 0.030923878774046898 -0.017000000923871994 -0.002882683416828513
v 0.0393332876265049 -0.017000000923871994 -0.0024944087490439415
v 0.03099999949336052 -0.017000000923871994 -0.0024999999441206455
v 0.0388786755502224 -0.017000000923871994 -0.00212132022716105
v 0.038505591452121735 -0.017000000923871994 -0.0016667107120156288
v 0.038228362798690796 -0.017000000923871994 -0.001148050301708281
v 0.030923878774046898 -0.017000000923871994 -0.002117316471412778
v 0.03805764392018318 -0.017000000923871994 -0.0005852709873579443
v 0.03070710599422455 -0.017000000923871994 -0.0017928931629285216
v 0.03799999877810478 -0.017000000923871994 1.0518995287943899e-17
v 0.030382683500647545 -0.017000000923871994 -0.001576120499521494
v 0.029999999329447746 -0.017000000923871994 -0.001500000013038516
v 0.03805764392018318 -0.017000000923871994 0.0005852709873579443
v 0.029617317020893097 -0.017000000923871994 -0.001576120499521494
v 0.027067163959145546 -0.017000000923871994 0.0028506505768746138
v 0.029292892664670944 -0.017000000923871994 -0.0017928931629285216
v 0.022700654342770576 -0.017000000923871994 0.00229827337898314
v 0.05854620784521103 -0.017000000923871994 0.0004237670509610325
v 0.05892030894756317 -0.017000000923871994 0.0004810600948985666
v 0.05901084467768669 -0.017000000923871994 0.0004777770082000643
v 0.04843707010149956 -0.017000000923871994 0.0009695300250314176
v 0.043771639466285706 -0.017000000923871994 0.001148050301708281
v 0.04793994873762131 -0.017000000923871994 0.002843783237040043
v 0.04349440708756447 -0.017000000923871994 0.0016667107120156288
v 0.04312131926417351 -0.017000000923871994 0.00212132022716105
v 0.04824933782219887 -0.017000000923871994 0.0019227900775149465
v 0.04751409962773323 -0.017000000923871994 0.0037170539144426584
v 0.042666710913181305 -0.017000000923871994 0.0024944087490439415
v 0.04697893559932709 -0.017000000923871994 0.00452794786542654
v 0.04214804992079735 -0.017000000923871994 0.0027716385666280985
v 0.04158527031540871 -0.017000000923871994 0.002942355815321207
v 0.04634343832731247 -0.017000000923871994 0.005262856371700764
v 0.04394890367984772 -0.017000000923871994 0.0068959384225308895
v 0.04481560364365578 -0.017000000923871994 0.006456870585680008
v 0.037382353097200394 -0.017000000923871994 0.006569827441126108
v 0.04100000113248825 -0.017000000923871994 0.003000000026077032
v 0.045618269592523575 -0.017000000923871994 0.005909447558224201
v 0.04303271695971489 -0.017000000923871994 0.00721928384155035
v 0.03826199471950531 -0.017000000923871994 0.006982357706874609
v 0.040414728224277496 -0.017000000923871994 0.002942355815321207
v 0.0354212261736393 -0.017000000923871994 0.005568998400121927
v 0.039851948618888855 -0.017000000923871994 0.0027716385666280985
v 0.038228362798690796 -0.017000000923871994 0.001148050301708281
v 0.02921574003994465 -0.017000000923871994 0.0033315890468657017
v 0.03340104967355728 -0.017000000923871994 0.00469345785677433
v 0.0393332876265049 -0.017000000923871994 0.0024944087490439415
v 0.0388786755502224 -0.017000000923871994 0.00212132022716105
v 0.03132982552051544 -0.017000000923871994 0.003946669399738312
v 0.038505591452121735 -0.017000000923871994 0.0016667107120156288
v 0.040143582969903946 -0.017000000923871994 0.0074509428814053535
v 0.042082421481609344 -0.017000000923871994 0.007421480026096106
v 0.03918758034706116 -0.017000000923871994 0.007277715019881725
v 0.04100000113248825 -0.017000000923871994 0.007499999832361937
v 0.0411139577627182 -0.017000000923871994 0.0074991341680288315
v 0.028999999165534973 -0.017000000923871994 -0.0024999999441206455
v 0.029076119884848595 -0.017000000923871994 -0.002882683416828513
v 0.011923879384994507 -0.017000000923871994 -0.002117316471412778
v 0.029076119884848595 -0.017000000923871994 -0.002117316471412778
v 0.012000000104308128 -0.017000000923871994 -0.0024999999441206455
v 0.010076120495796204 -0.017000000923871994 -0.002117316471412778
v 0.009999999776482582 -0.017000000923871994 -0.0024999999441206455
v 0.0024944087490439415 -0.017000000923871994 -0.0016667107120156288
v 0.010076120495796204 -0.017000000923871994 -0.002882683416828513
v 0.00212132022716105 -0.017000000923871994 -0.00212132022716105
v 0.011707106605172157 -0.017000000923871994 -0.0017928931629285216
v 0.018299344927072525 -0.017000000923871994 0.00229827337898314
v 0.0016667107120156288 -0.017000000923871994 -0.0024944087490439415
v 0.01393283624202013 -0.017000000923871994 0.0028506505768746138
v 0.01138268318027258 -0.017000000923871994 -0.001576120499521494
v 0.010999999940395355 -0.017000000923871994 -0.001500000013038516
v 0.002942355815321207 -0.017000000923871994 0.0005852709873579443
v 0.010617316700518131 -0.017000000923871994 -0.001576120499521494
v 0.0027716385666280985 -0.017000000923871994 -0.001148050301708281
v 0.010292893275618553 -0.017000000923871994 -0.0017928931629285216
v 0.002942355815321207 -0.017000000923871994 -0.0005852709873579443
v 0.003000000026077032 -0.017000000923871994 -3.774758488866324e-18
v 0.011784261092543602 -0.017000000923871994 0.0033315890468657017
v 0.020500000566244125 -0.017000000923871994 0.002229020930826664
v -0.0005852709873579443 -0.017000000923871994 -0.002942355815321207
v -0.001148050301708281 -0.017000000923871994 -0.0027716385666280985
v -0.0016667107120156288 -0.017000000923871994 -0.0024944087490439415
v -0.00212132022716105 -0.017000000923871994 -0.00212132022716105
v -0.007074690889567137 -0.017000000923871994 -0.0024897290859371424
v -0.007382094860076904 -0.017000000923871994 -0.0013246404705569148
v -0.002942355815321207 -0.017000000923871994 -0.0005852709873579443
v -0.0027716385666280985 -0.017000000923871994 -0.001148050301708281
v -0.0024944087490439415 -0.017000000923871994 -0.0016667107120156288
v -0.007498952094465494 -0.017000000923871994 -0.00012535999121610075
v -0.007422246038913727 -0.017000000923871994 0.0010771562810987234
v -0.002942355815321207 -0.017000000923871994 0.0005852709873579443
v -0.0027716385666280985 -0.017000000923871994 0.001148050301708281
v -0.003000000026077032 -0.017000000923871994 -3.4073645654396718e-18
v 0.01610739901661873 -0.017000000923871994 0.002505756914615631
v 0.0027716385666280985 -0.017000000923871994 0.001148050301708281
v 0.0024944087490439415 -0.017000000923871994 0.0016667107120156288
v 0.009670176543295383 -0.017000000923871994 0.003946669399738312
v 0.007598948664963245 -0.017000000923871994 0.00469345785677433
v 0.00212132022716105 -0.017000000923871994 0.00212132022716105
v 0.0016667107120156288 -0.017000000923871994 0.0024944087490439415
v 0.024892600253224373 -0.017000000923871994 0.002505756914615631
v 0.001148050301708281 -0.017000000923871994 0.0027716385666280985
v 0.005578774027526379 -0.017000000923871994 0.005568998400121927
v 0.0025188513100147247 -0.017000000923871994 0.007064374629408121
v 0.0036176471039652824 -0.017000000923871994 0.006569827441126108
v -0.0033408235758543015 -0.017000000923871994 0.006714826915413141
v 0.0005852709873579443 -0.017000000923871994 0.002942355815321207
v -0.0022223799023777246 -0.017000000923871994 0.007163171656429768
v 0.001355038839392364 -0.017000000923871994 0.007376575842499733
v -0.001148050301708281 -0.017000000923871994 0.0027716385666280985
v -0.0016667107120156288 -0.017000000923871994 0.0024944087490439415
v -0.0067010074853897095 -0.017000000923871994 0.0033684561494737864
v -0.0071539562195539474 -0.017000000923871994 0.002251868834719062
v -0.0024944087490439415 -0.017000000923871994 0.0016667107120156288
v -0.00212132022716105 -0.017000000923871994 0.00212132022716105
v -0.00607509259134531 -0.017000000923871994 0.004398096352815628
v -0.0005852709873579443 -0.017000000923871994 0.002942355815321207
v -8.309509017850444e-18 -0.017000000923871994 0.003000000026077032
v -2.06866786979304e-17 -0.017000000923871994 0.007499999832361937
v 0.00015624990919604897 -0.017000000923871994 0.007498372346162796
v -0.0010465721134096384 -0.017000000923871994 0.007426619995385408
v -0.00529236625880003 -0.017000000923871994 0.005314212758094072
v -0.004373033531010151 -0.017000000923871994 0.006093158386647701
v 0.04573738947510719 0.024250000715255737 -0.021721363067626953
v 0.04479207843542099 0.024250000715255737 -0.021031031385064125
v 0.044182904064655304 0.024250000715255737 -0.02003149315714836
v 0.04523073881864548 0.024250000715255737 -0.021422749385237694
v 0.04443826898932457 0.024250000715255737 -0.020561261102557182
v 0.044002607464790344 0.024250000715255737 -0.018874919041991234
v 0.04856126010417938 0.024250000715255737 -0.02156173065304756
v 0.04403579980134964 0.024250000715255737 -0.019462084397673607
v 0.04826261103153229 0.024250000715255737 -0.016278637573122978
v 0.046292562037706375 0.024250000715255737 -0.021915394812822342
v 0.046874918043613434 0.024250000715255737 -0.021997392177581787
v 0.04803149402141571 0.024250000715255737 -0.021817093715071678
v 0.047462087124586105 0.024250000715255737 -0.02196419984102249
v 0.049031030386686325 0.024250000715255737 -0.02120792120695114
v 0.0497213639318943 0.024250000715255737 -0.02026261016726494
v 0.049422748386859894 0.024250000715255737 -0.020769260823726654
v 0.049997393041849136 0.024250000715255737 -0.01912507973611355
v 0.04408460482954979 0.024250000715255737 -0.018292561173439026
v 0.04427863657474518 0.024250000715255737 -0.017737388610839844
v 0.04457725211977959 0.024250000715255737 -0.017230737954378128
v 0.044968970119953156 0.024250000715255737 -0.01679207943379879
v 0.0454387404024601 0.024250000715255737 -0.01643826998770237
v 0.04596850648522377 0.024250000715255737 -0.016182905063033104
v 0.046537913382053375 0.024250000715255737 -0.01603580079972744
v 0.04712507873773575 0.024250000715255737 -0.016002608463168144
v 0.047707438468933105 0.024250000715255737 -0.01608460396528244
v 0.04956173151731491 0.024250000715255737 -0.01743873953819275
v 0.04981709644198418 0.024250000715255737 -0.01796850748360157
v 0.04996420070528984 0.024250000715255737 -0.018537914380431175
v 0.04991539567708969 0.024250000715255737 -0.019707439467310905
v 0.048769261687994 0.024250000715255737 -0.016577251255512238
v 0.04920792207121849 0.024250000715255737 -0.016968969255685806
v 0.046292562037706375 0.024250000715255737 -0.021915394812822342
v 0.046874918043613434 0.024250000715255737 -0.021997392177581787
v 0.046414729207754135 0.020999999716877937 -0.02194235660135746
v 0.049121320247650146 0.020999999716877937 -0.021121321246027946
v 0.049031030386686325 0.024250000715255737 -0.02120792120695114
v 0.049422748386859894 0.024250000715255737 -0.020769260823726654
v 0.047462087124586105 0.024250000715255737 -0.02196419984102249
v 0.04803149402141571 0.024250000715255737 -0.021817093715071678
v 0.047585271298885345 0.020999999716877937 -0.02194235660135746
v 0.04856126010417938 0.024250000715255737 -0.02156173065304756
v 0.048666711896657944 0.020999999716877937 -0.021494409069418907
v 0.04814805090427399 0.020999999716877937 -0.021771637722849846
v 0.04949440807104111 0.020999999716877937 -0.020666711032390594
v 0.0497213639318943 0.024250000715255737 -0.02026261016726494
v 0.04699999839067459 0.020999999716877937 -0.02199999988079071
v 0.04994235560297966 0.020999999716877937 -0.019585270434617996
v 0.04991539567708969 0.024250000715255737 -0.019707439467310905
v 0.049997393041849136 0.024250000715255737 -0.01912507973611355
v 0.04994235560297966 0.020999999716877937 -0.018414728343486786
v 0.04996420070528984 0.024250000715255737 -0.018537914380431175
v 0.04981709644198418 0.024250000715255737 -0.01796850748360157
v 0.05000000074505806 0.020999999716877937 -0.01899999938905239
v 0.04956173151731491 0.024250000715255737 -0.01743873953819275
v 0.049771640449762344 0.020999999716877937 -0.017851950600743294
v 0.048769261687994 0.024250000715255737 -0.016577251255512238
v 0.04826261103153229 0.024250000715255737 -0.016278637573122978
v 0.048666711896657944 0.020999999716877937 -0.016505591571331024
v 0.04920792207121849 0.024250000715255737 -0.016968969255685806
v 0.049121320247650146 0.020999999716877937 -0.016878679394721985
v 0.049771640449762344 0.020999999716877937 -0.020148050040006638
v 0.04949440807104111 0.020999999716877937 -0.017333289608359337
v 0.046292562037706375 0.020999999716877937 -0.021915394812822342
v 0.04814805090427399 0.020999999716877937 -0.016228361055254936
v 0.045851949602365494 0.020999999716877937 -0.021771637722849846
v 0.047707438468933105 0.024250000715255737 -0.01608460396528244
v 0.04712507873773575 0.024250000715255737 -0.016002608463168144
v 0.047585271298885345 0.020999999716877937 -0.01605764403939247
v 0.046537913382053375 0.024250000715255737 -0.01603580079972744
v 0.04596850648522377 0.024250000715255737 -0.016182905063033104
v 0.046414729207754135 0.020999999716877937 -0.01605764403939247
v 0.04699999839067459 0.020999999716877937 -0.01600000075995922
v 0.0454387404024601 0.024250000715255737 -0.01643826998770237
v 0.044968970119953156 0.024250000715255737 -0.01679207943379879
v 0.04533328860998154 0.020999999716877937 -0.016505591571331024
v 0.04457725211977959 0.024250000715255737 -0.017230737954378128
v 0.04427863657474518 0.024250000715255737 -0.017737388610839844
v 0.04450559243559837 0.020999999716877937 -0.017333289608359337
v 0.044878680258989334 0.020999999716877937 -0.016878679394721985
v 0.045851949602365494 0.020999999716877937 -0.016228361055254936
v 0.04408460482954979 0.024250000715255737 -0.018292561173439026
v 0.044002607464790344 0.024250000715255737 -0.018874919041991234
v 0.04405764490365982 0.020999999716877937 -0.018414728343486786
v 0.04403579980134964 0.024250000715255737 -0.019462084397673607
v 0.044182904064655304 0.024250000715255737 -0.02003149315714836
v 0.04405764490365982 0.020999999716877937 -0.019585270434617996
v 0.04399999976158142 0.020999999716877937 -0.01899999938905239
v 0.04443826898932457 0.024250000715255737 -0.020561261102557182
v 0.04479207843542099 0.024250000715255737 -0.021031031385064125
v 0.04450559243559837 0.020999999716877937 -0.020666711032390594
v 0.04523073881864548 0.024250000715255737 -0.021422749385237694
v 0.04573738947510719 0.024250000715255737 -0.021721363067626953
v 0.04533328860998154 0.020999999716877937 -0.021494409069418907
v 0.044878680258989334 0.020999999716877937 -0.021121321246027946
v 0.044228360056877136 0.020999999716877937 -0.020148050040006638
v 0.044228360056877136 0.020999999716877937 -0.017851950600743294
v 0.044182904064655304 -0.024250000715255737 -0.02003149315714836
v 0.04479207843542099 -0.024250000715255737 -0.021031031385064125
v 0.04573738947510719 -0.024250000715255737 -0.021721363067626953
v 0.04523073881864548 -0.024250000715255737 -0.021422749385237694
v 0.04443826898932457 -0.024250000715255737 -0.020561261102557182
v 0.04856126010417938 -0.024250000715255737 -0.02156173065304756
v 0.044002607464790344 -0.024250000715255737 -0.018874919041991234
v 0.04403579980134964 -0.024250000715255737 -0.019462084397673607
v 0.04996420070528984 -0.024250000715255737 -0.018537914380431175
v 0.046874918043613434 -0.024250000715255737 -0.021997392177581787
v 0.047462087124586105 -0.024250000715255737 -0.02196419984102249
v 0.04803149402141571 -0.024250000715255737 -0.021817093715071678
v 0.046292562037706375 -0.024250000715255737 -0.021915394812822342
v 0.0497213639318943 -0.024250000715255737 -0.02026261016726494
v 0.049031030386686325 -0.024250000715255737 -0.02120792120695114
v 0.049422748386859894 -0.024250000715255737 -0.020769260823726654
v 0.04427863657474518 -0.024250000715255737 -0.017737388610839844
v 0.04408460482954979 -0.024250000715255737 -0.018292561173439026
v 0.044968970119953156 -0.024250000715255737 -0.01679207943379879
v 0.04457725211977959 -0.024250000715255737 -0.017230737954378128
v 0.0454387404024601 -0.024250000715255737 -0.01643826998770237
v 0.04712507873773575 -0.024250000715255737 -0.016002608463168144
v 0.046537913382053375 -0.024250000715255737 -0.01603580079972744
v 0.047707438468933105 -0.024250000715255737 -0.01608460396528244
v 0.04596850648522377 -0.024250000715255737 -0.016182905063033104
v 0.04981709644198418 -0.024250000715255737 -0.01796850748360157
v 0.04956173151731491 -0.024250000715255737 -0.01743873953819275
v 0.04991539567708969 -0.024250000715255737 -0.019707439467310905
v 0.049997393041849136 -0.024250000715255737 -0.01912507973611355
v 0.04920792207121849 -0.024250000715255737 -0.016968969255685806
v 0.048769261687994 -0.024250000715255737 -0.016577251255512238
v 0.04826261103153229 -0.024250000715255737 -0.016278637573122978
v 0.046292562037706375 -0.020999999716877937 -0.021915394812822342
v 0.046414729207754135 -0.020999999716877937 -0.02194235660135746
v 0.046292562037706375 -0.024250000715255737 -0.021915394812822342
v 0.04699999839067459 -0.020999999716877937 -0.02199999988079071
v 0.047585271298885345 -0.020999999716877937 -0.02194235660135746
v 0.047462087124586105 -0.024250000715255737 -0.02196419984102249
v 0.046874918043613434 -0.024250000715255737 -0.021997392177581787
v 0.04814805090427399 -0.020999999716877937 -0.021771637722849846
v 0.048666711896657944 -0.020999999716877937 -0.021494409069418907
v 0.04856126010417938 -0.024250000715255737 -0.02156173065304756
v 0.049121320247650146 -0.020999999716877937 -0.021121321246027946
v 0.04949440807104111 -0.020999999716877937 -0.020666711032390594
v 0.049422748386859894 -0.024250000715255737 -0.020769260823726654
v 0.049031030386686325 -0.024250000715255737 -0.02120792120695114
v 0.04803149402141571 -0.024250000715255737 -0.021817093715071678
v 0.049771640449762344 -0.020999999716877937 -0.020148050040006638
v 0.04994235560297966 -0.020999999716877937 -0.019585270434617996
v 0.04991539567708969 -0.024250000715255737 -0.019707439467310905
v 0.05000000074505806 -0.020999999716877937 -0.01899999938905239
v 0.04994235560297966 -0.020999999716877937 -0.018414728343486786
v 0.04996420070528984 -0.024250000715255737 -0.018537914380431175
v 0.049997393041849136 -0.024250000715255737 -0.01912507973611355
v 0.049771640449762344 -0.020999999716877937 -0.017851950600743294
v 0.04949440807104111 -0.020999999716877937 -0.017333289608359337
v 0.04956173151731491 -0.024250000715255737 -0.01743873953819275
v 0.049121320247650146 -0.020999999716877937 -0.016878679394721985
v 0.048666711896657944 -0.020999999716877937 -0.016505591571331024
v 0.048769261687994 -0.024250000715255737 -0.016577251255512238
v 0.04920792207121849 -0.024250000715255737 -0.016968969255685806
v 0.04981709644198418 -0.024250000715255737 -0.01796850748360157
v 0.0497213639318943 -0.024250000715255737 -0.02026261016726494
v 0.04826261103153229 -0.024250000715255737 -0.016278637573122978
v 0.04814805090427399 -0.020999999716877937 -0.016228361055254936
v 0.045851949602365494 -0.020999999716877937 -0.021771637722849846
v 0.047585271298885345 -0.020999999716877937 -0.01605764403939247
v 0.047707438468933105 -0.024250000715255737 -0.01608460396528244
v 0.04699999839067459 -0.020999999716877937 -0.01600000075995922
v 0.046414729207754135 -0.020999999716877937 -0.01605764403939247
v 0.046537913382053375 -0.024250000715255737 -0.01603580079972744
v 0.04712507873773575 -0.024250000715255737 -0.016002608463168144
v 0.045851949602365494 -0.020999999716877937 -0.016228361055254936
v 0.04533328860998154 -0.020999999716877937 -0.016505591571331024
v 0.0454387404024601 -0.024250000715255737 -0.01643826998770237
v 0.044878680258989334 -0.020999999716877937 -0.016878679394721985
v 0.04450559243559837 -0.020999999716877937 -0.017333289608359337
v 0.04457725211977959 -0.024250000715255737 -0.017230737954378128
v 0.044968970119953156 -0.024250000715255737 -0.01679207943379879
v 0.04596850648522377 -0.024250000715255737 -0.016182905063033104
v 0.044228360056877136 -0.020999999716877937 -0.017851950600743294
v 0.04405764490365982 -0.020999999716877937 -0.018414728343486786
v 0.04408460482954979 -0.024250000715255737 -0.018292561173439026
v 0.04399999976158142 -0.020999999716877937 -0.01899999938905239
v 0.04405764490365982 -0.020999999716877937 -0.019585270434617996
v 0.04403579980134964 -0.024250000715255737 -0.019462084397673607
v 0.044002607464790344 -0.024250000715255737 -0.018874919041991234
v 0.044228360056877136 -0.020999999716877937 -0.020148050040006638
v 0.04450559243559837 -0.020999999716877937 -0.020666711032390594
v 0.04443826898932457 -0.024250000715255737 -0.020561261102557182
v 0.044878680258989334 -0.020999999716877937 -0.021121321246027946
v 0.04533328860998154 -0.020999999716877937 -0.021494409069418907
v 0.04523073881864548 -0.024250000715255737 -0.021422749385237694
v 0.04479207843542099 -0.024250000715255737 -0.021031031385064125
v 0.044182904064655304 -0.024250000715255737 -0.02003149315714836
v 0.04427863657474518 -0.024250000715255737 -0.017737388610839844
v 0.04573738947510719 -0.024250000715255737 -0.021721363067626953
v 0.005186730995774269 -0.026000000536441803 -0.021626994013786316
v 0.006253944244235754 -0.026000000536441803 -0.02173824980854988
v 0.0072824968956410885 -0.026000000536441803 -0.021432632580399513
v 0.006783270742744207 -0.026000000536441803 -0.02163609303534031
v 0.005714858882129192 -0.026000000536441803 -0.02173517644405365
v 0.008115801028907299 -0.026000000536441803 -0.020756669342517853
v 0.00424333056434989 -0.026000000536441803 -0.021115800365805626
v 0.004689856898039579 -0.026000000536441803 -0.021417856216430664
v 0.006285141222178936 -0.026000000536441803 -0.016264822334051132
v 0.00862699281424284 -0.026000000536441803 -0.01981326937675476
v 0.008432632312178612 -0.026000000536441803 -0.017717503011226654
v 0.008417855016887188 -0.026000000536441803 -0.020310143008828163
v 0.007732436992228031 -0.026000000536441803 -0.021135689690709114
v 0.00873824954032898 -0.026000000536441803 -0.01874605566263199
v 0.008735177107155323 -0.026000000536441803 -0.019285140559077263
v 0.008636092767119408 -0.026000000536441803 -0.018216727301478386
v 0.0038643123116344213 -0.026000000536441803 -0.020732436329126358
v 0.0035673673264682293 -0.026000000536441803 -0.020282497629523277
v 0.0032648227643221617 -0.026000000536441803 -0.01871485821902752
v 0.0033639068715274334 -0.026000000536441803 -0.019783271476626396
v 0.0032617500983178616 -0.026000000536441803 -0.019253944978117943
v 0.003582144621759653 -0.026000000536441803 -0.017689857631921768
v 0.003884199308231473 -0.026000000536441803 -0.01724333129823208
v 0.0033730068244040012 -0.026000000536441803 -0.01818673126399517
v 0.004267563112080097 -0.026000000536441803 -0.016864312812685966
v 0.00471750320866704 -0.026000000536441803 -0.016567368060350418
v 0.007310143206268549 -0.026000000536441803 -0.016582144424319267
v 0.006813269108533859 -0.026000000536441803 -0.016373006626963615
v 0.007756669074296951 -0.026000000536441803 -0.016884198412299156
v 0.008135687559843063 -0.026000000536441803 -0.017267562448978424
v 0.005216728895902634 -0.026000000536441803 -0.016363907605409622
v 0.005746055860072374 -0.026000000536441803 -0.01626175083220005
v 0.005746055860072374 -0.026000000536441803 -0.01626175083220005
v 0.006285141222178936 -0.026000000536441803 -0.016264822334051132
v 0.006311063189059496 -0.025750000029802322 -0.016016170382499695
v 0.006813269108533859 -0.026000000536441803 -0.016373006626963615
v 0.007310143206268549 -0.026000000536441803 -0.016582144424319267
v 0.006887202616780996 -0.025750000029802322 -0.016134189441800117
v 0.005216728895902634 -0.026000000536441803 -0.016363907605409622
v 0.005145522765815258 -0.025750000029802322 -0.016124261543154716
v 0.00471750320866704 -0.026000000536441803 -0.016567368060350418
v 0.007429247256368399 -0.025750000029802322 -0.01636233925819397
v 0.007756669074296951 -0.026000000536441803 -0.016884198412299156
v 0.007916366681456566 -0.025750000029802322 -0.01669185422360897
v 0.008135687559843063 -0.026000000536441803 -0.017267562448978424
v 0.008432632312178612 -0.026000000536441803 -0.017717503011226654
v 0.008329841308295727 -0.025750000029802322 -0.01711006835103035
v 0.008636092767119408 -0.026000000536441803 -0.018216727301478386
v 0.00873824954032898 -0.026000000536441803 -0.01874605566263199
v 0.008987181819975376 -0.025750000029802322 -0.01872297003865242
v 0.008865810930728912 -0.025750000029802322 -0.019887203350663185
v 0.00862699281424284 -0.026000000536441803 -0.01981326937675476
v 0.008417855016887188 -0.026000000536441803 -0.020310143008828163
v 0.008115801028907299 -0.026000000536441803 -0.020756669342517853
v 0.008637660183012486 -0.025750000029802322 -0.020429246127605438
v 0.008735177107155323 -0.026000000536441803 -0.019285140559077263
v 0.008983829990029335 -0.025750000029802322 -0.01931106299161911
v 0.008875737898051739 -0.025750000029802322 -0.018145520240068436
v 0.00830814614892006 -0.025750000029802322 -0.020916366949677467
v 0.007732436992228031 -0.026000000536441803 -0.021135689690709114
v 0.005722970236092806 -0.025750000029802322 -0.01601281762123108
v 0.004600912798196077 -0.025750000029802322 -0.016346218064427376
v 0.00865378137677908 -0.025750000029802322 -0.01760091260075569
v 0.007889931090176105 -0.025750000029802322 -0.021329838782548904
v 0.0072824968956410885 -0.026000000536441803 -0.021432632580399513
v 0.004267563112080097 -0.026000000536441803 -0.016864312812685966
v 0.0040836334228515625 -0.025750000029802322 -0.02130814641714096
v 0.004689856898039579 -0.026000000536441803 -0.021417856216430664
v 0.00424333056434989 -0.026000000536441803 -0.021115800365805626
v 0.005714858882129192 -0.026000000536441803 -0.02173517644405365
v 0.00627703033387661 -0.025750000029802322 -0.021987181156873703
v 0.006253944244235754 -0.026000000536441803 -0.02173824980854988
v 0.006783270742744207 -0.026000000536441803 -0.02163609303534031
v 0.005186730995774269 -0.026000000536441803 -0.021626994013786316
v 0.005112797487527132 -0.025750000029802322 -0.021865811198949814
v 0.0036701590288430452 -0.025750000029802322 -0.02088993228971958
v 0.0038643123116344213 -0.026000000536441803 -0.020732436329126358
v 0.007399087306112051 -0.025750000029802322 -0.021653780713677406
v 0.0032617500983178616 -0.026000000536441803 -0.019253944978117943
v 0.0032648227643221617 -0.026000000536441803 -0.01871485821902752
v 0.0030128182843327522 -0.025750000029802322 -0.01927703060209751
v 0.003134189173579216 -0.025750000029802322 -0.018112797290086746
v 0.0033730068244040012 -0.026000000536441803 -0.01818673126399517
v 0.003582144621759653 -0.026000000536441803 -0.017689857631921768
v 0.003884199308231473 -0.026000000536441803 -0.01724333129823208
v 0.0036918537225574255 -0.025750000029802322 -0.017083633691072464
v 0.0033462189603596926 -0.025750000029802322 -0.02039908803999424
v 0.0035673673264682293 -0.026000000536441803 -0.020282497629523277
v 0.0033639068715274334 -0.026000000536441803 -0.019783271476626396
v 0.003016170347109437 -0.025750000029802322 -0.01868893764913082
v 0.0031242622062563896 -0.025750000029802322 -0.019854476675391197
v 0.0041100685484707355 -0.025750000029802322 -0.01667015813291073
v 0.00685447733849287 -0.025750000029802322 -0.021875737234950066
v 0.005688936915248632 -0.025750000029802322 -0.021983830258250237
v 0.00457075284793973 -0.025750000029802322 -0.02163766138255596
v 0.0033623394556343555 -0.025750000029802322 -0.017570752650499344
v 0.007399087306112051 -0.020999999716877937 -0.021653780713677406
v 0.007666710764169693 -0.020999999716877937 -0.021494409069418907
v 0.007399087306112051 -0.025750000029802322 -0.021653780713677406
v 0.00812132004648447 -0.020999999716877937 -0.021121321246027946
v 0.008494408801198006 -0.020999999716877937 -0.020666711032390594
v 0.00830814614892006 -0.025750000029802322 -0.020916366949677467
v 0.007889931090176105 -0.025750000029802322 -0.021329838782548904
v 0.008771637454628944 -0.020999999716877937 -0.020148050040006638
v 0.008942355401813984 -0.020999999716877937 -0.019585270434617996
v 0.008865810930728912 -0.025750000029802322 -0.019887203350663185
v 0.008999999612569809 -0.020999999716877937 -0.01899999938905239
v 0.008942355401813984 -0.020999999716877937 -0.018414728343486786
v 0.008987181819975376 -0.025750000029802322 -0.01872297003865242
v 0.008983829990029335 -0.025750000029802322 -0.01931106299161911
v 0.008637660183012486 -0.025750000029802322 -0.020429246127605438
v 0.008771637454628944 -0.020999999716877937 -0.017851950600743294
v 0.008494408801198006 -0.020999999716877937 -0.017333289608359337
v 0.00865378137677908 -0.025750000029802322 -0.01760091260075569
v 0.00812132004648447 -0.020999999716877937 -0.016878679394721985
v 0.007666710764169693 -0.020999999716877937 -0.016505591571331024
v 0.007916366681456566 -0.025750000029802322 -0.01669185422360897
v 0.008329841308295727 -0.025750000029802322 -0.01711006835103035
v 0.007148050237447023 -0.020999999716877937 -0.016228361055254936
v 0.006585271097719669 -0.020999999716877937 -0.01605764403939247
v 0.006887202616780996 -0.025750000029802322 -0.016134189441800117
v 0.006000000052154064 -0.020999999716877937 -0.01600000075995922
v 0.005414729006588459 -0.020999999716877937 -0.01605764403939247
v 0.005722970236092806 -0.025750000029802322 -0.01601281762123108
v 0.006311063189059496 -0.025750000029802322 -0.016016170382499695
v 0.007429247256368399 -0.025750000029802322 -0.01636233925819397
v 0.008875737898051739 -0.025750000029802322 -0.018145520240068436
v 0.005145522765815258 -0.025750000029802322 -0.016124261543154716
v 0.004851949866861105 -0.020999999716877937 -0.016228361055254936
v 0.007148050237447023 -0.020999999716877937 -0.021771637722849846
v 0.004333289340138435 -0.020999999716877937 -0.016505591571331024
v 0.004600912798196077 -0.025750000029802322 -0.016346218064427376
v 0.0038786795921623707 -0.020999999716877937 -0.016878679394721985
v 0.003505591070279479 -0.020999999716877937 -0.017333289608359337
v 0.0036918537225574255 -0.025750000029802322 -0.017083633691072464
v 0.0041100685484707355 -0.025750000029802322 -0.01667015813291073
v 0.003228361252695322 -0.020999999716877937 -0.017851950600743294
v 0.003057644236832857 -0.020999999716877937 -0.018414728343486786
v 0.003134189173579216 -0.025750000029802322 -0.018112797290086746
v 0.003000000026077032 -0.020999999716877937 -0.01899999938905239
v 0.003057644236832857 -0.020999999716877937 -0.019585270434617996
v 0.0030128182843327522 -0.025750000029802322 -0.01927703060209751
v 0.003016170347109437 -0.025750000029802322 -0.01868893764913082
v 0.0033623394556343555 -0.025750000029802322 -0.017570752650499344
v 0.003228361252695322 -0.020999999716877937 -0.020148050040006638
v 0.003505591070279479 -0.020999999716877937 -0.020666711032390594
v 0.0033462189603596926 -0.025750000029802322 -0.02039908803999424
v 0.0038786795921623707 -0.020999999716877937 -0.021121321246027946
v 0.004333289340138435 -0.020999999716877937 -0.021494409069418907
v 0.0040836334228515625 -0.025750000029802322 -0.02130814641714096
v 0.0036701590288430452 -0.025750000029802322 -0.02088993228971958
v 0.004851949866861105 -0.020999999716877937 -0.021771637722849846
v 0.005414729006588459 -0.020999999716877937 -0.02194235660135746
v 0.005112797487527132 -0.025750000029802322 -0.021865811198949814
v 0.006000000052154064 -0.020999999716877937 -0.02199999988079071
v 0.006585271097719669 -0.020999999716877937 -0.02194235660135746
v 0.00627703033387661 -0.025750000029802322 -0.021987181156873703
v 0.005688936915248632 -0.025750000029802322 -0.021983830258250237
v 0.00457075284793973 -0.025750000029802322 -0.02163766138255596
v 0.0031242622062563896 -0.025750000029802322 -0.019854476675391197
v 0.00685447733849287 -0.025750000029802322 -0.021875737234950066
v 0.006253944244235754 0.026000000536441803 -0.02173824980854988
v 0.005714858882129192 0.026000000536441803 -0.02173517644405365
v 0.004689856898039579 0.026000000536441803 -0.021417856216430664
v 0.0072824968956410885 0.026000000536441803 -0.021432632580399513
v 0.006783270742744207 0.026000000536441803 -0.02163609303534031
v 0.005186730995774269 0.026000000536441803 -0.021626994013786316
v 0.0032648227643221617 0.026000000536441803 -0.01871485821902752
v 0.00424333056434989 0.026000000536441803 -0.021115800365805626
v 0.007732436992228031 0.026000000536441803 -0.021135689690709114
v 0.0038643123116344213 0.026000000536441803 -0.020732436329126358
v 0.008417855016887188 0.026000000536441803 -0.020310143008828163
v 0.00862699281424284 0.026000000536441803 -0.01981326937675476
v 0.008115801028907299 0.026000000536441803 -0.020756669342517853
v 0.008735177107155323 0.026000000536441803 -0.019285140559077263
v 0.00873824954032898 0.026000000536441803 -0.01874605566263199
v 0.008135687559843063 0.026000000536441803 -0.017267562448978424
v 0.008636092767119408 0.026000000536441803 -0.018216727301478386
v 0.0035673673264682293 0.026000000536441803 -0.020282497629523277
v 0.0032617500983178616 0.026000000536441803 -0.019253944978117943
v 0.006285141222178936 0.026000000536441803 -0.016264822334051132
v 0.003582144621759653 0.026000000536441803 -0.017689857631921768
v 0.0033730068244040012 0.026000000536441803 -0.01818673126399517
v 0.003884199308231473 0.026000000536441803 -0.01724333129823208
v 0.004267563112080097 0.026000000536441803 -0.016864312812685966
v 0.005216728895902634 0.026000000536441803 -0.016363907605409622
v 0.00471750320866704 0.026000000536441803 -0.016567368060350418
v 0.006813269108533859 0.026000000536441803 -0.016373006626963615
v 0.007310143206268549 0.026000000536441803 -0.016582144424319267
v 0.007756669074296951 0.026000000536441803 -0.016884198412299156
v 0.008432632312178612 0.026000000536441803 -0.017717503011226654
v 0.005746055860072374 0.026000000536441803 -0.01626175083220005
v 0.0033639068715274334 0.026000000536441803 -0.019783271476626396
v 0.008637660183012486 0.025750000029802322 -0.020429246127605438
v 0.008417855016887188 0.026000000536441803 -0.020310143008828163
v 0.00862699281424284 0.026000000536441803 -0.01981326937675476
v 0.008115801028907299 0.026000000536441803 -0.020756669342517853
v 0.00830814614892006 0.025750000029802322 -0.020916366949677467
v 0.007732436992228031 0.026000000536441803 -0.021135689690709114
v 0.007889931090176105 0.025750000029802322 -0.021329838782548904
v 0.0072824968956410885 0.026000000536441803 -0.021432632580399513
v 0.008735177107155323 0.026000000536441803 -0.019285140559077263
v 0.008865810930728912 0.025750000029802322 -0.019887203350663185
v 0.00873824954032898 0.026000000536441803 -0.01874605566263199
v 0.008983829990029335 0.025750000029802322 -0.01931106299161911
v 0.008636092767119408 0.026000000536441803 -0.018216727301478386
v 0.008987181819975376 0.025750000029802322 -0.01872297003865242
v 0.00865378137677908 0.025750000029802322 -0.01760091260075569
v 0.008432632312178612 0.026000000536441803 -0.017717503011226654
v 0.008135687559843063 0.026000000536441803 -0.017267562448978424
v 0.007756669074296951 0.026000000536441803 -0.016884198412299156
v 0.008329841308295727 0.025750000029802322 -0.01711006835103035
v 0.007310143206268549 0.026000000536441803 -0.016582144424319267
v 0.006813269108533859 0.026000000536441803 -0.016373006626963615
v 0.007429247256368399 0.025750000029802322 -0.01636233925819397
v 0.006285141222178936 0.026000000536441803 -0.016264822334051132
v 0.006887202616780996 0.025750000029802322 -0.016134189441800117
v 0.005746055860072374 0.026000000536441803 -0.01626175083220005
v 0.005216728895902634 0.026000000536441803 -0.016363907605409622
v 0.005722970236092806 0.025750000029802322 -0.01601281762123108
v 0.007916366681456566 0.025750000029802322 -0.01669185422360897
v 0.007399087306112051 0.025750000029802322 -0.021653780713677406
v 0.008875737898051739 0.025750000029802322 -0.018145520240068436
v 0.005145522765815258 0.025750000029802322 -0.016124261543154716
v 0.006311063189059496 0.025750000029802322 -0.016016170382499695
v 0.004600912798196077 0.025750000029802322 -0.016346218064427376
v 0.006783270742744207 0.026000000536441803 -0.02163609303534031
v 0.004267563112080097 0.026000000536441803 -0.016864312812685966
v 0.0041100685484707355 0.025750000029802322 -0.01667015813291073
v 0.00471750320866704 0.026000000536441803 -0.016567368060350418
v 0.003134189173579216 0.025750000029802322 -0.018112797290086746
v 0.0033730068244040012 0.026000000536441803 -0.01818673126399517
v 0.0032648227643221617 0.026000000536441803 -0.01871485821902752
v 0.0036918537225574255 0.025750000029802322 -0.017083633691072464
v 0.003884199308231473 0.026000000536441803 -0.01724333129823208
v 0.0031242622062563896 0.025750000029802322 -0.019854476675391197
v 0.0032617500983178616 0.026000000536441803 -0.019253944978117943
v 0.0033639068715274334 0.026000000536441803 -0.019783271476626396
v 0.0030128182843327522 0.025750000029802322 -0.01927703060209751
v 0.003582144621759653 0.026000000536441803 -0.017689857631921768
v 0.0033623394556343555 0.025750000029802322 -0.017570752650499344
v 0.0040836334228515625 0.025750000029802322 -0.02130814641714096
v 0.0038643123116344213 0.026000000536441803 -0.020732436329126358
v 0.00424333056434989 0.026000000536441803 -0.021115800365805626
v 0.004689856898039579 0.026000000536441803 -0.021417856216430664
v 0.0036701590288430452 0.025750000029802322 -0.02088993228971958
v 0.0035673673264682293 0.026000000536441803 -0.020282497629523277
v 0.005714858882129192 0.026000000536441803 -0.02173517644405365
v 0.005688936915248632 0.025750000029802322 -0.021983830258250237
v 0.005186730995774269 0.026000000536441803 -0.021626994013786316
v 0.006253944244235754 0.026000000536441803 -0.02173824980854988
v 0.00457075284793973 0.025750000029802322 -0.02163766138255596
v 0.0033462189603596926 0.025750000029802322 -0.02039908803999424
v 0.00627703033387661 0.025750000029802322 -0.021987181156873703
v 0.003016170347109437 0.025750000029802322 -0.01868893764913082
v 0.005112797487527132 0.025750000029802322 -0.021865811198949814
v 0.00685447733849287 0.025750000029802322 -0.021875737234950066
v 0.007399087306112051 0.025750000029802322 -0.021653780713677406
v 0.007889931090176105 0.025750000029802322 -0.021329838782548904
v 0.007666710764169693 0.020999999716877937 -0.021494409069418907
v 0.00830814614892006 0.025750000029802322 -0.020916366949677467
v 0.008637660183012486 0.025750000029802322 -0.020429246127605438
v 0.008494408801198006 0.020999999716877937 -0.020666711032390594
v 0.00812132004648447 0.020999999716877937 -0.021121321246027946
v 0.008865810930728912 0.025750000029802322 -0.019887203350663185
v 0.008983829990029335 0.025750000029802322 -0.01931106299161911
v 0.008942355401813984 0.020999999716877937 -0.019585270434617996
v 0.008987181819975376 0.025750000029802322 -0.01872297003865242
v 0.008875737898051739 0.025750000029802322 -0.018145520240068436
v 0.008942355401813984 0.020999999716877937 -0.018414728343486786
v 0.008999999612569809 0.020999999716877937 -0.01899999938905239
v 0.008771637454628944 0.020999999716877937 -0.020148050040006638
v 0.00865378137677908 0.025750000029802322 -0.01760091260075569
v 0.008329841308295727 0.025750000029802322 -0.01711006835103035
v 0.008494408801198006 0.020999999716877937 -0.017333289608359337
v 0.007916366681456566 0.025750000029802322 -0.01669185422360897
v 0.007429247256368399 0.025750000029802322 -0.01636233925819397
v 0.007666710764169693 0.020999999716877937 -0.016505591571331024
v 0.00812132004648447 0.020999999716877937 -0.016878679394721985
v 0.006887202616780996 0.025750000029802322 -0.016134189441800117
v 0.006311063189059496 0.025750000029802322 -0.016016170382499695
v 0.006585271097719669 0.020999999716877937 -0.01605764403939247
v 0.005722970236092806 0.025750000029802322 -0.01601281762123108
v 0.005145522765815258 0.025750000029802322 -0.016124261543154716
v 0.005414729006588459 0.020999999716877937 -0.01605764403939247
v 0.006000000052154064 0.020999999716877937 -0.01600000075995922
v 0.007148050237447023 0.020999999716877937 -0.016228361055254936
v 0.008771637454628944 0.020999999716877937 -0.017851950600743294
v 0.007399087306112051 0.020999999716877937 -0.021653780713677406
v 0.004851949866861105 0.020999999716877937 -0.016228361055254936
v 0.007148050237447023 0.020999999716877937 -0.021771637722849846
v 0.004600912798196077 0.025750000029802322 -0.016346218064427376
v 0.0041100685484707355 0.025750000029802322 -0.01667015813291073
v 0.004333289340138435 0.020999999716877937 -0.016505591571331024
v 0.0036918537225574255 0.025750000029802322 -0.017083633691072464
v 0.0033623394556343555 0.025750000029802322 -0.017570752650499344
v 0.003505591070279479 0.020999999716877937 -0.017333289608359337
v 0.0038786795921623707 0.020999999716877937 -0.016878679394721985
v 0.003134189173579216 0.025750000029802322 -0.018112797290086746
v 0.003016170347109437 0.025750000029802322 -0.01868893764913082
v 0.003057644236832857 0.020999999716877937 -0.018414728343486786
v 0.0030128182843327522 0.025750000029802322 -0.01927703060209751
v 0.0031242622062563896 0.025750000029802322 -0.019854476675391197
v 0.003057644236832857 0.020999999716877937 -0.019585270434617996
v 0.003000000026077032 0.020999999716877937 -0.01899999938905239
v 0.003228361252695322 0.020999999716877937 -0.017851950600743294
v 0.0040836334228515625 0.025750000029802322 -0.02130814641714096
v 0.00457075284793973 0.025750000029802322 -0.02163766138255596
v 0.004333289340138435 0.020999999716877937 -0.021494409069418907
v 0.005414729006588459 0.020999999716877937 -0.02194235660135746
v 0.005112797487527132 0.025750000029802322 -0.021865811198949814
v 0.005688936915248632 0.025750000029802322 -0.021983830258250237
v 0.004851949866861105 0.020999999716877937 -0.021771637722849846
v 0.0033462189603596926 0.025750000029802322 -0.02039908803999424
v 0.0036701590288430452 0.025750000029802322 -0.02088993228971958
v 0.003505591070279479 0.020999999716877937 -0.020666711032390594
v 0.006585271097719669 0.020999999716877937 -0.02194235660135746
v 0.00627703033387661 0.025750000029802322 -0.021987181156873703
v 0.00685447733849287 0.025750000029802322 -0.021875737234950066
v 0.006000000052154064 0.020999999716877937 -0.02199999988079071
v 0.0038786795921623707 0.020999999716877937 -0.021121321246027946
v 0.003228361252695322 0.020999999716877937 -0.020148050040006638
v 0.002942355815321207 0.017000000923871994 0.0005852709873579443
v 0.0027716385666280985 0.017000000923871994 0.001148050301708281
v 0.0027716385666280985 -0.017000000923871994 0.001148050301708281
v 0.00212132022716105 -0.017000000923871994 0.00212132022716105
v 0.0024944087490439415 0.017000000923871994 0.0016667107120156288
v 0.00212132022716105 0.017000000923871994 0.00212132022716105
v 0.0024944087490439415 -0.017000000923871994 0.0016667107120156288
v 0.003000000026077032 0.017000000923871994 3.707249797534034e-18
v 0.002942355815321207 -0.017000000923871994 0.0005852709873579443
v 0.001148050301708281 -0.017000000923871994 0.0027716385666280985
v 0.0016667107120156288 0.017000000923871994 0.0024944087490439415
v 0.001148050301708281 0.017000000923871994 0.0027716385666280985
v 0.0016667107120156288 -0.017000000923871994 0.0024944087490439415
v 0.0005852709873579443 0.017000000923871994 0.002942355815321207
v 0.0005852709873579443 -0.017000000923871994 0.002942355815321207
v -8.309509017850444e-18 -0.017000000923871994 0.003000000026077032
v 5.489032405739595e-18 0.017000000923871994 0.003000000026077032
v -0.0005852709873579443 -0.017000000923871994 0.002942355815321207
v -0.0005852709873579443 0.017000000923871994 0.002942355815321207
v -0.0016667107120156288 -0.017000000923871994 0.0024944087490439415
v -0.001148050301708281 0.017000000923871994 0.0027716385666280985
v -0.0016667107120156288 0.017000000923871994 0.0024944087490439415
v -0.0024944087490439415 -0.017000000923871994 0.0016667107120156288
v -0.00212132022716105 0.017000000923871994 0.00212132022716105
v -0.0024944087490439415 0.017000000923871994 0.0016667107120156288
v -0.00212132022716105 -0.017000000923871994 0.00212132022716105
v -0.002942355815321207 0.017000000923871994 0.0005852709873579443
v -0.002942355815321207 -0.017000000923871994 0.0005852709873579443
v -0.0027716385666280985 0.017000000923871994 0.001148050301708281
v -0.001148050301708281 -0.017000000923871994 0.0027716385666280985
v -0.0027716385666280985 -0.017000000923871994 0.001148050301708281
v 0.003000000026077032 -0.017000000923871994 -3.774758488866324e-18
v -0.003000000026077032 -0.017000000923871994 -3.4073645654396718e-18
v 0.002942355815321207 0.017000000923871994 -0.0005852709873579443
v -0.002942355815321207 -0.017000000923871994 -0.0005852709873579443
v -0.003000000026077032 0.017000000923871994 1.158979093065145e-18
v -0.002942355815321207 0.017000000923871994 -0.0005852709873579443
v -0.0024944087490439415 -0.017000000923871994 -0.0016667107120156288
v -0.0027716385666280985 0.017000000923871994 -0.001148050301708281
v -0.0024944087490439415 0.017000000923871994 -0.0016667107120156288
v -0.0027716385666280985 -0.017000000923871994 -0.001148050301708281
v -0.0016667107120156288 -0.017000000923871994 -0.0024944087490439415
v -0.00212132022716105 0.017000000923871994 -0.00212132022716105
v -0.0016667107120156288 0.017000000923871994 -0.0024944087490439415
v -0.0005852709873579443 -0.017000000923871994 -0.002942355815321207
v -0.001148050301708281 0.017000000923871994 -0.0027716385666280985
v -0.0005852709873579443 0.017000000923871994 -0.002942355815321207
v -0.001148050301708281 -0.017000000923871994 -0.0027716385666280985
v -0.00212132022716105 -0.017000000923871994 -0.00212132022716105
v 0.0005852709873579443 -0.017000000923871994 -0.002942355815321207
v 8.021361478648209e-18 0.017000000923871994 -0.003000000026077032
v 0.0005852709873579443 0.017000000923871994 -0.002942355815321207
v 0.001148050301708281 -0.017000000923871994 -0.0027716385666280985
v 0.001148050301708281 0.017000000923871994 -0.0027716385666280985
v 0.0016667107120156288 0.017000000923871994 -0.0024944087490439415
v 0.0024944087490439415 -0.017000000923871994 -0.0016667107120156288
v 0.00212132022716105 0.017000000923871994 -0.00212132022716105
v 0.0024944087490439415 0.017000000923871994 -0.0016667107120156288
v 0.0027716385666280985 0.017000000923871994 -0.001148050301708281
v 0.0027716385666280985 -0.017000000923871994 -0.001148050301708281
v 0.00212132022716105 -0.017000000923871994 -0.00212132022716105
v -9.044296864703748e-18 -0.017000000923871994 -0.003000000026077032
v 0.002942355815321207 -0.017000000923871994 -0.0005852709873579443
v 0.0016667107120156288 -0.017000000923871994 -0.0024944087490439415
v 0.0027716385666280985 0.021150000393390656 -0.001148050301708281
v 0.0024944087490439415 0.021150000393390656 -0.0016667107120156288
v 0.0016667107120156288 0.021150000393390656 -0.0024944087490439415
v 0.003000000026077032 0.021150000393390656 5.730916560462352e-18
v 0.002942355815321207 0.021150000393390656 -0.0005852709873579443
v 0.00212132022716105 0.021150000393390656 -0.00212132022716105
v 0.001148050301708281 0.021150000393390656 -0.0027716385666280985
v 0.0005852709873579443 0.021150000393390656 -0.002942355815321207
v -0.001148050301708281 0.021150000393390656 -0.0027716385666280985
v 0.00212132022716105 0.021150000393390656 0.00212132022716105
v -0.0024944087490439415 0.021150000393390656 0.0016667107120156288
v 0.002942355815321207 0.021150000393390656 0.0005852709873579443
v 0.0027716385666280985 0.021150000393390656 0.001148050301708281
v 0.0024944087490439415 0.021150000393390656 0.0016667107120156288
v 0.0016667107120156288 0.021150000393390656 0.0024944087490439415
v 0.001148050301708281 0.021150000393390656 0.0027716385666280985
v -0.0016667107120156288 0.021150000393390656 0.0024944087490439415
v 9.715571302583394e-18 0.021150000393390656 0.003000000026077032
v 0.0005852709873579443 0.021150000393390656 0.002942355815321207
v 1.178491828765934e-17 0.021150000393390656 -0.003000000026077032
v -0.0024944087490439415 0.021150000393390656 -0.0016667107120156288
v -0.0016667107120156288 0.021150000393390656 -0.0024944087490439415
v -0.00212132022716105 0.021150000393390656 -0.00212132022716105
v -0.0027716385666280985 0.021150000393390656 -0.001148050301708281
v -0.002942355815321207 0.021150000393390656 -0.0005852709873579443
v -0.003000000026077032 0.021150000393390656 4.0289643259936704e-18
v -0.001148050301708281 0.021150000393390656 0.0027716385666280985
v -0.0005852709873579443 0.021150000393390656 0.002942355815321207
v -0.0027716385666280985 0.021150000393390656 0.001148050301708281
v -0.00212132022716105 0.021150000393390656 0.00212132022716105
v -0.002942355815321207 0.021150000393390656 0.0005852709873579443
v -0.0005852709873579443 0.021150000393390656 -0.002942355815321207
v 0.003000000026077032 0.021150000393390656 4.6287347901823946e-18
v 0.002942355815321207 0.021150000393390656 0.0005852709873579443
v 0.002942355815321207 0.020999999716877937 0.0005852709873579443
v 0.0027716385666280985 0.021150000393390656 0.001148050301708281
v 0.0024944087490439415 0.021150000393390656 0.0016667107120156288
v 0.0024944087490439415 0.020999999716877937 0.0016667107120156288
v 0.0027716385666280985 0.020999999716877937 0.001148050301708281
v 0.00212132022716105 0.021150000393390656 0.00212132022716105
v 0.0016667107120156288 0.021150000393390656 0.0024944087490439415
v 0.0016667107120156288 0.020999999716877937 0.0024944087490439415
v 0.001148050301708281 0.021150000393390656 0.0027716385666280985
v 0.0005852709873579443 0.021150000393390656 0.002942355815321207
v 0.0005852709873579443 0.020999999716877937 0.002942355815321207
v 0.001148050301708281 0.020999999716877937 0.0027716385666280985
v 0.00212132022716105 0.020999999716877937 0.00212132022716105
v 9.715571302583394e-18 0.021150000393390656 0.003000000026077032
v -0.0005852709873579443 0.021150000393390656 0.002942355815321207
v -0.0005852709873579443 0.020999999716877937 0.002942355815321207
v -0.001148050301708281 0.021150000393390656 0.0027716385666280985
v -0.0016667107120156288 0.021150000393390656 0.0024944087490439415
v -0.0016667107120156288 0.020999999716877937 0.0024944087490439415
v -0.001148050301708281 0.020999999716877937 0.0027716385666280985
v -0.00212132022716105 0.021150000393390656 0.00212132022716105
v -0.0024944087490439415 0.021150000393390656 0.0016667107120156288
v -0.0024944087490439415 0.020999999716877937 0.0016667107120156288
v -0.0027716385666280985 0.021150000393390656 0.001148050301708281
v -0.002942355815321207 0.021150000393390656 0.0005852709873579443
v -0.002942355815321207 0.020999999716877937 0.0005852709873579443
v -0.0027716385666280985 0.020999999716877937 0.001148050301708281
v -0.00212132022716105 0.020999999716877937 0.00212132022716105
v 1.0675304299575594e-17 0.020999999716877937 0.003000000026077032
v 0.003000000026077032 0.020999999716877937 4.662936640559931e-18
v -0.003000000026077032 0.020999999716877937 5.030330563986583e-18
v 0.002942355815321207 0.021150000393390656 -0.0005852709873579443
v -0.003000000026077032 0.021150000393390656 4.0289643259936704e-18
v -0.002942355815321207 0.021150000393390656 -0.0005852709873579443
v -0.002942355815321207 0.020999999716877937 -0.0005852709873579443
v -0.0027716385666280985 0.021150000393390656 -0.001148050301708281
v -0.0024944087490439415 0.021150000393390656 -0.0016667107120156288
v -0.0024944087490439415 0.020999999716877937 -0.0016667107120156288
v -0.0027716385666280985 0.020999999716877937 -0.001148050301708281
v -0.00212132022716105 0.021150000393390656 -0.00212132022716105
v -0.0016667107120156288 0.021150000393390656 -0.0024944087490439415
v -0.0016667107120156288 0.020999999716877937 -0.0024944087490439415
v -0.001148050301708281 0.021150000393390656 -0.0027716385666280985
v -0.0005852709873579443 0.021150000393390656 -0.002942355815321207
v -0.0005852709873579443 0.020999999716877937 -0.002942355815321207
v -0.00212132022716105 0.020999999716877937 -0.00212132022716105
v 1.178491828765934e-17 0.021150000393390656 -0.003000000026077032
v 0.0005852709873579443 0.021150000393390656 -0.002942355815321207
v 0.0005852709873579443 0.020999999716877937 -0.002942355815321207
v 0.001148050301708281 0.021150000393390656 -0.0027716385666280985
v 0.0016667107120156288 0.021150000393390656 -0.0024944087490439415
v 0.0016667107120156288 0.020999999716877937 -0.0024944087490439415
v 0.001148050301708281 0.020999999716877937 -0.0027716385666280985
v 0.00212132022716105 0.021150000393390656 -0.00212132022716105
v 0.0024944087490439415 0.021150000393390656 -0.0016667107120156288
v 0.0024944087490439415 0.020999999716877937 -0.0016667107120156288
v 0.0027716385666280985 0.021150000393390656 -0.001148050301708281
v 0.002942355815321207 0.020999999716877937 -0.0005852709873579443
v 0.0027716385666280985 0.020999999716877937 -0.001148050301708281
v 0.00212132022716105 0.020999999716877937 -0.00212132022716105
v 9.94051645272229e-18 0.020999999716877937 -0.003000000026077032
v -0.001148050301708281 0.020999999716877937 -0.0027716385666280985
v 0.038652095943689346 0.017000000923871994 0.0018674420425668359
v 0.038505591452121735 0.017000000923871994 0.0016667107120156288
v 0.038652095943689346 -0.017000000923871994 0.0018674420425668359
v 0.038228362798690796 0.017000000923871994 0.001148050301708281
v 0.03805764392018318 0.017000000923871994 0.0005852709873579443
v 0.038228362798690796 -0.017000000923871994 0.001148050301708281
v 0.038505591452121735 -0.017000000923871994 0.0016667107120156288
v 0.03799999877810478 0.017000000923871994 1.5952700891232272e-17
v 0.03805764392018318 0.017000000923871994 -0.0005852709873579443
v 0.03805764392018318 -0.017000000923871994 -0.0005852709873579443
v 0.038228362798690796 0.017000000923871994 -0.001148050301708281
v 0.038505591452121735 0.017000000923871994 -0.0016667107120156288
v 0.038505591452121735 -0.017000000923871994 -0.0016667107120156288
v 0.038228362798690796 -0.017000000923871994 -0.001148050301708281
v 0.03799999877810478 -0.017000000923871994 1.0518995287943899e-17
v 0.0388786755502224 0.017000000923871994 -0.00212132022716105
v 0.0393332876265049 0.017000000923871994 -0.0024944087490439415
v 0.0393332876265049 -0.017000000923871994 -0.0024944087490439415
v 0.039851948618888855 0.017000000923871994 -0.0027716385666280985
v 0.040414728224277496 0.017000000923871994 -0.002942355815321207
v 0.040414728224277496 -0.017000000923871994 -0.002942355815321207
v 0.039851948618888855 -0.017000000923871994 -0.0027716385666280985
v 0.04100000113248825 0.017000000923871994 -0.003000000026077032
v 0.04158527031540871 0.017000000923871994 -0.002942355815321207
v 0.04158527031540871 -0.017000000923871994 -0.002942355815321207
v 0.04214804992079735 0.017000000923871994 -0.0027716385666280985
v 0.042666710913181305 0.017000000923871994 -0.0024944087490439415
v 0.042666710913181305 -0.017000000923871994 -0.0024944087490439415
v 0.04214804992079735 -0.017000000923871994 -0.0027716385666280985
v 0.04100000113248825 -0.017000000923871994 -0.003000000026077032
v 0.0388786755502224 -0.017000000923871994 -0.00212132022716105
v 0.03805764392018318 -0.017000000923871994 0.0005852709873579443
v 0.04312131926417351 -0.017000000923871994 -0.00212132022716105
v 0.04312131926417351 0.017000000923871994 -0.00212132022716105
v 0.0388786755502224 -0.017000000923871994 0.00212132022716105
v 0.04349440708756447 -0.017000000923871994 -0.0016667107120156288
v 0.04349440708756447 0.017000000923871994 -0.0016667107120156288
v 0.043771639466285706 -0.017000000923871994 -0.001148050301708281
v 0.043771639466285706 0.017000000923871994 -0.001148050301708281
v 0.04394235461950302 0.017000000923871994 -0.0005852709873579443
v 0.04399999976158142 0.017000000923871994 1.8852425541928763e-17
v 0.04399999976158142 -0.017000000923871994 1.0151601364517246e-17
v 0.043771639466285706 -0.017000000923871994 0.001148050301708281
v 0.043771639466285706 0.017000000923871994 0.001148050301708281
v 0.04349440708756447 0.017000000923871994 0.0016667107120156288
v 0.04312131926417351 0.017000000923871994 0.00212132022716105
v 0.04349440708756447 -0.017000000923871994 0.0016667107120156288
v 0.04394235461950302 -0.017000000923871994 -0.0005852709873579443
v 0.04312131926417351 -0.017000000923871994 0.00212132022716105
v 0.042666710913181305 0.017000000923871994 0.0024944087490439415
v 0.04214804992079735 -0.017000000923871994 0.0027716385666280985
v 0.04214804992079735 0.017000000923871994 0.0027716385666280985
v 0.04158527031540871 0.017000000923871994 0.002942355815321207
v 0.042666710913181305 -0.017000000923871994 0.0024944087490439415
v 0.04100000113248825 -0.017000000923871994 0.003000000026077032
v 0.04100000113248825 0.017000000923871994 0.003000000026077032
v 0.040414728224277496 0.017000000923871994 0.002942355815321207
v 0.039851948618888855 -0.017000000923871994 0.0027716385666280985
v 0.039851948618888855 0.017000000923871994 0.0027716385666280985
v 0.0393332876265049 0.017000000923871994 0.0024944087490439415
v 0.040414728224277496 -0.017000000923871994 0.002942355815321207
v 0.04158527031540871 -0.017000000923871994 0.002942355815321207
v 0.0393332876265049 -0.017000000923871994 0.0024944087490439415
v 0.0388786755502224 0.017000000923871994 0.00212132022716105
v 0.04394235461950302 0.017000000923871994 0.0005852709873579443
v 0.04394235461950302 -0.017000000923871994 0.0005852709873579443
v 0.0395454540848732 0.021150000393390656 0.002623795997351408
v 0.04008528217673302 0.021150000393390656 0.002857147715985775
v 0.038652095943689346 0.021150000393390656 0.0018674420425668359
v 0.0390615276992321 0.021150000393390656 0.0022896132431924343
v 0.038116179406642914 0.021150000393390656 0.000826787028927356
v 0.04182678833603859 0.021150000393390656 0.002883821027353406
v 0.0381428524851799 0.021150000393390656 -0.00091471680207178
v 0.041248295456171036 0.021150000393390656 0.0029897072818130255
v 0.04066026210784912 0.021150000393390656 0.0029807009268552065
v 0.041914716362953186 0.021150000393390656 -0.002857147715985775
v 0.03801029175519943 0.021150000393390656 0.0002482949639670551
v 0.03801929950714111 0.021150000393390656 -0.0003397389082238078
v 0.03833289071917534 0.021150000393390656 0.0013735060347244143
v 0.039132557809352875 0.021150000393390656 -0.002347905421629548
v 0.038376204669475555 0.021150000393390656 -0.0014545426238328218
v 0.03962649405002594 0.021150000393390656 -0.0026671108789741993
v 0.03871038556098938 0.021150000393390656 -0.0019384712213650346
v 0.043623797595500946 0.021150000393390656 0.0014545426238328218
v 0.04237350448966026 0.021150000393390656 0.0026671108789741993
v 0.04286744073033333 0.021150000393390656 0.002347905421629548
v 0.04328961297869682 0.021150000393390656 0.0019384712213650346
v 0.04398069903254509 0.021150000393390656 0.0003397389082238078
v 0.0438571460545063 0.021150000393390656 0.00091471680207178
v 0.04398970678448677 0.021150000393390656 -0.0002482949639670551
v 0.04366711154580116 0.021150000393390656 -0.0013735060347244143
v 0.04388381913304329 0.021150000393390656 -0.000826787028927356
v 0.04133974015712738 0.021150000393390656 -0.0029807009268552065
v 0.040751706808805466 0.021150000393390656 -0.0029897072818130255
v 0.04017321392893791 0.021150000393390656 -0.002883821027353406
v 0.043347906321287155 0.021150000393390656 -0.0018674420425668359
v 0.0429384671151638 0.021150000393390656 -0.0022896132431924343
v 0.042454544454813004 0.021150000393390656 -0.002623795997351408
v 0.038505591452121735 0.020999999716877937 0.0016667107120156288
v 0.038652095943689346 0.021150000393390656 0.0018674420425668359
v 0.03833289071917534 0.021150000393390656 0.0013735060347244143
v 0.0381428524851799 0.021150000393390656 -0.00091471680207178
v 0.038376204669475555 0.021150000393390656 -0.0014545426238328218
v 0.038228362798690796 0.020999999716877937 -0.001148050301708281
v 0.038116179406642914 0.021150000393390656 0.000826787028927356
v 0.03801029175519943 0.021150000393390656 0.0002482949639670551
v 0.03805764392018318 0.020999999716877937 0.0005852709873579443
v 0.03801929950714111 0.021150000393390656 -0.0003397389082238078
v 0.03805764392018318 0.020999999716877937 -0.0005852709873579443
v 0.03799999877810478 0.020999999716877937 1.8956690003779848e-17
v 0.038505591452121735 0.020999999716877937 -0.0016667107120156288
v 0.03871038556098938 0.021150000393390656 -0.0019384712213650346
v 0.038228362798690796 0.020999999716877937 0.001148050301708281
v 0.0388786755502224 0.020999999716877937 -0.00212132022716105
v 0.039132557809352875 0.021150000393390656 -0.002347905421629548
v 0.039851948618888855 0.020999999716877937 -0.0027716385666280985
v 0.03962649405002594 0.021150000393390656 -0.0026671108789741993
v 0.04017321392893791 0.021150000393390656 -0.002883821027353406
v 0.0393332876265049 0.020999999716877937 -0.0024944087490439415
v 0.04100000113248825 0.020999999716877937 -0.003000000026077032
v 0.040751706808805466 0.021150000393390656 -0.0029897072818130255
v 0.04133974015712738 0.021150000393390656 -0.0029807009268552065
v 0.04214804992079735 0.020999999716877937 -0.0027716385666280985
v 0.041914716362953186 0.021150000393390656 -0.002857147715985775
v 0.042454544454813004 0.021150000393390656 -0.002623795997351408
v 0.04158527031540871 0.020999999716877937 -0.002942355815321207
v 0.040414728224277496 0.020999999716877937 -0.002942355815321207
v 0.042666710913181305 0.020999999716877937 -0.0024944087490439415
v 0.0429384671151638 0.021150000393390656 -0.0022896132431924343
v 0.038652095943689346 0.020999999716877937 0.0018674420425668359
v 0.04312131926417351 0.020999999716877937 -0.00212132022716105
v 0.0388786755502224 0.020999999716877937 0.00212132022716105
v 0.043347906321287155 0.021150000393390656 -0.0018674420425668359
v 0.04366711154580116 0.021150000393390656 -0.0013735060347244143
v 0.04349440708756447 0.020999999716877937 -0.0016667107120156288
v 0.04388381913304329 0.021150000393390656 -0.000826787028927356
v 0.04398970678448677 0.021150000393390656 -0.0002482949639670551
v 0.04394235461950302 0.020999999716877937 -0.0005852709873579443
v 0.043771639466285706 0.020999999716877937 -0.001148050301708281
v 0.04398069903254509 0.021150000393390656 0.0003397389082238078
v 0.0438571460545063 0.021150000393390656 0.00091471680207178
v 0.04394235461950302 0.020999999716877937 0.0005852709873579443
v 0.043623797595500946 0.021150000393390656 0.0014545426238328218
v 0.04328961297869682 0.021150000393390656 0.0019384712213650346
v 0.04349440708756447 0.020999999716877937 0.0016667107120156288
v 0.043771639466285706 0.020999999716877937 0.001148050301708281
v 0.04399999976158142 0.020999999716877937 1.8589296080353195e-17
v 0.04286744073033333 0.021150000393390656 0.002347905421629548
v 0.04237350448966026 0.021150000393390656 0.0026671108789741993
v 0.042666710913181305 0.020999999716877937 0.0024944087490439415
v 0.04182678833603859 0.021150000393390656 0.002883821027353406
v 0.041248295456171036 0.021150000393390656 0.0029897072818130255
v 0.04158527031540871 0.020999999716877937 0.002942355815321207
v 0.04214804992079735 0.020999999716877937 0.0027716385666280985
v 0.04066026210784912 0.021150000393390656 0.0029807009268552065
v 0.04008528217673302 0.021150000393390656 0.002857147715985775
v 0.040414728224277496 0.020999999716877937 0.002942355815321207
v 0.0395454540848732 0.021150000393390656 0.002623795997351408
v 0.0390615276992321 0.021150000393390656 0.0022896132431924343
v 0.0393332876265049 0.020999999716877937 0.0024944087490439415
v 0.039851948618888855 0.020999999716877937 0.0027716385666280985
v 0.04100000113248825 0.020999999716877937 0.003000000026077032
v 0.04312131926417351 0.020999999716877937 0.00212132022716105
usemtl Diffuse
f 772 773 774
f 775 776 777
f 772 776 778
f 779 780 777
f 781 782 783
f 774 784 782
f 778 776 775
f 777 780 775
f 778 773 772
f 777 785 779
f 786 787 788
f 787 786 789
f 789 790 791
f 792 790 793
f 789 791 787
f 779 785 794
f 793 795 792
f 794 786 788
f 793 790 789
f 794 785 786
f 783 782 784
f 784 774 773
f 796 797 798
f 799 773 797
f 800 798 801
f 784 773 799
f 796 799 797
f 798 800 796
f 800 802 803
f 800 801 802
f 804 805 803
f 806 807 805
f 804 806 805
f 805 807 808
f 809 810 808
f 810 809 811
f 809 808 812
f 807 812 808
f 810 811 813
f 804 803 802
f 814 815 816
f 817 818 819
f 816 818 814
f 820 817 819
f 821 822 823
f 814 821 815
f 814 818 817
f 815 821 823
f 793 821 814
f 819 824 820
f 825 826 827
f 828 829 830
f 827 828 831
f 830 831 828
f 825 832 826
f 831 825 827
f 824 832 820
f 824 826 832
f 833 814 834
f 835 793 836
f 833 836 793
f 837 833 834
f 793 814 833
f 838 810 839
f 840 841 842
f 843 838 841
f 810 838 843
f 795 793 835
f 844 842 845
f 846 847 848
f 849 850 851
f 844 850 849
f 842 852 845
f 844 853 842
f 849 853 844
f 854 850 846
f 854 846 848
f 847 855 848
f 852 837 834
f 852 834 845
f 839 810 813
f 856 830 829
f 840 842 853
f 857 858 859
f 860 861 862
f 863 862 864
f 859 861 857
f 862 863 860
f 865 866 867
f 858 865 867
f 857 861 868
f 861 860 868
f 857 865 858
f 869 864 870
f 871 872 873
f 870 873 874
f 871 873 875
f 872 874 873
f 869 876 864
f 877 871 875
f 869 870 874
f 875 878 877
f 864 876 863
f 879 880 865
f 865 880 866
f 881 882 883
f 879 865 882
f 881 883 884
f 879 882 885
f 884 886 881
f 881 885 882
f 886 887 888
f 886 884 887
f 889 890 888
f 891 892 893
f 890 894 895
f 888 890 895
f 891 896 897
f 896 891 893
f 896 895 894
f 897 896 894
f 893 892 898
f 889 888 887
f 875 810 899
f 900 899 901
f 843 841 840
f 899 900 875
f 901 902 903
f 902 901 904
f 902 905 906
f 905 902 904
f 906 905 907
f 903 900 901
f 854 851 850
f 908 909 910
f 911 912 913
f 854 848 910
f 907 914 906
f 914 907 912
f 915 911 916
f 912 911 915
f 912 915 914
f 916 917 918
f 878 875 919
f 920 921 922
f 923 920 924
f 875 921 919
f 898 925 893
f 926 927 928
f 893 927 926
f 925 929 893
f 930 923 924
f 931 918 932
f 920 922 924
f 933 930 934
f 933 923 930
f 934 935 928
f 926 935 936
f 935 926 928
f 933 934 928
f 937 936 938
f 922 921 875
f 900 922 875
f 927 893 929
f 909 939 913
f 899 810 940
f 940 810 843
f 941 938 931
f 942 910 848
f 856 943 944
f 943 856 829
f 944 945 946
f 945 944 943
f 947 946 948
f 848 949 950
f 951 952 848
f 949 848 952
f 848 953 954
f 946 945 948
f 950 942 848
f 947 955 956
f 955 947 948
f 957 958 955
f 955 958 956
f 959 955 960
f 957 955 959
f 961 954 953
f 962 953 963
f 953 962 961
f 848 954 951
f 909 908 964
f 965 966 967
f 908 968 964
f 968 969 970
f 969 966 970
f 939 909 964
f 971 916 972
f 964 968 970
f 972 916 911
f 942 908 910
f 973 965 967
f 974 975 976
f 973 974 977
f 973 977 965
f 976 977 974
f 978 979 980
f 981 982 979
f 976 975 980
f 980 975 983
f 967 966 969
f 913 939 911
f 960 984 985
f 960 985 986
f 986 959 960
f 987 988 989
f 988 987 953
f 989 990 991
f 990 989 988
f 991 990 992
f 993 992 994
f 995 996 994
f 993 994 996
f 997 995 998
f 999 992 993
f 1000 1001 1002
f 1003 1001 1004
f 997 998 1003
f 1005 1002 1006
f 992 999 991
f 1007 1008 1009
f 996 995 997
f 1008 1010 1009
f 979 978 1011
f 1012 1013 1014
f 1015 1012 1014
f 1011 978 1015
f 1007 1014 1013
f 1000 1016 1004
f 1017 1018 1019
f 1001 1000 1004
f 997 1003 1004
f 1019 1020 1017
f 1014 1007 1009
f 1009 1010 1021
f 1005 1000 1002
f 1000 1021 1016
f 1005 1006 1020
f 1010 1016 1021
f 1017 1020 1006
f 978 980 983
f 987 963 953
f 1015 1014 1011
f 916 971 917
f 1022 1023 1024
f 1024 971 972
f 918 917 932
f 1025 938 941
f 1026 1027 1028
f 1029 1026 1030
f 941 1029 1031
f 1024 1023 1032
f 1022 1024 972
f 1032 1033 1034
f 1033 1032 1023
f 1035 1034 1036
f 1033 1037 1034
f 1038 1035 1036
f 1039 1040 1041
f 1042 1043 1038
f 1044 1045 1046
f 1040 1045 1047
f 1045 1043 1046
f 1027 1039 1048
f 937 938 1025
f 1030 1031 1029
f 1025 941 1031
f 937 1049 926
f 926 1050 1051
f 1050 926 1049
f 1052 1053 926
f 1053 1052 1054
f 1052 926 1051
f 926 936 937
f 1048 1028 1027
f 1047 1041 1040
f 1044 1047 1045
f 1048 1039 1041
f 1055 1053 1054
f 1055 1054 1056
f 1057 1058 1055
f 1059 1058 1057
f 1057 1055 1056
f 1030 1026 1028
f 1060 1033 1061
f 932 941 931
f 1036 1034 1037
f 1042 1038 1062
f 1061 982 1060
f 1062 1038 1036
f 1063 1064 1046
f 1065 1066 1067
f 1068 1069 1066
f 1067 1064 1065
f 1042 1063 1043
f 1063 1065 1064
f 982 981 1070
f 1063 1046 1043
f 1068 1071 1072
f 1073 1074 1075
f 1071 1074 1076
f 1068 1072 1069
f 1065 1068 1066
f 982 1070 1060
f 1077 1078 1075
f 1079 1080 1081
f 1082 1080 1083
f 1081 1080 1082
f 1084 1085 1058
f 1085 1086 1081
f 1086 1085 1084
f 1081 1086 1079
f 1084 1058 1059
f 1083 1087 1082
f 1088 1074 1073
f 1088 1076 1074
f 1089 1088 1090
f 1072 1071 1076
f 1078 1077 1091
f 1089 1090 1092
f 1082 1087 1092
f 1088 1073 1093
f 1093 1090 1088
f 1078 1073 1075
f 1092 1087 1089
f 1094 1091 1077
f 1033 1060 1037
f 979 1011 981
f 1095 1096 1097
f 1098 1099 1100
f 1096 1098 1101
f 1102 1103 1104
f 1105 1106 1107
f 1103 1105 1108
f 1099 1102 1109
f 1110 1095 1097
f 1101 1098 1100
f 1096 1101 1097
f 1102 1104 1109
f 1109 1100 1099
f 1104 1103 1108
f 1108 1105 1107
f 1111 1107 1106
f 1112 1111 1106
f 1113 1114 1115
f 1116 1117 1118
f 1114 1116 1119
f 1120 1121 1122
f 1123 1124 1121
f 1125 1120 1126
f 1117 1125 1118
f 1111 1112 1127
f 1119 1115 1114
f 1127 1113 1115
f 1126 1118 1125
f 1124 1122 1121
f 1128 1124 1123
f 1126 1120 1122
f 1119 1116 1118
f 1127 1112 1113
f 1129 1130 1131
f 1131 1132 1129
f 1133 1134 1135
f 1134 1133 1136
f 1137 1138 1139
f 1140 1141 1142
f 1143 1139 1141
f 1144 1145 1146
f 1142 1147 1140
f 1148 1147 1149
f 1150 1138 1137
f 1143 1141 1140
f 1139 1143 1137
f 1149 1151 1148
f 1148 1140 1147
f 1152 1153 1151
f 1153 1152 1154
f 1152 1144 1154
f 1152 1151 1149
f 1146 1154 1144
f 1155 1156 1157
f 1157 1158 1159
f 1160 1161 1158
f 1162 1163 1164
f 1163 1165 1166
f 1167 1168 1164
f 1160 1166 1169
f 1146 1145 1155
f 1161 1159 1158
f 1155 1157 1159
f 1162 1165 1163
f 1169 1170 1160
f 1162 1164 1168
f 1170 1161 1160
f 1165 1169 1166
f 1155 1145 1156
f 1171 1172 1173
f 1172 1171 1174
f 1175 1176 1177
f 1176 1175 1178
f 1179 1180 1181
f 1181 1182 1179
f 1183 1184 1185
f 1186 1187 1188
f 1184 1186 1189
f 1190 1191 1192
f 1193 1190 1194
f 1187 1195 1196
f 1185 1184 1189
f 1188 1187 1196
f 1186 1188 1189
f 1197 1198 1199
f 1197 1196 1195
f 1194 1199 1198
f 1194 1198 1193
f 1190 1192 1194
f 1195 1198 1197
f 1191 1200 1192
f 1201 1202 1203
f 1203 1204 1205
f 1206 1207 1204
f 1208 1209 1210
f 1209 1211 1212
f 1213 1214 1210
f 1206 1212 1215
f 1200 1191 1201
f 1207 1205 1204
f 1201 1203 1205
f 1208 1211 1209
f 1216 1215 1212
f 1208 1210 1214
f 1215 1207 1206
f 1211 1216 1212
f 1201 1191 1202
f 1217 1218 1219
f 1218 1217 1220
f 1221 1222 1223
f 1222 1221 1224
f 1225 1226 1227
f 1228 1229 1230
f 1226 1228 1231
f 1232 1233 1234
f 1235 1236 1237
f 1236 1238 1239
f 1233 1235 1240
f 1229 1232 1241
f 1227 1242 1225
f 1230 1231 1228
f 1227 1226 1231
f 1234 1241 1232
f 1237 1240 1235
f 1239 1237 1236
f 1234 1233 1240
f 1230 1229 1241
f 1238 1243 1239
f 1225 1242 1244
f 1243 1245 1246
f 1247 1248 1249
f 1245 1247 1250
f 1251 1252 1253
f 1252 1254 1244
f 1255 1256 1251
f 1248 1223 1257
f 1250 1246 1245
f 1257 1249 1248
f 1250 1247 1249
f 1253 1258 1251
f 1244 1253 1252
f 1255 1251 1258
f 1257 1223 1222
f 1254 1225 1244
f 1243 1246 1239
f 1255 1259 1256
f 1260 1261 1262
f 1263 1262 1259
f 1264 1265 1266
f 1267 1268 1269
f 1270 1269 1265
f 1271 1266 1261
f 1259 1255 1272
f 1262 1263 1260
f 1263 1259 1272
f 1266 1271 1264
f 1269 1270 1267
f 1268 1267 1273
f 1270 1265 1264
f 1271 1261 1260
f 1273 1274 1268
f 1275 1276 1274
f 1277 1278 1279
f 1280 1279 1276
f 1281 1282 1283
f 1284 1285 1286
f 1287 1286 1282
f 1288 1283 1278
f 1280 1276 1275
f 1288 1278 1277
f 1280 1277 1279
f 1281 1287 1282
f 1283 1288 1281
f 1284 1286 1287
f 1289 1285 1284
f 1289 1290 1285
f 1273 1275 1274
f 1291 1292 1293
f 1294 1295 1296
f 1292 1294 1297
f 1298 1299 1300
f 1299 1301 1302
f 1303 1298 1304
f 1295 1290 1305
f 1297 1293 1292
f 1305 1296 1295
f 1297 1294 1296
f 1302 1300 1299
f 1306 1302 1301
f 1304 1298 1300
f 1305 1290 1289
f 1301 1307 1306
f 1291 1293 1308
f 1309 1307 1310
f 1311 1312 1313
f 1314 1310 1312
f 1315 1316 1317
f 1318 1319 1320
f 1316 1320 1321
f 1322 1318 1308
f 1313 1315 1323
f 1314 1309 1310
f 1323 1311 1313
f 1314 1312 1311
f 1321 1317 1316
f 1322 1319 1318
f 1321 1320 1319
f 1324 1323 1315
f 1315 1317 1324
f 1308 1293 1322
f 1307 1309 1306
f 1325 1326 1327
f 1327 1328 1325
f 1329 1330 1331
f 1331 1332 1329
f 1333 1334 1335
f 1335 1336 1333
f 1337 1338 1339
f 1340 1341 1342
f 1343 1342 1338
f 1344 1345 1346
f 1347 1348 1349
f 1350 1349 1345
f 1340 1346 1341
f 1339 1351 1337
f 1342 1343 1340
f 1343 1338 1337
f 1345 1344 1352
f 1349 1350 1347
f 1348 1347 1353
f 1350 1345 1352
f 1344 1346 1340
f 1353 1354 1348
f 1355 1356 1354
f 1357 1358 1359
f 1360 1359 1356
f 1361 1362 1363
f 1364 1365 1366
f 1367 1366 1362
f 1368 1363 1358
f 1360 1356 1355
f 1368 1358 1357
f 1360 1357 1359
f 1361 1367 1362
f 1363 1368 1361
f 1364 1366 1367
f 1369 1365 1364
f 1369 1370 1365
f 1353 1355 1354
f 1371 1372 1373
f 1374 1375 1376
f 1375 1377 1376
f 1372 1374 1378
f 1373 1379 1371
f 1376 1378 1374
f 1380 1376 1377
f 1373 1372 1378
f 1377 1381 1380
f 1371 1379 1382
f 1381 1383 1384
f 1128 1123 1385
f 1383 1370 1369
f 1384 1383 1386
f 1382 1128 1385
f 1383 1369 1386
f 1385 1371 1382
f 1381 1384 1380
f 1387 1388 1389
f 1390 1391 1392
f 1390 1392 1388
f 1393 1394 1395
f 1396 1397 1398
f 1399 1398 1394
f 1400 1395 1391
f 1389 1401 1387
f 1391 1390 1400
f 1390 1388 1387
f 1394 1393 1399
f 1397 1396 1402
f 1396 1398 1399
f 1393 1395 1400
f 1402 1403 1397
f 1404 1401 1389
f 1405 1406 1403
f 1407 1408 1409
f 1410 1409 1406
f 1411 1412 1413
f 1414 1404 1415
f 1416 1415 1412
f 1417 1413 1408
f 1406 1405 1410
f 1409 1418 1407
f 1418 1409 1410
f 1413 1417 1411
f 1415 1416 1414
f 1416 1412 1411
f 1417 1408 1407
f 1414 1401 1404
f 1402 1405 1403
f 1419 1420 1421
f 1422 1423 1424
f 1424 1419 1421
f 1425 1426 1427
f 1426 1428 1429
f 1430 1427 1431
f 1432 1431 1423
f 1420 1433 1421
f 1424 1421 1422
f 1423 1422 1432
f 1430 1425 1427
f 1430 1431 1432
f 1428 1426 1425
f 1434 1429 1428
f 1434 1435 1429
f 1436 1433 1420
f 1437 1438 1435
f 1439 1440 1441
f 1442 1441 1438
f 1443 1444 1445
f 1446 1436 1447
f 1448 1447 1444
f 1449 1445 1440
f 1438 1437 1442
f 1441 1450 1439
f 1450 1441 1442
f 1445 1449 1443
f 1447 1448 1446
f 1448 1444 1443
f 1449 1440 1439
f 1446 1433 1436
f 1434 1437 1435
f 1451 1452 1453
f 1454 1455 1456
f 1454 1456 1452
f 1457 1458 1455
f 1459 1460 1461
f 1462 1461 1463
f 1463 1458 1464
f 1453 1465 1451
f 1455 1454 1457
f 1454 1452 1451
f 1463 1464 1462
f 1460 1459 1466
f 1459 1461 1462
f 1464 1458 1457
f 1466 1467 1460
f 1468 1465 1453
f 1469 1467 1470
f 1471 1472 1473
f 1472 1469 1474
f 1475 1476 1477
f 1468 1478 1479
f 1480 1478 1476
f 1481 1477 1471
f 1469 1470 1474
f 1472 1482 1473
f 1482 1472 1474
f 1477 1481 1475
f 1478 1480 1479
f 1480 1476 1475
f 1481 1471 1473
f 1479 1465 1468
f 1466 1470 1467
f 1483 1484 1485
f 1486 1487 1488
f 1489 1488 1484
f 1486 1490 1487
f 1491 1492 1493
f 1494 1493 1495
f 1495 1490 1496
f 1485 1497 1483
f 1488 1489 1486
f 1489 1484 1483
f 1495 1496 1494
f 1492 1491 1498
f 1491 1493 1494
f 1496 1490 1486
f 1498 1499 1492
f 1500 1497 1485
f 1501 1499 1502
f 1503 1504 1505
f 1504 1501 1506
f 1507 1508 1509
f 1500 1510 1511
f 1512 1510 1508
f 1513 1509 1503
f 1501 1502 1506
f 1503 1505 1514
f 1505 1504 1506
f 1509 1513 1507
f 1510 1512 1511
f 1512 1508 1507
f 1513 1503 1514
f 1511 1497 1500
f 1498 1502 1499
f 1515 1516 1517
f 1518 1519 1517
f 1515 1517 1519
f 1520 1515 1521
f 1521 1515 1519
f 1521 1522 1523
f 1521 1519 1524
f 1525 1519 1526
f 1527 1525 1526
f 1519 1525 1524
f 1528 1523 1522
f 1521 1524 1522
f 1525 1529 1524
f 1526 1519 1530
f 1531 1532 1533
f 1534 1533 1532
f 1531 1533 1535
f 1535 1533 1536
f 1537 1538 1536
f 1533 1537 1536
f 1533 1539 1537
f 1540 1533 1541
f 1542 1533 1540
f 1542 1539 1533
f 1543 1544 1545
f 1545 1544 1537
f 1539 1545 1537
f 1541 1533 1546
f 1612 1613 1614
f 1615 1616 1617
f 1618 1617 1613
f 1619 1620 1621
f 1622 1623 1624
f 1625 1624 1620
f 1626 1621 1616
f 1613 1612 1618
f 1616 1615 1626
f 1615 1617 1618
f 1620 1619 1625
f 1623 1622 1627
f 1622 1624 1625
f 1619 1621 1626
f 1627 1628 1623
f 1629 1612 1614
f 1630 1631 1628
f 1632 1633 1634
f 1635 1634 1631
f 1636 1637 1638
f 1639 1629 1640
f 1641 1640 1637
f 1642 1638 1633
f 1631 1630 1643
f 1634 1635 1632
f 1635 1631 1643
f 1638 1642 1636
f 1640 1641 1639
f 1641 1637 1636
f 1642 1633 1632
f 1639 1612 1629
f 1627 1630 1628
f 1644 1645 1646
f 1644 1646 1647
f 1646 1648 1647
f 1649 1644 1647
f 1650 1651 1647
f 1647 1652 1650
f 1646 1653 1654
f 1654 1648 1646
f 1648 1652 1647
f 1655 1648 1656
f 1650 1652 1657
f 1655 1658 1652
f 1648 1655 1652
f 1659 1654 1653
f 1660 1661 1662
f 1663 1664 1665
f 1664 1660 1662
f 1666 1667 1668
f 1669 1670 1671
f 1672 1667 1663
f 1666 1673 1671
f 1661 1674 1662
f 1663 1665 1672
f 1665 1664 1662
f 1666 1668 1673
f 1671 1673 1669
f 1669 1675 1670
f 1668 1667 1672
f 1675 1676 1670
f 1677 1674 1661
f 1678 1679 1680
f 1681 1682 1679
f 1683 1680 1676
f 1684 1682 1685
f 1686 1687 1688
f 1687 1684 1689
f 1677 1686 1690
f 1683 1691 1680
f 1678 1681 1679
f 1678 1680 1691
f 1684 1685 1689
f 1686 1688 1690
f 1688 1687 1689
f 1685 1682 1681
f 1690 1674 1677
f 1675 1683 1676
f 1692 1693 1694
f 1695 1694 1693
f 1692 1694 1696
f 1697 1698 1696
f 1696 1698 1692
f 1696 1699 1700
f 1696 1694 1699
f 1701 1702 1703
f 1704 1694 1703
f 1704 1703 1705
f 1700 1699 1706
f 1704 1707 1699
f 1704 1699 1694
f 1694 1701 1703
f 1708 1709 1710
f 1711 1712 1713
f 1714 1712 1710
f 1711 1715 1716
f 1717 1718 1719
f 1718 1720 1708
f 1713 1712 1714
f 1713 1715 1711
f 1710 1709 1714
f 1716 1721 1711
f 1722 1723 1724
f 1725 1724 1723
f 1726 1727 1725
f 1728 1727 1729
f 1723 1726 1725
f 1730 1721 1716
f 1729 1731 1728
f 1722 1724 1730
f 1725 1727 1728
f 1724 1721 1730
f 1720 1718 1717
f 1709 1708 1720
f 1732 1733 1734
f 1733 1709 1735
f 1736 1732 1737
f 1735 1709 1720
f 1733 1735 1734
f 1734 1737 1732
f 1738 1739 1737
f 1739 1736 1737
f 1738 1740 1741
f 1740 1742 1743
f 1740 1743 1741
f 1744 1742 1740
f 1744 1745 1746
f 1747 1746 1745
f 1748 1744 1746
f 1744 1748 1742
f 1749 1747 1745
f 1739 1738 1741
f 1750 1751 1752
f 1753 1754 1755
f 1752 1754 1750
f 1753 1755 1756
f 1757 1758 1759
f 1751 1759 1752
f 1755 1754 1752
f 1757 1759 1751
f 1752 1759 1728
f 1756 1760 1753
f 1761 1762 1763
f 1764 1765 1766
f 1767 1766 1761
f 1766 1767 1764
f 1762 1768 1763
f 1761 1763 1767
f 1756 1768 1760
f 1768 1762 1760
f 1769 1752 1770
f 1771 1728 1772
f 1728 1771 1770
f 1769 1770 1773
f 1770 1752 1728
f 1774 1745 1775
f 1776 1777 1778
f 1777 1775 1779
f 1779 1775 1745
f 1772 1728 1731
f 1780 1776 1781
f 1782 1783 1784
f 1785 1786 1787
f 1787 1786 1781
f 1780 1788 1776
f 1776 1789 1781
f 1781 1789 1787
f 1784 1786 1790
f 1782 1784 1790
f 1782 1791 1783
f 1769 1773 1788
f 1780 1769 1788
f 1749 1745 1774
f 1765 1764 1792
f 1789 1776 1778
f 1793 1794 1795
f 1796 1797 1798
f 1799 1796 1800
f 1795 1797 1793
f 1798 1800 1796
f 1801 1802 1803
f 1801 1803 1794
f 1804 1797 1795
f 1804 1798 1797
f 1794 1803 1795
f 1805 1799 1806
f 1807 1808 1809
f 1810 1807 1805
f 1811 1807 1809
f 1807 1810 1808
f 1799 1812 1806
f 1811 1809 1813
f 1810 1805 1806
f 1813 1814 1811
f 1800 1812 1799
f 1803 1815 1816
f 1802 1815 1803
f 1817 1818 1819
f 1818 1803 1816
f 1820 1817 1819
f 1821 1818 1816
f 1819 1822 1820
f 1818 1821 1819
f 1823 1824 1822
f 1824 1820 1822
f 1823 1825 1826
f 1827 1828 1829
f 1830 1831 1825
f 1830 1825 1823
f 1832 1833 1829
f 1827 1829 1833
f 1831 1830 1833
f 1831 1833 1832
f 1834 1828 1827
f 1824 1823 1826
f 1835 1745 1811
f 1836 1837 1835
f 1778 1777 1779
f 1811 1838 1835
f 1839 1840 1836
f 1837 1836 1840
f 1841 1842 1839
f 1840 1839 1842
f 1843 1842 1841
f 1836 1835 1838
f 1786 1785 1790
f 1844 1845 1846
f 1847 1848 1849
f 1844 1782 1790
f 1842 1843 1850
f 1851 1850 1843
f 1852 1849 1851
f 1851 1849 1848
f 1850 1851 1848
f 1853 1854 1852
f 1855 1811 1814
f 1856 1857 1858
f 1859 1858 1860
f 1855 1857 1811
f 1827 1861 1834
f 1862 1863 1864
f 1864 1863 1827
f 1827 1865 1861
f 1859 1860 1866
f 1867 1853 1868
f 1859 1856 1858
f 1869 1866 1870
f 1866 1860 1870
f 1862 1871 1869
f 1872 1871 1864
f 1862 1864 1871
f 1862 1869 1870
f 1873 1872 1874
f 1811 1857 1856
f 1811 1856 1838
f 1865 1827 1863
f 1847 1875 1845
f 1876 1745 1835
f 1779 1745 1876
f 1868 1873 1877
f 1782 1844 1878
f 1879 1880 1792
f 1765 1792 1880
f 1881 1882 1879
f 1880 1879 1882
f 1883 1881 1884
f 1885 1886 1782
f 1782 1887 1888
f 1887 1782 1886
f 1889 1890 1782
f 1883 1882 1881
f 1782 1878 1885
f 1891 1892 1884
f 1883 1884 1892
f 1892 1893 1894
f 1891 1893 1892
f 1895 1892 1896
f 1896 1892 1894
f 1890 1889 1897
f 1898 1890 1899
f 1897 1899 1890
f 1888 1889 1782
f 1900 1846 1845
f 1901 1902 1903
f 1900 1904 1846
f 1905 1906 1904
f 1905 1902 1906
f 1900 1845 1875
f 1907 1852 1908
f 1905 1904 1900
f 1849 1852 1907
f 1844 1846 1878
f 1901 1903 1909
f 1910 1911 1912
f 1913 1912 1909
f 1903 1913 1909
f 1912 1913 1910
f 1914 1915 1916
f 1915 1917 1918
f 1914 1911 1910
f 1919 1911 1914
f 1906 1902 1901
f 1849 1875 1847
f 1920 1921 1895
f 1922 1920 1895
f 1895 1896 1922
f 1923 1924 1925
f 1890 1925 1924
f 1926 1927 1923
f 1924 1923 1927
f 1928 1927 1926
f 1929 1928 1930
f 1929 1931 1932
f 1931 1929 1930
f 1933 1932 1934
f 1930 1928 1935
f 1936 1937 1938
f 1939 1937 1940
f 1940 1933 1934
f 1941 1936 1942
f 1926 1935 1928
f 1943 1944 1945
f 1931 1934 1932
f 1946 1945 1947
f 1948 1916 1915
f 1949 1950 1951
f 1949 1951 1952
f 1952 1916 1948
f 1950 1946 1947
f 1942 1953 1941
f 1937 1939 1938
f 1954 1955 1956
f 1953 1954 1956
f 1939 1940 1934
f 1946 1950 1949
f 1944 1943 1938
f 1938 1942 1936
f 1946 1943 1945
f 1944 1938 1939
f 1941 1953 1956
f 1919 1914 1916
f 1890 1898 1925
f 1948 1949 1952
f 1854 1908 1852
f 1957 1958 1959
f 1908 1957 1959
f 1867 1854 1853
f 1877 1873 1960
f 1961 1962 1963
f 1964 1963 1965
f 1966 1965 1877
f 1967 1958 1957
f 1908 1959 1907
f 1968 1969 1967
f 1958 1967 1969
f 1970 1968 1971
f 1968 1972 1969
f 1970 1971 1973
f 1974 1975 1976
f 1973 1977 1978
f 1979 1980 1981
f 1982 1980 1975
f 1979 1977 1980
f 1983 1976 1962
f 1960 1873 1874
f 1965 1966 1964
f 1963 1964 1961
f 1966 1877 1960
f 1984 1985 1864
f 1874 1864 1985
f 1986 1987 1864
f 1864 1987 1988
f 1984 1864 1988
f 1874 1872 1864
f 1975 1974 1982
f 1980 1982 1981
f 1974 1976 1983
f 1989 1986 1990
f 1991 1989 1990
f 1990 1992 1993
f 1993 1992 1994
f 1991 1990 1993
f 1987 1986 1989
f 1983 1962 1961
f 1995 1969 1996
f 1868 1877 1867
f 1972 1968 1970
f 1997 1973 1978
f 1996 1917 1995
f 1970 1973 1997
f 1979 1998 1999
f 2000 2001 2002
f 2001 2003 2004
f 2002 1998 2000
f 1977 1999 1978
f 1998 2002 1999
f 2005 1918 1917
f 1977 1979 1999
f 2006 2007 2004
f 2008 2009 2010
f 2011 2009 2007
f 2003 2006 2004
f 2001 2004 2002
f 1996 2005 1917
f 2008 2012 2013
f 2014 2015 2016
f 2017 2015 2018
f 2018 2015 2014
f 1992 2019 2020
f 2014 2021 2019
f 2020 2019 2021
f 2016 2021 2014
f 1994 1992 2020
f 2018 2022 2017
f 2010 2009 2023
f 2009 2011 2023
f 2024 2023 2025
f 2011 2007 2006
f 2026 2013 2012
f 2027 2024 2025
f 2027 2022 2018
f 2028 2010 2023
f 2023 2024 2028
f 2008 2010 2012
f 2025 2022 2027
f 2013 2026 2029
f 1972 1996 1969
f 1918 1948 1915
f 2030 2031 2032
f 2033 2034 2035
f 2036 2035 2031
f 2037 2038 2039
f 2040 2041 2042
f 2043 2042 2038
f 2044 2039 2034
f 2031 2030 2036
f 2034 2033 2044
f 2033 2035 2036
f 2038 2037 2045
f 2042 2043 2040
f 2043 2038 2045
f 2037 2039 2044
f 2040 2046 2041
f 2047 2030 2032
f 2048 2049 2050
f 2051 2052 2053
f 2054 2053 2049
f 2055 2056 2057
f 2058 2059 2060
f 2055 2060 2056
f 2061 2057 2052
f 2050 2046 2048
f 2053 2054 2051
f 2054 2049 2048
f 2057 2061 2055
f 2059 2058 2047
f 2058 2060 2055
f 2061 2052 2051
f 2047 2032 2059
f 2041 2046 2050
f 2062 2063 2064
f 2065 2066 2067
f 2068 2067 2063
f 2069 2070 2071
f 2072 2073 2074
f 2075 2074 2070
f 2076 2071 2066
f 2063 2062 2068
f 2066 2065 2076
f 2065 2067 2068
f 2070 2069 2077
f 2074 2075 2072
f 2075 2070 2077
f 2069 2071 2076
f 2072 2078 2073
f 2079 2062 2064
f 2080 2081 2082
f 2083 2084 2085
f 2086 2085 2081
f 2087 2088 2089
f 2090 2091 2092
f 2087 2092 2088
f 2093 2089 2084
f 2082 2078 2080
f 2085 2086 2083
f 2086 2081 2080
f 2089 2093 2087
f 2091 2090 2079
f 2090 2092 2087
f 2093 2084 2083
f 2079 2064 2091
f 2073 2078 2082
f 2094 2095 2096
f 2097 2098 2099
f 2098 2100 2101
f 2095 2097 2102
f 2102 2096 2095
f 2101 2099 2098
f 2103 2101 2100
f 2102 2097 2099
f 2100 2104 2103
f 2094 2096 2105
f 2106 2107 2108
f 2109 2110 2111
f 2107 2112 2113
f 2108 2104 2106
f 2105 2111 2110
f 2108 2107 2113
f 2110 2094 2105
f 2106 2104 2100
f 2114 2115 2116
f 2117 2118 2119
f 2118 2114 2120
f 2121 2122 2123
f 2124 2125 2126
f 2127 2125 2122
f 2128 2123 2117
f 2115 2129 2116
f 2118 2120 2119
f 2120 2114 2116
f 2122 2121 2127
f 2124 2126 2130
f 2126 2125 2127
f 2117 2119 2128
f 2128 2121 2123
f 2130 2131 2124
f 2132 2133 2131
f 2134 2135 2136
f 2137 2136 2133
f 2138 2139 2140
f 2141 2142 2139
f 2143 2140 2135
f 2134 2136 2137
f 2134 2143 2135
f 2137 2133 2132
f 2138 2141 2139
f 2140 2143 2138
f 2141 2144 2145
f 2144 2112 2145
f 2144 2113 2112
f 2142 2141 2145
f 2130 2132 2131
f 2146 2147 2148
f 2148 2149 2146
f 2150 2151 2152
f 2152 2153 2150
f 2154 2155 2156
f 2156 2157 2154
f 2158 2159 2160
f 2161 2162 2163
f 2159 2161 2164
f 2165 2166 2167
f 2168 2169 2170
f 2171 2172 2162
f 2165 2173 2169
f 2160 2159 2164
f 2163 2162 2174
f 2161 2163 2164
f 2165 2167 2173
f 2167 2166 2175
f 2170 2169 2173
f 2174 2162 2172
f 2166 2176 2175
f 2158 2160 2177
f 2176 2178 2179
f 2180 2181 2182
f 2178 2180 2183
f 2184 2185 2186
f 2187 2184 2186
f 2185 2188 2189
f 2187 2190 2177
f 2181 2189 2191
f 2179 2178 2183
f 2182 2181 2191
f 2180 2182 2183
f 2189 2188 2192
f 2192 2191 2189
f 2193 2184 2187
f 2187 2177 2193
f 2184 2188 2185
f 2190 2158 2177
f 2176 2179 2175
f 2194 2195 2196
f 2197 2198 2195
f 2194 2196 2199
f 2200 2201 2202
f 2203 2202 2204
f 2204 2198 2197
f 2195 2194 2205
f 2195 2205 2197
f 2194 2199 2206
f 2203 2207 2202
f 2204 2197 2203
f 2200 2202 2207
f 2208 2200 2209
f 2210 2208 2209
f 2208 2201 2200
f 2210 2211 2208
f 2212 2213 2214
f 2215 2216 2212
f 2217 2215 2218
f 2219 2220 2221
f 2222 2172 2171
f 2220 2214 2223
f 2222 2219 2224
f 2210 2225 2211
f 2218 2225 2217
f 2215 2217 2216
f 2223 2221 2220
f 2223 2214 2213
f 2224 2219 2221
f 2212 2216 2213
f 2222 2224 2172
f 2218 2211 2225
f 2226 2227 2228
f 2228 2229 2230
f 2231 2232 2229
f 2231 2233 2234
f 2235 2236 2237
f 2238 2237 2239
f 2234 2233 2236
f 2240 2239 2241
f 2230 2226 2228
f 2242 2232 2231
f 2230 2229 2232
f 2235 2234 2236
f 2240 2238 2239
f 2243 2240 2241
f 2235 2237 2238
f 2242 2231 2234
f 2241 2244 2243
f 2227 2226 2245
f 2244 2246 2247
f 2248 2249 2250
f 2246 2248 2251
f 2252 2253 2254
f 2253 2255 2256
f 2206 2199 2252
f 2249 2257 2258
f 2247 2246 2259
f 2251 2248 2250
f 2246 2251 2259
f 2258 2250 2249
f 2254 2206 2252
f 2254 2253 2256
f 2255 2245 2256
f 2255 2227 2245
f 2244 2247 2243
f 2260 2258 2257
f 2257 2261 2260
f 2262 2263 2264
f 2264 2265 2262
f 2266 2267 2268
f 2269 2270 2271
f 2267 2269 2272
f 2273 2274 2275
f 2276 2277 2278
f 2274 2276 2279
f 2270 2273 2280
f 2268 2281 2266
f 2271 2272 2269
f 2268 2267 2272
f 2275 2280 2273
f 2278 2279 2276
f 2282 2278 2277
f 2275 2274 2279
f 2271 2270 2280
f 2277 2283 2282
f 2284 2285 2286
f 2285 2287 2288
f 2283 2284 2289
f 2290 2291 2292
f 2293 2290 2294
f 2288 2287 2293
f 2285 2288 2286
f 2286 2289 2284
f 2293 2295 2288
f 2290 2292 2294
f 2294 2295 2293
f 2292 2291 2296
f 2297 2296 2298
f 2298 2299 2297
f 2296 2291 2298
f 2283 2289 2282
f 2300 2301 2302
f 2301 2300 2303
f 2304 2305 2306
f 2306 2307 2304
f 2308 2309 2310
f 2310 2311 2308
f 2312 2313 2314
f 2315 2316 2317
f 2313 2315 2318
f 2316 2319 2320
f 2321 2322 2323
f 2324 2321 2325
f 2326 2319 2324
f 2327 2312 2314
f 2318 2315 2317
f 2313 2318 2314
f 2326 2320 2319
f 2325 2326 2324
f 2325 2321 2323
f 2322 2328 2323
f 2317 2316 2320
f 2322 2329 2328
f 2330 2331 2332
f 2329 2331 2333
f 2334 2332 2335
f 2336 2337 2338
f 2339 2336 2340
f 2339 2341 2335
f 2333 2331 2330
f 2341 2334 2335
f 2330 2332 2334
f 2336 2338 2340
f 2340 2341 2339
f 2338 2337 2342
f 2343 2342 2344
f 2344 2345 2343
f 2342 2337 2344
f 2329 2333 2328
f 2346 2347 2348
f 2347 2346 2349
f 2350 2351 2352
f 2352 2353 2350
f 2354 2355 2356
f 2357 2358 2359
f 2355 2357 2360
f 2361 2362 2363
f 2364 2365 2366
f 2362 2364 2367
f 2358 2361 2368
f 2360 2356 2355
f 2359 2360 2357
f 2369 2354 2356
f 2361 2363 2368
f 2368 2359 2358
f 2363 2362 2367
f 2367 2364 2366
f 2365 2370 2371
f 2366 2365 2371
f 2372 2373 2374
f 2375 2376 2377
f 2373 2375 2378
f 2379 2380 2381
f 2382 2109 2383
f 2380 2382 2384
f 2376 2379 2377
f 2370 2385 2371
f 2374 2373 2378
f 2372 2374 2385
f 2381 2377 2379
f 2383 2384 2382
f 2111 2383 2109
f 2381 2380 2384
f 2378 2375 2377
f 2385 2370 2372
f 2386 2387 2388
f 2389 2386 2390
f 2391 2390 2392
f 2386 2389 2393
f 2394 2395 2388
f 2389 2390 2391
f 2391 2392 2396
f 2392 2397 2396
f 2392 2398 2397
f 2399 2400 2401
f 2402 2403 2404
f 2404 2399 2401
f 2398 2405 2397
f 2398 2401 2405
f 2405 2401 2406
f 2406 2401 2407
f 2401 2400 2407
f 2404 2403 2408
f 2409 2410 2411
f 2412 2413 2411
f 2412 2395 2413
f 2409 2411 2413
f 2414 2415 2409
f 2414 2416 2417
f 2416 2414 2409
f 2417 2416 2418
f 2415 2410 2409
f 2394 2388 2387
f 2395 2394 2413
f 2417 2418 2419
f 2420 2421 2422
f 2423 2424 2425
f 2426 2422 2427
f 2419 2418 2421
f 2386 2393 2387
f 2426 2427 2428
f 2429 2430 2431
f 2432 2431 2433
f 2434 2433 2435
f 2436 2408 2437
f 2430 2436 2437
f 2429 2431 2432
f 2433 2434 2432
f 2429 2436 2430
f 2435 2438 2434
f 2439 2440 2441
f 2441 2442 2443
f 2444 2445 2442
f 2439 2438 2440
f 2445 2443 2442
f 2446 2445 2444
f 2439 2441 2443
f 2444 2447 2446
f 2440 2438 2435
f 2448 2449 2436
f 2450 2448 2451
f 2448 2450 2449
f 2449 2399 2436
f 2452 2453 2454
f 2455 2451 2448
f 2453 2455 2448
f 2453 2448 2454
f 2436 2456 2448
f 2457 2458 2459
f 2457 2459 2448
f 2457 2448 2460
f 2459 2461 2462
f 2461 2459 2458
f 2463 2464 2462
f 2465 2466 2462
f 2463 2462 2461
f 2467 2468 2459
f 2460 2448 2456
f 2399 2408 2436
f 2425 2469 2423
f 2399 2404 2408
f 2459 2462 2466
f 2420 2422 2426
f 2470 2471 2472
f 2419 2421 2420
f 2473 2474 2475
f 2476 2470 2477
f 2470 2476 2471
f 2475 2476 2473
f 2477 2478 2476
f 2479 2472 2471
f 2480 2481 2482
f 2426 2428 2483
f 2479 2481 2484
f 2485 2472 2479
f 2480 2484 2481
f 2482 2486 2480
f 2485 2479 2484
f 2483 2487 2488
f 2483 2428 2487
f 2489 2490 2491
f 2491 2490 2474
f 2473 2491 2474
f 2489 2491 2492
f 2493 2468 2494
f 2492 2491 2495
f 2496 2497 2498
f 2497 2496 2495
f 2498 2497 2499
f 2500 2501 2454
f 2491 2497 2495
f 2502 2468 2503
f 2469 2454 2423
f 2504 2498 2499
f 2505 2506 2507
f 2504 2505 2508
f 2504 2508 2498
f 2508 2505 2507
f 2509 2510 2511
f 2511 2510 2512
f 2509 2511 2507
f 2506 2509 2507
f 2476 2478 2473
f 2488 2513 2423
f 2513 2488 2487
f 2514 2423 2513
f 2452 2454 2469
f 2454 2501 2423
f 2515 2482 2500
f 2516 2517 2500
f 2454 2518 2519
f 2500 2517 2515
f 2468 2520 2494
f 2514 2424 2423
f 2515 2486 2482
f 2521 2522 2523
f 2524 2493 2525
f 2520 2468 2521
f 2524 2468 2493
f 2502 2526 2527
f 2468 2524 2503
f 2526 2502 2503
f 2467 2459 2466
f 2467 2521 2468
f 2528 2502 2527
f 2500 2529 2516
f 2530 2531 2532
f 2533 2512 2510
f 2512 2533 2534
f 2534 2535 2532
f 2532 2535 2530
f 2534 2532 2512
f 2531 2536 2532
f 2537 2454 2519
f 2538 2539 2518
f 2540 2538 2518
f 2519 2518 2539
f 2536 2541 2518
f 2518 2502 2542
f 2537 2529 2500
f 2543 2542 2502
f 2542 2532 2518
f 2541 2540 2518
f 2518 2532 2536
f 2537 2500 2454
f 2544 2527 2545
f 2546 2447 2547
f 2447 2546 2446
f 2548 2549 2550
f 2547 2549 2546
f 2551 2552 2462
f 2550 2553 2548
f 2551 2554 2555
f 2462 2554 2551
f 2550 2549 2547
f 2552 2556 2462
f 2557 2558 2559
f 2558 2557 2550
f 2558 2560 2559
f 2560 2558 2561
f 2555 2554 2562
f 2554 2563 2562
f 2564 2563 2554
f 2565 2550 2557
f 2550 2565 2553
f 2467 2522 2521
f 2566 2462 2556
f 2462 2566 2465
f 2523 2567 2568
f 2523 2522 2567
f 2568 2569 2570
f 2569 2568 2567
f 2570 2569 2571
f 2572 2571 2573
f 2571 2572 2570
f 2574 2573 2575
f 2572 2573 2574
f 2576 2575 2577
f 2578 2579 2576
f 2580 2581 2579
f 2574 2575 2576
f 2582 2583 2581
f 2576 2577 2578
f 2584 2585 2586
f 2584 2564 2554
f 2586 2564 2584
f 2587 2588 2589
f 2587 2590 2588
f 2586 2585 2589
f 2587 2589 2585
f 2590 2591 2592
f 2591 2593 2592
f 2593 2594 2592
f 2595 2594 2596
f 2593 2596 2594
f 2597 2598 2599
f 2595 2598 2600
f 2601 2599 2602
f 2591 2590 2587
f 2603 2600 2597
f 2595 2600 2594
f 2604 2603 2605
f 2606 2578 2607
f 2608 2609 2610
f 2611 2608 2612
f 2607 2611 2612
f 2604 2610 2609
f 2613 2614 2615
f 2613 2601 2602
f 2615 2616 2617
f 2616 2615 2614
f 2612 2608 2610
f 2597 2605 2603
f 2599 2601 2597
f 2604 2605 2610
f 2597 2600 2598
f 2602 2614 2613
f 2579 2578 2606
f 2560 2561 2618
f 2606 2607 2612
f 2619 2525 2620
f 2621 2622 2623
f 2622 2621 2620
f 2619 2620 2621
f 2624 2625 2626
f 2627 2628 2625
f 2623 2629 2630
f 2545 2628 2631
f 2632 2633 2634
f 2633 2630 2629
f 2635 2632 2636
f 2637 2638 2626
f 2638 2637 2639
f 2639 2637 2635
f 2639 2635 2640
f 2635 2636 2640
f 2632 2641 2636
f 2623 2622 2642
f 2638 2624 2626
f 2543 2502 2528
f 2544 2545 2631
f 2527 2544 2528
f 2643 2542 2644
f 2645 2646 2542
f 2646 2645 2647
f 2542 2643 2645
f 2542 2648 2644
f 2648 2542 2543
f 2624 2627 2625
f 2649 2650 2651
f 2647 2649 2651
f 2647 2651 2646
f 2651 2650 2652
f 2653 2654 2652
f 2655 2654 2653
f 2653 2652 2656
f 2650 2656 2652
f 2631 2628 2627
f 2524 2525 2619
f 2629 2623 2642
f 2622 2583 2582
f 2657 2633 2629
f 2658 2659 2660
f 2661 2662 2663
f 2659 2658 2662
f 2634 2641 2632
f 2657 2634 2633
f 2642 2622 2582
f 2641 2658 2660
f 2581 2580 2664
f 2641 2660 2636
f 2663 2665 2666
f 2667 2668 2669
f 2665 2668 2670
f 2663 2666 2661
f 2658 2663 2662
f 2581 2664 2582
f 2671 2672 2669
f 2665 2670 2666
f 2673 2674 2675
f 2655 2676 2677
f 2677 2678 2673
f 2674 2673 2678
f 2678 2677 2676
f 2655 2677 2654
f 2675 2679 2680
f 2669 2672 2667
f 2667 2681 2668
f 2682 2683 2684
f 2682 2672 2671
f 2670 2668 2681
f 2675 2680 2673
f 2681 2685 2686
f 2680 2679 2686
f 2685 2681 2667
f 2679 2681 2686
f 2683 2682 2671
f 2606 2580 2579
f 2687 2688 2689
f 2688 2687 2690
f 2688 2690 2691
f 2691 2692 2688
f 2693 2694 2692
f 2695 2696 2693
f 2694 2693 2696
f 2691 2693 2692
f 2697 2698 2699
f 2697 2700 2698
f 2701 2698 2700
f 2702 2701 2700
f 2703 2704 2705
f 2702 2706 2705
f 2703 2705 2706
f 2701 2702 2705
f 2707 2708 2709
f 2710 2711 2708
f 2707 2712 2713
f 2714 2715 2716
f 2717 2716 2718
f 2714 2713 2719
f 2717 2720 2721
f 2710 2722 2711
f 2707 2709 2712
f 2709 2708 2711
f 2714 2719 2715
f 2717 2718 2720
f 2718 2716 2715
f 2719 2713 2712
f 2720 2723 2721
f 2724 2722 2710
f 2723 2725 2726
f 2727 2728 2729
f 2730 2729 2725
f 2731 2732 2733
f 2734 2735 2736
f 2735 2737 2733
f 2738 2736 2728
f 2725 2723 2730
f 2728 2727 2738
f 2727 2729 2730
f 2735 2734 2737
f 2732 2731 2724
f 2731 2733 2737
f 2734 2736 2738
f 2724 2710 2732
f 2721 2723 2726
f 2739 2740 2741
f 2742 2743 2740
f 2739 2744 2745
f 2746 2747 2748
f 2749 2750 2748
f 2746 2745 2751
f 2752 2753 2750
f 2742 2754 2743
f 2739 2741 2744
f 2741 2740 2743
f 2746 2751 2747
f 2750 2749 2752
f 2749 2748 2747
f 2751 2745 2744
f 2752 2755 2753
f 2756 2754 2742
f 2757 2758 2755
f 2759 2760 2761
f 2762 2761 2758
f 2763 2756 2764
f 2765 2766 2767
f 2766 2768 2764
f 2769 2767 2760
f 2758 2757 2762
f 2760 2759 2769
f 2759 2761 2762
f 2766 2765 2768
f 2756 2763 2770
f 2763 2764 2768
f 2765 2767 2769
f 2770 2754 2756
f 2752 2757 2755
f 2771 2772 2773
f 2772 2774 2775
f 2775 2774 2776
f 2777 2778 2779
f 2780 2781 2777
f 2778 2776 2782
f 2783 2781 2784
f 2773 2785 2771
f 2786 2776 2774
f 2774 2772 2771
f 2782 2776 2786
f 2780 2777 2779
f 2782 2779 2778
f 2780 2784 2781
f 2784 2787 2783
f 2788 2785 2773
f 2787 2789 2790
f 2791 2792 2793
f 2794 2793 2789
f 2795 2796 2797
f 2798 2797 2799
f 2795 2788 2796
f 2800 2799 2792
f 2794 2789 2787
f 2800 2792 2791
f 2794 2791 2793
f 2788 2795 2801
f 2802 2797 2798
f 2799 2800 2798
f 2797 2802 2795
f 2801 2785 2788
f 2783 2787 2790
f 2803 2804 2805
f 2803 2806 2807
f 2808 2809 2804
f 2810 2811 2812
f 2813 2814 2810
f 2811 2807 2815
f 2816 2814 2817
f 2804 2809 2805
f 2815 2807 2806
f 2806 2803 2805
f 2812 2811 2815
f 2817 2814 2813
f 2812 2813 2810
f 2817 2818 2816
f 2818 2819 2816
f 2820 2809 2808
f 2819 2821 2822
f 2823 2824 2825
f 2826 2825 2821
f 2827 2828 2829
f 2830 2829 2831
f 2832 2820 2828
f 2833 2831 2824
f 2834 2821 2819
f 2823 2825 2826
f 2834 2826 2821
f 2828 2827 2832
f 2830 2831 2833
f 2824 2823 2833
f 2829 2830 2827
f 2832 2809 2820
f 2816 2819 2822
f 2835 2836 2837
f 2837 2838 2835
f 2839 2840 2841
f 2840 2839 2842
f 2843 2844 2845
f 2844 2843 2846
f 2847 2848 2849
f 2848 2847 2850
f 2851 2852 2853
f 2853 2854 2851
f 2855 2856 2857
f 2856 2855 2858
f 2859 2860 2861
f 2862 2861 2860
f 2861 2862 2863
f 2861 2863 2864
f 2864 2865 2861
f 2861 2866 2859
f 2867 2868 2869
f 2870 2869 2871
f 2861 2871 2866
f 2872 2871 2861
f 2873 2874 2875
f 2876 2877 2878
f 2874 2877 2875
f 2875 2877 2876
f 2865 2874 2879
f 2880 2881 2882
f 2883 2876 2884
f 2878 2884 2876
f 2880 2883 2884
f 2867 2881 2868
f 2883 2880 2885
f 2879 2861 2865
f 2886 2887 2881
f 2888 2889 2890
f 2871 2872 2870
f 2869 2870 2867
f 2872 2888 2890
f 2891 2892 2888
f 2889 2888 2892
f 2888 2893 2894
f 2888 2894 2891
f 2895 2893 2888
f 2861 2888 2872
f 2896 2897 2898
f 2899 2900 2901
f 2897 2900 2898
f 2898 2900 2899
f 2886 2881 2867
f 2902 2895 2903
f 2904 2899 2905
f 2901 2905 2899
f 2902 2904 2905
f 2903 2895 2888
f 2887 2886 2897
f 2902 2906 2904
f 2874 2873 2879
f 2907 2908 2909
f 2907 2909 2910
f 2879 2908 2861
f 2882 2881 2887
f 2911 2912 2913
f 2911 2913 2914
f 2914 2882 2915
f 2916 2917 2918
f 2910 2917 2919
f 2916 2918 2920
f 2919 2907 2910
f 2921 2922 2907
f 2923 2912 2911
f 2917 2916 2919
f 2907 2919 2921
f 2916 2920 2923
f 2920 2912 2923
f 2908 2907 2861
f 2911 2914 2915
f 2887 2897 2896
f 2924 2915 2925
f 2924 2925 2926
f 2887 2915 2882
f 2902 2903 2906
f 2927 2928 2929
f 2927 2929 2930
f 2888 2927 2930
f 2926 2931 2932
f 2927 2933 2934
f 2935 2934 2936
f 2931 2936 2932
f 2927 2934 2928
f 2936 2931 2937
f 2936 2937 2935
f 2938 2933 2927
f 2935 2928 2934
f 2924 2926 2932
f 2915 2924 2911
f 2903 2888 2930
f 2882 2885 2880
f 2939 2940 2941
f 2940 2939 2942
f 2943 2942 2939
f 2944 2943 2939
f 2939 2945 2944
f 2941 2946 2939
f 2947 2948 2949
f 2950 2947 2951
f 2946 2950 2939
f 2939 2950 2952
f 2953 2954 2955
f 2956 2954 2957
f 2953 2958 2954
f 2957 2954 2958
f 2953 2955 2945
f 2959 2960 2961
f 2962 2957 2963
f 2957 2962 2956
f 2962 2963 2961
f 2948 2960 2949
f 2963 2964 2961
f 2945 2939 2965
f 2959 2966 2960
f 2967 2968 2969
f 2951 2952 2950
f 2949 2951 2947
f 2967 2969 2952
f 2969 2970 2971
f 2970 2969 2968
f 2972 2973 2969
f 2971 2972 2969
f 2969 2973 2974
f 2952 2969 2939
f 2975 2976 2977
f 2978 2979 2980
f 2975 2979 2976
f 2980 2979 2975
f 2949 2960 2966
f 2981 2974 2982
f 2983 2980 2984
f 2980 2983 2978
f 2983 2984 2982
f 2969 2974 2981
f 2976 2966 2985
f 2984 2986 2982
f 2965 2953 2945
f 2987 2988 2989
f 2990 2987 2989
f 2939 2988 2965
f 2985 2966 2959
f 2991 2992 2993
f 2994 2991 2993
f 2995 2959 2994
f 2996 2997 2998
f 2999 2997 2990
f 3000 2996 2998
f 2990 2989 2999
f 2989 3001 3002
f 2993 2992 3003
f 2999 2998 2997
f 3002 2999 2989
f 3003 3000 2998
f 3003 2992 3000
f 2939 2989 2988
f 2995 2994 2993
f 2977 2976 2985
f 3004 2995 3005
f 3006 3004 3005
f 2959 2995 2985
f 2986 2981 2982
f 3007 3008 3009
f 3010 3007 3009
f 3010 3009 2969
f 3011 3012 3006
f 3013 3014 3009
f 3015 3013 3016
f 3011 3015 3012
f 3008 3013 3009
f 3017 3012 3015
f 3016 3017 3015
f 3009 3014 3018
f 3013 3008 3016
f 3011 3006 3005
f 2993 3005 2995
f 3010 2969 2981
f 2961 2964 2959
f 3019 3020 3021
f 3022 3019 3023
f 3024 3022 3025
f 3026 3027 3028
f 3026 3029 3020
f 3023 3019 3021
f 3023 3025 3022
f 3030 3021 3020
f 3025 3031 3024
f 3024 3032 3033
f 3033 3034 3035
f 3036 3037 3038
f 3033 3035 3036
f 3032 3024 3031
f 3033 3039 3040
f 3033 3040 3034
f 3039 3033 3032
f 3041 3037 3036
f 3042 3043 3044
f 3044 3045 3042
f 3046 3027 3045
f 3045 3044 3046
f 3044 3047 3048
f 3049 3050 3048
f 3044 3048 3050
f 3051 3050 3049
f 3044 3043 3047
f 3029 3026 3028
f 3046 3028 3027
f 3049 3052 3051
f 3053 3052 3054
f 3055 3056 3057
f 3056 3053 3057
f 3054 3052 3049
f 3029 3030 3020
f 3058 3055 3059
f 3060 3061 3062
f 3063 3060 3064
f 3065 3063 3066
f 3067 3041 3068
f 3067 3068 3061
f 3064 3060 3062
f 3064 3066 3063
f 3061 3068 3062
f 3066 3069 3065
f 3070 3071 3072
f 3073 3074 3070
f 3074 3075 3076
f 3071 3069 3072
f 3074 3073 3075
f 3076 3075 3077
f 3073 3070 3072
f 3077 3078 3076
f 3065 3069 3071
f 3068 3079 3080
f 3081 3080 3082
f 3079 3082 3080
f 3068 3035 3079
f 3083 3084 3085
f 3080 3081 3086
f 3080 3086 3084
f 3083 3080 3084
f 3080 3087 3068
f 3088 3089 3090
f 3080 3088 3090
f 3091 3080 3090
f 3092 3093 3088
f 3089 3088 3093
f 3092 3094 3095
f 3093 3092 3095
f 3088 3096 3097
f 3087 3080 3091
f 3068 3041 3035
f 3098 3099 3100
f 3092 3088 3101
f 3041 3036 3035
f 3096 3102 3097
f 3059 3055 3057
f 3103 3104 3105
f 3057 3053 3054
f 3106 3107 3108
f 3109 3105 3110
f 3104 3110 3105
f 3108 3110 3106
f 3110 3111 3109
f 3104 3103 3112
f 3113 3114 3115
f 3116 3058 3059
f 3117 3114 3112
f 3112 3103 3118
f 3114 3117 3115
f 3115 3119 3113
f 3117 3112 3118
f 3120 3121 3116
f 3116 3121 3058
f 3122 3123 3124
f 3107 3123 3122
f 3107 3122 3108
f 3125 3122 3124
f 3126 3096 3127
f 3128 3122 3125
f 3129 3130 3131
f 3128 3131 3130
f 3132 3130 3129
f 3083 3133 3134
f 3128 3130 3122
f 3135 3096 3136
f 3098 3083 3099
f 3132 3129 3137
f 3138 3139 3140
f 3141 3140 3137
f 3129 3141 3137
f 3138 3140 3141
f 3142 3143 3144
f 3145 3143 3142
f 3138 3142 3144
f 3138 3144 3139
f 3108 3111 3110
f 3146 3147 3120
f 3121 3120 3147
f 3098 3146 3120
f 3148 3146 3098
f 3134 3113 3149
f 3126 3150 3096
f 3134 3151 3152
f 3149 3151 3134
f 3133 3083 3098
f 3100 3148 3098
f 3113 3119 3149
f 3099 3083 3085
f 3153 3127 3154
f 3127 3096 3154
f 3102 3096 3150
f 3155 3156 3136
f 3135 3154 3096
f 3135 3136 3156
f 3083 3157 3158
f 3159 3160 3102
f 3155 3136 3161
f 3152 3162 3134
f 3163 3164 3165
f 3143 3145 3166
f 3167 3166 3145
f 3163 3168 3167
f 3165 3168 3163
f 3145 3163 3167
f 3163 3169 3164
f 3157 3083 3170
f 3158 3171 3172
f 3158 3172 3173
f 3171 3158 3157
f 3158 3174 3169
f 3175 3136 3158
f 3134 3162 3170
f 3136 3175 3176
f 3158 3163 3175
f 3158 3173 3174
f 3169 3163 3158
f 3083 3134 3170
f 3177 3155 3178
f 3179 3078 3180
f 3181 3182 3183
f 3180 3182 3179
f 3184 3185 3092
f 3186 3187 3188
f 3185 3187 3092
f 3092 3187 3186
f 3179 3182 3181
f 3092 3189 3184
f 3190 3191 3181
f 3192 3181 3191
f 3191 3193 3192
f 3181 3194 3190
f 3195 3186 3196
f 3186 3188 3196
f 3186 3195 3197
f 3183 3194 3181
f 3198 3092 3101
f 3198 3189 3092
f 3097 3102 3160
f 3199 3200 3159
f 3200 3160 3159
f 3201 3202 3199
f 3200 3199 3202
f 3203 3202 3201
f 3204 3203 3205
f 3201 3205 3203
f 3206 3204 3207
f 3207 3204 3205
f 3208 3206 3209
f 3209 3210 3211
f 3210 3212 3213
f 3209 3206 3207
f 3212 3214 3215
f 3211 3208 3209
f 3193 3216 3192
f 3078 3077 3180
f 3217 3218 3216
f 3192 3216 3218
f 3186 3197 3219
f 3220 3219 3197
f 3221 3222 3223
f 3220 3222 3224
f 3224 3222 3221
f 3220 3224 3219
f 3225 3221 3226
f 3227 3228 3229
f 3228 3227 3225
f 3230 3227 3229
f 3228 3225 3226
f 3231 3232 3233
f 3234 3232 3235
f 3235 3230 3229
f 3236 3231 3237
f 3223 3226 3221
f 3233 3234 3238
f 3229 3234 3235
f 3239 3238 3240
f 3241 3211 3242
f 3243 3244 3245
f 3246 3245 3247
f 3246 3247 3241
f 3244 3243 3240
f 3248 3249 3250
f 3236 3237 3250
f 3251 3252 3248
f 3249 3248 3252
f 3243 3245 3246
f 3238 3239 3233
f 3233 3237 3231
f 3243 3239 3240
f 3232 3234 3233
f 3250 3249 3236
f 3242 3211 3210
f 3246 3241 3242
f 3253 3254 3153
f 3255 3256 3257
f 3253 3257 3256
f 3257 3253 3153
f 3258 3259 3260
f 3259 3261 3262
f 3263 3264 3255
f 3265 3261 3177
f 3266 3267 3268
f 3264 3263 3267
f 3269 3268 3270
f 3258 3271 3272
f 3273 3272 3271
f 3270 3272 3273
f 3274 3270 3273
f 3274 3269 3270
f 3269 3275 3268
f 3276 3256 3255
f 3258 3260 3271
f 3178 3155 3161
f 3261 3265 3262
f 3178 3265 3177
f 3277 3175 3278
f 3279 3175 3280
f 3280 3175 3281
f 3279 3278 3175
f 3176 3175 3277
f 3161 3136 3176
f 3282 3283 3284
f 3282 3284 3285
f 3281 3282 3285
f 3286 3283 3282
f 3286 3287 3288
f 3288 3287 3289
f 3290 3286 3288
f 3286 3290 3283
f 3280 3281 3285
f 3260 3259 3262
f 3153 3254 3127
f 3276 3255 3264
f 3215 3214 3256
f 3264 3267 3291
f 3292 3293 3294
f 3295 3296 3297
f 3296 3294 3293
f 3268 3275 3266
f 3267 3266 3291
f 3215 3256 3276
f 3292 3294 3275
f 3298 3213 3212
f 3269 3292 3275
f 3299 3300 3295
f 3301 3302 3303
f 3304 3302 3300
f 3297 3299 3295
f 3296 3295 3294
f 3215 3298 3212
f 3301 3305 3306
f 3299 3304 3300
f 3307 3308 3309
f 3310 3311 3289
f 3309 3312 3310
f 3312 3309 3308
f 3311 3310 3312
f 3287 3310 3289
f 3313 3314 3307
f 3303 3305 3301
f 3302 3315 3303
f 3316 3317 3318
f 3306 3305 3318
f 3315 3302 3304
f 3309 3313 3307
f 3319 3320 3315
f 3319 3314 3313
f 3303 3315 3320
f 3319 3315 3314
f 3306 3318 3317
f 3210 3213 3242
f 3088 3097 3101
usemtl Diffuse_1
f 1 2 3
f 4 5 6
f 2 4 7
f 8 9 10
f 11 12 13
f 9 11 14
f 5 8 15
f 16 17 18
f 19 20 21
f 17 19 22
f 23 24 25
f 26 27 28
f 24 26 29
f 20 23 30
f 12 16 31
f 7 3 2
f 15 6 5
f 7 4 6
f 14 10 9
f 31 13 12
f 14 11 13
f 15 8 10
f 22 18 17
f 30 21 20
f 22 19 21
f 29 25 24
f 32 28 27
f 29 26 28
f 30 23 25
f 31 16 18
f 27 33 32
f 1 3 34
f 33 35 36
f 37 38 39
f 35 37 40
f 41 42 43
f 44 45 46
f 42 44 47
f 38 41 48
f 49 50 51
f 52 53 54
f 50 52 55
f 56 57 58
f 59 60 61
f 57 59 62
f 53 56 63
f 45 49 64
f 36 35 40
f 39 38 48
f 37 39 40
f 43 42 47
f 46 45 64
f 44 46 47
f 41 43 48
f 51 50 55
f 53 63 54
f 54 55 52
f 64 49 51
f 63 56 58
f 62 59 61
f 61 60 65
f 57 62 58
f 34 3 65
f 65 60 34
f 33 36 32
f 66 67 68
f 67 66 69
f 70 67 69
f 71 67 72
f 67 71 73
f 67 73 74
f 72 67 70
f 75 76 70
f 76 77 70
f 75 69 78
f 79 80 81
f 80 82 81
f 75 70 69
f 79 70 80
f 83 72 70
f 84 85 86
f 72 83 84
f 87 84 88
f 89 90 88
f 90 89 91
f 83 88 84
f 88 92 89
f 93 94 83
f 95 93 83
f 79 95 83
f 96 97 92
f 92 83 96
f 83 70 79
f 83 92 88
f 86 72 84
f 98 99 100
f 101 102 103
f 99 101 104
f 105 106 107
f 108 109 110
f 106 108 111
f 102 105 112
f 113 114 115
f 116 117 118
f 114 116 119
f 120 121 122
f 123 124 125
f 121 123 126
f 117 120 127
f 109 113 128
f 100 129 98
f 103 104 101
f 100 99 104
f 107 112 105
f 110 111 108
f 107 106 111
f 103 102 112
f 115 128 113
f 118 119 116
f 115 114 119
f 122 127 120
f 125 126 123
f 122 121 126
f 118 117 127
f 110 109 128
f 124 130 125
f 98 129 131
f 132 133 134
f 135 136 137
f 133 135 134
f 138 139 140
f 141 142 143
f 139 141 144
f 136 138 145
f 146 147 148
f 149 150 151
f 147 149 152
f 153 154 155
f 156 157 158
f 154 156 159
f 150 153 160
f 142 146 161
f 134 130 132
f 145 137 136
f 134 135 137
f 144 140 139
f 161 143 142
f 144 141 143
f 145 138 140
f 152 148 147
f 160 151 150
f 152 149 151
f 159 155 154
f 131 158 157
f 159 156 158
f 160 153 155
f 161 146 148
f 157 98 131
f 132 130 124
f 162 163 164
f 162 165 163
f 166 167 162
f 168 169 170
f 169 166 164
f 162 164 166
f 171 172 169
f 173 164 174
f 173 175 176
f 176 164 173
f 170 176 177
f 169 164 176
f 169 176 170
f 178 168 170
f 179 172 171
f 180 171 169
f 181 182 171
f 182 181 183
f 184 185 181
f 185 184 186
f 180 181 171
f 181 187 184
f 168 188 180
f 188 168 189
f 168 180 169
f 187 180 190
f 190 180 191
f 180 187 181
f 187 192 184
f 193 179 171
f 194 195 196
f 197 198 199
f 195 197 200
f 201 202 203
f 204 205 206
f 202 204 207
f 198 201 208
f 209 210 211
f 212 213 214
f 210 212 215
f 216 217 218
f 219 220 221
f 217 219 222
f 213 216 223
f 205 209 224
f 196 225 194
f 199 200 197
f 196 195 200
f 203 208 201
f 206 207 204
f 203 202 207
f 199 198 208
f 211 224 209
f 214 215 212
f 211 210 215
f 218 223 216
f 221 222 219
f 218 217 222
f 214 213 223
f 206 205 224
f 220 226 221
f 194 225 227
f 228 229 230
f 231 232 233
f 229 231 234
f 235 236 237
f 238 239 240
f 236 238 241
f 232 235 242
f 243 244 245
f 246 247 248
f 244 246 249
f 250 251 252
f 253 254 255
f 251 253 256
f 247 250 257
f 239 243 258
f 230 226 228
f 233 234 231
f 230 229 234
f 237 242 235
f 240 241 238
f 237 236 241
f 233 232 242
f 245 258 243
f 248 249 246
f 245 244 249
f 252 257 250
f 255 256 253
f 227 255 254
f 252 251 256
f 248 247 257
f 240 239 258
f 254 194 227
f 228 226 220
f 259 260 261
f 262 263 264
f 260 262 265
f 266 267 268
f 269 270 271
f 267 269 272
f 263 266 264
f 273 274 275
f 276 277 278
f 274 276 279
f 280 281 282
f 283 284 285
f 281 283 286
f 277 280 278
f 270 273 271
f 261 287 259
f 264 265 262
f 261 260 265
f 272 268 267
f 271 288 269
f 272 269 288
f 264 266 268
f 279 275 274
f 278 289 276
f 279 276 289
f 286 282 281
f 285 290 283
f 286 283 290
f 278 280 282
f 271 273 275
f 284 291 285
f 259 287 292
f 293 294 291
f 295 296 297
f 294 295 298
f 299 300 301
f 302 303 304
f 300 302 305
f 296 299 306
f 307 308 309
f 310 311 312
f 309 308 311
f 313 314 315
f 292 316 317
f 312 316 318
f 314 307 315
f 303 313 319
f 320 291 294
f 297 298 295
f 320 294 298
f 301 306 299
f 304 305 302
f 301 300 305
f 297 296 306
f 315 319 313
f 309 321 307
f 315 307 321
f 310 322 311
f 292 318 316
f 310 312 318
f 309 311 322
f 304 303 319
f 317 259 292
f 293 291 284
f 323 324 325
f 326 327 328
f 329 325 327
f 328 330 331
f 332 333 334
f 335 332 336
f 337 330 335
f 333 338 339
f 340 341 342
f 343 338 341
f 344 345 346
f 347 348 349
f 350 346 348
f 351 342 345
f 352 349 353
f 329 323 325
f 331 326 328
f 329 327 326
f 336 337 335
f 339 334 333
f 336 332 334
f 331 330 337
f 340 343 341
f 344 351 345
f 340 342 351
f 347 350 348
f 354 352 353
f 347 349 352
f 344 346 350
f 339 338 343
f 353 355 354
f 324 323 356
f 357 355 358
f 359 360 361
f 362 363 364
f 365 366 367
f 368 360 367
f 363 359 369
f 370 358 362
f 371 372 373
f 374 375 372
f 376 377 378
f 379 380 381
f 382 373 380
f 383 381 356
f 376 384 365
f 370 362 364
f 369 364 363
f 359 361 369
f 368 361 360
f 384 366 365
f 368 367 366
f 358 370 357
f 375 385 386
f 375 374 385
f 374 372 371
f 382 371 373
f 377 387 378
f 385 387 386
f 382 380 379
f 381 383 379
f 378 384 376
f 387 377 386
f 356 323 383
f 355 357 354
f 388 389 390
f 388 391 392
f 393 392 391
f 391 388 390
f 394 395 396
f 395 394 390
f 390 389 395
f 394 396 397
f 398 399 400
f 401 402 398
f 403 402 404
f 402 401 404
f 399 393 400
f 398 405 401
f 405 398 400
f 392 393 399
f 406 407 396
f 397 396 407
f 408 407 406
f 409 407 408
f 410 409 408
f 411 410 412
f 413 412 410
f 410 411 409
f 413 414 415
f 416 417 418
f 414 418 415
f 419 418 414
f 418 419 416
f 417 416 420
f 412 413 415
f 420 421 417
f 422 403 423
f 423 424 422
f 424 425 426
f 424 423 427
f 426 425 428
f 425 424 427
f 428 429 426
f 430 431 428
f 429 428 431
f 430 432 431
f 433 432 430
f 434 432 433
f 435 436 434
f 434 436 432
f 437 436 435
f 438 439 440
f 441 442 443
f 441 443 439
f 420 444 421
f 444 440 421
f 438 440 444
f 438 441 439
f 441 445 442
f 446 447 448
f 447 446 435
f 437 435 446
f 449 446 448
f 442 445 450
f 451 450 445
f 450 451 449
f 449 448 450
f 403 404 423
f 452 453 454
f 455 454 453
f 454 455 456
f 452 454 457
f 458 459 460
f 460 459 452
f 452 457 460
f 461 458 460
f 462 463 464
f 464 465 466
f 467 465 468
f 467 466 465
f 462 456 463
f 466 469 464
f 462 464 469
f 463 456 455
f 458 470 471
f 470 458 461
f 471 470 472
f 472 470 473
f 472 473 474
f 475 474 476
f 474 475 477
f 473 476 474
f 478 479 477
f 480 481 482
f 478 480 479
f 479 480 483
f 482 483 480
f 484 482 481
f 478 477 475
f 481 485 484
f 486 468 487
f 487 488 486
f 489 490 488
f 491 486 488
f 492 490 489
f 491 488 490
f 489 493 492
f 492 494 495
f 494 492 493
f 494 496 495
f 495 496 497
f 497 496 498
f 499 500 501
f 500 499 498
f 496 500 498
f 502 503 504
f 505 506 507
f 503 505 507
f 485 508 484
f 485 502 508
f 508 502 504
f 503 507 504
f 506 509 507
f 510 511 512
f 512 511 499
f 510 512 513
f 514 509 506
f 509 514 515
f 513 515 514
f 514 510 513
f 501 512 499
f 486 467 468
f 516 517 518
f 519 520 521
f 517 519 522
f 523 524 525
f 526 527 528
f 524 526 529
f 520 523 530
f 531 532 533
f 534 535 536
f 532 534 537
f 538 539 540
f 541 542 543
f 539 541 544
f 535 538 545
f 527 531 546
f 522 518 517
f 521 547 519
f 522 519 547
f 525 530 523
f 528 529 526
f 525 524 529
f 521 520 530
f 533 546 531
f 536 537 534
f 533 532 537
f 540 545 538
f 543 544 541
f 540 539 544
f 536 535 545
f 528 527 546
f 542 548 543
f 516 518 549
f 550 551 552
f 553 554 555
f 550 552 553
f 556 557 558
f 559 560 561
f 557 559 562
f 554 556 563
f 564 565 566
f 567 568 569
f 570 565 568
f 571 564 572
f 573 574 575
f 576 569 574
f 549 575 577
f 560 571 578
f 550 548 551
f 579 550 553
f 555 579 553
f 555 554 563
f 561 562 559
f 556 558 563
f 557 562 558
f 570 566 565
f 576 567 569
f 570 568 567
f 571 572 578
f 549 573 575
f 576 574 573
f 578 561 560
f 564 566 572
f 577 516 549
f 551 548 542
f 580 581 582
f 583 584 580
f 585 580 584
f 583 580 582
f 586 587 588
f 581 587 586
f 586 582 581
f 589 586 588
f 590 591 592
f 593 590 592
f 593 594 595
f 596 585 584
f 593 592 594
f 592 591 596
f 591 585 596
f 597 589 598
f 588 598 589
f 598 599 597
f 600 599 598
f 601 599 600
f 602 603 604
f 601 604 603
f 601 603 599
f 605 606 602
f 607 608 609
f 607 609 606
f 607 606 605
f 610 611 612
f 608 607 612
f 608 612 611
f 604 605 602
f 613 593 595
f 614 595 615
f 613 595 614
f 616 614 615
f 617 616 618
f 616 615 618
f 617 619 620
f 619 617 618
f 620 621 617
f 622 621 623
f 620 623 621
f 624 622 623
f 625 622 624
f 626 624 627
f 628 626 629
f 627 629 626
f 626 625 624
f 630 631 632
f 633 634 635
f 630 635 631
f 636 632 610
f 632 636 630
f 635 630 633
f 633 637 634
f 632 611 610
f 638 639 640
f 629 638 641
f 641 628 629
f 641 638 640
f 642 634 643
f 637 643 634
f 642 643 640
f 640 639 642
f 644 645 646
f 646 647 648
f 647 646 649
f 644 646 648
f 650 651 652
f 652 651 645
f 645 644 652
f 650 652 653
f 654 655 656
f 654 656 657
f 658 657 659
f 647 649 660
f 658 654 657
f 660 655 654
f 660 649 655
f 661 653 662
f 653 661 650
f 661 662 663
f 663 662 664
f 663 664 665
f 666 667 668
f 667 666 665
f 664 667 665
f 668 669 670
f 671 672 673
f 669 671 673
f 670 669 673
f 674 675 676
f 674 673 672
f 675 674 672
f 668 670 666
f 658 659 677
f 678 677 679
f 679 677 659
f 678 679 680
f 681 680 682
f 681 678 680
f 683 684 682
f 681 682 684
f 682 685 683
f 686 685 687
f 685 686 683
f 687 688 686
f 686 688 689
f 690 689 691
f 692 691 693
f 691 692 690
f 689 688 691
f 694 695 696
f 697 698 699
f 695 697 699
f 676 694 700
f 696 700 694
f 699 696 695
f 698 701 699
f 676 675 694
f 702 703 704
f 693 704 703
f 703 692 693
f 702 704 705
f 706 698 707
f 698 706 701
f 705 706 707
f 707 702 705
f 708 709 710
f 711 712 713
f 709 711 714
f 715 716 717
f 718 719 720
f 716 718 721
f 712 715 722
f 723 724 725
f 726 727 728
f 724 726 729
f 730 731 732
f 733 734 735
f 731 733 735
f 727 730 736
f 719 723 737
f 714 710 709
f 722 713 712
f 714 711 713
f 720 721 718
f 717 716 721
f 722 715 717
f 710 738 708
f 725 737 723
f 728 729 726
f 725 724 729
f 732 736 730
f 739 735 734
f 732 731 735
f 728 727 736
f 720 719 737
f 734 740 739
f 708 738 741
f 740 742 743
f 742 744 745
f 746 747 748
f 749 750 751
f 747 749 752
f 750 753 754
f 744 746 745
f 755 756 757
f 758 759 760
f 761 756 759
f 762 763 764
f 764 765 766
f 760 763 767
f 753 755 768
f 769 766 765
f 743 742 770
f 746 748 745
f 745 770 742
f 751 750 754
f 748 747 752
f 771 749 751
f 749 771 752
f 757 768 755
f 758 761 759
f 757 756 761
f 762 767 763
f 741 766 769
f 762 764 766
f 758 760 767
f 754 753 768
f 769 708 741
f 740 743 739
f 3515 3516 3517
f 3516 3518 3517
f 3515 3519 3516
f 3517 3520 3521
f 3521 3522 3515
f 3521 3515 3517
f 3521 3520 3523
f 3523 3524 3525
f 3520 3526 3524
f 3520 3517 3527
f 3528 3524 3529
f 3528 3530 3525
f 3528 3525 3524
f 3523 3520 3524
f 3531 3521 3532
f 3533 3534 3532
f 3534 3533 3535
f 3536 3533 3532
f 3523 3536 3532
f 3523 3537 3536
f 3536 3538 3533
f 3539 3537 3540
f 3541 3542 3523
f 3543 3541 3523
f 3544 3543 3523
f 3523 3545 3540
f 3545 3523 3546
f 3523 3525 3544
f 3523 3540 3537
f 3532 3521 3523
f 3547 3548 3549
f 3550 3551 3552
f 3552 3548 3550
f 3553 3554 3555
f 3554 3553 3547
f 3556 3551 3557
f 3558 3557 3559
f 3559 3560 3561
f 3562 3563 3564
f 3565 3566 3567
f 3568 3569 3567
f 3570 3566 3571
f 3571 3563 3570
f 3572 3560 3562
f 3573 3568 3574
f 3575 3554 3547
f 3552 3549 3548
f 3552 3551 3556
f 3559 3561 3558
f 3576 3555 3554
f 3575 3547 3549
f 3557 3558 3556
f 3561 3560 3577
f 3560 3572 3577
f 3563 3571 3564
f 3564 3572 3562
f 3571 3566 3565
f 3567 3569 3565
f 3573 3574 3578
f 3569 3568 3573
f 3574 3579 3578
f 3555 3576 3580
f 3581 3582 3583
f 3584 3585 3586
f 3586 3585 3587
f 3584 3588 3589
f 3582 3589 3588
f 3590 3583 3591
f 3579 3587 3592
f 3593 3594 3595
f 3596 3597 3598
f 3599 3600 3598
f 3601 3591 3602
f 3603 3593 3595
f 3594 3597 3604
f 3605 3602 3603
f 3606 3599 3580
f 3587 3607 3592
f 3608 3584 3589
f 3582 3609 3589
f 3582 3581 3609
f 3590 3581 3583
f 3587 3585 3607
f 3585 3584 3608
f 3603 3595 3605
f 3596 3604 3597
f 3598 3600 3610
f 3596 3598 3610
f 3605 3601 3602
f 3595 3594 3604
f 3601 3590 3591
f 3600 3599 3606
f 3580 3576 3606
f 3579 3592 3578
f 3611 3612 3613
f 3614 3615 3616
f 3612 3614 3617
f 3618 3619 3620
f 3621 3622 3623
f 3619 3621 3624
f 3615 3618 3625
f 3626 3627 3628
f 3629 3630 3631
f 3627 3629 3632
f 3633 3634 3635
f 3636 3637 3638
f 3634 3636 3639
f 3630 3633 3640
f 3622 3626 3641
f 3617 3613 3612
f 3625 3616 3615
f 3617 3614 3616
f 3624 3620 3619
f 3641 3623 3622
f 3624 3621 3623
f 3625 3618 3620
f 3632 3628 3627
f 3640 3631 3630
f 3632 3629 3631
f 3639 3635 3634
f 3642 3638 3637
f 3639 3636 3638
f 3640 3633 3635
f 3641 3626 3628
f 3637 3643 3642
f 3611 3613 3644
f 3643 3645 3646
f 3647 3648 3649
f 3645 3647 3650
f 3651 3652 3653
f 3654 3655 3656
f 3652 3654 3657
f 3648 3651 3658
f 3659 3660 3661
f 3662 3663 3664
f 3660 3662 3665
f 3666 3667 3668
f 3669 3670 3671
f 3667 3669 3672
f 3663 3666 3673
f 3655 3659 3674
f 3646 3645 3650
f 3649 3648 3658
f 3647 3649 3650
f 3653 3652 3657
f 3656 3655 3674
f 3654 3656 3657
f 3651 3653 3658
f 3661 3660 3665
f 3663 3673 3664
f 3664 3665 3662
f 3674 3659 3661
f 3673 3666 3668
f 3672 3669 3671
f 3671 3670 3675
f 3667 3672 3668
f 3644 3613 3675
f 3675 3670 3644
f 3643 3646 3642
f 3676 3677 3678
f 3676 3679 3680
f 3678 3677 3681
f 3682 3676 3683
f 3684 3676 3682
f 3678 3683 3676
f 3682 3683 3685
f 3686 3684 3687
f 3686 3688 3684
f 3679 3676 3684
f 3689 3687 3690
f 3691 3690 3687
f 3690 3691 3692
f 3691 3687 3684
f 3685 3693 3694
f 3694 3682 3685
f 3695 3684 3682
f 3696 3682 3697
f 3682 3698 3695
f 3698 3699 3700
f 3698 3682 3696
f 3699 3701 3700
f 3702 3703 3704
f 3702 3704 3691
f 3705 3692 3691
f 3700 3706 3695
f 3702 3691 3695
f 3684 3695 3691
f 3700 3695 3698
f 3693 3707 3694
f 3708 3709 3710
f 3711 3712 3713
f 3714 3715 3713
f 3710 3716 3717
f 3718 3719 3716
f 3711 3709 3712
f 3718 3720 3721
f 3722 3723 3724
f 3725 3726 3724
f 3727 3728 3729
f 3730 3731 3728
f 3732 3733 3734
f 3727 3735 3725
f 3723 3722 3720
f 3732 3734 3730
f 3715 3714 3736
f 3714 3713 3712
f 3717 3708 3710
f 3712 3709 3708
f 3721 3719 3718
f 3737 3721 3720
f 3717 3716 3719
f 3722 3724 3726
f 3728 3731 3729
f 3720 3722 3737
f 3735 3727 3729
f 3738 3734 3733
f 3730 3739 3731
f 3734 3739 3730
f 3735 3726 3725
f 3733 3740 3738
f 3715 3736 3741
f 3742 3743 3744
f 3745 3746 3747
f 3748 3742 3749
f 3750 3751 3752
f 3753 3747 3751
f 3754 3746 3745
f 3755 3749 3754
f 3756 3757 3758
f 3759 3756 3758
f 3760 3761 3757
f 3762 3763 3764
f 3765 3763 3762
f 3764 3766 3759
f 3752 3761 3767
f 3765 3741 3768
f 3755 3748 3749
f 3754 3745 3755
f 3747 3769 3745
f 3753 3751 3750
f 3769 3747 3753
f 3743 3740 3744
f 3742 3748 3743
f 3766 3764 3770
f 3765 3768 3763
f 3763 3770 3764
f 3766 3756 3759
f 3767 3750 3752
f 3760 3757 3756
f 3760 3767 3761
f 3741 3771 3768
f 3741 3736 3771
f 3744 3740 3733
f 3772 3773 3774
f 3775 3776 3777
f 3773 3775 3778
f 3779 3780 3781
f 3782 3783 3784
f 3780 3782 3785
f 3776 3779 3786
f 3787 3788 3789
f 3790 3791 3792
f 3788 3790 3793
f 3794 3795 3796
f 3797 3798 3799
f 3795 3797 3800
f 3791 3794 3801
f 3783 3787 3802
f 3774 3803 3772
f 3777 3778 3775
f 3774 3773 3778
f 3781 3786 3779
f 3784 3785 3782
f 3781 3780 3785
f 3777 3776 3786
f 3789 3802 3787
f 3792 3793 3790
f 3789 3788 3793
f 3796 3801 3794
f 3799 3800 3797
f 3796 3795 3800
f 3792 3791 3801
f 3784 3783 3802
f 3798 3804 3799
f 3772 3803 3805
f 3806 3807 3808
f 3809 3810 3811
f 3807 3809 3812
f 3813 3814 3815
f 3816 3817 3818
f 3814 3816 3819
f 3810 3813 3820
f 3821 3822 3823
f 3824 3825 3826
f 3827 3822 3825
f 3828 3829 3830
f 3831 3832 3833
f 3826 3832 3834
f 3829 3821 3835
f 3817 3828 3836
f 3808 3804 3806
f 3812 3808 3807
f 3811 3812 3809
f 3811 3810 3820
f 3818 3819 3816
f 3813 3815 3820
f 3814 3819 3815
f 3827 3823 3822
f 3834 3824 3826
f 3827 3825 3824
f 3828 3830 3836
f 3830 3829 3835
f 3805 3831 3833
f 3834 3832 3831
f 3836 3818 3817
f 3823 3835 3821
f 3833 3772 3805
f 3806 3804 3798
f 3837 3838 3839
f 3840 3841 3842
f 3843 3838 3841
f 3844 3837 3845
f 3846 3847 3848
f 3849 3842 3847
f 3850 3851 3848
f 3852 3850 3853
f 3854 3853 3855
f 3856 3857 3858
f 3859 3860 3861
f 3862 3858 3860
f 3863 3864 3865
f 3866 3855 3857
f 3867 3861 3865
f 3845 3868 3844
f 3843 3839 3838
f 3845 3837 3839
f 3849 3840 3842
f 3851 3846 3848
f 3849 3847 3846
f 3843 3841 3840
f 3854 3852 3853
f 3856 3866 3857
f 3854 3855 3866
f 3859 3862 3860
f 3864 3867 3865
f 3859 3861 3867
f 3856 3858 3862
f 3851 3850 3852
f 3863 3869 3864
f 3844 3868 3870
f 3871 3872 3873
f 3874 3875 3876
f 3877 3873 3875
f 3878 3879 3880
f 3881 3882 3883
f 3884 3880 3882
f 3885 3876 3879
f 3886 3887 3888
f 3889 3890 3891
f 3889 3888 3890
f 3892 3893 3894
f 3894 3895 3896
f 3891 3893 3897
f 3883 3887 3898
f 3895 3870 3899
f 3871 3869 3872
f 3874 3877 3875
f 3871 3873 3877
f 3878 3885 3879
f 3881 3884 3882
f 3878 3880 3884
f 3874 3876 3885
f 3886 3898 3887
f 3900 3889 3891
f 3886 3888 3889
f 3892 3897 3893
f 3899 3896 3895
f 3892 3894 3896
f 3900 3891 3897
f 3881 3883 3898
f 3870 3868 3899
f 3872 3869 3863
f 3901 3902 3903
f 3901 3904 3905
f 3903 3902 3906
f 3907 3908 3909
f 3910 3903 3907
f 3903 3904 3901
f 3907 3911 3910
f 3912 3904 3913
f 3910 3914 3913
f 3913 3904 3910
f 3915 3910 3916
f 3910 3904 3903
f 3917 3916 3910
f 3916 3918 3919
f 3920 3909 3908
f 3907 3909 3921
f 3909 3922 3921
f 3923 3921 3922
f 3911 3921 3924
f 3911 3924 3925
f 3911 3907 3921
f 3925 3926 3911
f 3917 3927 3918
f 3928 3918 3927
f 3918 3916 3917
f 3929 3911 3926
f 3930 3917 3911
f 3911 3917 3910
f 3931 3929 3926
f 3909 3920 3932
f 3933 3934 3935
f 3936 3937 3938
f 3934 3936 3939
f 3940 3941 3942
f 3943 3944 3945
f 3941 3943 3946
f 3937 3940 3947
f 3948 3949 3950
f 3951 3952 3953
f 3949 3951 3954
f 3955 3956 3957
f 3958 3959 3960
f 3956 3958 3961
f 3952 3955 3962
f 3944 3948 3963
f 3935 3964 3933
f 3938 3939 3936
f 3935 3934 3939
f 3942 3947 3940
f 3945 3946 3943
f 3942 3941 3946
f 3938 3937 3947
f 3950 3963 3948
f 3953 3954 3951
f 3950 3949 3954
f 3957 3962 3955
f 3960 3961 3958
f 3957 3956 3961
f 3953 3952 3962
f 3945 3944 3963
f 3959 3965 3960
f 3933 3964 3966
f 3967 3968 3969
f 3970 3971 3972
f 3968 3970 3973
f 3974 3975 3976
f 3977 3978 3979
f 3975 3977 3976
f 3971 3974 3980
f 3981 3982 3983
f 3984 3985 3986
f 3982 3984 3987
f 3988 3989 3990
f 3991 3966 3992
f 3989 3991 3993
f 3985 3988 3994
f 3978 3981 3995
f 3969 3965 3967
f 3972 3973 3970
f 3969 3968 3973
f 3976 3980 3974
f 3979 3996 3977
f 3976 3977 3996
f 3972 3971 3980
f 3983 3995 3981
f 3986 3987 3984
f 3983 3982 3987
f 3990 3994 3988
f 3992 3993 3991
f 3990 3989 3993
f 3986 3985 3994
f 3979 3978 3995
f 3966 3964 3992
f 3967 3965 3959
f 3997 3998 3999
f 4000 4001 4002
f 3998 4000 4003
f 4004 4005 4006
f 4007 4008 4009
f 4005 4007 4010
f 4001 4004 4011
f 4012 4013 4014
f 4015 4016 4017
f 4013 4015 4018
f 4019 4020 4021
f 4022 4023 4024
f 4020 4022 4025
f 4016 4019 4026
f 4008 4012 4027
f 4003 3999 3998
f 4011 4028 4001
f 4005 4010 4006
f 4003 4000 4002
f 4002 4001 4028
f 4011 4004 4006
f 4010 4007 4009
f 4014 4027 4012
f 4017 4018 4015
f 4014 4013 4018
f 4021 4026 4019
f 4024 4025 4022
f 4029 4024 4023
f 4021 4020 4025
f 4017 4016 4026
f 4009 4008 4027
f 4023 4030 4029
f 3997 3999 4031
f 4032 4030 4033
f 4034 4033 4035
f 4036 4037 4038
f 4039 4040 4041
f 4042 4043 4041
f 4036 4044 4035
f 4045 4042 4046
f 4047 4048 4049
f 4050 4046 4048
f 4051 4052 4053
f 4054 4055 4056
f 4057 4053 4055
f 4058 4049 4052
f 4059 4056 4060
f 4032 4033 4034
f 4036 4038 4044
f 4044 4034 4035
f 4037 4061 4062
f 4038 4037 4062
f 4062 4040 4039
f 4061 4040 4062
f 4043 4039 4041
f 4043 4042 4045
f 4050 4048 4047
f 4046 4050 4045
f 4058 4052 4051
f 4057 4055 4054
f 4054 4056 4059
f 4053 4057 4051
f 4049 4058 4047
f 4060 4031 4059
f 4060 3997 4031
f 4030 4032 4029
f 4063 4064 4065
f 4065 4066 4063
f 4065 4064 4067
f 4064 4068 4069
f 4068 4064 4070
f 4064 4071 4070
f 4072 4069 4068
f 4069 4073 4067
f 4069 4074 4073
f 4075 4065 4067
f 4076 4077 4078
f 4076 4079 4077
f 4067 4064 4069
f 4069 4078 4077
f 4080 4068 4081
f 4082 4083 4080
f 4080 4072 4068
f 4084 4080 4085
f 4086 4087 4080
f 4088 4087 4086
f 4086 4080 4084
f 4072 4080 4087
f 4072 4089 4090
f 4072 4090 4091
f 4072 4091 4078
f 4092 4093 4094
f 4094 4072 4092
f 4078 4069 4072
f 4087 4092 4072
f 4080 4081 4082
f 4095 4096 4097
f 4098 4099 4100
f 4101 4102 4103
f 4104 4098 4105
f 4102 4104 4106
f 4107 4099 4108
f 4109 4097 4101
f 4110 4108 4111
f 4112 4113 4114
f 4115 4111 4113
f 4116 4117 4118
f 4119 4120 4121
f 4122 4118 4120
f 4123 4114 4117
f 4124 4121 4125
f 4095 4126 4096
f 4106 4103 4102
f 4098 4100 4105
f 4095 4097 4109
f 4109 4101 4103
f 4106 4104 4105
f 4100 4099 4107
f 4115 4110 4111
f 4123 4112 4114
f 4115 4113 4112
f 4122 4116 4118
f 4124 4119 4121
f 4122 4120 4119
f 4123 4117 4116
f 4107 4108 4110
f 4125 4127 4124
f 4096 4126 4128
f 4129 4130 4131
f 4132 4133 4134
f 4130 4132 4135
f 4136 4137 4138
f 4139 4140 4141
f 4137 4139 4142
f 4133 4136 4143
f 4144 4145 4146
f 4147 4148 4149
f 4145 4147 4150
f 4151 4152 4153
f 4154 4155 4156
f 4152 4154 4157
f 4148 4151 4158
f 4140 4144 4159
f 4131 4127 4129
f 4134 4135 4132
f 4131 4130 4135
f 4138 4143 4136
f 4141 4142 4139
f 4138 4137 4142
f 4134 4133 4143
f 4146 4159 4144
f 4149 4150 4147
f 4146 4145 4150
f 4153 4158 4151
f 4156 4157 4154
f 4128 4156 4155
f 4153 4152 4157
f 4149 4148 4158
f 4141 4140 4159
f 4155 4096 4128
f 4129 4127 4125
usemtl Diffuse_2
f 1547 1548 1549
f 1548 1550 1551
f 1552 1553 1554
f 1555 1556 1557
f 1558 1553 1559
f 1560 1559 1555
f 1550 1552 1561
f 1562 1563 1564
f 1565 1566 1567
f 1568 1563 1569
f 1570 1571 1572
f 1573 1574 1567
f 1569 1566 1575
f 1571 1562 1576
f 1556 1570 1577
f 1578 1547 1549
f 1548 1551 1549
f 1557 1560 1555
f 1560 1558 1559
f 1551 1550 1561
f 1554 1553 1558
f 1552 1554 1561
f 1557 1556 1577
f 1572 1577 1570
f 1565 1575 1566
f 1572 1571 1576
f 1576 1562 1564
f 1563 1568 1564
f 1565 1567 1574
f 1568 1569 1575
f 1573 1579 1574
f 1547 1578 1580
f 1581 1582 1583
f 1584 1585 1586
f 1587 1588 1589
f 1590 1585 1591
f 1588 1590 1592
f 1593 1586 1594
f 1582 1587 1595
f 1596 1597 1598
f 1598 1599 1600
f 1601 1594 1597
f 1602 1603 1604
f 1605 1606 1607
f 1603 1605 1608
f 1609 1602 1610
f 1599 1609 1611
f 1579 1581 1583
f 1595 1587 1589
f 1582 1595 1583
f 1592 1590 1591
f 1584 1586 1593
f 1585 1584 1591
f 1588 1592 1589
f 1596 1601 1597
f 1611 1600 1599
f 1596 1598 1600
f 1610 1602 1604
f 1604 1603 1608
f 1608 1605 1607
f 1606 1580 1607
f 1611 1609 1610
f 1594 1601 1593
f 1606 1547 1580
f 1581 1579 1573
f 3321 3322 3323
f 3321 3324 3322
f 3322 3325 3323
f 3326 3327 3321
f 3323 3328 3326
f 3321 3323 3326
f 3326 3329 3327
f 3330 3321 3331
f 3332 3333 3331
f 3332 3331 3321
f 3334 3327 3335
f 3335 3336 3334
f 3321 3327 3332
f 3327 3337 3335
f 3326 3338 3339
f 3339 3340 3341
f 3342 3326 3341
f 3343 3326 3342
f 3343 3344 3345
f 3343 3345 3329
f 3326 3343 3329
f 3346 3329 3345
f 3347 3348 3349
f 3350 3335 3337
f 3327 3349 3337
f 3329 3351 3352
f 3352 3347 3329
f 3329 3347 3349
f 3329 3349 3327
f 3339 3341 3326
f 3353 3354 3355
f 3356 3357 3358
f 3359 3360 3361
f 3362 3357 3363
f 3360 3362 3364
f 3365 3358 3366
f 3354 3359 3367
f 3368 3369 3370
f 3371 3372 3373
f 3374 3370 3372
f 3373 3375 3376
f 3377 3378 3379
f 3380 3377 3381
f 3366 3369 3382
f 3383 3375 3380
f 3384 3353 3355
f 3359 3361 3367
f 3367 3355 3354
f 3356 3358 3365
f 3361 3360 3364
f 3363 3357 3356
f 3362 3363 3364
f 3368 3382 3369
f 3371 3374 3372
f 3368 3370 3374
f 3383 3376 3375
f 3381 3383 3380
f 3377 3379 3381
f 3371 3373 3376
f 3365 3366 3382
f 3378 3385 3379
f 3353 3384 3386
f 3387 3388 3389
f 3390 3391 3392
f 3388 3390 3393
f 3394 3395 3396
f 3397 3398 3399
f 3395 3397 3400
f 3391 3394 3401
f 3402 3403 3404
f 3405 3406 3407
f 3403 3405 3408
f 3409 3410 3411
f 3412 3413 3414
f 3410 3412 3415
f 3406 3409 3416
f 3398 3402 3417
f 3389 3385 3387
f 3392 3393 3390
f 3389 3388 3393
f 3396 3401 3394
f 3399 3400 3397
f 3396 3395 3400
f 3392 3391 3401
f 3404 3417 3402
f 3407 3408 3405
f 3404 3403 3408
f 3411 3416 3409
f 3414 3415 3412
f 3386 3414 3413
f 3411 3410 3415
f 3407 3406 3416
f 3399 3398 3417
f 3413 3353 3386
f 3387 3385 3378
f 3418 3419 3420
f 3419 3421 3420
f 3418 3422 3419
f 3420 3423 3424
f 3424 3425 3418
f 3424 3418 3420
f 3423 3426 3424
f 3427 3428 3423
f 3428 3429 3423
f 3427 3420 3430
f 3431 3423 3432
f 3432 3433 3431
f 3427 3423 3420
f 3431 3426 3423
f 3434 3435 3424
f 3436 3437 3434
f 3436 3424 3438
f 3426 3438 3424
f 3438 3439 3440
f 3439 3438 3441
f 3440 3442 3438
f 3441 3438 3426
f 3426 3443 3444
f 3426 3445 3446
f 3426 3431 3445
f 3447 3448 3449
f 3449 3444 3447
f 3426 3444 3449
f 3426 3449 3441
f 3424 3436 3434
f 3450 3451 3452
f 3453 3454 3455
f 3451 3453 3456
f 3457 3458 3459
f 3460 3461 3462
f 3458 3460 3463
f 3454 3457 3464
f 3465 3466 3467
f 3468 3469 3470
f 3466 3468 3471
f 3472 3473 3474
f 3475 3476 3477
f 3473 3475 3478
f 3469 3472 3479
f 3461 3465 3480
f 3456 3452 3451
f 3464 3455 3454
f 3456 3453 3455
f 3463 3459 3458
f 3480 3462 3461
f 3463 3460 3462
f 3464 3457 3459
f 3471 3467 3466
f 3479 3470 3469
f 3471 3468 3470
f 3478 3474 3473
f 3481 3477 3476
f 3478 3475 3477
f 3479 3472 3474
f 3480 3465 3467
f 3476 3482 3481
f 3450 3452 3483
f 3482 3484 3485
f 3486 3487 3488
f 3484 3486 3489
f 3490 3491 3492
f 3493 3494 3495
f 3491 3493 3496
f 3487 3490 3497
f 3498 3499 3500
f 3501 3502 3503
f 3499 3501 3504
f 3505 3506 3507
f 3508 3509 3510
f 3506 3508 3511
f 3502 3505 3512
f 3494 3498 3513
f 3485 3484 3489
f 3488 3487 3497
f 3486 3488 3489
f 3492 3491 3496
f 3495 3494 3513
f 3493 3495 3496
f 3490 3492 3497
f 3500 3499 3504
f 3502 3512 3503
f 3503 3504 3501
f 3513 3498 3500
f 3512 3505 3507
f 3511 3508 3510
f 3510 3509 3514
f 3506 3511 3507
f 3483 3452 3514
f 3514 3509 3483
f 3482 3485 3481
